c[?7l[2J[0mSeaBIOS (version 1.16.3-debian-1.16.3-2)


iPXE (https://ipxe.org) 00:02.0 C000 PCI2.10 PnP PMM+BEFCAD50+BEF0AD50 C000
Press Ctrl-B to configure iPXE (PCI 00:02.0)...                                                                               


Booting from ROM..c[?7l[2J[    0.000000] Linux version 6.3.0 (@de33e1c68a14) (gcc (Ubuntu 11.4.0-1ubuntu1~22.04.3) 11.4.0, GNU ld (GNU Binutils for Ubuntu) 2.38) #1 SMP PREEMPT_DYNAMIC Mon Sep 28 18:57:28 UTC 2026
[    0.000000] Command line: console=ttyS0 panic=1 net.ifnames=0 biosdevname=0 clearcpuid=smap,smep mitigations=off mds=off -- 192.168.150.128 52:54:00:12:34:56 user try5-c1-cpu recover
[    0.000000] Clearing CPUID bits: smap smep
[    0.000000] x86/fpu: Supporting XSAVE feature 0x001: 'x87 floating point registers'
[    0.000000] x86/fpu: Supporting XSAVE feature 0x002: 'SSE registers'
[    0.000000] x86/fpu: Supporting XSAVE feature 0x004: 'AVX registers'
[    0.000000] x86/fpu: Supporting XSAVE feature 0x200: 'Protection Keys User registers'
[    0.000000] x86/fpu: xstate_offset[2]:  576, xstate_sizes[2]:  256
[    0.000000] x86/fpu: xstate_offset[9]:  832, xstate_sizes[9]:    8
[    0.000000] x86/fpu: Enabled xstate features 0x207, context size is 840 bytes, using 'compacted' format.
[    0.000000] signal: max sigframe size: 3632
[    0.000000] BIOS-provided physical RAM map:
[    0.000000] BIOS-e820: [mem 0x0000000000000000-0x000000000009fbff] usable
[    0.000000] BIOS-e820: [mem 0x000000000009fc00-0x000000000009ffff] reserved
[    0.000000] BIOS-e820: [mem 0x00000000000f0000-0x00000000000fffff] reserved
[    0.000000] BIOS-e820: [mem 0x0000000000100000-0x00000000bffdffff] usable
[    0.000000] BIOS-e820: [mem 0x00000000bffe0000-0x00000000bfffffff] reserved
[    0.000000] BIOS-e820: [mem 0x00000000feffc000-0x00000000feffffff] reserved
[    0.000000] BIOS-e820: [mem 0x00000000fffc0000-0x00000000ffffffff] reserved
[    0.000000] BIOS-e820: [mem 0x0000000100000000-0x000000013fffffff] usable
[    0.000000] NX (Execute Disable) protection: active
[    0.000000] SMBIOS 3.0.0 present.
[    0.000000] DMI: QEMU Ubuntu 24.04 PC v2 (i440FX + PIIX, arch_caps fix, 1996), BIOS 1.16.3-debian-1.16.3-2 04/01/2014
[    0.000000] Hypervisor detected: KVM
[    0.000000] kvm-clock: Using msrs 4b564d01 and 4b564d00
[    0.000000] kvm-clock: using sched offset of 138318578 cycles
[    0.000001] clocksource: kvm-clock: mask: 0xffffffffffffffff max_cycles: 0x1cd42e4dffb, max_idle_ns: 881590591483 ns
[    0.000003] tsc: Detected 2496.000 MHz processor
[    0.000141] last_pfn = 0x140000 max_arch_pfn = 0x400000000
[    0.000169] x86/PAT: Configuration [0-7]: WB  WC  UC- UC  WB  WP  UC- WT  
[    0.000201] last_pfn = 0xbffe0 max_arch_pfn = 0x400000000
[    0.001000] found SMP MP-table at [mem 0x000f5480-0x000f548f]
[    0.001000] Using GB pages for direct mapping
[    0.001000] RAMDISK: [mem 0xbf75a000-0xbffdffff]
[    0.001000] ACPI: Early table checksum verification disabled
[    0.001000] ACPI: RSDP 0x00000000000F5270 000014 (v00 BOCHS )
[    0.001000] ACPI: RSDT 0x00000000BFFE1C29 000034 (v01 BOCHS  BXPC     00000001 BXPC 00000001)
[    0.001000] ACPI: FACP 0x00000000BFFE1ADD 000074 (v01 BOCHS  BXPC     00000001 BXPC 00000001)
[    0.001000] ACPI: DSDT 0x00000000BFFE0040 001A9D (v01 BOCHS  BXPC     00000001 BXPC 00000001)
[    0.001000] ACPI: FACS 0x00000000BFFE0000 000040
[    0.001000] ACPI: APIC 0x00000000BFFE1B51 000078 (v03 BOCHS  BXPC     00000001 BXPC 00000001)
[    0.001000] ACPI: HPET 0x00000000BFFE1BC9 000038 (v01 BOCHS  BXPC     00000001 BXPC 00000001)
[    0.001000] ACPI: WAET 0x00000000BFFE1C01 000028 (v01 BOCHS  BXPC     00000001 BXPC 00000001)
[    0.001000] ACPI: Reserving FACP table memory at [mem 0xbffe1add-0xbffe1b50]
[    0.001000] ACPI: Reserving DSDT table memory at [mem 0xbffe0040-0xbffe1adc]
[    0.001000] ACPI: Reserving FACS table memory at [mem 0xbffe0000-0xbffe003f]
[    0.001000] ACPI: Reserving APIC table memory at [mem 0xbffe1b51-0xbffe1bc8]
[    0.001000] ACPI: Reserving HPET table memory at [mem 0xbffe1bc9-0xbffe1c00]
[    0.001000] ACPI: Reserving WAET table memory at [mem 0xbffe1c01-0xbffe1c28]
[    0.001000] No NUMA configuration found
[    0.001000] Faking a node at [mem 0x0000000000000000-0x000000013fffffff]
[    0.001000] NODE_DATA(0) allocated [mem 0x13fffa000-0x13fffdfff]
[    0.001000] Zone ranges:
[    0.001000]   DMA      [mem 0x0000000000001000-0x0000000000ffffff]
[    0.001000]   DMA32    [mem 0x0000000001000000-0x00000000ffffffff]
[    0.001000]   Normal   [mem 0x0000000100000000-0x000000013fffffff]
[    0.001000] Movable zone start for each node
[    0.001000] Early memory node ranges
[    0.001000]   node   0: [mem 0x0000000000001000-0x000000000009efff]
[    0.001000]   node   0: [mem 0x0000000000100000-0x00000000bffdffff]
[    0.001000]   node   0: [mem 0x0000000100000000-0x000000013fffffff]
[    0.001000] Initmem setup node 0 [mem 0x0000000000001000-0x000000013fffffff]
[    0.001000] On node 0, zone DMA: 1 pages in unavailable ranges
[    0.001000] On node 0, zone DMA: 97 pages in unavailable ranges
[    0.001000] On node 0, zone Normal: 32 pages in unavailable ranges
[    0.001000] ACPI: PM-Timer IO Port: 0x608
[    0.001000] ACPI: LAPIC_NMI (acpi_id[0xff] dfl dfl lint[0x1])
[    0.001000] IOAPIC[0]: apic_id 0, version 17, address 0xfec00000, GSI 0-23
[    0.001000] ACPI: INT_SRC_OVR (bus 0 bus_irq 0 global_irq 2 dfl dfl)
[    0.001000] ACPI: INT_SRC_OVR (bus 0 bus_irq 5 global_irq 5 high level)
[    0.001000] ACPI: INT_SRC_OVR (bus 0 bus_irq 9 global_irq 9 high level)
[    0.001000] ACPI: INT_SRC_OVR (bus 0 bus_irq 10 global_irq 10 high level)
[    0.001000] ACPI: INT_SRC_OVR (bus 0 bus_irq 11 global_irq 11 high level)
[    0.001000] ACPI: Using ACPI (MADT) for SMP configuration information
[    0.001000] ACPI: HPET id: 0x8086a201 base: 0xfed00000
[    0.001000] TSC deadline timer available
[    0.001000] smpboot: Allowing 1 CPUs, 0 hotplug CPUs
[    0.001000] PM: hibernation: Registered nosave memory: [mem 0x00000000-0x00000fff]
[    0.001000] PM: hibernation: Registered nosave memory: [mem 0x0009f000-0x0009ffff]
[    0.001000] PM: hibernation: Registered nosave memory: [mem 0x000a0000-0x000effff]
[    0.001000] PM: hibernation: Registered nosave memory: [mem 0x000f0000-0x000fffff]
[    0.001000] PM: hibernation: Registered nosave memory: [mem 0xbffe0000-0xbfffffff]
[    0.001000] PM: hibernation: Registered nosave memory: [mem 0xc0000000-0xfeffbfff]
[    0.001000] PM: hibernation: Registered nosave memory: [mem 0xfeffc000-0xfeffffff]
[    0.001000] PM: hibernation: Registered nosave memory: [mem 0xff000000-0xfffbffff]
[    0.001000] PM: hibernation: Registered nosave memory: [mem 0xfffc0000-0xffffffff]
[    0.001000] [mem 0xc0000000-0xfeffbfff] available for PCI devices
[    0.001000] Booting paravirtualized kernel on KVM
[    0.001000] clocksource: refined-jiffies: mask: 0xffffffff max_cycles: 0xffffffff, max_idle_ns: 1910969940391419 ns
[    0.001000] setup_percpu: NR_CPUS:64 nr_cpumask_bits:1 nr_cpu_ids:1 nr_node_ids:1
[    0.001000] percpu: Embedded 54 pages/cpu s182248 r8192 d30744 u2097152
[    0.001000] Fallback order for Node 0: 0 
[    0.001000] Built 1 zonelists, mobility grouping on.  Total pages: 1031904
[    0.001000] Policy zone: Normal
[    0.001000] Kernel command line: console=ttyS0 panic=1 net.ifnames=0 biosdevname=0 clearcpuid=smap,smep mitigations=off mds=off -- 192.168.150.128 52:54:00:12:34:56 user try5-c1-cpu recover
[    0.001000] Unknown kernel command line parameters "biosdevname=0", will be passed to user space.
[    0.001000] random: crng init done
[    0.001000] Dentry cache hash table entries: 524288 (order: 10, 4194304 bytes, linear)
[    0.001000] Inode-cache hash table entries: 262144 (order: 9, 2097152 bytes, linear)
[    0.001000] mem auto-init: stack:off, heap alloc:off, heap free:off
[    0.001000] software IO TLB: area num 1.
[    0.001000] Memory: 4006912K/4193784K available (18432K kernel code, 2717K rwdata, 6268K rodata, 2580K init, 1640K bss, 186612K reserved, 0K cma-reserved)
[    0.001000] SLUB: HWalign=64, Order=0-3, MinObjects=0, CPUs=1, Nodes=1
[    0.001000] Dynamic Preempt: voluntary
[    0.001000] rcu: Preemptible hierarchical RCU implementation.
[    0.001000] rcu: 	RCU event tracing is enabled.
[    0.001000] rcu: 	RCU restricting CPUs from NR_CPUS=64 to nr_cpu_ids=1.
[    0.001000] 	Trampoline variant of Tasks RCU enabled.
[    0.001000] rcu: RCU calculated value of scheduler-enlistment delay is 100 jiffies.
[    0.001000] rcu: Adjusting geometry for rcu_fanout_leaf=16, nr_cpu_ids=1
[    0.001000] NR_IRQS: 4352, nr_irqs: 256, preallocated irqs: 16
[    0.001000] rcu: srcu_init: Setting srcu_struct sizes based on contention.
[    0.001000] Console: colour *CGA 80x25
[    0.001000] printk: console [ttyS0] enabled
[    0.001000] ACPI: Core revision 20221020
[    0.001000] clocksource: hpet: mask: 0xffffffff max_cycles: 0xffffffff, max_idle_ns: 19112604467 ns
[    0.001000] APIC: Switch to symmetric I/O mode setup
[    0.001000] ..TIMER: vector=0x30 apic1=0 pin1=2 apic2=-1 pin2=-1
[    0.001000] clocksource: tsc-early: mask: 0xffffffffffffffff max_cycles: 0x23fa772cf26, max_idle_ns: 440795269835 ns
[    0.094065] Calibrating delay loop (skipped) preset value.. 4992.00 BogoMIPS (lpj=2496000)
[    0.094618] pid_max: default: 32768 minimum: 301
[    0.095071] LSM: initializing lsm=capability,integrity,selinux
[    0.095465] SELinux:  Initializing.
[    0.095717] Mount-cache hash table entries: 8192 (order: 4, 65536 bytes, linear)
[    0.096065] Mountpoint-cache hash table entries: 8192 (order: 4, 65536 bytes, linear)
[    0.097072] x86/cpu: User Mode Instruction Prevention (UMIP) activated
[    0.097569] Last level iTLB entries: 4KB 0, 2MB 0, 4MB 0
[    0.097927] Last level dTLB entries: 4KB 0, 2MB 0, 4MB 0, 1GB 0
[    0.098067] Spectre V2 : User space: Vulnerable
[    0.098372] Speculative Store Bypass: Vulnerable
[    0.111891] Freeing SMP alternatives memory: 44K
[    0.112132] smpboot: CPU0: 12th Gen Intel(R) Core(TM) i5-12450H (family: 0x6, model: 0x9a, stepping: 0x3)
[    0.112826] cblist_init_generic: Setting adjustable number of callback queues.
[    0.113064] cblist_init_generic: Setting shift to 0 and lim to 1.
[    0.113477] Performance Events: unsupported p6 CPU model 154 no PMU driver, software events only.
[    0.114101] rcu: Hierarchical SRCU implementation.
[    0.114423] rcu: 	Max phase no-delay instances is 400.
[    0.115039] smp: Bringing up secondary CPUs ...
[    0.115064] smp: Brought up 1 node, 1 CPU
[    0.115339] smpboot: Max logical packages: 1
[    0.115627] smpboot: Total of 1 processors activated (4992.00 BogoMIPS)
[    0.116206] devtmpfs: initialized
[    0.116510] clocksource: jiffies: mask: 0xffffffff max_cycles: 0xffffffff, max_idle_ns: 1911260446275000 ns
[    0.117065] futex hash table entries: 256 (order: 2, 16384 bytes, linear)
[    0.117580] PM: RTC time: 18:12:07, date: 2026-10-04
[    0.117947] NET: Registered PF_NETLINK/PF_ROUTE protocol family
[    0.118089] audit: initializing netlink subsys (disabled)
[    0.118483] thermal_sys: Registered thermal governor 'step_wise'
[    0.118484] thermal_sys: Registered thermal governor 'user_space'
[    0.118896] audit: type=2000 audit(1791137527.298:1): state=initialized audit_enabled=0 res=1
[    0.119635] cpuidle: using governor menu
[    0.119970] PCI: Using configuration type 1 for base access
[    0.120107] kprobes: kprobe jump-optimization is enabled. All kprobes are optimized if possible.
[    0.167961] HugeTLB: registered 2.00 MiB page size, pre-allocated 0 pages
[    0.168063] HugeTLB: 28 KiB vmemmap can be freed for a 2.00 MiB page
[    0.168552] ACPI: Added _OSI(Module Device)
[    0.168838] ACPI: Added _OSI(Processor Device)
[    0.169063] ACPI: Added _OSI(3.0 _SCP Extensions)
[    0.169380] ACPI: Added _OSI(Processor Aggregator Device)
[    0.169922] ACPI: 1 ACPI AML tables successfully acquired and loaded
[    0.170484] ACPI: Interpreter enabled
[    0.170742] ACPI: PM: (supports S0 S3 S4 S5)
[    0.171030] ACPI: Using IOAPIC for interrupt routing
[    0.171070] PCI: Using host bridge windows from ACPI; if necessary, use "pci=nocrs" and report a bug
[    0.171679] PCI: Using E820 reservations for host bridge windows
[    0.172092] ACPI: Enabled 2 GPEs in block 00 to 0F
[    0.173039] ACPI: PCI Root Bridge [PCI0] (domain 0000 [bus 00-ff])
[    0.173067] acpi PNP0A03:00: _OSC: OS supports [ASPM ClockPM Segments MSI HPX-Type3]
[    0.173584] acpi PNP0A03:00: _OSC: not requesting OS control; OS requires [ExtendedConfig ASPM ClockPM MSI]
[    0.174066] acpi PNP0A03:00: fail to add MMCONFIG information, can't access extended configuration space under this bridge
[    0.174831] PCI host bridge to bus 0000:00
[    0.175063] pci_bus 0000:00: root bus resource [io  0x0000-0x0cf7 window]
[    0.175518] pci_bus 0000:00: root bus resource [io  0x0d00-0xffff window]
[    0.175971] pci_bus 0000:00: root bus resource [mem 0x000a0000-0x000bffff window]
[    0.176063] pci_bus 0000:00: root bus resource [mem 0xc0000000-0xfebfffff window]
[    0.176578] pci_bus 0000:00: root bus resource [mem 0x7000000000-0x707fffffff window]
[    0.177064] pci_bus 0000:00: root bus resource [bus 00-ff]
[    0.177456] pci 0000:00:00.0: [8086:1237] type 00 class 0x060000
[    0.178098] pci 0000:00:01.0: [8086:7000] type 00 class 0x060100
[    0.178812] pci 0000:00:01.1: [8086:7010] type 00 class 0x010180
[    0.180064] pci 0000:00:01.1: reg 0x20: [io  0xc020-0xc02f]
[    0.180868] pci 0000:00:01.1: legacy IDE quirk: reg 0x10: [io  0x01f0-0x01f7]
[    0.181063] pci 0000:00:01.1: legacy IDE quirk: reg 0x14: [io  0x03f6]
[    0.181498] pci 0000:00:01.1: legacy IDE quirk: reg 0x18: [io  0x0170-0x0177]
[    0.181974] pci 0000:00:01.1: legacy IDE quirk: reg 0x1c: [io  0x0376]
[    0.182151] pci 0000:00:01.3: [8086:7113] type 00 class 0x068000
[    0.182811] pci 0000:00:01.3: quirk: [io  0x0600-0x063f] claimed by PIIX4 ACPI
[    0.183067] pci 0000:00:01.3: quirk: [io  0x0700-0x070f] claimed by PIIX4 SMB
[    0.183711] pci 0000:00:02.0: [1af4:1000] type 00 class 0x020000
[    0.184605] pci 0000:00:02.0: reg 0x10: [io  0xc000-0xc01f]
[    0.185327] pci 0000:00:02.0: reg 0x14: [mem 0xfeb80000-0xfeb80fff]
[    0.187064] pci 0000:00:02.0: reg 0x20: [mem 0x7000000000-0x7000003fff 64bit pref]
[    0.188220] pci 0000:00:02.0: reg 0x30: [mem 0xfeb00000-0xfeb7ffff pref]
[    0.189307] ACPI: PCI: Interrupt link LNKA configured for IRQ 10
[    0.189755] ACPI: PCI: Interrupt link LNKB configured for IRQ 10
[    0.190099] ACPI: PCI: Interrupt link LNKC configured for IRQ 11
[    0.190537] ACPI: PCI: Interrupt link LNKD configured for IRQ 11
[    0.190958] ACPI: PCI: Interrupt link LNKS configured for IRQ 9
[    0.191138] iommu: Default domain type: Translated 
[    0.191467] iommu: DMA domain TLB invalidation policy: lazy mode 
[    0.191902] SCSI subsystem initialized
[    0.192092] ACPI: bus type USB registered
[    0.192367] usbcore: registered new interface driver usbfs
[    0.192736] usbcore: registered new interface driver hub
[    0.193065] usbcore: registered new device driver usb
[    0.193408] pps_core: LinuxPPS API ver. 1 registered
[    0.193741] pps_core: Software ver. 5.3.6 - Copyright 2005-2007 Rodolfo Giometti <giometti@linux.it>
[    0.194064] PTP clock support registered
[    0.194349] Advanced Linux Sound Architecture Driver Initialized.
[    0.194822] NetLabel: Initializing
[    0.195054] NetLabel:  domain hash size = 128
[    0.195063] NetLabel:  protocols = UNLABELED CIPSOv4 CALIPSO
[    0.195449] NetLabel:  unlabeled traffic allowed by default
[    0.195839] PCI: Using ACPI for IRQ routing
[    0.196119] vgaarb: loaded
[    0.196328] hpet0: at MMIO 0xfed00000, IRQs 2, 8, 0
[    0.196657] hpet0: 3 comparators, 64-bit 100.000000 MHz counter
[    0.201074] clocksource: Switched to clocksource kvm-clock
[    0.201479] VFS: Disk quotas dquot_6.6.0
[    0.201749] VFS: Dquot-cache hash table entries: 512 (order 0, 4096 bytes)
[    0.202226] pnp: PnP ACPI init
[    0.202536] pnp: PnP ACPI: found 5 devices
[    0.207665] clocksource: acpi_pm: mask: 0xffffff max_cycles: 0xffffff, max_idle_ns: 2085701024 ns
[    0.208279] NET: Registered PF_INET protocol family
[    0.208655] IP idents hash table entries: 65536 (order: 7, 524288 bytes, linear)
[    0.209532] tcp_listen_portaddr_hash hash table entries: 2048 (order: 3, 32768 bytes, linear)
[    0.210292] Table-perturb hash table entries: 65536 (order: 6, 262144 bytes, linear)
[    0.210815] TCP established hash table entries: 32768 (order: 6, 262144 bytes, linear)
[    0.211362] TCP bind hash table entries: 32768 (order: 8, 1048576 bytes, linear)
[    0.211893] TCP: Hash tables configured (established 32768 bind 32768)
[    0.217258] UDP hash table entries: 2048 (order: 4, 65536 bytes, linear)
[    0.217731] UDP-Lite hash table entries: 2048 (order: 4, 65536 bytes, linear)
[    0.218243] NET: Registered PF_UNIX/PF_LOCAL protocol family
[    0.218666] RPC: Registered named UNIX socket transport module.
[    0.219065] RPC: Registered udp transport module.
[    0.219385] RPC: Registered tcp transport module.
[    0.219701] RPC: Registered tcp NFSv4.1 backchannel transport module.
[    0.220263] pci_bus 0000:00: resource 4 [io  0x0000-0x0cf7 window]
[    0.220680] pci_bus 0000:00: resource 5 [io  0x0d00-0xffff window]
[    0.221095] pci_bus 0000:00: resource 6 [mem 0x000a0000-0x000bffff window]
[    0.221563] pci_bus 0000:00: resource 7 [mem 0xc0000000-0xfebfffff window]
[    0.222023] pci_bus 0000:00: resource 8 [mem 0x7000000000-0x707fffffff window]
[    0.222528] pci 0000:00:01.0: PIIX3: Enabling Passive Release
[    0.222919] pci 0000:00:00.0: Limiting direct PCI/PCI transfers
[    0.223345] PCI: CLS 0 bytes, default 64
[    0.223640] Unpacking initramfs...
[    0.402743] PCI-DMA: Using software bounce buffering for IO (SWIOTLB)
[    0.403245] software IO TLB: mapped [mem 0x00000000bb75a000-0x00000000bf75a000] (64MB)
[    0.403809] RAPL PMU: API unit is 2^-32 Joules, 0 fixed counters, 10737418240 ms ovfl timer
[    0.404376] clocksource: tsc: mask: 0xffffffffffffffff max_cycles: 0x23fa772cf26, max_idle_ns: 440795269835 ns
[    0.405201] Initialise system trusted keyrings
[    0.405531] workingset: timestamp_bits=56 max_order=20 bucket_order=0
[    0.406018] NFS: Registering the id_resolver key type
[    0.406368] Key type id_resolver registered
[    0.406650] Key type id_legacy registered
[    0.406933] 9p: Installing v9fs 9p2000 file system support
[    0.411922] Key type asymmetric registered
[    0.412226] Asymmetric key parser 'x509' registered
[    0.412558] Block layer SCSI generic (bsg) driver version 0.4 loaded (major 251)
[    0.413056] io scheduler mq-deadline registered
[    0.413364] io scheduler kyber registered
[    0.413673] input: Power Button as /devices/LNXSYSTM:00/LNXPWRBN:00/input/input0
[    0.414187] ACPI: button: Power Button [PWRF]
[    0.420087] ACPI: \_SB_.LNKB: Enabled at IRQ 10
[    0.421005] Serial: 8250/16550 driver, 4 ports, IRQ sharing enabled
[    0.421506] 00:03: ttyS0 at I/O 0x3f8 (irq = 4, base_baud = 115200) is a 16550A
[    0.422128] Non-volatile memory driver v1.3
[    0.422414] Linux agpgart interface v0.103
[    0.422708] ACPI: bus type drm_connector registered
[    0.423586] loop: module loaded
[    0.424331] scsi host0: ata_piix
[    0.424583] scsi host1: ata_piix
[    0.424810] ata1: PATA max MWDMA2 cmd 0x1f0 ctl 0x3f6 bmdma 0xc020 irq 14
[    0.425277] ata2: PATA max MWDMA2 cmd 0x170 ctl 0x376 bmdma 0xc028 irq 15
[    0.426775] e100: Intel(R) PRO/100 Network Driver
[    0.427233] e100: Copyright(c) 1999-2006 Intel Corporation
[    0.427689] e1000: Intel(R) PRO/1000 Network Driver
[    0.428031] e1000: Copyright (c) 1999-2006 Intel Corporation.
[    0.428441] e1000e: Intel(R) PRO/1000 Network Driver
[    0.428776] e1000e: Copyright(c) 1999 - 2015 Intel Corporation.
[    0.429183] sky2: driver version 1.30
[    0.429655] usbcore: registered new interface driver usblp
[    0.430026] usbcore: registered new interface driver usb-storage
[    0.430453] i8042: PNP: PS/2 Controller [PNP0303:KBD,PNP0f13:MOU] at 0x60,0x64 irq 1,12
[    0.431444] serio: i8042 KBD port at 0x60,0x64 irq 1
[    0.431781] serio: i8042 AUX port at 0x60,0x64 irq 12
[    0.432278] input: AT Translated Set 2 keyboard as /devices/platform/i8042/serio0/input/input1
[    0.433708] rtc_cmos 00:04: RTC can wake from S4
[    0.434285] rtc_cmos 00:04: registered as rtc0
[    0.434615] rtc_cmos 00:04: alarms up to one day, y3k, 242 bytes nvram, hpet irqs
[    0.435154] device-mapper: ioctl: 4.47.0-ioctl (2022-07-28) initialised: dm-devel@redhat.com
[    0.435725] intel_pstate: CPU model not supported
[    0.436049] hid: raw HID events driver (C) Jiri Kosina
[    0.436442] usbcore: registered new interface driver usbhid
[    0.436817] usbhid: USB HID core driver
[    0.437267] Initializing XFRM netlink socket
[    0.437571] NET: Registered PF_INET6 protocol family
[    0.438004] Segment Routing with IPv6
[    0.438269] In-situ OAM (IOAM) with IPv6
[    0.438550] sit: IPv6, IPv4 and MPLS over IPv4 tunneling driver
[    0.438997] NET: Registered PF_PACKET protocol family
[    0.439354] 9pnet: Installing 9P2000 support
[    0.439649] Key type dns_resolver registered
[    0.439991] IPI shorthand broadcast: enabled
[    0.441053] sched_clock: Marking stable (349226330, 91062310)->(446822504, -6533864)
[    0.441612] registered taskstats version 1
[    0.441890] Loading compiled-in X.509 certificates
[    0.442774] PM:   Magic number: 14:402:240
[    0.443101] printk: console [netcon0] enabled
[    0.443400] netconsole: network logging started
[    0.443730] cfg80211: Loading compiled-in X.509 certificates for regulatory database
[    0.844101] Freeing initrd memory: 8728K
[    0.844498] kworker/u2:3 (45) used greatest stack depth: 14824 bytes left
[    0.845091] Loaded X.509 cert 'sforshee: 00b28ddf47aef9cea7'
[    0.845483] ALSA device list:
[    0.845686]   No soundcards found.
[    0.846365] Freeing unused kernel image (initmem) memory: 2580K
[    0.846662] platform regulatory.0: Direct firmware load for regulatory.db failed with error -2
[    0.847045] cfg80211: failed to load regulatory.db
[    0.848135] Write protecting the kernel read-only data: 26624k
[    0.848608] Freeing unused kernel image (rodata/data gap) memory: 1924K
[    0.853596] x86/mm: Checked W+X mappings: passed, no W+X pages found.
[    0.853893] Run /init as init process
[    0.855276] mount (48) used greatest stack depth: 13464 bytes left
[    0.856514] mount (50) used greatest stack depth: 13400 bytes left
[    0.861000] ip (59) used greatest stack depth: 13200 bytes left
[    1.216715] input: ImExPS/2 Generic Explorer Mouse as /devices/platform/i8042/serio1/input/input3
[    1.469696] IPv6: ADDRCONF(NETDEV_CHANGE): eth0: link becomes ready
RUN_START mode=user loop=recover run_id=try5-c1-cpu kernel=6.3.0 uptime=5.77
UKL-MQTT-BENCH: starting, run_id=try5-c1-cpu loop=recover duration=30 sec
UKL-MQTT-BENCH: broker connected, connect_us=1456, running for 30 sec
UKL-MQTT-BENCH: WINDOW run_id=try5-c1-cpu loop=recover accepted=21923841 attempts=48397355 buffer_full_returns=26473514 window_ns=30000000139 payload_bytes=1304319350 payload_min=53 payload_max=60 stopped_on_error=0 stop_code=0
UKL-MQTT-BENCH: SECOND run_id=try5-c1-cpu s=0 accepted=757881
UKL-MQTT-BENCH: SECOND run_id=try5-c1-cpu s=1 accepted=729110
UKL-MQTT-BENCH: SECOND run_id=try5-c1-cpu s=2 accepted=731829
UKL-MQTT-BENCH: SECOND run_id=try5-c1-cpu s=3 accepted=726399
UKL-MQTT-BENCH: SECOND run_id=try5-c1-cpu s=4 accepted=730123
UKL-MQTT-BENCH: SECOND run_id=try5-c1-cpu s=5 accepted=724999
UKL-MQTT-BENCH: SECOND run_id=try5-c1-cpu s=6 accepted=729256
UKL-MQTT-BENCH: SECOND run_id=try5-c1-cpu s=7 accepted=731934
UKL-MQTT-BENCH: SECOND run_id=try5-c1-cpu s=8 accepted=733434
UKL-MQTT-BENCH: SECOND run_id=try5-c1-cpu s=9 accepted=734067
UKL-MQTT-BENCH: SECOND run_id=try5-c1-cpu s=10 accepted=733658
UKL-MQTT-BENCH: SECOND run_id=try5-c1-cpu s=11 accepted=735257
UKL-MQTT-BENCH: SECOND run_id=try5-c1-cpu s=12 accepted=728734
UKL-MQTT-BENCH: SECOND run_id=try5-c1-cpu s=13 accepted=733124
UKL-MQTT-BENCH: SECOND run_id=try5-c1-cpu s=14 accepted=731329
UKL-MQTT-BENCH: SECOND run_id=try5-c1-cpu s=15 accepted=733287
UKL-MQTT-BENCH: SECOND run_id=try5-c1-cpu s=16 accepted=727530
UKL-MQTT-BENCH: SECOND run_id=try5-c1-cpu s=17 accepted=730549
UKL-MQTT-BENCH: SECOND run_id=try5-c1-cpu s=18 accepted=729387
UKL-MQTT-BENCH: SECOND run_id=try5-c1-cpu s=19 accepted=734371
UKL-MQTT-BENCH: SECOND run_id=try5-c1-cpu s=20 accepted=722924
UKL-MQTT-BENCH: SECOND run_id=try5-c1-cpu s=21 accepted=721162
UKL-MQTT-BENCH: SECOND run_id=try5-c1-cpu s=22 accepted=731238
UKL-MQTT-BENCH: SECOND run_id=try5-c1-cpu s=23 accepted=728698
UKL-MQTT-BENCH: SECOND run_id=try5-c1-cpu s=24 accepted=729969
UKL-MQTT-BENCH: SECOND run_id=try5-c1-cpu s=25 accepted=728341
UKL-MQTT-BENCH: SECOND run_id=try5-c1-cpu s=26 accepted=726464
UKL-MQTT-BENCH: SECOND run_id=try5-c1-cpu s=27 accepted=727846
UKL-MQTT-BENCH: SECOND run_id=try5-c1-cpu s=28 accepted=732383
UKL-MQTT-BENCH: SECOND run_id=try5-c1-cpu s=29 accepted=728558
UKL-MQTT-BENCH: BUFFULL_SUMMARY run_id=try5-c1-cpu periods=5181 total_us=15436456 lt10us=0 lt100us=0 lt1ms=132 lt10ms=5049 lt100ms=0 ge100ms=0 open_at_window_end=0
UKL-MQTT-BENCH: BUFFULL run_id=try5-c1-cpu start_us=9212 end_us=11058 dur_us=1845
UKL-MQTT-BENCH: BUFFULL run_id=try5-c1-cpu start_us=77808 end_us=81354 dur_us=3546
UKL-MQTT-BENCH: BUFFULL run_id=try5-c1-cpu start_us=83760 end_us=86403 dur_us=2643
UKL-MQTT-BENCH: BUFFULL run_id=try5-c1-cpu start_us=88817 end_us=91398 dur_us=2581
UKL-MQTT-BENCH: BUFFULL run_id=try5-c1-cpu start_us=94440 end_us=96326 dur_us=1886
UKL-MQTT-BENCH: BUFFULL run_id=try5-c1-cpu start_us=98111 end_us=101411 dur_us=3300
UKL-MQTT-BENCH: BUFFULL run_id=try5-c1-cpu start_us=103810 end_us=106367 dur_us=2557
UKL-MQTT-BENCH: BUFFULL run_id=try5-c1-cpu start_us=108748 end_us=111398 dur_us=2650
UKL-MQTT-BENCH: BUFFULL run_id=try5-c1-cpu start_us=114391 end_us=116331 dur_us=1940
UKL-MQTT-BENCH: BUFFULL run_id=try5-c1-cpu start_us=118088 end_us=121411 dur_us=3322
UKL-MQTT-BENCH: BUFFULL run_id=try5-c1-cpu start_us=123791 end_us=126383 dur_us=2591
UKL-MQTT-BENCH: BUFFULL run_id=try5-c1-cpu start_us=128773 end_us=131355 dur_us=2581
UKL-MQTT-BENCH: BUFFULL run_id=try5-c1-cpu start_us=133719 end_us=136420 dur_us=2700
UKL-MQTT-BENCH: BUFFULL run_id=try5-c1-cpu start_us=138784 end_us=140326 dur_us=1542
UKL-MQTT-BENCH: BUFFULL run_id=try5-c1-cpu start_us=142683 end_us=146384 dur_us=3701
UKL-MQTT-BENCH: BUFFULL run_id=try5-c1-cpu start_us=151034 end_us=154315 dur_us=3280
UKL-MQTT-BENCH: BUFFULL run_id=try5-c1-cpu start_us=156703 end_us=160352 dur_us=3649
UKL-MQTT-BENCH: BUFFULL run_id=try5-c1-cpu start_us=163358 end_us=164409 dur_us=1051
UKL-MQTT-BENCH: BUFFULL run_id=try5-c1-cpu start_us=166789 end_us=171432 dur_us=4643
UKL-MQTT-BENCH: BUFFULL run_id=try5-c1-cpu start_us=174526 end_us=177435 dur_us=2909
UKL-MQTT-BENCH: BUFFULL run_id=try5-c1-cpu start_us=180455 end_us=182368 dur_us=1912
UKL-MQTT-BENCH: BUFFULL run_id=try5-c1-cpu start_us=184758 end_us=188346 dur_us=3588
UKL-MQTT-BENCH: BUFFULL run_id=try5-c1-cpu start_us=191360 end_us=193337 dur_us=1977
UKL-MQTT-BENCH: BUFFULL run_id=try5-c1-cpu start_us=195749 end_us=199399 dur_us=3650
UKL-MQTT-BENCH: BUFFULL run_id=try5-c1-cpu start_us=202614 end_us=205412 dur_us=2798
UKL-MQTT-BENCH: BUFFULL run_id=try5-c1-cpu start_us=207944 end_us=211435 dur_us=3490
UKL-MQTT-BENCH: BUFFULL run_id=try5-c1-cpu start_us=214655 end_us=218402 dur_us=3747
UKL-MQTT-BENCH: BUFFULL run_id=try5-c1-cpu start_us=221610 end_us=223395 dur_us=1784
UKL-MQTT-BENCH: BUFFULL run_id=try5-c1-cpu start_us=225924 end_us=229466 dur_us=3541
UKL-MQTT-BENCH: BUFFULL run_id=try5-c1-cpu start_us=232672 end_us=235400 dur_us=2727
UKL-MQTT-BENCH: BUFFULL run_id=try5-c1-cpu start_us=237833 end_us=240362 dur_us=2529
UKL-MQTT-BENCH: BUFFULL run_id=try5-c1-cpu start_us=242742 end_us=245346 dur_us=2604
UKL-MQTT-BENCH: BUFFULL run_id=try5-c1-cpu start_us=247734 end_us=250356 dur_us=2622
UKL-MQTT-BENCH: BUFFULL run_id=try5-c1-cpu start_us=252725 end_us=255412 dur_us=2687
UKL-MQTT-BENCH: BUFFULL run_id=try5-c1-cpu start_us=258436 end_us=260422 dur_us=1985
UKL-MQTT-BENCH: BUFFULL run_id=try5-c1-cpu start_us=262185 end_us=266406 dur_us=4221
UKL-MQTT-BENCH: BUFFULL run_id=try5-c1-cpu start_us=272101 end_us=273283 dur_us=1182
UKL-MQTT-BENCH: BUFFULL run_id=try5-c1-cpu start_us=275057 end_us=276413 dur_us=1356
UKL-MQTT-BENCH: BUFFULL run_id=try5-c1-cpu start_us=278253 end_us=281325 dur_us=3072
UKL-MQTT-BENCH: BUFFULL run_id=try5-c1-cpu start_us=283096 end_us=285435 dur_us=2338
UKL-MQTT-BENCH: BUFFULL run_id=try5-c1-cpu start_us=287813 end_us=290787 dur_us=2973
UKL-MQTT-BENCH: BUFFULL run_id=try5-c1-cpu start_us=293172 end_us=297403 dur_us=4231
UKL-MQTT-BENCH: BUFFULL run_id=try5-c1-cpu start_us=300417 end_us=302374 dur_us=1956
UKL-MQTT-BENCH: BUFFULL run_id=try5-c1-cpu start_us=304762 end_us=308327 dur_us=3564
UKL-MQTT-BENCH: BUFFULL run_id=try5-c1-cpu start_us=311354 end_us=313383 dur_us=2029
UKL-MQTT-BENCH: BUFFULL run_id=try5-c1-cpu start_us=315784 end_us=318361 dur_us=2577
UKL-MQTT-BENCH: BUFFULL run_id=try5-c1-cpu start_us=321372 end_us=323422 dur_us=2050
UKL-MQTT-BENCH: BUFFULL run_id=try5-c1-cpu start_us=325816 end_us=329392 dur_us=3575
UKL-MQTT-BENCH: BUFFULL run_id=try5-c1-cpu start_us=331779 end_us=333476 dur_us=1696
UKL-MQTT-BENCH: BUFFULL run_id=try5-c1-cpu start_us=335862 end_us=339397 dur_us=3535
UKL-MQTT-BENCH: BUFFULL run_id=try5-c1-cpu start_us=342414 end_us=344345 dur_us=1931
UKL-MQTT-BENCH: BUFFULL run_id=try5-c1-cpu start_us=346740 end_us=349432 dur_us=2692
UKL-MQTT-BENCH: BUFFULL run_id=try5-c1-cpu start_us=351812 end_us=354491 dur_us=2679
UKL-MQTT-BENCH: BUFFULL run_id=try5-c1-cpu start_us=356888 end_us=359351 dur_us=2462
UKL-MQTT-BENCH: BUFFULL run_id=try5-c1-cpu start_us=361739 end_us=365449 dur_us=3709
UKL-MQTT-BENCH: BUFFULL run_id=try5-c1-cpu start_us=371159 end_us=375365 dur_us=4205
UKL-MQTT-BENCH: BUFFULL run_id=try5-c1-cpu start_us=379152 end_us=380334 dur_us=1181
UKL-MQTT-BENCH: BUFFULL run_id=try5-c1-cpu start_us=382101 end_us=386465 dur_us=4364
UKL-MQTT-BENCH: BUFFULL run_id=try5-c1-cpu start_us=388853 end_us=391374 dur_us=2521
UKL-MQTT-BENCH: BUFFULL run_id=try5-c1-cpu start_us=394394 end_us=397374 dur_us=2979
UKL-MQTT-BENCH: BUFFULL run_id=try5-c1-cpu start_us=399752 end_us=402361 dur_us=2608
UKL-MQTT-BENCH: BUFFULL run_id=try5-c1-cpu start_us=405366 end_us=407340 dur_us=1974
UKL-MQTT-BENCH: BUFFULL run_id=try5-c1-cpu start_us=409723 end_us=413385 dur_us=3662
UKL-MQTT-BENCH: BUFFULL run_id=try5-c1-cpu start_us=415770 end_us=418347 dur_us=2576
UKL-MQTT-BENCH: BUFFULL run_id=try5-c1-cpu start_us=421352 end_us=424388 dur_us=3035
UKL-MQTT-BENCH: BUFFULL run_id=try5-c1-cpu start_us=426772 end_us=429397 dur_us=2625
UKL-MQTT-BENCH: BUFFULL run_id=try5-c1-cpu start_us=432398 end_us=436410 dur_us=4011
UKL-MQTT-BENCH: BUFFULL run_id=try5-c1-cpu start_us=439415 end_us=441386 dur_us=1971
UKL-MQTT-BENCH: BUFFULL run_id=try5-c1-cpu start_us=443766 end_us=446389 dur_us=2622
UKL-MQTT-BENCH: BUFFULL run_id=try5-c1-cpu start_us=452737 end_us=457371 dur_us=4633
UKL-MQTT-BENCH: BUFFULL run_id=try5-c1-cpu start_us=460365 end_us=462329 dur_us=1963
UKL-MQTT-BENCH: BUFFULL run_id=try5-c1-cpu start_us=464701 end_us=469456 dur_us=4754
UKL-MQTT-BENCH: BUFFULL run_id=try5-c1-cpu start_us=472646 end_us=477377 dur_us=4731
UKL-MQTT-BENCH: BUFFULL run_id=try5-c1-cpu start_us=483933 end_us=488421 dur_us=4487
UKL-MQTT-BENCH: BUFFULL run_id=try5-c1-cpu start_us=491423 end_us=493361 dur_us=1938
UKL-MQTT-BENCH: BUFFULL run_id=try5-c1-cpu start_us=495751 end_us=499347 dur_us=3595
UKL-MQTT-BENCH: BUFFULL run_id=try5-c1-cpu start_us=505714 end_us=509442 dur_us=3728
UKL-MQTT-BENCH: BUFFULL run_id=try5-c1-cpu start_us=512539 end_us=515395 dur_us=2855
UKL-MQTT-BENCH: BUFFULL run_id=try5-c1-cpu start_us=517945 end_us=522438 dur_us=4492
UKL-MQTT-BENCH: BUFFULL run_id=try5-c1-cpu start_us=528749 end_us=532479 dur_us=3729
UKL-MQTT-BENCH: BUFFULL run_id=try5-c1-cpu start_us=535503 end_us=538374 dur_us=2871
UKL-MQTT-BENCH: BUFFULL run_id=try5-c1-cpu start_us=540745 end_us=543448 dur_us=2702
UKL-MQTT-BENCH: BUFFULL run_id=try5-c1-cpu start_us=546432 end_us=548336 dur_us=1903
UKL-MQTT-BENCH: BUFFULL run_id=try5-c1-cpu start_us=550707 end_us=554373 dur_us=3665
UKL-MQTT-BENCH: BUFFULL run_id=try5-c1-cpu start_us=557382 end_us=559339 dur_us=1956
UKL-MQTT-BENCH: BUFFULL run_id=try5-c1-cpu start_us=561720 end_us=564367 dur_us=2647
UKL-MQTT-BENCH: BUFFULL run_id=try5-c1-cpu start_us=566736 end_us=570525 dur_us=3788
UKL-MQTT-BENCH: BUFFULL run_id=try5-c1-cpu start_us=573551 end_us=577422 dur_us=3870
UKL-MQTT-BENCH: BUFFULL run_id=try5-c1-cpu start_us=583800 end_us=587444 dur_us=3644
UKL-MQTT-BENCH: BUFFULL run_id=try5-c1-cpu start_us=589817 end_us=591330 dur_us=1512
UKL-MQTT-BENCH: BUFFULL run_id=try5-c1-cpu start_us=593691 end_us=597369 dur_us=3677
UKL-MQTT-BENCH: BUFFULL run_id=try5-c1-cpu start_us=600383 end_us=602387 dur_us=2003
UKL-MQTT-BENCH: BUFFULL run_id=try5-c1-cpu start_us=604773 end_us=608452 dur_us=3679
UKL-MQTT-BENCH: BUFFULL run_id=try5-c1-cpu start_us=611450 end_us=613386 dur_us=1936
UKL-MQTT-BENCH: BUFFULL run_id=try5-c1-cpu start_us=615765 end_us=619493 dur_us=3728
UKL-MQTT-BENCH: BUFFULL run_id=try5-c1-cpu start_us=622481 end_us=624555 dur_us=2073
UKL-MQTT-BENCH: BUFFULL run_id=try5-c1-cpu start_us=626938 end_us=629361 dur_us=2422
UKL-MQTT-BENCH: BUFFULL run_id=try5-c1-cpu start_us=631743 end_us=634328 dur_us=2585
UKL-MQTT-BENCH: BUFFULL run_id=try5-c1-cpu start_us=636714 end_us=639333 dur_us=2619
UKL-MQTT-BENCH: BUFFULL run_id=try5-c1-cpu start_us=641710 end_us=644334 dur_us=2623
UKL-MQTT-BENCH: BUFFULL run_id=try5-c1-cpu start_us=646704 end_us=649355 dur_us=2651
UKL-MQTT-BENCH: BUFFULL run_id=try5-c1-cpu start_us=651724 end_us=655432 dur_us=3708
UKL-MQTT-BENCH: BUFFULL run_id=try5-c1-cpu start_us=658420 end_us=660388 dur_us=1967
UKL-MQTT-BENCH: BUFFULL run_id=try5-c1-cpu start_us=662754 end_us=665374 dur_us=2620
UKL-MQTT-BENCH: BUFFULL run_id=try5-c1-cpu start_us=667747 end_us=670310 dur_us=2563
UKL-MQTT-BENCH: BUFFULL run_id=try5-c1-cpu start_us=672671 end_us=676357 dur_us=3685
UKL-MQTT-BENCH: BUFFULL run_id=try5-c1-cpu start_us=679366 end_us=681331 dur_us=1964
UKL-MQTT-BENCH: BUFFULL run_id=try5-c1-cpu start_us=683706 end_us=686425 dur_us=2718
UKL-MQTT-BENCH: BUFFULL run_id=try5-c1-cpu start_us=689428 end_us=691427 dur_us=1999
UKL-MQTT-BENCH: BUFFULL run_id=try5-c1-cpu start_us=693794 end_us=697391 dur_us=3597
UKL-MQTT-BENCH: BUFFULL run_id=try5-c1-cpu start_us=700447 end_us=703419 dur_us=2971
UKL-MQTT-BENCH: BUFFULL run_id=try5-c1-cpu start_us=705781 end_us=709375 dur_us=3594
UKL-MQTT-BENCH: BUFFULL run_id=try5-c1-cpu start_us=712384 end_us=714377 dur_us=1993
UKL-MQTT-BENCH: BUFFULL run_id=try5-c1-cpu start_us=716755 end_us=720326 dur_us=3570
UKL-MQTT-BENCH: BUFFULL run_id=try5-c1-cpu start_us=723319 end_us=725381 dur_us=2062
UKL-MQTT-BENCH: BUFFULL run_id=try5-c1-cpu start_us=727763 end_us=730362 dur_us=2598
UKL-MQTT-BENCH: BUFFULL run_id=try5-c1-cpu start_us=732748 end_us=736336 dur_us=3587
UKL-MQTT-BENCH: BUFFULL run_id=try5-c1-cpu start_us=739374 end_us=741321 dur_us=1947
UKL-MQTT-BENCH: BUFFULL run_id=try5-c1-cpu start_us=743696 end_us=746376 dur_us=2680
UKL-MQTT-BENCH: BUFFULL run_id=try5-c1-cpu start_us=749366 end_us=753424 dur_us=4057
UKL-MQTT-BENCH: BUFFULL run_id=try5-c1-cpu start_us=756434 end_us=758338 dur_us=1904
UKL-MQTT-BENCH: BUFFULL run_id=try5-c1-cpu start_us=760713 end_us=764437 dur_us=3724
UKL-MQTT-BENCH: BUFFULL run_id=try5-c1-cpu start_us=767434 end_us=770387 dur_us=2952
UKL-MQTT-BENCH: BUFFULL run_id=try5-c1-cpu start_us=773388 end_us=775353 dur_us=1965
UKL-MQTT-BENCH: BUFFULL run_id=try5-c1-cpu start_us=777710 end_us=781374 dur_us=3664
UKL-MQTT-BENCH: BUFFULL run_id=try5-c1-cpu start_us=783766 end_us=785288 dur_us=1522
UKL-MQTT-BENCH: BUFFULL run_id=try5-c1-cpu start_us=787776 end_us=791400 dur_us=3623
UKL-MQTT-BENCH: BUFFULL run_id=try5-c1-cpu start_us=794422 end_us=796383 dur_us=1960
UKL-MQTT-BENCH: BUFFULL run_id=try5-c1-cpu start_us=798764 end_us=802433 dur_us=3669
UKL-MQTT-BENCH: BUFFULL run_id=try5-c1-cpu start_us=805443 end_us=807340 dur_us=1897
UKL-MQTT-BENCH: BUFFULL run_id=try5-c1-cpu start_us=809733 end_us=813432 dur_us=3699
UKL-MQTT-BENCH: BUFFULL run_id=try5-c1-cpu start_us=819117 end_us=823360 dur_us=4243
UKL-MQTT-BENCH: BUFFULL run_id=try5-c1-cpu start_us=829045 end_us=832341 dur_us=3295
UKL-MQTT-BENCH: BUFFULL run_id=try5-c1-cpu start_us=834703 end_us=837409 dur_us=2705
UKL-MQTT-BENCH: BUFFULL run_id=try5-c1-cpu start_us=839949 end_us=843433 dur_us=3484
UKL-MQTT-BENCH: BUFFULL run_id=try5-c1-cpu start_us=846438 end_us=848350 dur_us=1911
UKL-MQTT-BENCH: BUFFULL run_id=try5-c1-cpu start_us=850723 end_us=854387 dur_us=3664
UKL-MQTT-BENCH: BUFFULL run_id=try5-c1-cpu start_us=857379 end_us=859414 dur_us=2034
UKL-MQTT-BENCH: BUFFULL run_id=try5-c1-cpu start_us=861777 end_us=865355 dur_us=3577
UKL-MQTT-BENCH: BUFFULL run_id=try5-c1-cpu start_us=868359 end_us=871378 dur_us=3018
UKL-MQTT-BENCH: BUFFULL run_id=try5-c1-cpu start_us=873755 end_us=876345 dur_us=2589
UKL-MQTT-BENCH: BUFFULL run_id=try5-c1-cpu start_us=879349 end_us=882352 dur_us=3002
UKL-MQTT-BENCH: BUFFULL run_id=try5-c1-cpu start_us=884733 end_us=889445 dur_us=4711
UKL-MQTT-BENCH: BUFFULL run_id=try5-c1-cpu start_us=893131 end_us=895365 dur_us=2234
UKL-MQTT-BENCH: BUFFULL run_id=try5-c1-cpu start_us=898418 end_us=900399 dur_us=1981
UKL-MQTT-BENCH: BUFFULL run_id=try5-c1-cpu start_us=902800 end_us=906360 dur_us=3559
UKL-MQTT-BENCH: BUFFULL run_id=try5-c1-cpu start_us=909355 end_us=911373 dur_us=2018
UKL-MQTT-BENCH: BUFFULL run_id=try5-c1-cpu start_us=913751 end_us=917371 dur_us=3619
UKL-MQTT-BENCH: BUFFULL run_id=try5-c1-cpu start_us=920381 end_us=923415 dur_us=3033
UKL-MQTT-BENCH: BUFFULL run_id=try5-c1-cpu start_us=926408 end_us=928355 dur_us=1946
UKL-MQTT-BENCH: BUFFULL run_id=try5-c1-cpu start_us=930781 end_us=934352 dur_us=3571
UKL-MQTT-BENCH: BUFFULL run_id=try5-c1-cpu start_us=940710 end_us=944363 dur_us=3652
UKL-MQTT-BENCH: BUFFULL run_id=try5-c1-cpu start_us=947384 end_us=950361 dur_us=2977
UKL-MQTT-BENCH: BUFFULL run_id=try5-c1-cpu start_us=952741 end_us=957507 dur_us=4765
UKL-MQTT-BENCH: BUFFULL run_id=try5-c1-cpu start_us=961143 end_us=965429 dur_us=4286
UKL-MQTT-BENCH: BUFFULL run_id=try5-c1-cpu start_us=971472 end_us=974387 dur_us=2914
UKL-MQTT-BENCH: BUFFULL run_id=try5-c1-cpu start_us=976932 end_us=978178 dur_us=1245
UKL-MQTT-BENCH: BUFFULL run_id=try5-c1-cpu start_us=979954 end_us=984387 dur_us=4433
UKL-MQTT-BENCH: BUFFULL run_id=try5-c1-cpu start_us=987612 end_us=989453 dur_us=1841
UKL-MQTT-BENCH: BUFFULL run_id=try5-c1-cpu start_us=991929 end_us=995410 dur_us=3481
UKL-MQTT-BENCH: BUFFULL run_id=try5-c1-cpu start_us=998426 end_us=1000467 dur_us=2040
UKL-MQTT-BENCH: BUFFULL run_id=try5-c1-cpu start_us=1002940 end_us=1009534 dur_us=6594
UKL-MQTT-BENCH: BUFFULL run_id=try5-c1-cpu start_us=1012753 end_us=1017395 dur_us=4641
UKL-MQTT-BENCH: BUFFULL run_id=try5-c1-cpu start_us=1019952 end_us=1024417 dur_us=4465
UKL-MQTT-BENCH: BUFFULL run_id=try5-c1-cpu start_us=1030179 end_us=1034389 dur_us=4210
UKL-MQTT-BENCH: BUFFULL run_id=try5-c1-cpu start_us=1040188 end_us=1044442 dur_us=4253
UKL-MQTT-BENCH: BUFFULL run_id=try5-c1-cpu start_us=1047456 end_us=1049357 dur_us=1901
UKL-MQTT-BENCH: BUFFULL run_id=try5-c1-cpu start_us=1051772 end_us=1054331 dur_us=2558
UKL-MQTT-BENCH: BUFFULL run_id=try5-c1-cpu start_us=1056711 end_us=1059344 dur_us=2632
UKL-MQTT-BENCH: BUFFULL run_id=try5-c1-cpu start_us=1061723 end_us=1064330 dur_us=2607
UKL-MQTT-BENCH: BUFFULL run_id=try5-c1-cpu start_us=1066808 end_us=1070408 dur_us=3599
UKL-MQTT-BENCH: BUFFULL run_id=try5-c1-cpu start_us=1072799 end_us=1076407 dur_us=3607
UKL-MQTT-BENCH: BUFFULL run_id=try5-c1-cpu start_us=1079400 end_us=1081370 dur_us=1969
UKL-MQTT-BENCH: BUFFULL run_id=try5-c1-cpu start_us=1084378 end_us=1087399 dur_us=3021
UKL-MQTT-BENCH: BUFFULL run_id=try5-c1-cpu start_us=1089771 end_us=1091346 dur_us=1574
UKL-MQTT-BENCH: BUFFULL run_id=try5-c1-cpu start_us=1093792 end_us=1097401 dur_us=3609
UKL-MQTT-BENCH: BUFFULL run_id=try5-c1-cpu start_us=1103120 end_us=1107349 dur_us=4229
UKL-MQTT-BENCH: BUFFULL run_id=try5-c1-cpu start_us=1109727 end_us=1111367 dur_us=1639
UKL-MQTT-BENCH: BUFFULL run_id=try5-c1-cpu start_us=1113749 end_us=1117414 dur_us=3664
UKL-MQTT-BENCH: BUFFULL run_id=try5-c1-cpu start_us=1120414 end_us=1122382 dur_us=1968
UKL-MQTT-BENCH: BUFFULL run_id=try5-c1-cpu start_us=1124758 end_us=1128339 dur_us=3580
UKL-MQTT-BENCH: BUFFULL run_id=try5-c1-cpu start_us=1131352 end_us=1133349 dur_us=1997
UKL-MQTT-BENCH: BUFFULL run_id=try5-c1-cpu start_us=1135723 end_us=1138368 dur_us=2644
UKL-MQTT-BENCH: BUFFULL run_id=try5-c1-cpu start_us=1140744 end_us=1144377 dur_us=3633
UKL-MQTT-BENCH: BUFFULL run_id=try5-c1-cpu start_us=1147377 end_us=1149364 dur_us=1986
UKL-MQTT-BENCH: BUFFULL run_id=try5-c1-cpu start_us=1151773 end_us=1155447 dur_us=3673
UKL-MQTT-BENCH: BUFFULL run_id=try5-c1-cpu start_us=1158436 end_us=1160378 dur_us=1942
UKL-MQTT-BENCH: BUFFULL run_id=try5-c1-cpu start_us=1162759 end_us=1166360 dur_us=3601
UKL-MQTT-BENCH: BUFFULL run_id=try5-c1-cpu start_us=1168734 end_us=1170298 dur_us=1564
UKL-MQTT-BENCH: BUFFULL run_id=try5-c1-cpu start_us=1172670 end_us=1175375 dur_us=2704
UKL-MQTT-BENCH: BUFFULL run_id=try5-c1-cpu start_us=1177743 end_us=1180340 dur_us=2596
UKL-MQTT-BENCH: BUFFULL run_id=try5-c1-cpu start_us=1182722 end_us=1186394 dur_us=3672
UKL-MQTT-BENCH: BUFFULL run_id=try5-c1-cpu start_us=1189390 end_us=1191316 dur_us=1926
UKL-MQTT-BENCH: BUFFULL run_id=try5-c1-cpu start_us=1193695 end_us=1197425 dur_us=3729
UKL-MQTT-BENCH: BUFFULL run_id=try5-c1-cpu start_us=1200421 end_us=1202336 dur_us=1914
UKL-MQTT-BENCH: BUFFULL run_id=try5-c1-cpu start_us=1204733 end_us=1208356 dur_us=3623
UKL-MQTT-BENCH: BUFFULL run_id=try5-c1-cpu start_us=1211365 end_us=1215378 dur_us=4013
UKL-MQTT-BENCH: BUFFULL run_id=try5-c1-cpu start_us=1218633 end_us=1220390 dur_us=1757
UKL-MQTT-BENCH: BUFFULL run_id=try5-c1-cpu start_us=1222936 end_us=1226441 dur_us=3505
UKL-MQTT-BENCH: BUFFULL run_id=try5-c1-cpu start_us=1229639 end_us=1232353 dur_us=2713
UKL-MQTT-BENCH: BUFFULL run_id=try5-c1-cpu start_us=1234775 end_us=1237435 dur_us=2659
UKL-MQTT-BENCH: BUFFULL run_id=try5-c1-cpu start_us=1240434 end_us=1242347 dur_us=1912
UKL-MQTT-BENCH: BUFFULL run_id=try5-c1-cpu start_us=1244724 end_us=1249382 dur_us=4658
UKL-MQTT-BENCH: BUFFULL run_id=try5-c1-cpu start_us=1252383 end_us=1254410 dur_us=2026
UKL-MQTT-BENCH: BUFFULL run_id=try5-c1-cpu start_us=1256781 end_us=1261378 dur_us=4596
UKL-MQTT-BENCH: BUFFULL run_id=try5-c1-cpu start_us=1267087 end_us=1272471 dur_us=5384
UKL-MQTT-BENCH: BUFFULL run_id=try5-c1-cpu start_us=1278122 end_us=1281456 dur_us=3334
UKL-MQTT-BENCH: BUFFULL run_id=try5-c1-cpu start_us=1286113 end_us=1289364 dur_us=3250
UKL-MQTT-BENCH: BUFFULL run_id=try5-c1-cpu start_us=1293425 end_us=1298359 dur_us=4934
UKL-MQTT-BENCH: BUFFULL run_id=try5-c1-cpu start_us=1301465 end_us=1303379 dur_us=1914
UKL-MQTT-BENCH: BUFFULL run_id=try5-c1-cpu start_us=1305769 end_us=1308344 dur_us=2574
UKL-MQTT-BENCH: BUFFULL run_id=try5-c1-cpu start_us=1310723 end_us=1313454 dur_us=2730
UKL-MQTT-BENCH: BUFFULL run_id=try5-c1-cpu start_us=1316479 end_us=1319416 dur_us=2937
UKL-MQTT-BENCH: BUFFULL run_id=try5-c1-cpu start_us=1321802 end_us=1325409 dur_us=3607
UKL-MQTT-BENCH: BUFFULL run_id=try5-c1-cpu start_us=1328406 end_us=1329974 dur_us=1568
UKL-MQTT-BENCH: BUFFULL run_id=try5-c1-cpu start_us=1332368 end_us=1336335 dur_us=3967
UKL-MQTT-BENCH: BUFFULL run_id=try5-c1-cpu start_us=1339330 end_us=1341336 dur_us=2006
UKL-MQTT-BENCH: BUFFULL run_id=try5-c1-cpu start_us=1343681 end_us=1346320 dur_us=2639
UKL-MQTT-BENCH: BUFFULL run_id=try5-c1-cpu start_us=1348667 end_us=1351387 dur_us=2720
UKL-MQTT-BENCH: BUFFULL run_id=try5-c1-cpu start_us=1354370 end_us=1357385 dur_us=3015
UKL-MQTT-BENCH: BUFFULL run_id=try5-c1-cpu start_us=1359720 end_us=1363360 dur_us=3639
UKL-MQTT-BENCH: BUFFULL run_id=try5-c1-cpu start_us=1366314 end_us=1368382 dur_us=2067
UKL-MQTT-BENCH: BUFFULL run_id=try5-c1-cpu start_us=1370725 end_us=1374373 dur_us=3648
UKL-MQTT-BENCH: BUFFULL run_id=try5-c1-cpu start_us=1377337 end_us=1379352 dur_us=2014
UKL-MQTT-BENCH: BUFFULL run_id=try5-c1-cpu start_us=1381704 end_us=1385401 dur_us=3697
UKL-MQTT-BENCH: BUFFULL run_id=try5-c1-cpu start_us=1388363 end_us=1391368 dur_us=3005
UKL-MQTT-BENCH: BUFFULL run_id=try5-c1-cpu start_us=1394316 end_us=1396382 dur_us=2065
UKL-MQTT-BENCH: BUFFULL run_id=try5-c1-cpu start_us=1398737 end_us=1402374 dur_us=3637
UKL-MQTT-BENCH: BUFFULL run_id=try5-c1-cpu start_us=1405362 end_us=1407409 dur_us=2047
UKL-MQTT-BENCH: BUFFULL run_id=try5-c1-cpu start_us=1409754 end_us=1412352 dur_us=2597
UKL-MQTT-BENCH: BUFFULL run_id=try5-c1-cpu start_us=1415511 end_us=1418406 dur_us=2895
UKL-MQTT-BENCH: BUFFULL run_id=try5-c1-cpu start_us=1420750 end_us=1423335 dur_us=2584
UKL-MQTT-BENCH: BUFFULL run_id=try5-c1-cpu start_us=1425675 end_us=1427344 dur_us=1668
UKL-MQTT-BENCH: BUFFULL run_id=try5-c1-cpu start_us=1429698 end_us=1431300 dur_us=1601
UKL-MQTT-BENCH: BUFFULL run_id=try5-c1-cpu start_us=1433042 end_us=1436360 dur_us=3317
UKL-MQTT-BENCH: BUFFULL run_id=try5-c1-cpu start_us=1438709 end_us=1441381 dur_us=2671
UKL-MQTT-BENCH: BUFFULL run_id=try5-c1-cpu start_us=1443769 end_us=1447350 dur_us=3580
UKL-MQTT-BENCH: BUFFULL run_id=try5-c1-cpu start_us=1450333 end_us=1452386 dur_us=2053
UKL-MQTT-BENCH: BUFFULL run_id=try5-c1-cpu start_us=1454732 end_us=1458374 dur_us=3642
UKL-MQTT-BENCH: BUFFULL run_id=try5-c1-cpu start_us=1461350 end_us=1463390 dur_us=2040
UKL-MQTT-BENCH: BUFFULL run_id=try5-c1-cpu start_us=1465734 end_us=1469375 dur_us=3641
UKL-MQTT-BENCH: BUFFULL run_id=try5-c1-cpu start_us=1472333 end_us=1474392 dur_us=2058
UKL-MQTT-BENCH: BUFFULL run_id=try5-c1-cpu start_us=1476729 end_us=1479326 dur_us=2597
UKL-MQTT-BENCH: BUFFULL run_id=try5-c1-cpu start_us=1481659 end_us=1484364 dur_us=2704
UKL-MQTT-BENCH: BUFFULL run_id=try5-c1-cpu start_us=1490025 end_us=1494374 dur_us=4348
UKL-MQTT-BENCH: BUFFULL run_id=try5-c1-cpu start_us=1496714 end_us=1499349 dur_us=2635
UKL-MQTT-BENCH: BUFFULL run_id=try5-c1-cpu start_us=1502457 end_us=1505405 dur_us=2948
UKL-MQTT-BENCH: BUFFULL run_id=try5-c1-cpu start_us=1507752 end_us=1510389 dur_us=2637
UKL-MQTT-BENCH: BUFFULL run_id=try5-c1-cpu start_us=1513362 end_us=1516342 dur_us=2980
UKL-MQTT-BENCH: BUFFULL run_id=try5-c1-cpu start_us=1519321 end_us=1521377 dur_us=2055
UKL-MQTT-BENCH: BUFFULL run_id=try5-c1-cpu start_us=1523732 end_us=1527339 dur_us=3607
UKL-MQTT-BENCH: BUFFULL run_id=try5-c1-cpu start_us=1530309 end_us=1532365 dur_us=2055
UKL-MQTT-BENCH: BUFFULL run_id=try5-c1-cpu start_us=1534746 end_us=1539398 dur_us=4651
UKL-MQTT-BENCH: BUFFULL run_id=try5-c1-cpu start_us=1542952 end_us=1545432 dur_us=2480
UKL-MQTT-BENCH: BUFFULL run_id=try5-c1-cpu start_us=1548432 end_us=1550444 dur_us=2012
UKL-MQTT-BENCH: BUFFULL run_id=try5-c1-cpu start_us=1552790 end_us=1556385 dur_us=3594
UKL-MQTT-BENCH: BUFFULL run_id=try5-c1-cpu start_us=1559354 end_us=1561342 dur_us=1988
UKL-MQTT-BENCH: BUFFULL run_id=try5-c1-cpu start_us=1563712 end_us=1566354 dur_us=2641
UKL-MQTT-BENCH: BUFFULL run_id=try5-c1-cpu start_us=1568715 end_us=1571347 dur_us=2632
UKL-MQTT-BENCH: BUFFULL run_id=try5-c1-cpu start_us=1573690 end_us=1577411 dur_us=3721
UKL-MQTT-BENCH: BUFFULL run_id=try5-c1-cpu start_us=1580400 end_us=1583413 dur_us=3012
UKL-MQTT-BENCH: BUFFULL run_id=try5-c1-cpu start_us=1586387 end_us=1588344 dur_us=1957
UKL-MQTT-BENCH: BUFFULL run_id=try5-c1-cpu start_us=1590688 end_us=1593433 dur_us=2744
UKL-MQTT-BENCH: BUFFULL run_id=try5-c1-cpu start_us=1595782 end_us=1598325 dur_us=2543
UKL-MQTT-BENCH: BUFFULL run_id=try5-c1-cpu start_us=1600676 end_us=1603356 dur_us=2680
UKL-MQTT-BENCH: BUFFULL run_id=try5-c1-cpu start_us=1605891 end_us=1607452 dur_us=1561
UKL-MQTT-BENCH: BUFFULL run_id=try5-c1-cpu start_us=1609810 end_us=1613342 dur_us=3531
UKL-MQTT-BENCH: BUFFULL run_id=try5-c1-cpu start_us=1615702 end_us=1618395 dur_us=2692
UKL-MQTT-BENCH: BUFFULL run_id=try5-c1-cpu start_us=1621377 end_us=1625411 dur_us=4034
UKL-MQTT-BENCH: BUFFULL run_id=try5-c1-cpu start_us=1628381 end_us=1630362 dur_us=1980
UKL-MQTT-BENCH: BUFFULL run_id=try5-c1-cpu start_us=1632710 end_us=1636407 dur_us=3696
UKL-MQTT-BENCH: BUFFULL run_id=try5-c1-cpu start_us=1639385 end_us=1641370 dur_us=1985
UKL-MQTT-BENCH: BUFFULL run_id=try5-c1-cpu start_us=1643728 end_us=1646340 dur_us=2611
UKL-MQTT-BENCH: BUFFULL run_id=try5-c1-cpu start_us=1649313 end_us=1651334 dur_us=2021
UKL-MQTT-BENCH: BUFFULL run_id=try5-c1-cpu start_us=1653681 end_us=1656396 dur_us=2714
UKL-MQTT-BENCH: BUFFULL run_id=try5-c1-cpu start_us=1658751 end_us=1662383 dur_us=3631
UKL-MQTT-BENCH: BUFFULL run_id=try5-c1-cpu start_us=1665354 end_us=1667335 dur_us=1980
UKL-MQTT-BENCH: BUFFULL run_id=try5-c1-cpu start_us=1669696 end_us=1673339 dur_us=3642
UKL-MQTT-BENCH: BUFFULL run_id=try5-c1-cpu start_us=1676311 end_us=1678386 dur_us=2075
UKL-MQTT-BENCH: BUFFULL run_id=try5-c1-cpu start_us=1680727 end_us=1684355 dur_us=3627
UKL-MQTT-BENCH: BUFFULL run_id=try5-c1-cpu start_us=1687327 end_us=1689382 dur_us=2054
UKL-MQTT-BENCH: BUFFULL run_id=try5-c1-cpu start_us=1691724 end_us=1696379 dur_us=4654
UKL-MQTT-BENCH: BUFFULL run_id=try5-c1-cpu start_us=1702179 end_us=1707451 dur_us=5271
UKL-MQTT-BENCH: BUFFULL run_id=try5-c1-cpu start_us=1713055 end_us=1718393 dur_us=5338
UKL-MQTT-BENCH: BUFFULL run_id=try5-c1-cpu start_us=1721986 end_us=1724573 dur_us=2587
UKL-MQTT-BENCH: BUFFULL run_id=try5-c1-cpu start_us=1727546 end_us=1729346 dur_us=1799
UKL-MQTT-BENCH: BUFFULL run_id=try5-c1-cpu start_us=1731700 end_us=1735391 dur_us=3691
UKL-MQTT-BENCH: BUFFULL run_id=try5-c1-cpu start_us=1739695 end_us=1743341 dur_us=3645
UKL-MQTT-BENCH: BUFFULL run_id=try5-c1-cpu start_us=1745668 end_us=1748352 dur_us=2683
UKL-MQTT-BENCH: BUFFULL run_id=try5-c1-cpu start_us=1750686 end_us=1753344 dur_us=2658
UKL-MQTT-BENCH: BUFFULL run_id=try5-c1-cpu start_us=1756301 end_us=1759372 dur_us=3071
UKL-MQTT-BENCH: BUFFULL run_id=try5-c1-cpu start_us=1762338 end_us=1764340 dur_us=2002
UKL-MQTT-BENCH: BUFFULL run_id=try5-c1-cpu start_us=1766692 end_us=1770383 dur_us=3691
UKL-MQTT-BENCH: BUFFULL run_id=try5-c1-cpu start_us=1773341 end_us=1775399 dur_us=2058
UKL-MQTT-BENCH: BUFFULL run_id=try5-c1-cpu start_us=1777729 end_us=1783379 dur_us=5649
UKL-MQTT-BENCH: BUFFULL run_id=try5-c1-cpu start_us=1788888 end_us=1793373 dur_us=4485
UKL-MQTT-BENCH: BUFFULL run_id=try5-c1-cpu start_us=1796943 end_us=1798385 dur_us=1442
UKL-MQTT-BENCH: BUFFULL run_id=try5-c1-cpu start_us=1800724 end_us=1804362 dur_us=3637
UKL-MQTT-BENCH: BUFFULL run_id=try5-c1-cpu start_us=1807329 end_us=1809396 dur_us=2066
UKL-MQTT-BENCH: BUFFULL run_id=try5-c1-cpu start_us=1811813 end_us=1815356 dur_us=3543
UKL-MQTT-BENCH: BUFFULL run_id=try5-c1-cpu start_us=1818354 end_us=1820382 dur_us=2028
UKL-MQTT-BENCH: BUFFULL run_id=try5-c1-cpu start_us=1822718 end_us=1827485 dur_us=4766
UKL-MQTT-BENCH: BUFFULL run_id=try5-c1-cpu start_us=1831056 end_us=1833439 dur_us=2383
UKL-MQTT-BENCH: BUFFULL run_id=try5-c1-cpu start_us=1836400 end_us=1838326 dur_us=1926
UKL-MQTT-BENCH: BUFFULL run_id=try5-c1-cpu start_us=1840668 end_us=1842375 dur_us=1707
UKL-MQTT-BENCH: BUFFULL run_id=try5-c1-cpu start_us=1844114 end_us=1848406 dur_us=4291
UKL-MQTT-BENCH: BUFFULL run_id=try5-c1-cpu start_us=1851377 end_us=1853349 dur_us=1972
UKL-MQTT-BENCH: BUFFULL run_id=try5-c1-cpu start_us=1855693 end_us=1859391 dur_us=3697
UKL-MQTT-BENCH: BUFFULL run_id=try5-c1-cpu start_us=1862349 end_us=1864339 dur_us=1990
UKL-MQTT-BENCH: BUFFULL run_id=try5-c1-cpu start_us=1866686 end_us=1870338 dur_us=3652
UKL-MQTT-BENCH: BUFFULL run_id=try5-c1-cpu start_us=1873296 end_us=1874325 dur_us=1028
UKL-MQTT-BENCH: BUFFULL run_id=try5-c1-cpu start_us=1876668 end_us=1880360 dur_us=3692
UKL-MQTT-BENCH: BUFFULL run_id=try5-c1-cpu start_us=1883334 end_us=1886368 dur_us=3033
UKL-MQTT-BENCH: BUFFULL run_id=try5-c1-cpu start_us=1888726 end_us=1892405 dur_us=3678
UKL-MQTT-BENCH: BUFFULL run_id=try5-c1-cpu start_us=1895357 end_us=1897374 dur_us=2016
UKL-MQTT-BENCH: BUFFULL run_id=try5-c1-cpu start_us=1899707 end_us=1902423 dur_us=2715
UKL-MQTT-BENCH: BUFFULL run_id=try5-c1-cpu start_us=1905401 end_us=1908317 dur_us=2916
UKL-MQTT-BENCH: BUFFULL run_id=try5-c1-cpu start_us=1910752 end_us=1913428 dur_us=2675
UKL-MQTT-BENCH: BUFFULL run_id=try5-c1-cpu start_us=1916411 end_us=1918338 dur_us=1927
UKL-MQTT-BENCH: BUFFULL run_id=try5-c1-cpu start_us=1920700 end_us=1925421 dur_us=4720
UKL-MQTT-BENCH: BUFFULL run_id=try5-c1-cpu start_us=1928397 end_us=1931382 dur_us=2984
UKL-MQTT-BENCH: BUFFULL run_id=try5-c1-cpu start_us=1934351 end_us=1936321 dur_us=1970
UKL-MQTT-BENCH: BUFFULL run_id=try5-c1-cpu start_us=1938667 end_us=1941482 dur_us=2814
UKL-MQTT-BENCH: BUFFULL run_id=try5-c1-cpu start_us=1944453 end_us=1946335 dur_us=1882
UKL-MQTT-BENCH: BUFFULL run_id=try5-c1-cpu start_us=1948676 end_us=1952377 dur_us=3701
UKL-MQTT-BENCH: BUFFULL run_id=try5-c1-cpu start_us=1954734 end_us=1957339 dur_us=2604
UKL-MQTT-BENCH: BUFFULL run_id=try5-c1-cpu start_us=1960286 end_us=1962313 dur_us=2027
UKL-MQTT-BENCH: BUFFULL run_id=try5-c1-cpu start_us=1964660 end_us=1968357 dur_us=3696
UKL-MQTT-BENCH: BUFFULL run_id=try5-c1-cpu start_us=1970701 end_us=1973409 dur_us=2708
UKL-MQTT-BENCH: BUFFULL run_id=try5-c1-cpu start_us=1976394 end_us=1979378 dur_us=2984
UKL-MQTT-BENCH: BUFFULL run_id=try5-c1-cpu start_us=1982360 end_us=1984410 dur_us=2049
UKL-MQTT-BENCH: BUFFULL run_id=try5-c1-cpu start_us=1986803 end_us=1990346 dur_us=3543
UKL-MQTT-BENCH: BUFFULL run_id=try5-c1-cpu start_us=1993293 end_us=1995343 dur_us=2049
UKL-MQTT-BENCH: BUFFULL run_id=try5-c1-cpu start_us=1997661 end_us=1999354 dur_us=1693
UKL-MQTT-BENCH: BUFFULL run_id=try5-c1-cpu start_us=2001072 end_us=2005347 dur_us=4274
UKL-MQTT-BENCH: BUFFULL run_id=try5-c1-cpu start_us=2008297 end_us=2009316 dur_us=1018
UKL-MQTT-BENCH: BUFFULL run_id=try5-c1-cpu start_us=2011044 end_us=2015408 dur_us=4363
UKL-MQTT-BENCH: BUFFULL run_id=try5-c1-cpu start_us=2018368 end_us=2020432 dur_us=2064
UKL-MQTT-BENCH: BUFFULL run_id=try5-c1-cpu start_us=2022788 end_us=2025687 dur_us=2899
UKL-MQTT-BENCH: BUFFULL run_id=try5-c1-cpu start_us=2028642 end_us=2030336 dur_us=1694
UKL-MQTT-BENCH: BUFFULL run_id=try5-c1-cpu start_us=2032676 end_us=2034290 dur_us=1613
UKL-MQTT-BENCH: BUFFULL run_id=try5-c1-cpu start_us=2036037 end_us=2038308 dur_us=2271
UKL-MQTT-BENCH: BUFFULL run_id=try5-c1-cpu start_us=2040068 end_us=2044401 dur_us=4332
UKL-MQTT-BENCH: BUFFULL run_id=try5-c1-cpu start_us=2047351 end_us=2050386 dur_us=3035
UKL-MQTT-BENCH: BUFFULL run_id=try5-c1-cpu start_us=2053341 end_us=2055340 dur_us=1999
UKL-MQTT-BENCH: BUFFULL run_id=try5-c1-cpu start_us=2057669 end_us=2061328 dur_us=3659
UKL-MQTT-BENCH: BUFFULL run_id=try5-c1-cpu start_us=2064279 end_us=2066370 dur_us=2090
UKL-MQTT-BENCH: BUFFULL run_id=try5-c1-cpu start_us=2068697 end_us=2073396 dur_us=4698
UKL-MQTT-BENCH: BUFFULL run_id=try5-c1-cpu start_us=2076957 end_us=2079370 dur_us=2413
UKL-MQTT-BENCH: BUFFULL run_id=try5-c1-cpu start_us=2082329 end_us=2084403 dur_us=2074
UKL-MQTT-BENCH: BUFFULL run_id=try5-c1-cpu start_us=2086723 end_us=2090385 dur_us=3662
UKL-MQTT-BENCH: BUFFULL run_id=try5-c1-cpu start_us=2093333 end_us=2095340 dur_us=2007
UKL-MQTT-BENCH: BUFFULL run_id=try5-c1-cpu start_us=2097669 end_us=2100379 dur_us=2710
UKL-MQTT-BENCH: BUFFULL run_id=try5-c1-cpu start_us=2102714 end_us=2105379 dur_us=2665
UKL-MQTT-BENCH: BUFFULL run_id=try5-c1-cpu start_us=2107710 end_us=2111393 dur_us=3682
UKL-MQTT-BENCH: BUFFULL run_id=try5-c1-cpu start_us=2114338 end_us=2116419 dur_us=2080
UKL-MQTT-BENCH: BUFFULL run_id=try5-c1-cpu start_us=2118749 end_us=2121392 dur_us=2642
UKL-MQTT-BENCH: BUFFULL run_id=try5-c1-cpu start_us=2127048 end_us=2130433 dur_us=3384
UKL-MQTT-BENCH: BUFFULL run_id=try5-c1-cpu start_us=2132775 end_us=2134310 dur_us=1535
UKL-MQTT-BENCH: BUFFULL run_id=try5-c1-cpu start_us=2136035 end_us=2140361 dur_us=4326
UKL-MQTT-BENCH: BUFFULL run_id=try5-c1-cpu start_us=2143358 end_us=2145354 dur_us=1995
UKL-MQTT-BENCH: BUFFULL run_id=try5-c1-cpu start_us=2147699 end_us=2151363 dur_us=3664
UKL-MQTT-BENCH: BUFFULL run_id=try5-c1-cpu start_us=2154303 end_us=2157378 dur_us=3074
UKL-MQTT-BENCH: BUFFULL run_id=try5-c1-cpu start_us=2160325 end_us=2162364 dur_us=2039
UKL-MQTT-BENCH: BUFFULL run_id=try5-c1-cpu start_us=2164690 end_us=2168381 dur_us=3690
UKL-MQTT-BENCH: BUFFULL run_id=try5-c1-cpu start_us=2171343 end_us=2173370 dur_us=2027
UKL-MQTT-BENCH: BUFFULL run_id=try5-c1-cpu start_us=2175707 end_us=2179362 dur_us=3655
UKL-MQTT-BENCH: BUFFULL run_id=try5-c1-cpu start_us=2182300 end_us=2183310 dur_us=1010
UKL-MQTT-BENCH: BUFFULL run_id=try5-c1-cpu start_us=2185050 end_us=2188356 dur_us=3306
UKL-MQTT-BENCH: BUFFULL run_id=try5-c1-cpu start_us=2190689 end_us=2194397 dur_us=3708
UKL-MQTT-BENCH: BUFFULL run_id=try5-c1-cpu start_us=2197366 end_us=2199348 dur_us=1982
UKL-MQTT-BENCH: BUFFULL run_id=try5-c1-cpu start_us=2202287 end_us=2205383 dur_us=3096
UKL-MQTT-BENCH: BUFFULL run_id=try5-c1-cpu start_us=2207727 end_us=2211361 dur_us=3633
UKL-MQTT-BENCH: BUFFULL run_id=try5-c1-cpu start_us=2214324 end_us=2216356 dur_us=2032
UKL-MQTT-BENCH: BUFFULL run_id=try5-c1-cpu start_us=2218820 end_us=2222489 dur_us=3669
UKL-MQTT-BENCH: BUFFULL run_id=try5-c1-cpu start_us=2225460 end_us=2227381 dur_us=1921
UKL-MQTT-BENCH: BUFFULL run_id=try5-c1-cpu start_us=2229765 end_us=2233403 dur_us=3637
UKL-MQTT-BENCH: BUFFULL run_id=try5-c1-cpu start_us=2236387 end_us=2238382 dur_us=1995
UKL-MQTT-BENCH: BUFFULL run_id=try5-c1-cpu start_us=2240733 end_us=2244334 dur_us=3600
UKL-MQTT-BENCH: BUFFULL run_id=try5-c1-cpu start_us=2247269 end_us=2248342 dur_us=1073
UKL-MQTT-BENCH: BUFFULL run_id=try5-c1-cpu start_us=2250666 end_us=2254355 dur_us=3689
UKL-MQTT-BENCH: BUFFULL run_id=try5-c1-cpu start_us=2256702 end_us=2259373 dur_us=2671
UKL-MQTT-BENCH: BUFFULL run_id=try5-c1-cpu start_us=2262337 end_us=2264432 dur_us=2095
UKL-MQTT-BENCH: BUFFULL run_id=try5-c1-cpu start_us=2266767 end_us=2270341 dur_us=3573
UKL-MQTT-BENCH: BUFFULL run_id=try5-c1-cpu start_us=2273297 end_us=2275339 dur_us=2042
UKL-MQTT-BENCH: BUFFULL run_id=try5-c1-cpu start_us=2277663 end_us=2280375 dur_us=2711
UKL-MQTT-BENCH: BUFFULL run_id=try5-c1-cpu start_us=2282721 end_us=2286362 dur_us=3641
UKL-MQTT-BENCH: BUFFULL run_id=try5-c1-cpu start_us=2289328 end_us=2291385 dur_us=2056
UKL-MQTT-BENCH: BUFFULL run_id=try5-c1-cpu start_us=2293704 end_us=2297339 dur_us=3634
UKL-MQTT-BENCH: BUFFULL run_id=try5-c1-cpu start_us=2300284 end_us=2302355 dur_us=2071
UKL-MQTT-BENCH: BUFFULL run_id=try5-c1-cpu start_us=2304676 end_us=2308353 dur_us=3677
UKL-MQTT-BENCH: BUFFULL run_id=try5-c1-cpu start_us=2311309 end_us=2315378 dur_us=4068
UKL-MQTT-BENCH: BUFFULL run_id=try5-c1-cpu start_us=2321101 end_us=2326397 dur_us=5296
UKL-MQTT-BENCH: BUFFULL run_id=try5-c1-cpu start_us=2332045 end_us=2336527 dur_us=4482
UKL-MQTT-BENCH: BUFFULL run_id=try5-c1-cpu start_us=2339498 end_us=2342376 dur_us=2878
UKL-MQTT-BENCH: BUFFULL run_id=try5-c1-cpu start_us=2345365 end_us=2347338 dur_us=1972
UKL-MQTT-BENCH: BUFFULL run_id=try5-c1-cpu start_us=2349683 end_us=2351399 dur_us=1715
UKL-MQTT-BENCH: BUFFULL run_id=try5-c1-cpu start_us=2353756 end_us=2356294 dur_us=2537
UKL-MQTT-BENCH: BUFFULL run_id=try5-c1-cpu start_us=2358028 end_us=2362419 dur_us=4390
UKL-MQTT-BENCH: BUFFULL run_id=try5-c1-cpu start_us=2365379 end_us=2366717 dur_us=1337
UKL-MQTT-BENCH: BUFFULL run_id=try5-c1-cpu start_us=2369215 end_us=2373360 dur_us=4145
UKL-MQTT-BENCH: BUFFULL run_id=try5-c1-cpu start_us=2376308 end_us=2378378 dur_us=2070
UKL-MQTT-BENCH: BUFFULL run_id=try5-c1-cpu start_us=2380711 end_us=2384391 dur_us=3680
UKL-MQTT-BENCH: BUFFULL run_id=try5-c1-cpu start_us=2387359 end_us=2389365 dur_us=2005
UKL-MQTT-BENCH: BUFFULL run_id=try5-c1-cpu start_us=2391764 end_us=2395407 dur_us=3642
UKL-MQTT-BENCH: BUFFULL run_id=try5-c1-cpu start_us=2398548 end_us=2400328 dur_us=1779
UKL-MQTT-BENCH: BUFFULL run_id=try5-c1-cpu start_us=2402820 end_us=2405334 dur_us=2514
UKL-MQTT-BENCH: BUFFULL run_id=try5-c1-cpu start_us=2407701 end_us=2410392 dur_us=2691
UKL-MQTT-BENCH: BUFFULL run_id=try5-c1-cpu start_us=2412717 end_us=2416329 dur_us=3611
UKL-MQTT-BENCH: BUFFULL run_id=try5-c1-cpu start_us=2419295 end_us=2421392 dur_us=2097
UKL-MQTT-BENCH: BUFFULL run_id=try5-c1-cpu start_us=2423776 end_us=2427404 dur_us=3627
UKL-MQTT-BENCH: BUFFULL run_id=try5-c1-cpu start_us=2430370 end_us=2432355 dur_us=1985
UKL-MQTT-BENCH: BUFFULL run_id=try5-c1-cpu start_us=2434700 end_us=2438363 dur_us=3663
UKL-MQTT-BENCH: BUFFULL run_id=try5-c1-cpu start_us=2441340 end_us=2443350 dur_us=2009
UKL-MQTT-BENCH: BUFFULL run_id=try5-c1-cpu start_us=2445687 end_us=2449433 dur_us=3745
UKL-MQTT-BENCH: BUFFULL run_id=try5-c1-cpu start_us=2455064 end_us=2459439 dur_us=4375
UKL-MQTT-BENCH: BUFFULL run_id=try5-c1-cpu start_us=2462396 end_us=2464339 dur_us=1943
UKL-MQTT-BENCH: BUFFULL run_id=try5-c1-cpu start_us=2466692 end_us=2469394 dur_us=2702
UKL-MQTT-BENCH: BUFFULL run_id=try5-c1-cpu start_us=2471727 end_us=2473290 dur_us=1562
UKL-MQTT-BENCH: BUFFULL run_id=try5-c1-cpu start_us=2475632 end_us=2479456 dur_us=3824
UKL-MQTT-BENCH: BUFFULL run_id=try5-c1-cpu start_us=2482409 end_us=2484364 dur_us=1954
UKL-MQTT-BENCH: BUFFULL run_id=try5-c1-cpu start_us=2486678 end_us=2490489 dur_us=3810
UKL-MQTT-BENCH: BUFFULL run_id=try5-c1-cpu start_us=2493432 end_us=2495343 dur_us=1910
UKL-MQTT-BENCH: BUFFULL run_id=try5-c1-cpu start_us=2497681 end_us=2501402 dur_us=3720
UKL-MQTT-BENCH: BUFFULL run_id=try5-c1-cpu start_us=2505755 end_us=2509326 dur_us=3571
UKL-MQTT-BENCH: BUFFULL run_id=try5-c1-cpu start_us=2511647 end_us=2514352 dur_us=2704
UKL-MQTT-BENCH: BUFFULL run_id=try5-c1-cpu start_us=2517306 end_us=2518324 dur_us=1018
UKL-MQTT-BENCH: BUFFULL run_id=try5-c1-cpu start_us=2520056 end_us=2525428 dur_us=5372
UKL-MQTT-BENCH: BUFFULL run_id=try5-c1-cpu start_us=2528990 end_us=2532521 dur_us=3531
UKL-MQTT-BENCH: BUFFULL run_id=try5-c1-cpu start_us=2535512 end_us=2537304 dur_us=1791
UKL-MQTT-BENCH: BUFFULL run_id=try5-c1-cpu start_us=2539645 end_us=2542349 dur_us=2704
UKL-MQTT-BENCH: BUFFULL run_id=try5-c1-cpu start_us=2547021 end_us=2551409 dur_us=4388
UKL-MQTT-BENCH: BUFFULL run_id=try5-c1-cpu start_us=2554369 end_us=2558426 dur_us=4057
UKL-MQTT-BENCH: BUFFULL run_id=try5-c1-cpu start_us=2561389 end_us=2565409 dur_us=4019
UKL-MQTT-BENCH: BUFFULL run_id=try5-c1-cpu start_us=2571071 end_us=2575410 dur_us=4338
UKL-MQTT-BENCH: BUFFULL run_id=try5-c1-cpu start_us=2581113 end_us=2586389 dur_us=5275
UKL-MQTT-BENCH: BUFFULL run_id=try5-c1-cpu start_us=2589357 end_us=2592395 dur_us=3038
UKL-MQTT-BENCH: BUFFULL run_id=try5-c1-cpu start_us=2595380 end_us=2597395 dur_us=2014
UKL-MQTT-BENCH: BUFFULL run_id=try5-c1-cpu start_us=2599729 end_us=2601344 dur_us=1614
UKL-MQTT-BENCH: BUFFULL run_id=try5-c1-cpu start_us=2603676 end_us=2606368 dur_us=2691
UKL-MQTT-BENCH: BUFFULL run_id=try5-c1-cpu start_us=2608700 end_us=2611360 dur_us=2659
UKL-MQTT-BENCH: BUFFULL run_id=try5-c1-cpu start_us=2613691 end_us=2617359 dur_us=3667
UKL-MQTT-BENCH: BUFFULL run_id=try5-c1-cpu start_us=2620295 end_us=2622419 dur_us=2123
UKL-MQTT-BENCH: BUFFULL run_id=try5-c1-cpu start_us=2624767 end_us=2628415 dur_us=3648
UKL-MQTT-BENCH: BUFFULL run_id=try5-c1-cpu start_us=2631384 end_us=2633353 dur_us=1968
UKL-MQTT-BENCH: BUFFULL run_id=try5-c1-cpu start_us=2635701 end_us=2639352 dur_us=3650
UKL-MQTT-BENCH: BUFFULL run_id=try5-c1-cpu start_us=2645038 end_us=2649428 dur_us=4390
UKL-MQTT-BENCH: BUFFULL run_id=try5-c1-cpu start_us=2652391 end_us=2655395 dur_us=3003
UKL-MQTT-BENCH: BUFFULL run_id=try5-c1-cpu start_us=2658345 end_us=2660341 dur_us=1996
UKL-MQTT-BENCH: BUFFULL run_id=try5-c1-cpu start_us=2662675 end_us=2666328 dur_us=3653
UKL-MQTT-BENCH: BUFFULL run_id=try5-c1-cpu start_us=2669283 end_us=2671393 dur_us=2109
UKL-MQTT-BENCH: BUFFULL run_id=try5-c1-cpu start_us=2673736 end_us=2677352 dur_us=3615
UKL-MQTT-BENCH: BUFFULL run_id=try5-c1-cpu start_us=2680309 end_us=2682381 dur_us=2071
UKL-MQTT-BENCH: BUFFULL run_id=try5-c1-cpu start_us=2684706 end_us=2687349 dur_us=2642
UKL-MQTT-BENCH: BUFFULL run_id=try5-c1-cpu start_us=2689694 end_us=2692405 dur_us=2711
UKL-MQTT-BENCH: BUFFULL run_id=try5-c1-cpu start_us=2695355 end_us=2698342 dur_us=2987
UKL-MQTT-BENCH: BUFFULL run_id=try5-c1-cpu start_us=2700748 end_us=2703375 dur_us=2627
UKL-MQTT-BENCH: BUFFULL run_id=try5-c1-cpu start_us=2706351 end_us=2709383 dur_us=3031
UKL-MQTT-BENCH: BUFFULL run_id=try5-c1-cpu start_us=2711733 end_us=2714833 dur_us=3100
UKL-MQTT-BENCH: BUFFULL run_id=try5-c1-cpu start_us=2717796 end_us=2720328 dur_us=2532
UKL-MQTT-BENCH: BUFFULL run_id=try5-c1-cpu start_us=2722687 end_us=2725428 dur_us=2741
UKL-MQTT-BENCH: BUFFULL run_id=try5-c1-cpu start_us=2728414 end_us=2730368 dur_us=1953
UKL-MQTT-BENCH: BUFFULL run_id=try5-c1-cpu start_us=2732716 end_us=2736382 dur_us=3666
UKL-MQTT-BENCH: BUFFULL run_id=try5-c1-cpu start_us=2739381 end_us=2743374 dur_us=3993
UKL-MQTT-BENCH: BUFFULL run_id=try5-c1-cpu start_us=2746392 end_us=2750392 dur_us=3999
UKL-MQTT-BENCH: BUFFULL run_id=try5-c1-cpu start_us=2756065 end_us=2761478 dur_us=5412
UKL-MQTT-BENCH: BUFFULL run_id=try5-c1-cpu start_us=2767068 end_us=2771392 dur_us=4324
UKL-MQTT-BENCH: BUFFULL run_id=try5-c1-cpu start_us=2776353 end_us=2780401 dur_us=4048
UKL-MQTT-BENCH: BUFFULL run_id=try5-c1-cpu start_us=2782741 end_us=2784340 dur_us=1598
UKL-MQTT-BENCH: BUFFULL run_id=try5-c1-cpu start_us=2786799 end_us=2790389 dur_us=3589
UKL-MQTT-BENCH: BUFFULL run_id=try5-c1-cpu start_us=2793348 end_us=2795324 dur_us=1975
UKL-MQTT-BENCH: BUFFULL run_id=try5-c1-cpu start_us=2797658 end_us=2801376 dur_us=3718
UKL-MQTT-BENCH: BUFFULL run_id=try5-c1-cpu start_us=2804326 end_us=2806358 dur_us=2031
UKL-MQTT-BENCH: BUFFULL run_id=try5-c1-cpu start_us=2808683 end_us=2812453 dur_us=3770
UKL-MQTT-BENCH: BUFFULL run_id=try5-c1-cpu start_us=2815390 end_us=2817330 dur_us=1939
UKL-MQTT-BENCH: BUFFULL run_id=try5-c1-cpu start_us=2819674 end_us=2823380 dur_us=3706
UKL-MQTT-BENCH: BUFFULL run_id=try5-c1-cpu start_us=2829010 end_us=2833437 dur_us=4427
UKL-MQTT-BENCH: BUFFULL run_id=try5-c1-cpu start_us=2836410 end_us=2839377 dur_us=2967
UKL-MQTT-BENCH: BUFFULL run_id=try5-c1-cpu start_us=2842373 end_us=2844371 dur_us=1997
UKL-MQTT-BENCH: BUFFULL run_id=try5-c1-cpu start_us=2846712 end_us=2849424 dur_us=2711
UKL-MQTT-BENCH: BUFFULL run_id=try5-c1-cpu start_us=2852397 end_us=2854429 dur_us=2032
UKL-MQTT-BENCH: BUFFULL run_id=try5-c1-cpu start_us=2856172 end_us=2859365 dur_us=3193
UKL-MQTT-BENCH: BUFFULL run_id=try5-c1-cpu start_us=2861713 end_us=2864365 dur_us=2651
UKL-MQTT-BENCH: BUFFULL run_id=try5-c1-cpu start_us=2869006 end_us=2871363 dur_us=2356
UKL-MQTT-BENCH: BUFFULL run_id=try5-c1-cpu start_us=2873097 end_us=2875453 dur_us=2356
UKL-MQTT-BENCH: BUFFULL run_id=try5-c1-cpu start_us=2877789 end_us=2881397 dur_us=3608
UKL-MQTT-BENCH: BUFFULL run_id=try5-c1-cpu start_us=2884370 end_us=2886367 dur_us=1996
UKL-MQTT-BENCH: BUFFULL run_id=try5-c1-cpu start_us=2888112 end_us=2891350 dur_us=3237
UKL-MQTT-BENCH: BUFFULL run_id=try5-c1-cpu start_us=2894312 end_us=2896350 dur_us=2038
UKL-MQTT-BENCH: BUFFULL run_id=try5-c1-cpu start_us=2898674 end_us=2901373 dur_us=2699
UKL-MQTT-BENCH: BUFFULL run_id=try5-c1-cpu start_us=2903787 end_us=2906360 dur_us=2573
UKL-MQTT-BENCH: BUFFULL run_id=try5-c1-cpu start_us=2908704 end_us=2912340 dur_us=3636
UKL-MQTT-BENCH: BUFFULL run_id=try5-c1-cpu start_us=2915330 end_us=2917382 dur_us=2051
UKL-MQTT-BENCH: BUFFULL run_id=try5-c1-cpu start_us=2919719 end_us=2923358 dur_us=3638
UKL-MQTT-BENCH: BUFFULL run_id=try5-c1-cpu start_us=2926314 end_us=2928359 dur_us=2045
UKL-MQTT-BENCH: BUFFULL run_id=try5-c1-cpu start_us=2930687 end_us=2933421 dur_us=2733
UKL-MQTT-BENCH: BUFFULL run_id=try5-c1-cpu start_us=2936416 end_us=2939387 dur_us=2971
UKL-MQTT-BENCH: BUFFULL run_id=try5-c1-cpu start_us=2941741 end_us=2944357 dur_us=2615
UKL-MQTT-BENCH: BUFFULL run_id=try5-c1-cpu start_us=2947324 end_us=2950398 dur_us=3073
UKL-MQTT-BENCH: BUFFULL run_id=try5-c1-cpu start_us=2952751 end_us=2955363 dur_us=2612
UKL-MQTT-BENCH: BUFFULL run_id=try5-c1-cpu start_us=2957715 end_us=2960329 dur_us=2614
UKL-MQTT-BENCH: BUFFULL run_id=try5-c1-cpu start_us=2963315 end_us=2965299 dur_us=1983
UKL-MQTT-BENCH: BUFFULL run_id=try5-c1-cpu start_us=2967020 end_us=2969399 dur_us=2378
UKL-MQTT-BENCH: BUFFULL run_id=try5-c1-cpu start_us=2971727 end_us=2974337 dur_us=2610
UKL-MQTT-BENCH: BUFFULL run_id=try5-c1-cpu start_us=2976682 end_us=2980373 dur_us=3690
UKL-MQTT-BENCH: BUFFULL run_id=try5-c1-cpu start_us=2983359 end_us=2985390 dur_us=2031
UKL-MQTT-BENCH: BUFFULL run_id=try5-c1-cpu start_us=2987769 end_us=2992519 dur_us=4750
UKL-MQTT-BENCH: BUFFULL run_id=try5-c1-cpu start_us=2998109 end_us=3002402 dur_us=4293
UKL-MQTT-BENCH: BUFFULL run_id=try5-c1-cpu start_us=3005350 end_us=3007316 dur_us=1965
UKL-MQTT-BENCH: BUFFULL run_id=try5-c1-cpu start_us=3009655 end_us=3011275 dur_us=1620
UKL-MQTT-BENCH: BUFFULL run_id=try5-c1-cpu start_us=3013009 end_us=3014296 dur_us=1286
UKL-MQTT-BENCH: BUFFULL run_id=try5-c1-cpu start_us=3016032 end_us=3021437 dur_us=5405
UKL-MQTT-BENCH: BUFFULL run_id=try5-c1-cpu start_us=3024596 end_us=3027351 dur_us=2754
UKL-MQTT-BENCH: BUFFULL run_id=try5-c1-cpu start_us=3030333 end_us=3032359 dur_us=2026
UKL-MQTT-BENCH: BUFFULL run_id=try5-c1-cpu start_us=3034693 end_us=3038406 dur_us=3712
UKL-MQTT-BENCH: BUFFULL run_id=try5-c1-cpu start_us=3041376 end_us=3043312 dur_us=1936
UKL-MQTT-BENCH: BUFFULL run_id=try5-c1-cpu start_us=3045659 end_us=3049349 dur_us=3690
UKL-MQTT-BENCH: BUFFULL run_id=try5-c1-cpu start_us=3052404 end_us=3054351 dur_us=1947
UKL-MQTT-BENCH: BUFFULL run_id=try5-c1-cpu start_us=3056690 end_us=3059391 dur_us=2701
UKL-MQTT-BENCH: BUFFULL run_id=try5-c1-cpu start_us=3061726 end_us=3064353 dur_us=2626
UKL-MQTT-BENCH: BUFFULL run_id=try5-c1-cpu start_us=3067295 end_us=3070372 dur_us=3077
UKL-MQTT-BENCH: BUFFULL run_id=try5-c1-cpu start_us=3072711 end_us=3075341 dur_us=2629
UKL-MQTT-BENCH: BUFFULL run_id=try5-c1-cpu start_us=3078289 end_us=3081380 dur_us=3091
UKL-MQTT-BENCH: BUFFULL run_id=try5-c1-cpu start_us=3083724 end_us=3086330 dur_us=2605
UKL-MQTT-BENCH: BUFFULL run_id=try5-c1-cpu start_us=3088712 end_us=3091337 dur_us=2624
UKL-MQTT-BENCH: BUFFULL run_id=try5-c1-cpu start_us=3094298 end_us=3096349 dur_us=2050
UKL-MQTT-BENCH: BUFFULL run_id=try5-c1-cpu start_us=3098672 end_us=3101340 dur_us=2668
UKL-MQTT-BENCH: BUFFULL run_id=try5-c1-cpu start_us=3103103 end_us=3106384 dur_us=3280
UKL-MQTT-BENCH: BUFFULL run_id=try5-c1-cpu start_us=3109361 end_us=3111344 dur_us=1983
UKL-MQTT-BENCH: BUFFULL run_id=try5-c1-cpu start_us=3113691 end_us=3117369 dur_us=3677
UKL-MQTT-BENCH: BUFFULL run_id=try5-c1-cpu start_us=3120328 end_us=3122376 dur_us=2047
UKL-MQTT-BENCH: BUFFULL run_id=try5-c1-cpu start_us=3124709 end_us=3128327 dur_us=3617
UKL-MQTT-BENCH: BUFFULL run_id=try5-c1-cpu start_us=3131286 end_us=3133374 dur_us=2087
UKL-MQTT-BENCH: BUFFULL run_id=try5-c1-cpu start_us=3135707 end_us=3139412 dur_us=3704
UKL-MQTT-BENCH: BUFFULL run_id=try5-c1-cpu start_us=3142383 end_us=3145409 dur_us=3025
UKL-MQTT-BENCH: BUFFULL run_id=try5-c1-cpu start_us=3148374 end_us=3150405 dur_us=2030
UKL-MQTT-BENCH: BUFFULL run_id=try5-c1-cpu start_us=3152747 end_us=3156457 dur_us=3710
UKL-MQTT-BENCH: BUFFULL run_id=try5-c1-cpu start_us=3159426 end_us=3161373 dur_us=1946
UKL-MQTT-BENCH: BUFFULL run_id=try5-c1-cpu start_us=3163713 end_us=3166327 dur_us=2613
UKL-MQTT-BENCH: BUFFULL run_id=try5-c1-cpu start_us=3168693 end_us=3170359 dur_us=1666
UKL-MQTT-BENCH: BUFFULL run_id=try5-c1-cpu start_us=3172087 end_us=3175352 dur_us=3264
UKL-MQTT-BENCH: BUFFULL run_id=try5-c1-cpu start_us=3177709 end_us=3180394 dur_us=2685
UKL-MQTT-BENCH: BUFFULL run_id=try5-c1-cpu start_us=3183369 end_us=3185327 dur_us=1958
UKL-MQTT-BENCH: BUFFULL run_id=try5-c1-cpu start_us=3187670 end_us=3191381 dur_us=3710
UKL-MQTT-BENCH: BUFFULL run_id=try5-c1-cpu start_us=3193721 end_us=3198426 dur_us=4705
UKL-MQTT-BENCH: BUFFULL run_id=try5-c1-cpu start_us=3202001 end_us=3203353 dur_us=1351
UKL-MQTT-BENCH: BUFFULL run_id=try5-c1-cpu start_us=3205687 end_us=3209382 dur_us=3695
UKL-MQTT-BENCH: BUFFULL run_id=try5-c1-cpu start_us=3212342 end_us=3214357 dur_us=2014
UKL-MQTT-BENCH: BUFFULL run_id=try5-c1-cpu start_us=3216690 end_us=3219427 dur_us=2736
UKL-MQTT-BENCH: BUFFULL run_id=try5-c1-cpu start_us=3222431 end_us=3224492 dur_us=2060
UKL-MQTT-BENCH: BUFFULL run_id=try5-c1-cpu start_us=3226835 end_us=3230438 dur_us=3602
UKL-MQTT-BENCH: BUFFULL run_id=try5-c1-cpu start_us=3233459 end_us=3235378 dur_us=1918
UKL-MQTT-BENCH: BUFFULL run_id=try5-c1-cpu start_us=3237121 end_us=3240310 dur_us=3189
UKL-MQTT-BENCH: BUFFULL run_id=try5-c1-cpu start_us=3244051 end_us=3248431 dur_us=4379
UKL-MQTT-BENCH: BUFFULL run_id=try5-c1-cpu start_us=3252814 end_us=3257533 dur_us=4719
UKL-MQTT-BENCH: BUFFULL run_id=try5-c1-cpu start_us=3262500 end_us=3265408 dur_us=2908
UKL-MQTT-BENCH: BUFFULL run_id=try5-c1-cpu start_us=3269431 end_us=3271360 dur_us=1929
UKL-MQTT-BENCH: BUFFULL run_id=try5-c1-cpu start_us=3273099 end_us=3276338 dur_us=3239
UKL-MQTT-BENCH: BUFFULL run_id=try5-c1-cpu start_us=3278682 end_us=3280296 dur_us=1613
UKL-MQTT-BENCH: BUFFULL run_id=try5-c1-cpu start_us=3282029 end_us=3284304 dur_us=2274
UKL-MQTT-BENCH: BUFFULL run_id=try5-c1-cpu start_us=3286026 end_us=3288428 dur_us=2402
UKL-MQTT-BENCH: BUFFULL run_id=try5-c1-cpu start_us=3290780 end_us=3294339 dur_us=3559
UKL-MQTT-BENCH: BUFFULL run_id=try5-c1-cpu start_us=3297298 end_us=3299339 dur_us=2040
UKL-MQTT-BENCH: BUFFULL run_id=try5-c1-cpu start_us=3301681 end_us=3305366 dur_us=3684
UKL-MQTT-BENCH: BUFFULL run_id=try5-c1-cpu start_us=3308337 end_us=3312366 dur_us=4029
UKL-MQTT-BENCH: BUFFULL run_id=try5-c1-cpu start_us=3315327 end_us=3319449 dur_us=4122
UKL-MQTT-BENCH: BUFFULL run_id=try5-c1-cpu start_us=3323031 end_us=3326434 dur_us=3402
UKL-MQTT-BENCH: BUFFULL run_id=try5-c1-cpu start_us=3332007 end_us=3337359 dur_us=5352
UKL-MQTT-BENCH: BUFFULL run_id=try5-c1-cpu start_us=3343133 end_us=3347481 dur_us=4347
UKL-MQTT-BENCH: BUFFULL run_id=try5-c1-cpu start_us=3350453 end_us=3352334 dur_us=1881
UKL-MQTT-BENCH: BUFFULL run_id=try5-c1-cpu start_us=3354685 end_us=3357397 dur_us=2712
UKL-MQTT-BENCH: BUFFULL run_id=try5-c1-cpu start_us=3362021 end_us=3363299 dur_us=1278
UKL-MQTT-BENCH: BUFFULL run_id=try5-c1-cpu start_us=3364423 end_us=3368426 dur_us=4003
UKL-MQTT-BENCH: BUFFULL run_id=try5-c1-cpu start_us=3370774 end_us=3373005 dur_us=2230
UKL-MQTT-BENCH: BUFFULL run_id=try5-c1-cpu start_us=3375361 end_us=3378349 dur_us=2988
UKL-MQTT-BENCH: BUFFULL run_id=try5-c1-cpu start_us=3380689 end_us=3382334 dur_us=1645
UKL-MQTT-BENCH: BUFFULL run_id=try5-c1-cpu start_us=3384696 end_us=3387327 dur_us=2631
UKL-MQTT-BENCH: BUFFULL run_id=try5-c1-cpu start_us=3389667 end_us=3392340 dur_us=2672
UKL-MQTT-BENCH: BUFFULL run_id=try5-c1-cpu start_us=3394678 end_us=3397371 dur_us=2692
UKL-MQTT-BENCH: BUFFULL run_id=try5-c1-cpu start_us=3399715 end_us=3403335 dur_us=3620
UKL-MQTT-BENCH: BUFFULL run_id=try5-c1-cpu start_us=3406293 end_us=3408336 dur_us=2042
UKL-MQTT-BENCH: BUFFULL run_id=try5-c1-cpu start_us=3410667 end_us=3415456 dur_us=4788
UKL-MQTT-BENCH: BUFFULL run_id=try5-c1-cpu start_us=3419280 end_us=3422402 dur_us=3122
UKL-MQTT-BENCH: BUFFULL run_id=try5-c1-cpu start_us=3425549 end_us=3427419 dur_us=1869
UKL-MQTT-BENCH: BUFFULL run_id=try5-c1-cpu start_us=3429887 end_us=3433397 dur_us=3510
UKL-MQTT-BENCH: BUFFULL run_id=try5-c1-cpu start_us=3439051 end_us=3442336 dur_us=3284
UKL-MQTT-BENCH: BUFFULL run_id=try5-c1-cpu start_us=3444739 end_us=3446313 dur_us=1573
UKL-MQTT-BENCH: BUFFULL run_id=try5-c1-cpu start_us=3448044 end_us=3452468 dur_us=4423
UKL-MQTT-BENCH: BUFFULL run_id=try5-c1-cpu start_us=3455438 end_us=3457404 dur_us=1965
UKL-MQTT-BENCH: BUFFULL run_id=try5-c1-cpu start_us=3459749 end_us=3462418 dur_us=2668
UKL-MQTT-BENCH: BUFFULL run_id=try5-c1-cpu start_us=3467044 end_us=3468331 dur_us=1286
UKL-MQTT-BENCH: BUFFULL run_id=try5-c1-cpu start_us=3469447 end_us=3473303 dur_us=3855
UKL-MQTT-BENCH: BUFFULL run_id=try5-c1-cpu start_us=3475630 end_us=3478398 dur_us=2767
UKL-MQTT-BENCH: BUFFULL run_id=try5-c1-cpu start_us=3480741 end_us=3484387 dur_us=3646
UKL-MQTT-BENCH: BUFFULL run_id=try5-c1-cpu start_us=3487342 end_us=3489375 dur_us=2032
UKL-MQTT-BENCH: BUFFULL run_id=try5-c1-cpu start_us=3491706 end_us=3495409 dur_us=3703
UKL-MQTT-BENCH: BUFFULL run_id=try5-c1-cpu start_us=3498379 end_us=3500313 dur_us=1934
UKL-MQTT-BENCH: BUFFULL run_id=try5-c1-cpu start_us=3502692 end_us=3506407 dur_us=3714
UKL-MQTT-BENCH: BUFFULL run_id=try5-c1-cpu start_us=3509373 end_us=3511369 dur_us=1995
UKL-MQTT-BENCH: BUFFULL run_id=try5-c1-cpu start_us=3513725 end_us=3516412 dur_us=2686
UKL-MQTT-BENCH: BUFFULL run_id=try5-c1-cpu start_us=3519354 end_us=3521343 dur_us=1989
UKL-MQTT-BENCH: BUFFULL run_id=try5-c1-cpu start_us=3523672 end_us=3527372 dur_us=3700
UKL-MQTT-BENCH: BUFFULL run_id=try5-c1-cpu start_us=3530309 end_us=3532334 dur_us=2024
UKL-MQTT-BENCH: BUFFULL run_id=try5-c1-cpu start_us=3534691 end_us=3537386 dur_us=2695
UKL-MQTT-BENCH: BUFFULL run_id=try5-c1-cpu start_us=3539715 end_us=3543351 dur_us=3636
UKL-MQTT-BENCH: BUFFULL run_id=try5-c1-cpu start_us=3546338 end_us=3548360 dur_us=2022
UKL-MQTT-BENCH: BUFFULL run_id=try5-c1-cpu start_us=3550705 end_us=3554369 dur_us=3664
UKL-MQTT-BENCH: BUFFULL run_id=try5-c1-cpu start_us=3557325 end_us=3559372 dur_us=2046
UKL-MQTT-BENCH: BUFFULL run_id=try5-c1-cpu start_us=3561707 end_us=3567421 dur_us=5713
UKL-MQTT-BENCH: BUFFULL run_id=try5-c1-cpu start_us=3572933 end_us=3577381 dur_us=4447
UKL-MQTT-BENCH: BUFFULL run_id=try5-c1-cpu start_us=3580920 end_us=3582438 dur_us=1517
UKL-MQTT-BENCH: BUFFULL run_id=try5-c1-cpu start_us=3584795 end_us=3590404 dur_us=5609
UKL-MQTT-BENCH: BUFFULL run_id=try5-c1-cpu start_us=3596074 end_us=3600388 dur_us=4314
UKL-MQTT-BENCH: BUFFULL run_id=try5-c1-cpu start_us=3606102 end_us=3611454 dur_us=5351
UKL-MQTT-BENCH: BUFFULL run_id=try5-c1-cpu start_us=3617702 end_us=3621415 dur_us=3712
UKL-MQTT-BENCH: BUFFULL run_id=try5-c1-cpu start_us=3624388 end_us=3626377 dur_us=1988
UKL-MQTT-BENCH: BUFFULL run_id=try5-c1-cpu start_us=3628879 end_us=3633386 dur_us=4506
UKL-MQTT-BENCH: BUFFULL run_id=try5-c1-cpu start_us=3636532 end_us=3638404 dur_us=1871
UKL-MQTT-BENCH: BUFFULL run_id=try5-c1-cpu start_us=3640928 end_us=3646460 dur_us=5532
UKL-MQTT-BENCH: BUFFULL run_id=try5-c1-cpu start_us=3652397 end_us=3658404 dur_us=6007
UKL-MQTT-BENCH: BUFFULL run_id=try5-c1-cpu start_us=3664407 end_us=3669501 dur_us=5094
UKL-MQTT-BENCH: BUFFULL run_id=try5-c1-cpu start_us=3673315 end_us=3675419 dur_us=2104
UKL-MQTT-BENCH: BUFFULL run_id=try5-c1-cpu start_us=3677907 end_us=3681437 dur_us=3529
UKL-MQTT-BENCH: BUFFULL run_id=try5-c1-cpu start_us=3683942 end_us=3686451 dur_us=2509
UKL-MQTT-BENCH: BUFFULL run_id=try5-c1-cpu start_us=3689625 end_us=3692383 dur_us=2758
UKL-MQTT-BENCH: BUFFULL run_id=try5-c1-cpu start_us=3694869 end_us=3698408 dur_us=3539
UKL-MQTT-BENCH: BUFFULL run_id=try5-c1-cpu start_us=3700900 end_us=3705381 dur_us=4481
UKL-MQTT-BENCH: BUFFULL run_id=try5-c1-cpu start_us=3707916 end_us=3711405 dur_us=3489
UKL-MQTT-BENCH: BUFFULL run_id=try5-c1-cpu start_us=3714378 end_us=3716635 dur_us=2257
UKL-MQTT-BENCH: BUFFULL run_id=try5-c1-cpu start_us=3718973 end_us=3722400 dur_us=3427
UKL-MQTT-BENCH: BUFFULL run_id=try5-c1-cpu start_us=3725481 end_us=3730480 dur_us=4999
UKL-MQTT-BENCH: BUFFULL run_id=try5-c1-cpu start_us=3738503 end_us=3743378 dur_us=4875
UKL-MQTT-BENCH: BUFFULL run_id=try5-c1-cpu start_us=3746979 end_us=3748378 dur_us=1398
UKL-MQTT-BENCH: BUFFULL run_id=try5-c1-cpu start_us=3751361 end_us=3755526 dur_us=4165
UKL-MQTT-BENCH: BUFFULL run_id=try5-c1-cpu start_us=3759101 end_us=3761374 dur_us=2272
UKL-MQTT-BENCH: BUFFULL run_id=try5-c1-cpu start_us=3763714 end_us=3767395 dur_us=3680
UKL-MQTT-BENCH: BUFFULL run_id=try5-c1-cpu start_us=3771688 end_us=3774341 dur_us=2653
UKL-MQTT-BENCH: BUFFULL run_id=try5-c1-cpu start_us=3776683 end_us=3780370 dur_us=3686
UKL-MQTT-BENCH: BUFFULL run_id=try5-c1-cpu start_us=3783333 end_us=3786361 dur_us=3027
UKL-MQTT-BENCH: BUFFULL run_id=try5-c1-cpu start_us=3789325 end_us=3791413 dur_us=2087
UKL-MQTT-BENCH: BUFFULL run_id=try5-c1-cpu start_us=3793752 end_us=3797371 dur_us=3618
UKL-MQTT-BENCH: BUFFULL run_id=try5-c1-cpu start_us=3800324 end_us=3802400 dur_us=2076
UKL-MQTT-BENCH: BUFFULL run_id=try5-c1-cpu start_us=3804740 end_us=3807328 dur_us=2588
UKL-MQTT-BENCH: BUFFULL run_id=try5-c1-cpu start_us=3809679 end_us=3812343 dur_us=2664
UKL-MQTT-BENCH: BUFFULL run_id=try5-c1-cpu start_us=3814678 end_us=3818350 dur_us=3672
UKL-MQTT-BENCH: BUFFULL run_id=try5-c1-cpu start_us=3821318 end_us=3824378 dur_us=3060
UKL-MQTT-BENCH: BUFFULL run_id=try5-c1-cpu start_us=3827329 end_us=3830348 dur_us=3018
UKL-MQTT-BENCH: BUFFULL run_id=try5-c1-cpu start_us=3832689 end_us=3836399 dur_us=3710
UKL-MQTT-BENCH: BUFFULL run_id=try5-c1-cpu start_us=3839951 end_us=3842344 dur_us=2392
UKL-MQTT-BENCH: BUFFULL run_id=try5-c1-cpu start_us=3844687 end_us=3848374 dur_us=3687
UKL-MQTT-BENCH: BUFFULL run_id=try5-c1-cpu start_us=3851327 end_us=3853372 dur_us=2044
UKL-MQTT-BENCH: BUFFULL run_id=try5-c1-cpu start_us=3855704 end_us=3859373 dur_us=3668
UKL-MQTT-BENCH: BUFFULL run_id=try5-c1-cpu start_us=3862342 end_us=3864348 dur_us=2006
UKL-MQTT-BENCH: BUFFULL run_id=try5-c1-cpu start_us=3867997 end_us=3872371 dur_us=4373
UKL-MQTT-BENCH: BUFFULL run_id=try5-c1-cpu start_us=3875343 end_us=3878346 dur_us=3002
UKL-MQTT-BENCH: BUFFULL run_id=try5-c1-cpu start_us=3881353 end_us=3884341 dur_us=2987
UKL-MQTT-BENCH: BUFFULL run_id=try5-c1-cpu start_us=3887312 end_us=3890365 dur_us=3053
UKL-MQTT-BENCH: BUFFULL run_id=try5-c1-cpu start_us=3893345 end_us=3897405 dur_us=4060
UKL-MQTT-BENCH: BUFFULL run_id=try5-c1-cpu start_us=3900956 end_us=3904467 dur_us=3510
UKL-MQTT-BENCH: BUFFULL run_id=try5-c1-cpu start_us=3907439 end_us=3910380 dur_us=2940
UKL-MQTT-BENCH: BUFFULL run_id=try5-c1-cpu start_us=3913354 end_us=3916413 dur_us=3058
UKL-MQTT-BENCH: BUFFULL run_id=try5-c1-cpu start_us=3919381 end_us=3921343 dur_us=1962
UKL-MQTT-BENCH: BUFFULL run_id=try5-c1-cpu start_us=3923690 end_us=3927374 dur_us=3684
UKL-MQTT-BENCH: BUFFULL run_id=try5-c1-cpu start_us=3930321 end_us=3931326 dur_us=1005
UKL-MQTT-BENCH: BUFFULL run_id=try5-c1-cpu start_us=3933059 end_us=3935288 dur_us=2229
UKL-MQTT-BENCH: BUFFULL run_id=try5-c1-cpu start_us=3937017 end_us=3940374 dur_us=3356
UKL-MQTT-BENCH: BUFFULL run_id=try5-c1-cpu start_us=3943358 end_us=3946319 dur_us=2961
UKL-MQTT-BENCH: BUFFULL run_id=try5-c1-cpu start_us=3948703 end_us=3950406 dur_us=1703
UKL-MQTT-BENCH: BUFFULL run_id=try5-c1-cpu start_us=3952767 end_us=3954291 dur_us=1524
UKL-MQTT-BENCH: BUFFULL run_id=try5-c1-cpu start_us=3956029 end_us=3962366 dur_us=6337
UKL-MQTT-BENCH: BUFFULL run_id=try5-c1-cpu start_us=3968762 end_us=3974383 dur_us=5620
UKL-MQTT-BENCH: BUFFULL run_id=try5-c1-cpu start_us=3977975 end_us=3980384 dur_us=2408
UKL-MQTT-BENCH: BUFFULL run_id=try5-c1-cpu start_us=3983345 end_us=3987434 dur_us=4089
UKL-MQTT-BENCH: BUFFULL run_id=try5-c1-cpu start_us=3991011 end_us=3993403 dur_us=2392
UKL-MQTT-BENCH: BUFFULL run_id=try5-c1-cpu start_us=3996374 end_us=3998331 dur_us=1956
UKL-MQTT-BENCH: BUFFULL run_id=try5-c1-cpu start_us=4000671 end_us=4003324 dur_us=2652
UKL-MQTT-BENCH: BUFFULL run_id=try5-c1-cpu start_us=4005675 end_us=4008334 dur_us=2658
UKL-MQTT-BENCH: BUFFULL run_id=try5-c1-cpu start_us=4010685 end_us=4015406 dur_us=4720
UKL-MQTT-BENCH: BUFFULL run_id=try5-c1-cpu start_us=4019017 end_us=4020331 dur_us=1314
UKL-MQTT-BENCH: BUFFULL run_id=try5-c1-cpu start_us=4022680 end_us=4026436 dur_us=3756
UKL-MQTT-BENCH: BUFFULL run_id=try5-c1-cpu start_us=4029400 end_us=4032344 dur_us=2944
UKL-MQTT-BENCH: BUFFULL run_id=try5-c1-cpu start_us=4034723 end_us=4038346 dur_us=3623
UKL-MQTT-BENCH: BUFFULL run_id=try5-c1-cpu start_us=4041327 end_us=4042348 dur_us=1020
UKL-MQTT-BENCH: BUFFULL run_id=try5-c1-cpu start_us=4044693 end_us=4047324 dur_us=2631
UKL-MQTT-BENCH: BUFFULL run_id=try5-c1-cpu start_us=4049670 end_us=4054408 dur_us=4738
UKL-MQTT-BENCH: BUFFULL run_id=try5-c1-cpu start_us=4057972 end_us=4060383 dur_us=2410
UKL-MQTT-BENCH: BUFFULL run_id=try5-c1-cpu start_us=4063347 end_us=4066365 dur_us=3017
UKL-MQTT-BENCH: BUFFULL run_id=try5-c1-cpu start_us=4068692 end_us=4070404 dur_us=1712
UKL-MQTT-BENCH: BUFFULL run_id=try5-c1-cpu start_us=4072737 end_us=4075335 dur_us=2597
UKL-MQTT-BENCH: BUFFULL run_id=try5-c1-cpu start_us=4077669 end_us=4080283 dur_us=2613
UKL-MQTT-BENCH: BUFFULL run_id=try5-c1-cpu start_us=4082647 end_us=4087414 dur_us=4767
UKL-MQTT-BENCH: BUFFULL run_id=try5-c1-cpu start_us=4090979 end_us=4093351 dur_us=2372
UKL-MQTT-BENCH: BUFFULL run_id=try5-c1-cpu start_us=4095697 end_us=4100439 dur_us=4741
UKL-MQTT-BENCH: BUFFULL run_id=try5-c1-cpu start_us=4106757 end_us=4110334 dur_us=3577
UKL-MQTT-BENCH: BUFFULL run_id=try5-c1-cpu start_us=4115050 end_us=4117427 dur_us=2377
UKL-MQTT-BENCH: BUFFULL run_id=try5-c1-cpu start_us=4119754 end_us=4123332 dur_us=3578
UKL-MQTT-BENCH: BUFFULL run_id=try5-c1-cpu start_us=4125674 end_us=4129360 dur_us=3686
UKL-MQTT-BENCH: BUFFULL run_id=try5-c1-cpu start_us=4132349 end_us=4135349 dur_us=2999
UKL-MQTT-BENCH: BUFFULL run_id=try5-c1-cpu start_us=4138302 end_us=4141361 dur_us=3059
UKL-MQTT-BENCH: BUFFULL run_id=try5-c1-cpu start_us=4144311 end_us=4146380 dur_us=2068
UKL-MQTT-BENCH: BUFFULL run_id=try5-c1-cpu start_us=4149320 end_us=4152410 dur_us=3089
UKL-MQTT-BENCH: BUFFULL run_id=try5-c1-cpu start_us=4154743 end_us=4158359 dur_us=3616
UKL-MQTT-BENCH: BUFFULL run_id=try5-c1-cpu start_us=4164019 end_us=4167335 dur_us=3315
UKL-MQTT-BENCH: BUFFULL run_id=try5-c1-cpu start_us=4169682 end_us=4172341 dur_us=2658
UKL-MQTT-BENCH: BUFFULL run_id=try5-c1-cpu start_us=4174696 end_us=4178368 dur_us=3672
UKL-MQTT-BENCH: BUFFULL run_id=try5-c1-cpu start_us=4181333 end_us=4183381 dur_us=2048
UKL-MQTT-BENCH: BUFFULL run_id=try5-c1-cpu start_us=4186369 end_us=4189360 dur_us=2990
UKL-MQTT-BENCH: BUFFULL run_id=try5-c1-cpu start_us=4191691 end_us=4195351 dur_us=3659
UKL-MQTT-BENCH: BUFFULL run_id=try5-c1-cpu start_us=4198309 end_us=4200421 dur_us=2111
UKL-MQTT-BENCH: BUFFULL run_id=try5-c1-cpu start_us=4203386 end_us=4206343 dur_us=2957
UKL-MQTT-BENCH: BUFFULL run_id=try5-c1-cpu start_us=4208676 end_us=4212396 dur_us=3719
UKL-MQTT-BENCH: BUFFULL run_id=try5-c1-cpu start_us=4215330 end_us=4217452 dur_us=2122
UKL-MQTT-BENCH: BUFFULL run_id=try5-c1-cpu start_us=4220406 end_us=4223341 dur_us=2934
UKL-MQTT-BENCH: BUFFULL run_id=try5-c1-cpu start_us=4225698 end_us=4229361 dur_us=3663
UKL-MQTT-BENCH: BUFFULL run_id=try5-c1-cpu start_us=4232305 end_us=4235380 dur_us=3074
UKL-MQTT-BENCH: BUFFULL run_id=try5-c1-cpu start_us=4238334 end_us=4240368 dur_us=2033
UKL-MQTT-BENCH: BUFFULL run_id=try5-c1-cpu start_us=4242726 end_us=4246358 dur_us=3631
UKL-MQTT-BENCH: BUFFULL run_id=try5-c1-cpu start_us=4249327 end_us=4252384 dur_us=3057
UKL-MQTT-BENCH: BUFFULL run_id=try5-c1-cpu start_us=4255342 end_us=4257363 dur_us=2021
UKL-MQTT-BENCH: BUFFULL run_id=try5-c1-cpu start_us=4259720 end_us=4264425 dur_us=4704
UKL-MQTT-BENCH: BUFFULL run_id=try5-c1-cpu start_us=4267994 end_us=4269340 dur_us=1346
UKL-MQTT-BENCH: BUFFULL run_id=try5-c1-cpu start_us=4271683 end_us=4275381 dur_us=3697
UKL-MQTT-BENCH: BUFFULL run_id=try5-c1-cpu start_us=4278372 end_us=4280347 dur_us=1974
UKL-MQTT-BENCH: BUFFULL run_id=try5-c1-cpu start_us=4282683 end_us=4287360 dur_us=4676
UKL-MQTT-BENCH: BUFFULL run_id=try5-c1-cpu start_us=4290319 end_us=4292355 dur_us=2036
UKL-MQTT-BENCH: BUFFULL run_id=try5-c1-cpu start_us=4295340 end_us=4298361 dur_us=3020
UKL-MQTT-BENCH: BUFFULL run_id=try5-c1-cpu start_us=4301321 end_us=4304378 dur_us=3056
UKL-MQTT-BENCH: BUFFULL run_id=try5-c1-cpu start_us=4306727 end_us=4309357 dur_us=2630
UKL-MQTT-BENCH: BUFFULL run_id=try5-c1-cpu start_us=4312333 end_us=4314376 dur_us=2042
UKL-MQTT-BENCH: BUFFULL run_id=try5-c1-cpu start_us=4316731 end_us=4321366 dur_us=4635
UKL-MQTT-BENCH: BUFFULL run_id=try5-c1-cpu start_us=4324313 end_us=4327418 dur_us=3105
UKL-MQTT-BENCH: BUFFULL run_id=try5-c1-cpu start_us=4330982 end_us=4333384 dur_us=2402
UKL-MQTT-BENCH: BUFFULL run_id=try5-c1-cpu start_us=4336330 end_us=4340366 dur_us=4035
UKL-MQTT-BENCH: BUFFULL run_id=try5-c1-cpu start_us=4343335 end_us=4345331 dur_us=1995
UKL-MQTT-BENCH: BUFFULL run_id=try5-c1-cpu start_us=4347670 end_us=4351357 dur_us=3686
UKL-MQTT-BENCH: BUFFULL run_id=try5-c1-cpu start_us=4354320 end_us=4356346 dur_us=2026
UKL-MQTT-BENCH: BUFFULL run_id=try5-c1-cpu start_us=4358685 end_us=4362360 dur_us=3675
UKL-MQTT-BENCH: BUFFULL run_id=try5-c1-cpu start_us=4365329 end_us=4368381 dur_us=3052
UKL-MQTT-BENCH: BUFFULL run_id=try5-c1-cpu start_us=4371368 end_us=4373366 dur_us=1997
UKL-MQTT-BENCH: BUFFULL run_id=try5-c1-cpu start_us=4375702 end_us=4379371 dur_us=3669
UKL-MQTT-BENCH: BUFFULL run_id=try5-c1-cpu start_us=4382340 end_us=4385380 dur_us=3039
UKL-MQTT-BENCH: BUFFULL run_id=try5-c1-cpu start_us=4388335 end_us=4390387 dur_us=2051
UKL-MQTT-BENCH: BUFFULL run_id=try5-c1-cpu start_us=4392727 end_us=4396376 dur_us=3649
UKL-MQTT-BENCH: BUFFULL run_id=try5-c1-cpu start_us=4399335 end_us=4402331 dur_us=2995
UKL-MQTT-BENCH: BUFFULL run_id=try5-c1-cpu start_us=4405289 end_us=4408359 dur_us=3070
UKL-MQTT-BENCH: BUFFULL run_id=try5-c1-cpu start_us=4410704 end_us=4413415 dur_us=2711
UKL-MQTT-BENCH: BUFFULL run_id=try5-c1-cpu start_us=4416366 end_us=4420363 dur_us=3996
UKL-MQTT-BENCH: BUFFULL run_id=try5-c1-cpu start_us=4423314 end_us=4425341 dur_us=2026
UKL-MQTT-BENCH: BUFFULL run_id=try5-c1-cpu start_us=4427671 end_us=4431359 dur_us=3687
UKL-MQTT-BENCH: BUFFULL run_id=try5-c1-cpu start_us=4434319 end_us=4436443 dur_us=2124
UKL-MQTT-BENCH: BUFFULL run_id=try5-c1-cpu start_us=4439404 end_us=4442342 dur_us=2937
UKL-MQTT-BENCH: BUFFULL run_id=try5-c1-cpu start_us=4444698 end_us=4447899 dur_us=3201
UKL-MQTT-BENCH: BUFFULL run_id=try5-c1-cpu start_us=4450858 end_us=4452341 dur_us=1482
UKL-MQTT-BENCH: BUFFULL run_id=try5-c1-cpu start_us=4454674 end_us=4459405 dur_us=4730
UKL-MQTT-BENCH: BUFFULL run_id=try5-c1-cpu start_us=4462961 end_us=4464330 dur_us=1368
UKL-MQTT-BENCH: BUFFULL run_id=try5-c1-cpu start_us=4466666 end_us=4470384 dur_us=3718
UKL-MQTT-BENCH: BUFFULL run_id=try5-c1-cpu start_us=4474718 end_us=4480446 dur_us=5728
UKL-MQTT-BENCH: BUFFULL run_id=try5-c1-cpu start_us=4486031 end_us=4490349 dur_us=4318
UKL-MQTT-BENCH: BUFFULL run_id=try5-c1-cpu start_us=4493302 end_us=4496363 dur_us=3061
UKL-MQTT-BENCH: BUFFULL run_id=try5-c1-cpu start_us=4499325 end_us=4502419 dur_us=3094
UKL-MQTT-BENCH: BUFFULL run_id=try5-c1-cpu start_us=4505418 end_us=4509354 dur_us=3935
UKL-MQTT-BENCH: BUFFULL run_id=try5-c1-cpu start_us=4512311 end_us=4515369 dur_us=3057
UKL-MQTT-BENCH: BUFFULL run_id=try5-c1-cpu start_us=4518323 end_us=4521343 dur_us=3019
UKL-MQTT-BENCH: BUFFULL run_id=try5-c1-cpu start_us=4524303 end_us=4527416 dur_us=3112
UKL-MQTT-BENCH: BUFFULL run_id=try5-c1-cpu start_us=4530965 end_us=4534382 dur_us=3417
UKL-MQTT-BENCH: BUFFULL run_id=try5-c1-cpu start_us=4537345 end_us=4540374 dur_us=3028
UKL-MQTT-BENCH: BUFFULL run_id=try5-c1-cpu start_us=4543332 end_us=4546360 dur_us=3028
UKL-MQTT-BENCH: BUFFULL run_id=try5-c1-cpu start_us=4549344 end_us=4553445 dur_us=4100
UKL-MQTT-BENCH: BUFFULL run_id=try5-c1-cpu start_us=4557001 end_us=4559372 dur_us=2370
UKL-MQTT-BENCH: BUFFULL run_id=try5-c1-cpu start_us=4562364 end_us=4566369 dur_us=4004
UKL-MQTT-BENCH: BUFFULL run_id=try5-c1-cpu start_us=4569332 end_us=4571354 dur_us=2022
UKL-MQTT-BENCH: BUFFULL run_id=try5-c1-cpu start_us=4573698 end_us=4577396 dur_us=3697
UKL-MQTT-BENCH: BUFFULL run_id=try5-c1-cpu start_us=4580355 end_us=4583362 dur_us=3007
UKL-MQTT-BENCH: BUFFULL run_id=try5-c1-cpu start_us=4586328 end_us=4588378 dur_us=2050
UKL-MQTT-BENCH: BUFFULL run_id=try5-c1-cpu start_us=4591334 end_us=4594355 dur_us=3021
UKL-MQTT-BENCH: BUFFULL run_id=try5-c1-cpu start_us=4596703 end_us=4600357 dur_us=3653
UKL-MQTT-BENCH: BUFFULL run_id=try5-c1-cpu start_us=4603344 end_us=4605324 dur_us=1980
UKL-MQTT-BENCH: BUFFULL run_id=try5-c1-cpu start_us=4607650 end_us=4611370 dur_us=3720
UKL-MQTT-BENCH: BUFFULL run_id=try5-c1-cpu start_us=4614330 end_us=4618405 dur_us=4075
UKL-MQTT-BENCH: BUFFULL run_id=try5-c1-cpu start_us=4621962 end_us=4624377 dur_us=2415
UKL-MQTT-BENCH: BUFFULL run_id=try5-c1-cpu start_us=4627352 end_us=4630337 dur_us=2984
UKL-MQTT-BENCH: BUFFULL run_id=try5-c1-cpu start_us=4633295 end_us=4636359 dur_us=3063
UKL-MQTT-BENCH: BUFFULL run_id=try5-c1-cpu start_us=4638686 end_us=4641434 dur_us=2748
UKL-MQTT-BENCH: BUFFULL run_id=try5-c1-cpu start_us=4644428 end_us=4647365 dur_us=2936
UKL-MQTT-BENCH: BUFFULL run_id=try5-c1-cpu start_us=4650325 end_us=4653348 dur_us=3023
UKL-MQTT-BENCH: BUFFULL run_id=try5-c1-cpu start_us=4655681 end_us=4659348 dur_us=3667
UKL-MQTT-BENCH: BUFFULL run_id=try5-c1-cpu start_us=4662312 end_us=4665369 dur_us=3057
UKL-MQTT-BENCH: BUFFULL run_id=try5-c1-cpu start_us=4669004 end_us=4672361 dur_us=3356
UKL-MQTT-BENCH: BUFFULL run_id=try5-c1-cpu start_us=4675331 end_us=4678372 dur_us=3040
UKL-MQTT-BENCH: BUFFULL run_id=try5-c1-cpu start_us=4681340 end_us=4685398 dur_us=4058
UKL-MQTT-BENCH: BUFFULL run_id=try5-c1-cpu start_us=4688953 end_us=4691391 dur_us=2438
UKL-MQTT-BENCH: BUFFULL run_id=try5-c1-cpu start_us=4694344 end_us=4698369 dur_us=4024
UKL-MQTT-BENCH: BUFFULL run_id=try5-c1-cpu start_us=4701335 end_us=4704388 dur_us=3053
UKL-MQTT-BENCH: BUFFULL run_id=try5-c1-cpu start_us=4708005 end_us=4711366 dur_us=3361
UKL-MQTT-BENCH: BUFFULL run_id=try5-c1-cpu start_us=4714327 end_us=4717418 dur_us=3090
UKL-MQTT-BENCH: BUFFULL run_id=try5-c1-cpu start_us=4720971 end_us=4724376 dur_us=3405
UKL-MQTT-BENCH: BUFFULL run_id=try5-c1-cpu start_us=4727340 end_us=4730372 dur_us=3031
UKL-MQTT-BENCH: BUFFULL run_id=try5-c1-cpu start_us=4733337 end_us=4736412 dur_us=3074
UKL-MQTT-BENCH: BUFFULL run_id=try5-c1-cpu start_us=4739377 end_us=4743363 dur_us=3985
UKL-MQTT-BENCH: BUFFULL run_id=try5-c1-cpu start_us=4746355 end_us=4748343 dur_us=1987
UKL-MQTT-BENCH: BUFFULL run_id=try5-c1-cpu start_us=4750686 end_us=4754390 dur_us=3703
UKL-MQTT-BENCH: BUFFULL run_id=try5-c1-cpu start_us=4757356 end_us=4760368 dur_us=3012
UKL-MQTT-BENCH: BUFFULL run_id=try5-c1-cpu start_us=4763321 end_us=4765402 dur_us=2080
UKL-MQTT-BENCH: BUFFULL run_id=try5-c1-cpu start_us=4768337 end_us=4771332 dur_us=2994
UKL-MQTT-BENCH: BUFFULL run_id=try5-c1-cpu start_us=4773672 end_us=4777393 dur_us=3720
UKL-MQTT-BENCH: BUFFULL run_id=try5-c1-cpu start_us=4781029 end_us=4784360 dur_us=3331
UKL-MQTT-BENCH: BUFFULL run_id=try5-c1-cpu start_us=4787347 end_us=4789405 dur_us=2058
UKL-MQTT-BENCH: BUFFULL run_id=try5-c1-cpu start_us=4792345 end_us=4794318 dur_us=1973
UKL-MQTT-BENCH: BUFFULL run_id=try5-c1-cpu start_us=4796051 end_us=4799331 dur_us=3280
UKL-MQTT-BENCH: BUFFULL run_id=try5-c1-cpu start_us=4801668 end_us=4804325 dur_us=2657
UKL-MQTT-BENCH: BUFFULL run_id=try5-c1-cpu start_us=4806651 end_us=4810353 dur_us=3702
UKL-MQTT-BENCH: BUFFULL run_id=try5-c1-cpu start_us=4813304 end_us=4816359 dur_us=3054
UKL-MQTT-BENCH: BUFFULL run_id=try5-c1-cpu start_us=4819313 end_us=4822073 dur_us=2760
UKL-MQTT-BENCH: BUFFULL run_id=try5-c1-cpu start_us=4825021 end_us=4829403 dur_us=4381
UKL-MQTT-BENCH: BUFFULL run_id=try5-c1-cpu start_us=4832957 end_us=4835389 dur_us=2432
UKL-MQTT-BENCH: BUFFULL run_id=try5-c1-cpu start_us=4838350 end_us=4841432 dur_us=3082
UKL-MQTT-BENCH: BUFFULL run_id=try5-c1-cpu start_us=4844412 end_us=4848352 dur_us=3939
UKL-MQTT-BENCH: BUFFULL run_id=try5-c1-cpu start_us=4851304 end_us=4853337 dur_us=2033
UKL-MQTT-BENCH: BUFFULL run_id=try5-c1-cpu start_us=4855666 end_us=4859379 dur_us=3713
UKL-MQTT-BENCH: BUFFULL run_id=try5-c1-cpu start_us=4862331 end_us=4865357 dur_us=3025
UKL-MQTT-BENCH: BUFFULL run_id=try5-c1-cpu start_us=4868307 end_us=4872389 dur_us=4081
UKL-MQTT-BENCH: BUFFULL run_id=try5-c1-cpu start_us=4875956 end_us=4877345 dur_us=1388
UKL-MQTT-BENCH: BUFFULL run_id=try5-c1-cpu start_us=4879702 end_us=4883375 dur_us=3673
UKL-MQTT-BENCH: BUFFULL run_id=try5-c1-cpu start_us=4886330 end_us=4889371 dur_us=3041
UKL-MQTT-BENCH: BUFFULL run_id=try5-c1-cpu start_us=4892322 end_us=4895358 dur_us=3035
UKL-MQTT-BENCH: BUFFULL run_id=try5-c1-cpu start_us=4898363 end_us=4901425 dur_us=3062
UKL-MQTT-BENCH: BUFFULL run_id=try5-c1-cpu start_us=4904398 end_us=4908357 dur_us=3959
UKL-MQTT-BENCH: BUFFULL run_id=try5-c1-cpu start_us=4911319 end_us=4914433 dur_us=3114
UKL-MQTT-BENCH: BUFFULL run_id=try5-c1-cpu start_us=4918015 end_us=4921390 dur_us=3375
UKL-MQTT-BENCH: BUFFULL run_id=try5-c1-cpu start_us=4924344 end_us=4927367 dur_us=3023
UKL-MQTT-BENCH: BUFFULL run_id=try5-c1-cpu start_us=4930331 end_us=4933360 dur_us=3028
UKL-MQTT-BENCH: BUFFULL run_id=try5-c1-cpu start_us=4936300 end_us=4940413 dur_us=4113
UKL-MQTT-BENCH: BUFFULL run_id=try5-c1-cpu start_us=4944018 end_us=4946482 dur_us=2463
UKL-MQTT-BENCH: BUFFULL run_id=try5-c1-cpu start_us=4949451 end_us=4953356 dur_us=3905
UKL-MQTT-BENCH: BUFFULL run_id=try5-c1-cpu start_us=4956319 end_us=4958342 dur_us=2023
UKL-MQTT-BENCH: BUFFULL run_id=try5-c1-cpu start_us=4960682 end_us=4964374 dur_us=3692
UKL-MQTT-BENCH: BUFFULL run_id=try5-c1-cpu start_us=4967318 end_us=4970385 dur_us=3067
UKL-MQTT-BENCH: BUFFULL run_id=try5-c1-cpu start_us=4973344 end_us=4976345 dur_us=3001
UKL-MQTT-BENCH: BUFFULL run_id=try5-c1-cpu start_us=4978691 end_us=4981375 dur_us=2683
UKL-MQTT-BENCH: BUFFULL run_id=try5-c1-cpu start_us=4984320 end_us=4986356 dur_us=2036
UKL-MQTT-BENCH: BUFFULL run_id=try5-c1-cpu start_us=4988703 end_us=4992360 dur_us=3656
UKL-MQTT-BENCH: BUFFULL run_id=try5-c1-cpu start_us=4995318 end_us=4998352 dur_us=3034
UKL-MQTT-BENCH: BUFFULL run_id=try5-c1-cpu start_us=5001316 end_us=5004367 dur_us=3050
UKL-MQTT-BENCH: BUFFULL run_id=try5-c1-cpu start_us=5007343 end_us=5011379 dur_us=4035
UKL-MQTT-BENCH: BUFFULL run_id=try5-c1-cpu start_us=5014340 end_us=5017084 dur_us=2743
UKL-MQTT-BENCH: BUFFULL run_id=try5-c1-cpu start_us=5020033 end_us=5023358 dur_us=3324
UKL-MQTT-BENCH: BUFFULL run_id=try5-c1-cpu start_us=5026349 end_us=5029363 dur_us=3013
UKL-MQTT-BENCH: BUFFULL run_id=try5-c1-cpu start_us=5032316 end_us=5034310 dur_us=1993
UKL-MQTT-BENCH: BUFFULL run_id=try5-c1-cpu start_us=5036691 end_us=5040368 dur_us=3676
UKL-MQTT-BENCH: BUFFULL run_id=try5-c1-cpu start_us=5043338 end_us=5046367 dur_us=3029
UKL-MQTT-BENCH: BUFFULL run_id=try5-c1-cpu start_us=5049347 end_us=5052367 dur_us=3020
UKL-MQTT-BENCH: BUFFULL run_id=try5-c1-cpu start_us=5055322 end_us=5058348 dur_us=3025
UKL-MQTT-BENCH: BUFFULL run_id=try5-c1-cpu start_us=5061313 end_us=5063399 dur_us=2086
UKL-MQTT-BENCH: BUFFULL run_id=try5-c1-cpu start_us=5065748 end_us=5069374 dur_us=3625
UKL-MQTT-BENCH: BUFFULL run_id=try5-c1-cpu start_us=5072336 end_us=5075373 dur_us=3037
UKL-MQTT-BENCH: BUFFULL run_id=try5-c1-cpu start_us=5078340 end_us=5082360 dur_us=4020
UKL-MQTT-BENCH: BUFFULL run_id=try5-c1-cpu start_us=5085343 end_us=5089409 dur_us=4065
UKL-MQTT-BENCH: BUFFULL run_id=try5-c1-cpu start_us=5092378 end_us=5099430 dur_us=7051
UKL-MQTT-BENCH: BUFFULL run_id=try5-c1-cpu start_us=5103023 end_us=5106419 dur_us=3396
UKL-MQTT-BENCH: BUFFULL run_id=try5-c1-cpu start_us=5109382 end_us=5112410 dur_us=3027
UKL-MQTT-BENCH: BUFFULL run_id=try5-c1-cpu start_us=5115384 end_us=5117404 dur_us=2019
UKL-MQTT-BENCH: BUFFULL run_id=try5-c1-cpu start_us=5119745 end_us=5122345 dur_us=2600
UKL-MQTT-BENCH: BUFFULL run_id=try5-c1-cpu start_us=5127043 end_us=5132371 dur_us=5327
UKL-MQTT-BENCH: BUFFULL run_id=try5-c1-cpu start_us=5135355 end_us=5138363 dur_us=3008
UKL-MQTT-BENCH: BUFFULL run_id=try5-c1-cpu start_us=5141321 end_us=5143332 dur_us=2011
UKL-MQTT-BENCH: BUFFULL run_id=try5-c1-cpu start_us=5145690 end_us=5149415 dur_us=3724
UKL-MQTT-BENCH: BUFFULL run_id=try5-c1-cpu start_us=5152404 end_us=5155405 dur_us=3000
UKL-MQTT-BENCH: BUFFULL run_id=try5-c1-cpu start_us=5158376 end_us=5160370 dur_us=1994
UKL-MQTT-BENCH: BUFFULL run_id=try5-c1-cpu start_us=5162698 end_us=5166380 dur_us=3681
UKL-MQTT-BENCH: BUFFULL run_id=try5-c1-cpu start_us=5169338 end_us=5172390 dur_us=3051
UKL-MQTT-BENCH: BUFFULL run_id=try5-c1-cpu start_us=5175353 end_us=5178368 dur_us=3014
UKL-MQTT-BENCH: BUFFULL run_id=try5-c1-cpu start_us=5180715 end_us=5183395 dur_us=2680
UKL-MQTT-BENCH: BUFFULL run_id=try5-c1-cpu start_us=5186356 end_us=5189396 dur_us=3039
UKL-MQTT-BENCH: BUFFULL run_id=try5-c1-cpu start_us=5192357 end_us=5195352 dur_us=2994
UKL-MQTT-BENCH: BUFFULL run_id=try5-c1-cpu start_us=5197690 end_us=5200419 dur_us=2729
UKL-MQTT-BENCH: BUFFULL run_id=try5-c1-cpu start_us=5203381 end_us=5206377 dur_us=2995
UKL-MQTT-BENCH: BUFFULL run_id=try5-c1-cpu start_us=5209344 end_us=5211937 dur_us=2593
UKL-MQTT-BENCH: BUFFULL run_id=try5-c1-cpu start_us=5214314 end_us=5218382 dur_us=4067
UKL-MQTT-BENCH: BUFFULL run_id=try5-c1-cpu start_us=5221342 end_us=5223378 dur_us=2036
UKL-MQTT-BENCH: BUFFULL run_id=try5-c1-cpu start_us=5226330 end_us=5229341 dur_us=3010
UKL-MQTT-BENCH: BUFFULL run_id=try5-c1-cpu start_us=5231671 end_us=5235360 dur_us=3689
UKL-MQTT-BENCH: BUFFULL run_id=try5-c1-cpu start_us=5238320 end_us=5240341 dur_us=2020
UKL-MQTT-BENCH: BUFFULL run_id=try5-c1-cpu start_us=5242704 end_us=5246489 dur_us=3784
UKL-MQTT-BENCH: BUFFULL run_id=try5-c1-cpu start_us=5249632 end_us=5252378 dur_us=2745
UKL-MQTT-BENCH: BUFFULL run_id=try5-c1-cpu start_us=5255520 end_us=5259390 dur_us=3869
UKL-MQTT-BENCH: BUFFULL run_id=try5-c1-cpu start_us=5262533 end_us=5264363 dur_us=1829
UKL-MQTT-BENCH: BUFFULL run_id=try5-c1-cpu start_us=5266849 end_us=5271380 dur_us=4530
UKL-MQTT-BENCH: BUFFULL run_id=try5-c1-cpu start_us=5274335 end_us=5277387 dur_us=3051
UKL-MQTT-BENCH: BUFFULL run_id=try5-c1-cpu start_us=5280344 end_us=5283379 dur_us=3035
UKL-MQTT-BENCH: BUFFULL run_id=try5-c1-cpu start_us=5286356 end_us=5288361 dur_us=2004
UKL-MQTT-BENCH: BUFFULL run_id=try5-c1-cpu start_us=5290699 end_us=5294388 dur_us=3689
UKL-MQTT-BENCH: BUFFULL run_id=try5-c1-cpu start_us=5297362 end_us=5299351 dur_us=1989
UKL-MQTT-BENCH: BUFFULL run_id=try5-c1-cpu start_us=5301702 end_us=5305388 dur_us=3686
UKL-MQTT-BENCH: BUFFULL run_id=try5-c1-cpu start_us=5308402 end_us=5311371 dur_us=2968
UKL-MQTT-BENCH: BUFFULL run_id=try5-c1-cpu start_us=5314342 end_us=5318430 dur_us=4087
UKL-MQTT-BENCH: BUFFULL run_id=try5-c1-cpu start_us=5321994 end_us=5323329 dur_us=1334
UKL-MQTT-BENCH: BUFFULL run_id=try5-c1-cpu start_us=5325675 end_us=5329377 dur_us=3702
UKL-MQTT-BENCH: BUFFULL run_id=try5-c1-cpu start_us=5332337 end_us=5334348 dur_us=2010
UKL-MQTT-BENCH: BUFFULL run_id=try5-c1-cpu start_us=5336688 end_us=5340361 dur_us=3673
UKL-MQTT-BENCH: BUFFULL run_id=try5-c1-cpu start_us=5343319 end_us=5346355 dur_us=3036
UKL-MQTT-BENCH: BUFFULL run_id=try5-c1-cpu start_us=5349309 end_us=5351347 dur_us=2038
UKL-MQTT-BENCH: BUFFULL run_id=try5-c1-cpu start_us=5353686 end_us=5357371 dur_us=3684
UKL-MQTT-BENCH: BUFFULL run_id=try5-c1-cpu start_us=5360330 end_us=5363355 dur_us=3025
UKL-MQTT-BENCH: BUFFULL run_id=try5-c1-cpu start_us=5366318 end_us=5368418 dur_us=2100
UKL-MQTT-BENCH: BUFFULL run_id=try5-c1-cpu start_us=5371368 end_us=5374332 dur_us=2964
UKL-MQTT-BENCH: BUFFULL run_id=try5-c1-cpu start_us=5376671 end_us=5380361 dur_us=3690
UKL-MQTT-BENCH: BUFFULL run_id=try5-c1-cpu start_us=5383315 end_us=5386375 dur_us=3060
UKL-MQTT-BENCH: BUFFULL run_id=try5-c1-cpu start_us=5389349 end_us=5392368 dur_us=3019
UKL-MQTT-BENCH: BUFFULL run_id=try5-c1-cpu start_us=5395316 end_us=5399416 dur_us=4099
UKL-MQTT-BENCH: BUFFULL run_id=try5-c1-cpu start_us=5403007 end_us=5405399 dur_us=2391
UKL-MQTT-BENCH: BUFFULL run_id=try5-c1-cpu start_us=5408363 end_us=5412352 dur_us=3988
UKL-MQTT-BENCH: BUFFULL run_id=try5-c1-cpu start_us=5415428 end_us=5418380 dur_us=2952
UKL-MQTT-BENCH: BUFFULL run_id=try5-c1-cpu start_us=5421334 end_us=5423362 dur_us=2027
UKL-MQTT-BENCH: BUFFULL run_id=try5-c1-cpu start_us=5425697 end_us=5429382 dur_us=3684
UKL-MQTT-BENCH: BUFFULL run_id=try5-c1-cpu start_us=5432336 end_us=5434327 dur_us=1991
UKL-MQTT-BENCH: BUFFULL run_id=try5-c1-cpu start_us=5437959 end_us=5442382 dur_us=4423
UKL-MQTT-BENCH: BUFFULL run_id=try5-c1-cpu start_us=5445358 end_us=5447405 dur_us=2047
UKL-MQTT-BENCH: BUFFULL run_id=try5-c1-cpu start_us=5449755 end_us=5454365 dur_us=4610
UKL-MQTT-BENCH: BUFFULL run_id=try5-c1-cpu start_us=5457326 end_us=5458391 dur_us=1064
UKL-MQTT-BENCH: BUFFULL run_id=try5-c1-cpu start_us=5460727 end_us=5465378 dur_us=4650
UKL-MQTT-BENCH: BUFFULL run_id=try5-c1-cpu start_us=5468325 end_us=5470351 dur_us=2025
UKL-MQTT-BENCH: BUFFULL run_id=try5-c1-cpu start_us=5472691 end_us=5476351 dur_us=3659
UKL-MQTT-BENCH: BUFFULL run_id=try5-c1-cpu start_us=5479309 end_us=5481337 dur_us=2028
UKL-MQTT-BENCH: BUFFULL run_id=try5-c1-cpu start_us=5483661 end_us=5487372 dur_us=3710
UKL-MQTT-BENCH: BUFFULL run_id=try5-c1-cpu start_us=5490334 end_us=5492385 dur_us=2050
UKL-MQTT-BENCH: BUFFULL run_id=try5-c1-cpu start_us=5495358 end_us=5498363 dur_us=3005
UKL-MQTT-BENCH: BUFFULL run_id=try5-c1-cpu start_us=5500716 end_us=5504374 dur_us=3657
UKL-MQTT-BENCH: BUFFULL run_id=try5-c1-cpu start_us=5507388 end_us=5510370 dur_us=2982
UKL-MQTT-BENCH: BUFFULL run_id=try5-c1-cpu start_us=5513352 end_us=5515348 dur_us=1995
UKL-MQTT-BENCH: BUFFULL run_id=try5-c1-cpu start_us=5517693 end_us=5521368 dur_us=3675
UKL-MQTT-BENCH: BUFFULL run_id=try5-c1-cpu start_us=5524335 end_us=5527362 dur_us=3027
UKL-MQTT-BENCH: BUFFULL run_id=try5-c1-cpu start_us=5530327 end_us=5533359 dur_us=3031
UKL-MQTT-BENCH: BUFFULL run_id=try5-c1-cpu start_us=5536325 end_us=5539368 dur_us=3042
UKL-MQTT-BENCH: BUFFULL run_id=try5-c1-cpu start_us=5542327 end_us=5545367 dur_us=3039
UKL-MQTT-BENCH: BUFFULL run_id=try5-c1-cpu start_us=5548339 end_us=5551348 dur_us=3009
UKL-MQTT-BENCH: BUFFULL run_id=try5-c1-cpu start_us=5553716 end_us=5557386 dur_us=3669
UKL-MQTT-BENCH: BUFFULL run_id=try5-c1-cpu start_us=5560351 end_us=5563370 dur_us=3018
UKL-MQTT-BENCH: BUFFULL run_id=try5-c1-cpu start_us=5566362 end_us=5569374 dur_us=3011
UKL-MQTT-BENCH: BUFFULL run_id=try5-c1-cpu start_us=5572385 end_us=5574343 dur_us=1957
UKL-MQTT-BENCH: BUFFULL run_id=try5-c1-cpu start_us=5576672 end_us=5580348 dur_us=3676
UKL-MQTT-BENCH: BUFFULL run_id=try5-c1-cpu start_us=5583310 end_us=5586045 dur_us=2734
UKL-MQTT-BENCH: BUFFULL run_id=try5-c1-cpu start_us=5588999 end_us=5593417 dur_us=4417
UKL-MQTT-BENCH: BUFFULL run_id=try5-c1-cpu start_us=5597001 end_us=5599404 dur_us=2402
UKL-MQTT-BENCH: BUFFULL run_id=try5-c1-cpu start_us=5602392 end_us=5605415 dur_us=3022
UKL-MQTT-BENCH: BUFFULL run_id=try5-c1-cpu start_us=5608371 end_us=5612365 dur_us=3993
UKL-MQTT-BENCH: BUFFULL run_id=try5-c1-cpu start_us=5615332 end_us=5619414 dur_us=4082
UKL-MQTT-BENCH: BUFFULL run_id=try5-c1-cpu start_us=5622982 end_us=5625358 dur_us=2376
UKL-MQTT-BENCH: BUFFULL run_id=try5-c1-cpu start_us=5628314 end_us=5631384 dur_us=3070
UKL-MQTT-BENCH: BUFFULL run_id=try5-c1-cpu start_us=5634348 end_us=5636334 dur_us=1986
UKL-MQTT-BENCH: BUFFULL run_id=try5-c1-cpu start_us=5638677 end_us=5642361 dur_us=3683
UKL-MQTT-BENCH: BUFFULL run_id=try5-c1-cpu start_us=5645341 end_us=5647343 dur_us=2001
UKL-MQTT-BENCH: BUFFULL run_id=try5-c1-cpu start_us=5649681 end_us=5653344 dur_us=3663
UKL-MQTT-BENCH: BUFFULL run_id=try5-c1-cpu start_us=5656319 end_us=5659372 dur_us=3052
UKL-MQTT-BENCH: BUFFULL run_id=try5-c1-cpu start_us=5662334 end_us=5664341 dur_us=2006
UKL-MQTT-BENCH: BUFFULL run_id=try5-c1-cpu start_us=5666686 end_us=5670355 dur_us=3668
UKL-MQTT-BENCH: BUFFULL run_id=try5-c1-cpu start_us=5673310 end_us=5676373 dur_us=3062
UKL-MQTT-BENCH: BUFFULL run_id=try5-c1-cpu start_us=5679324 end_us=5682393 dur_us=3068
UKL-MQTT-BENCH: BUFFULL run_id=try5-c1-cpu start_us=5684733 end_us=5687399 dur_us=2666
UKL-MQTT-BENCH: BUFFULL run_id=try5-c1-cpu start_us=5690351 end_us=5693406 dur_us=3055
UKL-MQTT-BENCH: BUFFULL run_id=try5-c1-cpu start_us=5696373 end_us=5699371 dur_us=2997
UKL-MQTT-BENCH: BUFFULL run_id=try5-c1-cpu start_us=5701739 end_us=5703322 dur_us=1582
UKL-MQTT-BENCH: BUFFULL run_id=try5-c1-cpu start_us=5705663 end_us=5708346 dur_us=2682
UKL-MQTT-BENCH: BUFFULL run_id=try5-c1-cpu start_us=5710704 end_us=5712292 dur_us=1588
UKL-MQTT-BENCH: BUFFULL run_id=try5-c1-cpu start_us=5714038 end_us=5718369 dur_us=4331
UKL-MQTT-BENCH: BUFFULL run_id=try5-c1-cpu start_us=5721336 end_us=5724380 dur_us=3043
UKL-MQTT-BENCH: BUFFULL run_id=try5-c1-cpu start_us=5727337 end_us=5730363 dur_us=3026
UKL-MQTT-BENCH: BUFFULL run_id=try5-c1-cpu start_us=5733328 end_us=5736358 dur_us=3030
UKL-MQTT-BENCH: BUFFULL run_id=try5-c1-cpu start_us=5739315 end_us=5742369 dur_us=3053
UKL-MQTT-BENCH: BUFFULL run_id=try5-c1-cpu start_us=5745332 end_us=5749392 dur_us=4060
UKL-MQTT-BENCH: BUFFULL run_id=try5-c1-cpu start_us=5752971 end_us=5755380 dur_us=2409
UKL-MQTT-BENCH: BUFFULL run_id=try5-c1-cpu start_us=5758349 end_us=5762360 dur_us=4010
UKL-MQTT-BENCH: BUFFULL run_id=try5-c1-cpu start_us=5765315 end_us=5768372 dur_us=3056
UKL-MQTT-BENCH: BUFFULL run_id=try5-c1-cpu start_us=5771947 end_us=5775380 dur_us=3433
UKL-MQTT-BENCH: BUFFULL run_id=try5-c1-cpu start_us=5778345 end_us=5781472 dur_us=3126
UKL-MQTT-BENCH: BUFFULL run_id=try5-c1-cpu start_us=5785033 end_us=5788355 dur_us=3321
UKL-MQTT-BENCH: BUFFULL run_id=try5-c1-cpu start_us=5791323 end_us=5794358 dur_us=3034
UKL-MQTT-BENCH: BUFFULL run_id=try5-c1-cpu start_us=5797330 end_us=5800344 dur_us=3014
UKL-MQTT-BENCH: BUFFULL run_id=try5-c1-cpu start_us=5802705 end_us=5807407 dur_us=4701
UKL-MQTT-BENCH: BUFFULL run_id=try5-c1-cpu start_us=5810991 end_us=5813365 dur_us=2373
UKL-MQTT-BENCH: BUFFULL run_id=try5-c1-cpu start_us=5816351 end_us=5819419 dur_us=3068
UKL-MQTT-BENCH: BUFFULL run_id=try5-c1-cpu start_us=5823000 end_us=5825413 dur_us=2412
UKL-MQTT-BENCH: BUFFULL run_id=try5-c1-cpu start_us=5827754 end_us=5831435 dur_us=3680
UKL-MQTT-BENCH: BUFFULL run_id=try5-c1-cpu start_us=5834391 end_us=5837429 dur_us=3037
UKL-MQTT-BENCH: BUFFULL run_id=try5-c1-cpu start_us=5842061 end_us=5844286 dur_us=2225
UKL-MQTT-BENCH: BUFFULL run_id=try5-c1-cpu start_us=5846035 end_us=5851361 dur_us=5325
UKL-MQTT-BENCH: BUFFULL run_id=try5-c1-cpu start_us=5853718 end_us=5855303 dur_us=1585
UKL-MQTT-BENCH: BUFFULL run_id=try5-c1-cpu start_us=5857040 end_us=5860345 dur_us=3305
UKL-MQTT-BENCH: BUFFULL run_id=try5-c1-cpu start_us=5862694 end_us=5867394 dur_us=4699
UKL-MQTT-BENCH: BUFFULL run_id=try5-c1-cpu start_us=5870996 end_us=5873393 dur_us=2397
UKL-MQTT-BENCH: BUFFULL run_id=try5-c1-cpu start_us=5876354 end_us=5880415 dur_us=4060
UKL-MQTT-BENCH: BUFFULL run_id=try5-c1-cpu start_us=5883972 end_us=5886413 dur_us=2441
UKL-MQTT-BENCH: BUFFULL run_id=try5-c1-cpu start_us=5888793 end_us=5892437 dur_us=3643
UKL-MQTT-BENCH: BUFFULL run_id=try5-c1-cpu start_us=5895993 end_us=5897342 dur_us=1349
UKL-MQTT-BENCH: BUFFULL run_id=try5-c1-cpu start_us=5900384 end_us=5903323 dur_us=2939
UKL-MQTT-BENCH: BUFFULL run_id=try5-c1-cpu start_us=5905661 end_us=5908345 dur_us=2684
UKL-MQTT-BENCH: BUFFULL run_id=try5-c1-cpu start_us=5910730 end_us=5913339 dur_us=2609
UKL-MQTT-BENCH: BUFFULL run_id=try5-c1-cpu start_us=5915718 end_us=5920366 dur_us=4647
UKL-MQTT-BENCH: BUFFULL run_id=try5-c1-cpu start_us=5923342 end_us=5926371 dur_us=3029
UKL-MQTT-BENCH: BUFFULL run_id=try5-c1-cpu start_us=5929335 end_us=5932370 dur_us=3035
UKL-MQTT-BENCH: BUFFULL run_id=try5-c1-cpu start_us=5935323 end_us=5938346 dur_us=3022
UKL-MQTT-BENCH: BUFFULL run_id=try5-c1-cpu start_us=5941288 end_us=5943390 dur_us=2102
UKL-MQTT-BENCH: BUFFULL run_id=try5-c1-cpu start_us=5946347 end_us=5949324 dur_us=2977
UKL-MQTT-BENCH: BUFFULL run_id=try5-c1-cpu start_us=5951667 end_us=5955375 dur_us=3707
UKL-MQTT-BENCH: BUFFULL run_id=try5-c1-cpu start_us=5960475 end_us=5966370 dur_us=5894
UKL-MQTT-BENCH: BUFFULL run_id=try5-c1-cpu start_us=5969937 end_us=5971345 dur_us=1408
UKL-MQTT-BENCH: BUFFULL run_id=try5-c1-cpu start_us=5973682 end_us=5978445 dur_us=4762
UKL-MQTT-BENCH: BUFFULL run_id=try5-c1-cpu start_us=5983230 end_us=5984345 dur_us=1114
UKL-MQTT-BENCH: BUFFULL run_id=try5-c1-cpu start_us=5987309 end_us=5991415 dur_us=4106
UKL-MQTT-BENCH: BUFFULL run_id=try5-c1-cpu start_us=5994368 end_us=5996326 dur_us=1958
UKL-MQTT-BENCH: BUFFULL run_id=try5-c1-cpu start_us=5998658 end_us=6002365 dur_us=3706
UKL-MQTT-BENCH: BUFFULL run_id=try5-c1-cpu start_us=6005456 end_us=6008433 dur_us=2977
UKL-MQTT-BENCH: BUFFULL run_id=try5-c1-cpu start_us=6011625 end_us=6015397 dur_us=3772
UKL-MQTT-BENCH: BUFFULL run_id=try5-c1-cpu start_us=6018951 end_us=6021381 dur_us=2430
UKL-MQTT-BENCH: BUFFULL run_id=try5-c1-cpu start_us=6024347 end_us=6028431 dur_us=4083
UKL-MQTT-BENCH: BUFFULL run_id=try5-c1-cpu start_us=6031383 end_us=6034390 dur_us=3007
UKL-MQTT-BENCH: BUFFULL run_id=try5-c1-cpu start_us=6037344 end_us=6040407 dur_us=3062
UKL-MQTT-BENCH: BUFFULL run_id=try5-c1-cpu start_us=6043984 end_us=6047430 dur_us=3445
UKL-MQTT-BENCH: BUFFULL run_id=try5-c1-cpu start_us=6050425 end_us=6055406 dur_us=4980
UKL-MQTT-BENCH: BUFFULL run_id=try5-c1-cpu start_us=6062708 end_us=6067350 dur_us=4642
UKL-MQTT-BENCH: BUFFULL run_id=try5-c1-cpu start_us=6070339 end_us=6072338 dur_us=1999
UKL-MQTT-BENCH: BUFFULL run_id=try5-c1-cpu start_us=6075298 end_us=6078359 dur_us=3060
UKL-MQTT-BENCH: BUFFULL run_id=try5-c1-cpu start_us=6081307 end_us=6084366 dur_us=3059
UKL-MQTT-BENCH: BUFFULL run_id=try5-c1-cpu start_us=6087319 end_us=6090365 dur_us=3046
UKL-MQTT-BENCH: BUFFULL run_id=try5-c1-cpu start_us=6093314 end_us=6097365 dur_us=4050
UKL-MQTT-BENCH: BUFFULL run_id=try5-c1-cpu start_us=6100328 end_us=6103378 dur_us=3050
UKL-MQTT-BENCH: BUFFULL run_id=try5-c1-cpu start_us=6106346 end_us=6108353 dur_us=2007
UKL-MQTT-BENCH: BUFFULL run_id=try5-c1-cpu start_us=6110679 end_us=6114384 dur_us=3704
UKL-MQTT-BENCH: BUFFULL run_id=try5-c1-cpu start_us=6117363 end_us=6120385 dur_us=3022
UKL-MQTT-BENCH: BUFFULL run_id=try5-c1-cpu start_us=6122723 end_us=6126386 dur_us=3663
UKL-MQTT-BENCH: BUFFULL run_id=try5-c1-cpu start_us=6129365 end_us=6132349 dur_us=2983
UKL-MQTT-BENCH: BUFFULL run_id=try5-c1-cpu start_us=6135291 end_us=6137342 dur_us=2051
UKL-MQTT-BENCH: BUFFULL run_id=try5-c1-cpu start_us=6140291 end_us=6143362 dur_us=3070
UKL-MQTT-BENCH: BUFFULL run_id=try5-c1-cpu start_us=6146318 end_us=6149361 dur_us=3043
UKL-MQTT-BENCH: BUFFULL run_id=try5-c1-cpu start_us=6151709 end_us=6155350 dur_us=3640
UKL-MQTT-BENCH: BUFFULL run_id=try5-c1-cpu start_us=6158902 end_us=6161363 dur_us=2460
UKL-MQTT-BENCH: BUFFULL run_id=try5-c1-cpu start_us=6164326 end_us=6168396 dur_us=4069
UKL-MQTT-BENCH: BUFFULL run_id=try5-c1-cpu start_us=6171351 end_us=6174393 dur_us=3041
UKL-MQTT-BENCH: BUFFULL run_id=try5-c1-cpu start_us=6177347 end_us=6181379 dur_us=4032
UKL-MQTT-BENCH: BUFFULL run_id=try5-c1-cpu start_us=6184330 end_us=6186334 dur_us=2004
UKL-MQTT-BENCH: BUFFULL run_id=try5-c1-cpu start_us=6188670 end_us=6191319 dur_us=2648
UKL-MQTT-BENCH: BUFFULL run_id=try5-c1-cpu start_us=6196052 end_us=6200469 dur_us=4416
UKL-MQTT-BENCH: BUFFULL run_id=try5-c1-cpu start_us=6203430 end_us=6206409 dur_us=2979
UKL-MQTT-BENCH: BUFFULL run_id=try5-c1-cpu start_us=6209374 end_us=6211355 dur_us=1981
UKL-MQTT-BENCH: BUFFULL run_id=try5-c1-cpu start_us=6215020 end_us=6219346 dur_us=4326
UKL-MQTT-BENCH: BUFFULL run_id=try5-c1-cpu start_us=6221674 end_us=6224353 dur_us=2678
UKL-MQTT-BENCH: BUFFULL run_id=try5-c1-cpu start_us=6229022 end_us=6232316 dur_us=3293
UKL-MQTT-BENCH: BUFFULL run_id=try5-c1-cpu start_us=6234654 end_us=6237327 dur_us=2672
UKL-MQTT-BENCH: BUFFULL run_id=try5-c1-cpu start_us=6240287 end_us=6243367 dur_us=3079
UKL-MQTT-BENCH: BUFFULL run_id=try5-c1-cpu start_us=6246421 end_us=6249392 dur_us=2971
UKL-MQTT-BENCH: BUFFULL run_id=try5-c1-cpu start_us=6252351 end_us=6256415 dur_us=4063
UKL-MQTT-BENCH: BUFFULL run_id=try5-c1-cpu start_us=6259381 end_us=6262405 dur_us=3023
UKL-MQTT-BENCH: BUFFULL run_id=try5-c1-cpu start_us=6265365 end_us=6269359 dur_us=3994
UKL-MQTT-BENCH: BUFFULL run_id=try5-c1-cpu start_us=6272323 end_us=6275351 dur_us=3028
UKL-MQTT-BENCH: BUFFULL run_id=try5-c1-cpu start_us=6278297 end_us=6280347 dur_us=2050
UKL-MQTT-BENCH: BUFFULL run_id=try5-c1-cpu start_us=6283310 end_us=6286345 dur_us=3035
UKL-MQTT-BENCH: BUFFULL run_id=try5-c1-cpu start_us=6289315 end_us=6292365 dur_us=3050
UKL-MQTT-BENCH: BUFFULL run_id=try5-c1-cpu start_us=6294704 end_us=6299399 dur_us=4694
UKL-MQTT-BENCH: BUFFULL run_id=try5-c1-cpu start_us=6302953 end_us=6305401 dur_us=2448
UKL-MQTT-BENCH: BUFFULL run_id=try5-c1-cpu start_us=6308464 end_us=6311379 dur_us=2915
UKL-MQTT-BENCH: BUFFULL run_id=try5-c1-cpu start_us=6314355 end_us=6317398 dur_us=3043
UKL-MQTT-BENCH: BUFFULL run_id=try5-c1-cpu start_us=6320369 end_us=6323352 dur_us=2983
UKL-MQTT-BENCH: BUFFULL run_id=try5-c1-cpu start_us=6326317 end_us=6330388 dur_us=4071
UKL-MQTT-BENCH: BUFFULL run_id=try5-c1-cpu start_us=6333345 end_us=6334747 dur_us=1402
UKL-MQTT-BENCH: BUFFULL run_id=try5-c1-cpu start_us=6337715 end_us=6342370 dur_us=4655
UKL-MQTT-BENCH: BUFFULL run_id=try5-c1-cpu start_us=6345940 end_us=6347345 dur_us=1405
UKL-MQTT-BENCH: BUFFULL run_id=try5-c1-cpu start_us=6349674 end_us=6354366 dur_us=4691
UKL-MQTT-BENCH: BUFFULL run_id=try5-c1-cpu start_us=6357333 end_us=6359350 dur_us=2017
UKL-MQTT-BENCH: BUFFULL run_id=try5-c1-cpu start_us=6362318 end_us=6365352 dur_us=3033
UKL-MQTT-BENCH: BUFFULL run_id=try5-c1-cpu start_us=6368309 end_us=6371357 dur_us=3048
UKL-MQTT-BENCH: BUFFULL run_id=try5-c1-cpu start_us=6374313 end_us=6377348 dur_us=3034
UKL-MQTT-BENCH: BUFFULL run_id=try5-c1-cpu start_us=6379685 end_us=6383357 dur_us=3671
UKL-MQTT-BENCH: BUFFULL run_id=try5-c1-cpu start_us=6386322 end_us=6389361 dur_us=3039
UKL-MQTT-BENCH: BUFFULL run_id=try5-c1-cpu start_us=6392325 end_us=6396392 dur_us=4067
UKL-MQTT-BENCH: BUFFULL run_id=try5-c1-cpu start_us=6400182 end_us=6403370 dur_us=3188
UKL-MQTT-BENCH: BUFFULL run_id=try5-c1-cpu start_us=6406514 end_us=6410393 dur_us=3878
UKL-MQTT-BENCH: BUFFULL run_id=try5-c1-cpu start_us=6414039 end_us=6417449 dur_us=3410
UKL-MQTT-BENCH: BUFFULL run_id=try5-c1-cpu start_us=6420412 end_us=6423388 dur_us=2976
UKL-MQTT-BENCH: BUFFULL run_id=try5-c1-cpu start_us=6426347 end_us=6429386 dur_us=3039
UKL-MQTT-BENCH: BUFFULL run_id=try5-c1-cpu start_us=6432343 end_us=6434338 dur_us=1994
UKL-MQTT-BENCH: BUFFULL run_id=try5-c1-cpu start_us=6436695 end_us=6440354 dur_us=3659
UKL-MQTT-BENCH: BUFFULL run_id=try5-c1-cpu start_us=6443909 end_us=6445328 dur_us=1419
UKL-MQTT-BENCH: BUFFULL run_id=try5-c1-cpu start_us=6447072 end_us=6451366 dur_us=4294
UKL-MQTT-BENCH: BUFFULL run_id=try5-c1-cpu start_us=6454915 end_us=6457380 dur_us=2464
UKL-MQTT-BENCH: BUFFULL run_id=try5-c1-cpu start_us=6459716 end_us=6463364 dur_us=3647
UKL-MQTT-BENCH: BUFFULL run_id=try5-c1-cpu start_us=6466307 end_us=6469399 dur_us=3092
UKL-MQTT-BENCH: BUFFULL run_id=try5-c1-cpu start_us=6472351 end_us=6474355 dur_us=2004
UKL-MQTT-BENCH: BUFFULL run_id=try5-c1-cpu start_us=6476696 end_us=6480381 dur_us=3684
UKL-MQTT-BENCH: BUFFULL run_id=try5-c1-cpu start_us=6483338 end_us=6485318 dur_us=1979
UKL-MQTT-BENCH: BUFFULL run_id=try5-c1-cpu start_us=6488271 end_us=6491353 dur_us=3082
UKL-MQTT-BENCH: BUFFULL run_id=try5-c1-cpu start_us=6494297 end_us=6496359 dur_us=2061
UKL-MQTT-BENCH: BUFFULL run_id=try5-c1-cpu start_us=6498744 end_us=6502367 dur_us=3622
UKL-MQTT-BENCH: BUFFULL run_id=try5-c1-cpu start_us=6505328 end_us=6508373 dur_us=3044
UKL-MQTT-BENCH: BUFFULL run_id=try5-c1-cpu start_us=6510705 end_us=6514396 dur_us=3690
UKL-MQTT-BENCH: BUFFULL run_id=try5-c1-cpu start_us=6517346 end_us=6520453 dur_us=3106
UKL-MQTT-BENCH: BUFFULL run_id=try5-c1-cpu start_us=6523410 end_us=6526382 dur_us=2971
UKL-MQTT-BENCH: BUFFULL run_id=try5-c1-cpu start_us=6528749 end_us=6531361 dur_us=2611
UKL-MQTT-BENCH: BUFFULL run_id=try5-c1-cpu start_us=6535006 end_us=6539378 dur_us=4372
UKL-MQTT-BENCH: BUFFULL run_id=try5-c1-cpu start_us=6545088 end_us=6550374 dur_us=5285
UKL-MQTT-BENCH: BUFFULL run_id=try5-c1-cpu start_us=6553927 end_us=6556363 dur_us=2436
UKL-MQTT-BENCH: BUFFULL run_id=try5-c1-cpu start_us=6559329 end_us=6562365 dur_us=3036
UKL-MQTT-BENCH: BUFFULL run_id=try5-c1-cpu start_us=6565317 end_us=6568341 dur_us=3023
UKL-MQTT-BENCH: BUFFULL run_id=try5-c1-cpu start_us=6570723 end_us=6573391 dur_us=2667
UKL-MQTT-BENCH: BUFFULL run_id=try5-c1-cpu start_us=6575894 end_us=6579373 dur_us=3479
UKL-MQTT-BENCH: BUFFULL run_id=try5-c1-cpu start_us=6581755 end_us=6584376 dur_us=2621
UKL-MQTT-BENCH: BUFFULL run_id=try5-c1-cpu start_us=6586717 end_us=6588415 dur_us=1697
UKL-MQTT-BENCH: BUFFULL run_id=try5-c1-cpu start_us=6590755 end_us=6595366 dur_us=4611
UKL-MQTT-BENCH: BUFFULL run_id=try5-c1-cpu start_us=6598346 end_us=6600341 dur_us=1995
UKL-MQTT-BENCH: BUFFULL run_id=try5-c1-cpu start_us=6602673 end_us=6604338 dur_us=1664
UKL-MQTT-BENCH: BUFFULL run_id=try5-c1-cpu start_us=6606679 end_us=6611367 dur_us=4688
UKL-MQTT-BENCH: BUFFULL run_id=try5-c1-cpu start_us=6614941 end_us=6616396 dur_us=1454
UKL-MQTT-BENCH: BUFFULL run_id=try5-c1-cpu start_us=6618727 end_us=6622396 dur_us=3669
UKL-MQTT-BENCH: BUFFULL run_id=try5-c1-cpu start_us=6625353 end_us=6628379 dur_us=3025
UKL-MQTT-BENCH: BUFFULL run_id=try5-c1-cpu start_us=6630714 end_us=6633328 dur_us=2614
UKL-MQTT-BENCH: BUFFULL run_id=try5-c1-cpu start_us=6635709 end_us=6639365 dur_us=3656
UKL-MQTT-BENCH: BUFFULL run_id=try5-c1-cpu start_us=6642311 end_us=6644394 dur_us=2083
UKL-MQTT-BENCH: BUFFULL run_id=try5-c1-cpu start_us=6647347 end_us=6650370 dur_us=3022
UKL-MQTT-BENCH: BUFFULL run_id=try5-c1-cpu start_us=6653321 end_us=6656366 dur_us=3044
UKL-MQTT-BENCH: BUFFULL run_id=try5-c1-cpu start_us=6658717 end_us=6661332 dur_us=2615
UKL-MQTT-BENCH: BUFFULL run_id=try5-c1-cpu start_us=6663662 end_us=6667351 dur_us=3688
UKL-MQTT-BENCH: BUFFULL run_id=try5-c1-cpu start_us=6672849 end_us=6678380 dur_us=5531
UKL-MQTT-BENCH: BUFFULL run_id=try5-c1-cpu start_us=6681952 end_us=6683360 dur_us=1407
UKL-MQTT-BENCH: BUFFULL run_id=try5-c1-cpu start_us=6685694 end_us=6691413 dur_us=5718
UKL-MQTT-BENCH: BUFFULL run_id=try5-c1-cpu start_us=6694962 end_us=6697372 dur_us=2409
UKL-MQTT-BENCH: BUFFULL run_id=try5-c1-cpu start_us=6700333 end_us=6703355 dur_us=3022
UKL-MQTT-BENCH: BUFFULL run_id=try5-c1-cpu start_us=6706295 end_us=6709103 dur_us=2808
UKL-MQTT-BENCH: BUFFULL run_id=try5-c1-cpu start_us=6712066 end_us=6714347 dur_us=2281
UKL-MQTT-BENCH: BUFFULL run_id=try5-c1-cpu start_us=6717310 end_us=6720368 dur_us=3058
UKL-MQTT-BENCH: BUFFULL run_id=try5-c1-cpu start_us=6722698 end_us=6725354 dur_us=2655
UKL-MQTT-BENCH: BUFFULL run_id=try5-c1-cpu start_us=6727694 end_us=6731402 dur_us=3708
UKL-MQTT-BENCH: BUFFULL run_id=try5-c1-cpu start_us=6734365 end_us=6737364 dur_us=2998
UKL-MQTT-BENCH: BUFFULL run_id=try5-c1-cpu start_us=6740920 end_us=6743374 dur_us=2453
UKL-MQTT-BENCH: BUFFULL run_id=try5-c1-cpu start_us=6746327 end_us=6749350 dur_us=3023
UKL-MQTT-BENCH: BUFFULL run_id=try5-c1-cpu start_us=6752307 end_us=6756380 dur_us=4073
UKL-MQTT-BENCH: BUFFULL run_id=try5-c1-cpu start_us=6759362 end_us=6762379 dur_us=3017
UKL-MQTT-BENCH: BUFFULL run_id=try5-c1-cpu start_us=6765329 end_us=6769338 dur_us=4008
UKL-MQTT-BENCH: BUFFULL run_id=try5-c1-cpu start_us=6772887 end_us=6775379 dur_us=2491
UKL-MQTT-BENCH: BUFFULL run_id=try5-c1-cpu start_us=6778321 end_us=6782410 dur_us=4089
UKL-MQTT-BENCH: BUFFULL run_id=try5-c1-cpu start_us=6785358 end_us=6788372 dur_us=3013
UKL-MQTT-BENCH: BUFFULL run_id=try5-c1-cpu start_us=6791319 end_us=6794372 dur_us=3052
UKL-MQTT-BENCH: BUFFULL run_id=try5-c1-cpu start_us=6797322 end_us=6799325 dur_us=2003
UKL-MQTT-BENCH: BUFFULL run_id=try5-c1-cpu start_us=6801653 end_us=6805354 dur_us=3701
UKL-MQTT-BENCH: BUFFULL run_id=try5-c1-cpu start_us=6808930 end_us=6811373 dur_us=2443
UKL-MQTT-BENCH: BUFFULL run_id=try5-c1-cpu start_us=6814322 end_us=6818411 dur_us=4088
UKL-MQTT-BENCH: BUFFULL run_id=try5-c1-cpu start_us=6821376 end_us=6824391 dur_us=3014
UKL-MQTT-BENCH: BUFFULL run_id=try5-c1-cpu start_us=6827342 end_us=6830356 dur_us=3014
UKL-MQTT-BENCH: BUFFULL run_id=try5-c1-cpu start_us=6833315 end_us=6835393 dur_us=2078
UKL-MQTT-BENCH: BUFFULL run_id=try5-c1-cpu start_us=6838351 end_us=6842382 dur_us=4031
UKL-MQTT-BENCH: BUFFULL run_id=try5-c1-cpu start_us=6845342 end_us=6847369 dur_us=2026
UKL-MQTT-BENCH: BUFFULL run_id=try5-c1-cpu start_us=6849699 end_us=6854372 dur_us=4672
UKL-MQTT-BENCH: BUFFULL run_id=try5-c1-cpu start_us=6857325 end_us=6859336 dur_us=2011
UKL-MQTT-BENCH: BUFFULL run_id=try5-c1-cpu start_us=6862325 end_us=6865341 dur_us=3016
UKL-MQTT-BENCH: BUFFULL run_id=try5-c1-cpu start_us=6868339 end_us=6870417 dur_us=2077
UKL-MQTT-BENCH: BUFFULL run_id=try5-c1-cpu start_us=6872800 end_us=6877492 dur_us=4691
UKL-MQTT-BENCH: BUFFULL run_id=try5-c1-cpu start_us=6881064 end_us=6883364 dur_us=2299
UKL-MQTT-BENCH: BUFFULL run_id=try5-c1-cpu start_us=6886353 end_us=6890438 dur_us=4085
UKL-MQTT-BENCH: BUFFULL run_id=try5-c1-cpu start_us=6893440 end_us=6895346 dur_us=1906
UKL-MQTT-BENCH: BUFFULL run_id=try5-c1-cpu start_us=6897761 end_us=6900417 dur_us=2656
UKL-MQTT-BENCH: BUFFULL run_id=try5-c1-cpu start_us=6905052 end_us=6909355 dur_us=4303
UKL-MQTT-BENCH: BUFFULL run_id=try5-c1-cpu start_us=6912336 end_us=6914326 dur_us=1990
UKL-MQTT-BENCH: BUFFULL run_id=try5-c1-cpu start_us=6916153 end_us=6920401 dur_us=4248
UKL-MQTT-BENCH: BUFFULL run_id=try5-c1-cpu start_us=6923435 end_us=6925348 dur_us=1912
UKL-MQTT-BENCH: BUFFULL run_id=try5-c1-cpu start_us=6927705 end_us=6932394 dur_us=4688
UKL-MQTT-BENCH: BUFFULL run_id=try5-c1-cpu start_us=6935976 end_us=6937404 dur_us=1427
UKL-MQTT-BENCH: BUFFULL run_id=try5-c1-cpu start_us=6939723 end_us=6943370 dur_us=3647
UKL-MQTT-BENCH: BUFFULL run_id=try5-c1-cpu start_us=6946344 end_us=6948425 dur_us=2080
UKL-MQTT-BENCH: BUFFULL run_id=try5-c1-cpu start_us=6950769 end_us=6953323 dur_us=2553
UKL-MQTT-BENCH: BUFFULL run_id=try5-c1-cpu start_us=6955693 end_us=6959372 dur_us=3678
UKL-MQTT-BENCH: BUFFULL run_id=try5-c1-cpu start_us=6962925 end_us=6964346 dur_us=1420
UKL-MQTT-BENCH: BUFFULL run_id=try5-c1-cpu start_us=6966101 end_us=6971356 dur_us=5254
UKL-MQTT-BENCH: BUFFULL run_id=try5-c1-cpu start_us=6974922 end_us=6976371 dur_us=1449
UKL-MQTT-BENCH: BUFFULL run_id=try5-c1-cpu start_us=6978710 end_us=6983417 dur_us=4707
UKL-MQTT-BENCH: BUFFULL run_id=try5-c1-cpu start_us=6986978 end_us=6989355 dur_us=2376
UKL-MQTT-BENCH: BUFFULL run_id=try5-c1-cpu start_us=6992306 end_us=6995344 dur_us=3037
UKL-MQTT-BENCH: BUFFULL run_id=try5-c1-cpu start_us=6997677 end_us=7000338 dur_us=2660
UKL-MQTT-BENCH: BUFFULL run_id=try5-c1-cpu start_us=7002690 end_us=7006379 dur_us=3688
UKL-MQTT-BENCH: BUFFULL run_id=try5-c1-cpu start_us=7012131 end_us=7017370 dur_us=5239
UKL-MQTT-BENCH: BUFFULL run_id=try5-c1-cpu start_us=7020308 end_us=7022340 dur_us=2031
UKL-MQTT-BENCH: BUFFULL run_id=try5-c1-cpu start_us=7025309 end_us=7028379 dur_us=3069
UKL-MQTT-BENCH: BUFFULL run_id=try5-c1-cpu start_us=7031332 end_us=7034374 dur_us=3042
UKL-MQTT-BENCH: BUFFULL run_id=try5-c1-cpu start_us=7037321 end_us=7040364 dur_us=3043
UKL-MQTT-BENCH: BUFFULL run_id=try5-c1-cpu start_us=7043308 end_us=7045387 dur_us=2079
UKL-MQTT-BENCH: BUFFULL run_id=try5-c1-cpu start_us=7047736 end_us=7051380 dur_us=3643
UKL-MQTT-BENCH: BUFFULL run_id=try5-c1-cpu start_us=7054340 end_us=7057345 dur_us=3004
UKL-MQTT-BENCH: BUFFULL run_id=try5-c1-cpu start_us=7060285 end_us=7062328 dur_us=2043
UKL-MQTT-BENCH: BUFFULL run_id=try5-c1-cpu start_us=7064061 end_us=7065280 dur_us=1218
UKL-MQTT-BENCH: BUFFULL run_id=try5-c1-cpu start_us=7067630 end_us=7073353 dur_us=5722
UKL-MQTT-BENCH: BUFFULL run_id=try5-c1-cpu start_us=7076932 end_us=7078385 dur_us=1452
UKL-MQTT-BENCH: BUFFULL run_id=try5-c1-cpu start_us=7080723 end_us=7085968 dur_us=5244
UKL-MQTT-BENCH: BUFFULL run_id=try5-c1-cpu start_us=7090137 end_us=7091331 dur_us=1194
UKL-MQTT-BENCH: BUFFULL run_id=try5-c1-cpu start_us=7093680 end_us=7099494 dur_us=5813
UKL-MQTT-BENCH: BUFFULL run_id=try5-c1-cpu start_us=7103084 end_us=7106378 dur_us=3294
UKL-MQTT-BENCH: BUFFULL run_id=try5-c1-cpu start_us=7109402 end_us=7112386 dur_us=2983
UKL-MQTT-BENCH: BUFFULL run_id=try5-c1-cpu start_us=7116055 end_us=7118377 dur_us=2321
UKL-MQTT-BENCH: BUFFULL run_id=try5-c1-cpu start_us=7120720 end_us=7125429 dur_us=4708
UKL-MQTT-BENCH: BUFFULL run_id=try5-c1-cpu start_us=7129052 end_us=7131444 dur_us=2391
UKL-MQTT-BENCH: BUFFULL run_id=try5-c1-cpu start_us=7134419 end_us=7136400 dur_us=1980
UKL-MQTT-BENCH: BUFFULL run_id=try5-c1-cpu start_us=7138753 end_us=7142370 dur_us=3616
UKL-MQTT-BENCH: BUFFULL run_id=try5-c1-cpu start_us=7145386 end_us=7147340 dur_us=1953
UKL-MQTT-BENCH: BUFFULL run_id=try5-c1-cpu start_us=7149680 end_us=7152351 dur_us=2670
UKL-MQTT-BENCH: BUFFULL run_id=try5-c1-cpu start_us=7154680 end_us=7159390 dur_us=4709
UKL-MQTT-BENCH: BUFFULL run_id=try5-c1-cpu start_us=7163548 end_us=7165382 dur_us=1833
UKL-MQTT-BENCH: BUFFULL run_id=try5-c1-cpu start_us=7167711 end_us=7172408 dur_us=4696
UKL-MQTT-BENCH: BUFFULL run_id=try5-c1-cpu start_us=7175947 end_us=7178435 dur_us=2487
UKL-MQTT-BENCH: BUFFULL run_id=try5-c1-cpu start_us=7180776 end_us=7185512 dur_us=4735
UKL-MQTT-BENCH: BUFFULL run_id=try5-c1-cpu start_us=7189066 end_us=7190345 dur_us=1278
UKL-MQTT-BENCH: BUFFULL run_id=try5-c1-cpu start_us=7192688 end_us=7195351 dur_us=2663
UKL-MQTT-BENCH: BUFFULL run_id=try5-c1-cpu start_us=7199628 end_us=7202339 dur_us=2710
UKL-MQTT-BENCH: BUFFULL run_id=try5-c1-cpu start_us=7204075 end_us=7207351 dur_us=3276
UKL-MQTT-BENCH: BUFFULL run_id=try5-c1-cpu start_us=7210295 end_us=7213355 dur_us=3060
UKL-MQTT-BENCH: BUFFULL run_id=try5-c1-cpu start_us=7215708 end_us=7218319 dur_us=2611
UKL-MQTT-BENCH: BUFFULL run_id=try5-c1-cpu start_us=7220652 end_us=7224381 dur_us=3729
UKL-MQTT-BENCH: BUFFULL run_id=try5-c1-cpu start_us=7227318 end_us=7229346 dur_us=2028
UKL-MQTT-BENCH: BUFFULL run_id=try5-c1-cpu start_us=7231688 end_us=7235379 dur_us=3691
UKL-MQTT-BENCH: BUFFULL run_id=try5-c1-cpu start_us=7238935 end_us=7240391 dur_us=1455
UKL-MQTT-BENCH: BUFFULL run_id=try5-c1-cpu start_us=7242726 end_us=7246340 dur_us=3614
UKL-MQTT-BENCH: BUFFULL run_id=try5-c1-cpu start_us=7249359 end_us=7252380 dur_us=3020
UKL-MQTT-BENCH: BUFFULL run_id=try5-c1-cpu start_us=7254716 end_us=7258378 dur_us=3661
UKL-MQTT-BENCH: BUFFULL run_id=try5-c1-cpu start_us=7261334 end_us=7263370 dur_us=2036
UKL-MQTT-BENCH: BUFFULL run_id=try5-c1-cpu start_us=7266349 end_us=7269358 dur_us=3009
UKL-MQTT-BENCH: BUFFULL run_id=try5-c1-cpu start_us=7272315 end_us=7275362 dur_us=3047
UKL-MQTT-BENCH: BUFFULL run_id=try5-c1-cpu start_us=7277752 end_us=7281364 dur_us=3611
UKL-MQTT-BENCH: BUFFULL run_id=try5-c1-cpu start_us=7284931 end_us=7287356 dur_us=2424
UKL-MQTT-BENCH: BUFFULL run_id=try5-c1-cpu start_us=7289704 end_us=7293413 dur_us=3708
UKL-MQTT-BENCH: BUFFULL run_id=try5-c1-cpu start_us=7296359 end_us=7300371 dur_us=4012
UKL-MQTT-BENCH: BUFFULL run_id=try5-c1-cpu start_us=7303919 end_us=7306408 dur_us=2488
UKL-MQTT-BENCH: BUFFULL run_id=try5-c1-cpu start_us=7309419 end_us=7313405 dur_us=3985
UKL-MQTT-BENCH: BUFFULL run_id=try5-c1-cpu start_us=7316357 end_us=7319379 dur_us=3022
UKL-MQTT-BENCH: BUFFULL run_id=try5-c1-cpu start_us=7322333 end_us=7325376 dur_us=3042
UKL-MQTT-BENCH: BUFFULL run_id=try5-c1-cpu start_us=7328322 end_us=7330328 dur_us=2006
UKL-MQTT-BENCH: BUFFULL run_id=try5-c1-cpu start_us=7332691 end_us=7336403 dur_us=3712
UKL-MQTT-BENCH: BUFFULL run_id=try5-c1-cpu start_us=7339364 end_us=7342366 dur_us=3002
UKL-MQTT-BENCH: BUFFULL run_id=try5-c1-cpu start_us=7345944 end_us=7348375 dur_us=2431
UKL-MQTT-BENCH: BUFFULL run_id=try5-c1-cpu start_us=7351334 end_us=7354339 dur_us=3005
UKL-MQTT-BENCH: BUFFULL run_id=try5-c1-cpu start_us=7356676 end_us=7360386 dur_us=3709
UKL-MQTT-BENCH: BUFFULL run_id=try5-c1-cpu start_us=7363343 end_us=7365338 dur_us=1994
UKL-MQTT-BENCH: BUFFULL run_id=try5-c1-cpu start_us=7367673 end_us=7372406 dur_us=4733
UKL-MQTT-BENCH: BUFFULL run_id=try5-c1-cpu start_us=7375955 end_us=7377392 dur_us=1437
UKL-MQTT-BENCH: BUFFULL run_id=try5-c1-cpu start_us=7379746 end_us=7385405 dur_us=5659
UKL-MQTT-BENCH: BUFFULL run_id=try5-c1-cpu start_us=7388966 end_us=7390397 dur_us=1430
UKL-MQTT-BENCH: BUFFULL run_id=try5-c1-cpu start_us=7393354 end_us=7396352 dur_us=2997
UKL-MQTT-BENCH: BUFFULL run_id=try5-c1-cpu start_us=7398687 end_us=7401328 dur_us=2641
UKL-MQTT-BENCH: BUFFULL run_id=try5-c1-cpu start_us=7406019 end_us=7409393 dur_us=3374
UKL-MQTT-BENCH: BUFFULL run_id=try5-c1-cpu start_us=7411725 end_us=7415407 dur_us=3682
UKL-MQTT-BENCH: BUFFULL run_id=try5-c1-cpu start_us=7418365 end_us=7421372 dur_us=3006
UKL-MQTT-BENCH: BUFFULL run_id=try5-c1-cpu start_us=7424319 end_us=7425325 dur_us=1006
UKL-MQTT-BENCH: BUFFULL run_id=try5-c1-cpu start_us=7427055 end_us=7430414 dur_us=3358
UKL-MQTT-BENCH: BUFFULL run_id=try5-c1-cpu start_us=7433404 end_us=7435358 dur_us=1954
UKL-MQTT-BENCH: BUFFULL run_id=try5-c1-cpu start_us=7437694 end_us=7441358 dur_us=3663
UKL-MQTT-BENCH: BUFFULL run_id=try5-c1-cpu start_us=7443704 end_us=7445302 dur_us=1597
UKL-MQTT-BENCH: BUFFULL run_id=try5-c1-cpu start_us=7447046 end_us=7451371 dur_us=4324
UKL-MQTT-BENCH: BUFFULL run_id=try5-c1-cpu start_us=7457922 end_us=7462372 dur_us=4449
UKL-MQTT-BENCH: BUFFULL run_id=try5-c1-cpu start_us=7465324 end_us=7468360 dur_us=3036
UKL-MQTT-BENCH: BUFFULL run_id=try5-c1-cpu start_us=7471300 end_us=7474350 dur_us=3049
UKL-MQTT-BENCH: BUFFULL run_id=try5-c1-cpu start_us=7477292 end_us=7479352 dur_us=2060
UKL-MQTT-BENCH: BUFFULL run_id=try5-c1-cpu start_us=7481677 end_us=7485417 dur_us=3740
UKL-MQTT-BENCH: BUFFULL run_id=try5-c1-cpu start_us=7488364 end_us=7491343 dur_us=2978
UKL-MQTT-BENCH: BUFFULL run_id=try5-c1-cpu start_us=7493667 end_us=7496359 dur_us=2691
UKL-MQTT-BENCH: BUFFULL run_id=try5-c1-cpu start_us=7499362 end_us=7501311 dur_us=1948
UKL-MQTT-BENCH: BUFFULL run_id=try5-c1-cpu start_us=7503140 end_us=7504334 dur_us=1193
UKL-MQTT-BENCH: BUFFULL run_id=try5-c1-cpu start_us=7506055 end_us=7509347 dur_us=3291
UKL-MQTT-BENCH: BUFFULL run_id=try5-c1-cpu start_us=7512320 end_us=7515373 dur_us=3053
UKL-MQTT-BENCH: BUFFULL run_id=try5-c1-cpu start_us=7518307 end_us=7520336 dur_us=2029
UKL-MQTT-BENCH: BUFFULL run_id=try5-c1-cpu start_us=7522067 end_us=7526347 dur_us=4279
UKL-MQTT-BENCH: BUFFULL run_id=try5-c1-cpu start_us=7529316 end_us=7533388 dur_us=4071
UKL-MQTT-BENCH: BUFFULL run_id=try5-c1-cpu start_us=7536988 end_us=7538364 dur_us=1375
UKL-MQTT-BENCH: BUFFULL run_id=try5-c1-cpu start_us=7540765 end_us=7544386 dur_us=3621
UKL-MQTT-BENCH: BUFFULL run_id=try5-c1-cpu start_us=7547362 end_us=7549338 dur_us=1976
UKL-MQTT-BENCH: BUFFULL run_id=try5-c1-cpu start_us=7551686 end_us=7553315 dur_us=1628
UKL-MQTT-BENCH: BUFFULL run_id=try5-c1-cpu start_us=7555045 end_us=7559365 dur_us=4320
UKL-MQTT-BENCH: BUFFULL run_id=try5-c1-cpu start_us=7562334 end_us=7565378 dur_us=3043
UKL-MQTT-BENCH: BUFFULL run_id=try5-c1-cpu start_us=7568332 end_us=7571360 dur_us=3027
UKL-MQTT-BENCH: BUFFULL run_id=try5-c1-cpu start_us=7574324 end_us=7577428 dur_us=3103
UKL-MQTT-BENCH: BUFFULL run_id=try5-c1-cpu start_us=7581040 end_us=7584373 dur_us=3332
UKL-MQTT-BENCH: BUFFULL run_id=try5-c1-cpu start_us=7587358 end_us=7591394 dur_us=4035
UKL-MQTT-BENCH: BUFFULL run_id=try5-c1-cpu start_us=7594465 end_us=7597404 dur_us=2938
UKL-MQTT-BENCH: BUFFULL run_id=try5-c1-cpu start_us=7600376 end_us=7604410 dur_us=4033
UKL-MQTT-BENCH: BUFFULL run_id=try5-c1-cpu start_us=7607978 end_us=7610359 dur_us=2381
UKL-MQTT-BENCH: BUFFULL run_id=try5-c1-cpu start_us=7613322 end_us=7615363 dur_us=2041
UKL-MQTT-BENCH: BUFFULL run_id=try5-c1-cpu start_us=7617707 end_us=7621382 dur_us=3674
UKL-MQTT-BENCH: BUFFULL run_id=try5-c1-cpu start_us=7624340 end_us=7626327 dur_us=1987
UKL-MQTT-BENCH: BUFFULL run_id=try5-c1-cpu start_us=7629289 end_us=7633361 dur_us=4071
UKL-MQTT-BENCH: BUFFULL run_id=try5-c1-cpu start_us=7635735 end_us=7639377 dur_us=3641
UKL-MQTT-BENCH: BUFFULL run_id=try5-c1-cpu start_us=7642955 end_us=7645371 dur_us=2415
UKL-MQTT-BENCH: BUFFULL run_id=try5-c1-cpu start_us=7648393 end_us=7650336 dur_us=1942
UKL-MQTT-BENCH: BUFFULL run_id=try5-c1-cpu start_us=7652679 end_us=7656360 dur_us=3680
UKL-MQTT-BENCH: BUFFULL run_id=try5-c1-cpu start_us=7659318 end_us=7662379 dur_us=3061
UKL-MQTT-BENCH: BUFFULL run_id=try5-c1-cpu start_us=7664727 end_us=7668362 dur_us=3635
UKL-MQTT-BENCH: BUFFULL run_id=try5-c1-cpu start_us=7671315 end_us=7674350 dur_us=3035
UKL-MQTT-BENCH: BUFFULL run_id=try5-c1-cpu start_us=7677325 end_us=7679324 dur_us=1999
UKL-MQTT-BENCH: BUFFULL run_id=try5-c1-cpu start_us=7682278 end_us=7685368 dur_us=3090
UKL-MQTT-BENCH: BUFFULL run_id=try5-c1-cpu start_us=7688313 end_us=7691364 dur_us=3050
UKL-MQTT-BENCH: BUFFULL run_id=try5-c1-cpu start_us=7693709 end_us=7697347 dur_us=3638
UKL-MQTT-BENCH: BUFFULL run_id=try5-c1-cpu start_us=7700912 end_us=7703366 dur_us=2453
UKL-MQTT-BENCH: BUFFULL run_id=try5-c1-cpu start_us=7706326 end_us=7710361 dur_us=4035
UKL-MQTT-BENCH: BUFFULL run_id=try5-c1-cpu start_us=7713324 end_us=7716394 dur_us=3070
UKL-MQTT-BENCH: BUFFULL run_id=try5-c1-cpu start_us=7719353 end_us=7723366 dur_us=4012
UKL-MQTT-BENCH: BUFFULL run_id=try5-c1-cpu start_us=7726927 end_us=7729344 dur_us=2416
UKL-MQTT-BENCH: BUFFULL run_id=try5-c1-cpu start_us=7731673 end_us=7734334 dur_us=2661
UKL-MQTT-BENCH: BUFFULL run_id=try5-c1-cpu start_us=7737309 end_us=7740400 dur_us=3090
UKL-MQTT-BENCH: BUFFULL run_id=try5-c1-cpu start_us=7743397 end_us=7747424 dur_us=4026
UKL-MQTT-BENCH: BUFFULL run_id=try5-c1-cpu start_us=7750382 end_us=7753411 dur_us=3029
UKL-MQTT-BENCH: BUFFULL run_id=try5-c1-cpu start_us=7756375 end_us=7759370 dur_us=2995
UKL-MQTT-BENCH: BUFFULL run_id=try5-c1-cpu start_us=7762342 end_us=7764418 dur_us=2075
UKL-MQTT-BENCH: BUFFULL run_id=try5-c1-cpu start_us=7767381 end_us=7770368 dur_us=2986
UKL-MQTT-BENCH: BUFFULL run_id=try5-c1-cpu start_us=7773328 end_us=7776368 dur_us=3040
UKL-MQTT-BENCH: BUFFULL run_id=try5-c1-cpu start_us=7778704 end_us=7782346 dur_us=3642
UKL-MQTT-BENCH: BUFFULL run_id=try5-c1-cpu start_us=7785302 end_us=7788341 dur_us=3039
UKL-MQTT-BENCH: BUFFULL run_id=try5-c1-cpu start_us=7791281 end_us=7794365 dur_us=3084
UKL-MQTT-BENCH: BUFFULL run_id=try5-c1-cpu start_us=7797326 end_us=7800402 dur_us=3076
UKL-MQTT-BENCH: BUFFULL run_id=try5-c1-cpu start_us=7803347 end_us=7806385 dur_us=3037
UKL-MQTT-BENCH: BUFFULL run_id=try5-c1-cpu start_us=7809338 end_us=7813375 dur_us=4037
UKL-MQTT-BENCH: BUFFULL run_id=try5-c1-cpu start_us=7819377 end_us=7822455 dur_us=3078
UKL-MQTT-BENCH: BUFFULL run_id=try5-c1-cpu start_us=7824910 end_us=7828358 dur_us=3448
UKL-MQTT-BENCH: BUFFULL run_id=try5-c1-cpu start_us=7831956 end_us=7834222 dur_us=2266
UKL-MQTT-BENCH: BUFFULL run_id=try5-c1-cpu start_us=7837190 end_us=7841425 dur_us=4235
UKL-MQTT-BENCH: BUFFULL run_id=try5-c1-cpu start_us=7844529 end_us=7847404 dur_us=2875
UKL-MQTT-BENCH: BUFFULL run_id=try5-c1-cpu start_us=7850406 end_us=7853433 dur_us=3026
UKL-MQTT-BENCH: BUFFULL run_id=try5-c1-cpu start_us=7856427 end_us=7859359 dur_us=2932
UKL-MQTT-BENCH: BUFFULL run_id=try5-c1-cpu start_us=7862346 end_us=7865371 dur_us=3025
UKL-MQTT-BENCH: BUFFULL run_id=try5-c1-cpu start_us=7868353 end_us=7870363 dur_us=2009
UKL-MQTT-BENCH: BUFFULL run_id=try5-c1-cpu start_us=7872790 end_us=7876359 dur_us=3568
UKL-MQTT-BENCH: BUFFULL run_id=try5-c1-cpu start_us=7878706 end_us=7882369 dur_us=3662
UKL-MQTT-BENCH: BUFFULL run_id=try5-c1-cpu start_us=7885961 end_us=7888364 dur_us=2403
UKL-MQTT-BENCH: BUFFULL run_id=try5-c1-cpu start_us=7891345 end_us=7894367 dur_us=3021
UKL-MQTT-BENCH: BUFFULL run_id=try5-c1-cpu start_us=7897353 end_us=7901419 dur_us=4066
UKL-MQTT-BENCH: BUFFULL run_id=try5-c1-cpu start_us=7904466 end_us=7907386 dur_us=2919
UKL-MQTT-BENCH: BUFFULL run_id=try5-c1-cpu start_us=7910396 end_us=7913386 dur_us=2989
UKL-MQTT-BENCH: BUFFULL run_id=try5-c1-cpu start_us=7916371 end_us=7918345 dur_us=1973
UKL-MQTT-BENCH: BUFFULL run_id=try5-c1-cpu start_us=7921335 end_us=7924349 dur_us=3014
UKL-MQTT-BENCH: BUFFULL run_id=try5-c1-cpu start_us=7926715 end_us=7929337 dur_us=2621
UKL-MQTT-BENCH: BUFFULL run_id=try5-c1-cpu start_us=7931679 end_us=7935360 dur_us=3681
UKL-MQTT-BENCH: BUFFULL run_id=try5-c1-cpu start_us=7938335 end_us=7940334 dur_us=1999
UKL-MQTT-BENCH: BUFFULL run_id=try5-c1-cpu start_us=7942683 end_us=7946381 dur_us=3698
UKL-MQTT-BENCH: BUFFULL run_id=try5-c1-cpu start_us=7949975 end_us=7952356 dur_us=2381
UKL-MQTT-BENCH: BUFFULL run_id=try5-c1-cpu start_us=7954855 end_us=7958398 dur_us=3542
UKL-MQTT-BENCH: BUFFULL run_id=try5-c1-cpu start_us=7961392 end_us=7964376 dur_us=2984
UKL-MQTT-BENCH: BUFFULL run_id=try5-c1-cpu start_us=7967365 end_us=7969344 dur_us=1979
UKL-MQTT-BENCH: BUFFULL run_id=try5-c1-cpu start_us=7971716 end_us=7975386 dur_us=3669
UKL-MQTT-BENCH: BUFFULL run_id=try5-c1-cpu start_us=7978367 end_us=7981383 dur_us=3015
UKL-MQTT-BENCH: BUFFULL run_id=try5-c1-cpu start_us=7984362 end_us=7988369 dur_us=4007
UKL-MQTT-BENCH: BUFFULL run_id=try5-c1-cpu start_us=7991947 end_us=7994370 dur_us=2422
UKL-MQTT-BENCH: BUFFULL run_id=try5-c1-cpu start_us=7997351 end_us=8000359 dur_us=3008
UKL-MQTT-BENCH: BUFFULL run_id=try5-c1-cpu start_us=8003328 end_us=8005341 dur_us=2012
UKL-MQTT-BENCH: BUFFULL run_id=try5-c1-cpu start_us=8007700 end_us=8011412 dur_us=3712
UKL-MQTT-BENCH: BUFFULL run_id=try5-c1-cpu start_us=8014394 end_us=8017331 dur_us=2937
UKL-MQTT-BENCH: BUFFULL run_id=try5-c1-cpu start_us=8020293 end_us=8023367 dur_us=3074
UKL-MQTT-BENCH: BUFFULL run_id=try5-c1-cpu start_us=8026356 end_us=8029368 dur_us=3011
UKL-MQTT-BENCH: BUFFULL run_id=try5-c1-cpu start_us=8031718 end_us=8036408 dur_us=4689
UKL-MQTT-BENCH: BUFFULL run_id=try5-c1-cpu start_us=8040003 end_us=8042393 dur_us=2390
UKL-MQTT-BENCH: BUFFULL run_id=try5-c1-cpu start_us=8045382 end_us=8048387 dur_us=3005
UKL-MQTT-BENCH: BUFFULL run_id=try5-c1-cpu start_us=8051366 end_us=8053348 dur_us=1982
UKL-MQTT-BENCH: BUFFULL run_id=try5-c1-cpu start_us=8055885 end_us=8058362 dur_us=2476
UKL-MQTT-BENCH: BUFFULL run_id=try5-c1-cpu start_us=8060748 end_us=8063332 dur_us=2584
UKL-MQTT-BENCH: BUFFULL run_id=try5-c1-cpu start_us=8065688 end_us=8070423 dur_us=4734
UKL-MQTT-BENCH: BUFFULL run_id=try5-c1-cpu start_us=8074017 end_us=8075318 dur_us=1301
UKL-MQTT-BENCH: BUFFULL run_id=try5-c1-cpu start_us=8077688 end_us=8080344 dur_us=2655
UKL-MQTT-BENCH: BUFFULL run_id=try5-c1-cpu start_us=8082704 end_us=8084297 dur_us=1592
UKL-MQTT-BENCH: BUFFULL run_id=try5-c1-cpu start_us=8086055 end_us=8091373 dur_us=5318
UKL-MQTT-BENCH: BUFFULL run_id=try5-c1-cpu start_us=8097571 end_us=8101405 dur_us=3834
UKL-MQTT-BENCH: BUFFULL run_id=try5-c1-cpu start_us=8104482 end_us=8107353 dur_us=2871
UKL-MQTT-BENCH: BUFFULL run_id=try5-c1-cpu start_us=8110322 end_us=8114433 dur_us=4111
UKL-MQTT-BENCH: BUFFULL run_id=try5-c1-cpu start_us=8117463 end_us=8120379 dur_us=2915
UKL-MQTT-BENCH: BUFFULL run_id=try5-c1-cpu start_us=8123337 end_us=8126411 dur_us=3073
UKL-MQTT-BENCH: BUFFULL run_id=try5-c1-cpu start_us=8130004 end_us=8133366 dur_us=3362
UKL-MQTT-BENCH: BUFFULL run_id=try5-c1-cpu start_us=8136349 end_us=8139406 dur_us=3056
UKL-MQTT-BENCH: BUFFULL run_id=try5-c1-cpu start_us=8142384 end_us=8146385 dur_us=4001
UKL-MQTT-BENCH: BUFFULL run_id=try5-c1-cpu start_us=8149386 end_us=8152365 dur_us=2979
UKL-MQTT-BENCH: BUFFULL run_id=try5-c1-cpu start_us=8155966 end_us=8158366 dur_us=2399
UKL-MQTT-BENCH: BUFFULL run_id=try5-c1-cpu start_us=8161343 end_us=8165418 dur_us=4075
UKL-MQTT-BENCH: BUFFULL run_id=try5-c1-cpu start_us=8168405 end_us=8171382 dur_us=2977
UKL-MQTT-BENCH: BUFFULL run_id=try5-c1-cpu start_us=8174376 end_us=8178378 dur_us=4001
UKL-MQTT-BENCH: BUFFULL run_id=try5-c1-cpu start_us=8181983 end_us=8184371 dur_us=2387
UKL-MQTT-BENCH: BUFFULL run_id=try5-c1-cpu start_us=8186729 end_us=8190351 dur_us=3622
UKL-MQTT-BENCH: BUFFULL run_id=try5-c1-cpu start_us=8193336 end_us=8195335 dur_us=1999
UKL-MQTT-BENCH: BUFFULL run_id=try5-c1-cpu start_us=8198316 end_us=8199370 dur_us=1053
UKL-MQTT-BENCH: BUFFULL run_id=try5-c1-cpu start_us=8201114 end_us=8206365 dur_us=5251
UKL-MQTT-BENCH: BUFFULL run_id=try5-c1-cpu start_us=8209347 end_us=8211363 dur_us=2016
UKL-MQTT-BENCH: BUFFULL run_id=try5-c1-cpu start_us=8214339 end_us=8218360 dur_us=4021
UKL-MQTT-BENCH: BUFFULL run_id=try5-c1-cpu start_us=8221933 end_us=8223447 dur_us=1513
UKL-MQTT-BENCH: BUFFULL run_id=try5-c1-cpu start_us=8225811 end_us=8229344 dur_us=3533
UKL-MQTT-BENCH: BUFFULL run_id=try5-c1-cpu start_us=8232343 end_us=8235334 dur_us=2990
UKL-MQTT-BENCH: BUFFULL run_id=try5-c1-cpu start_us=8238307 end_us=8239382 dur_us=1075
UKL-MQTT-BENCH: BUFFULL run_id=try5-c1-cpu start_us=8241738 end_us=8246338 dur_us=4600
UKL-MQTT-BENCH: BUFFULL run_id=try5-c1-cpu start_us=8248738 end_us=8252385 dur_us=3647
UKL-MQTT-BENCH: BUFFULL run_id=try5-c1-cpu start_us=8256033 end_us=8258374 dur_us=2341
UKL-MQTT-BENCH: BUFFULL run_id=try5-c1-cpu start_us=8261369 end_us=8264361 dur_us=2991
UKL-MQTT-BENCH: BUFFULL run_id=try5-c1-cpu start_us=8267366 end_us=8270369 dur_us=3003
UKL-MQTT-BENCH: BUFFULL run_id=try5-c1-cpu start_us=8273358 end_us=8275352 dur_us=1993
UKL-MQTT-BENCH: BUFFULL run_id=try5-c1-cpu start_us=8277714 end_us=8281385 dur_us=3670
UKL-MQTT-BENCH: BUFFULL run_id=try5-c1-cpu start_us=8284368 end_us=8287387 dur_us=3019
UKL-MQTT-BENCH: BUFFULL run_id=try5-c1-cpu start_us=8289746 end_us=8293396 dur_us=3650
UKL-MQTT-BENCH: BUFFULL run_id=try5-c1-cpu start_us=8296369 end_us=8298327 dur_us=1957
UKL-MQTT-BENCH: BUFFULL run_id=try5-c1-cpu start_us=8300673 end_us=8303342 dur_us=2668
UKL-MQTT-BENCH: BUFFULL run_id=try5-c1-cpu start_us=8308045 end_us=8314383 dur_us=6337
UKL-MQTT-BENCH: BUFFULL run_id=try5-c1-cpu start_us=8320563 end_us=8323365 dur_us=2802
UKL-MQTT-BENCH: BUFFULL run_id=try5-c1-cpu start_us=8326356 end_us=8329358 dur_us=3002
UKL-MQTT-BENCH: BUFFULL run_id=try5-c1-cpu start_us=8332323 end_us=8336403 dur_us=4080
UKL-MQTT-BENCH: BUFFULL run_id=try5-c1-cpu start_us=8339368 end_us=8342387 dur_us=3018
UKL-MQTT-BENCH: BUFFULL run_id=try5-c1-cpu start_us=8345380 end_us=8349357 dur_us=3977
UKL-MQTT-BENCH: BUFFULL run_id=try5-c1-cpu start_us=8352967 end_us=8355392 dur_us=2425
UKL-MQTT-BENCH: BUFFULL run_id=try5-c1-cpu start_us=8358387 end_us=8362429 dur_us=4041
UKL-MQTT-BENCH: BUFFULL run_id=try5-c1-cpu start_us=8365419 end_us=8368381 dur_us=2962
UKL-MQTT-BENCH: BUFFULL run_id=try5-c1-cpu start_us=8371375 end_us=8374363 dur_us=2988
UKL-MQTT-BENCH: BUFFULL run_id=try5-c1-cpu start_us=8377349 end_us=8379347 dur_us=1997
UKL-MQTT-BENCH: BUFFULL run_id=try5-c1-cpu start_us=8382344 end_us=8385358 dur_us=3013
UKL-MQTT-BENCH: BUFFULL run_id=try5-c1-cpu start_us=8387707 end_us=8390354 dur_us=2647
UKL-MQTT-BENCH: BUFFULL run_id=try5-c1-cpu start_us=8392706 end_us=8396378 dur_us=3671
UKL-MQTT-BENCH: BUFFULL run_id=try5-c1-cpu start_us=8399357 end_us=8402369 dur_us=3012
UKL-MQTT-BENCH: BUFFULL run_id=try5-c1-cpu start_us=8408078 end_us=8412405 dur_us=4326
UKL-MQTT-BENCH: BUFFULL run_id=try5-c1-cpu start_us=8418093 end_us=8423397 dur_us=5303
UKL-MQTT-BENCH: BUFFULL run_id=try5-c1-cpu start_us=8431031 end_us=8435347 dur_us=4315
UKL-MQTT-BENCH: BUFFULL run_id=try5-c1-cpu start_us=8438932 end_us=8440322 dur_us=1390
UKL-MQTT-BENCH: BUFFULL run_id=try5-c1-cpu start_us=8442668 end_us=8446355 dur_us=3686
UKL-MQTT-BENCH: BUFFULL run_id=try5-c1-cpu start_us=8449329 end_us=8452374 dur_us=3044
UKL-MQTT-BENCH: BUFFULL run_id=try5-c1-cpu start_us=8454726 end_us=8457431 dur_us=2705
UKL-MQTT-BENCH: BUFFULL run_id=try5-c1-cpu start_us=8460407 end_us=8463339 dur_us=2932
UKL-MQTT-BENCH: BUFFULL run_id=try5-c1-cpu start_us=8466329 end_us=8469375 dur_us=3046
UKL-MQTT-BENCH: BUFFULL run_id=try5-c1-cpu start_us=8472369 end_us=8474324 dur_us=1955
UKL-MQTT-BENCH: BUFFULL run_id=try5-c1-cpu start_us=8476097 end_us=8480377 dur_us=4279
UKL-MQTT-BENCH: BUFFULL run_id=try5-c1-cpu start_us=8483363 end_us=8486380 dur_us=3016
UKL-MQTT-BENCH: BUFFULL run_id=try5-c1-cpu start_us=8489355 end_us=8491327 dur_us=1971
UKL-MQTT-BENCH: BUFFULL run_id=try5-c1-cpu start_us=8494297 end_us=8497368 dur_us=3071
UKL-MQTT-BENCH: BUFFULL run_id=try5-c1-cpu start_us=8499734 end_us=8503360 dur_us=3626
UKL-MQTT-BENCH: BUFFULL run_id=try5-c1-cpu start_us=8506349 end_us=8510368 dur_us=4018
UKL-MQTT-BENCH: BUFFULL run_id=try5-c1-cpu start_us=8513407 end_us=8515399 dur_us=1991
UKL-MQTT-BENCH: BUFFULL run_id=try5-c1-cpu start_us=8518401 end_us=8522365 dur_us=3964
UKL-MQTT-BENCH: BUFFULL run_id=try5-c1-cpu start_us=8525971 end_us=8528378 dur_us=2407
UKL-MQTT-BENCH: BUFFULL run_id=try5-c1-cpu start_us=8531369 end_us=8535402 dur_us=4032
UKL-MQTT-BENCH: BUFFULL run_id=try5-c1-cpu start_us=8538384 end_us=8541370 dur_us=2986
UKL-MQTT-BENCH: BUFFULL run_id=try5-c1-cpu start_us=8544360 end_us=8547367 dur_us=3006
UKL-MQTT-BENCH: BUFFULL run_id=try5-c1-cpu start_us=8550962 end_us=8552339 dur_us=1376
UKL-MQTT-BENCH: BUFFULL run_id=try5-c1-cpu start_us=8554697 end_us=8558376 dur_us=3678
UKL-MQTT-BENCH: BUFFULL run_id=try5-c1-cpu start_us=8560759 end_us=8564368 dur_us=3608
UKL-MQTT-BENCH: BUFFULL run_id=try5-c1-cpu start_us=8567966 end_us=8570368 dur_us=2402
UKL-MQTT-BENCH: BUFFULL run_id=try5-c1-cpu start_us=8573369 end_us=8576348 dur_us=2979
UKL-MQTT-BENCH: BUFFULL run_id=try5-c1-cpu start_us=8578778 end_us=8582394 dur_us=3616
UKL-MQTT-BENCH: BUFFULL run_id=try5-c1-cpu start_us=8585391 end_us=8587379 dur_us=1988
UKL-MQTT-BENCH: BUFFULL run_id=try5-c1-cpu start_us=8589739 end_us=8593361 dur_us=3621
UKL-MQTT-BENCH: BUFFULL run_id=try5-c1-cpu start_us=8596344 end_us=8599336 dur_us=2991
UKL-MQTT-BENCH: BUFFULL run_id=try5-c1-cpu start_us=8601708 end_us=8603350 dur_us=1642
UKL-MQTT-BENCH: BUFFULL run_id=try5-c1-cpu start_us=8605708 end_us=8608335 dur_us=2627
UKL-MQTT-BENCH: BUFFULL run_id=try5-c1-cpu start_us=8610691 end_us=8613335 dur_us=2643
UKL-MQTT-BENCH: BUFFULL run_id=try5-c1-cpu start_us=8615698 end_us=8618323 dur_us=2624
UKL-MQTT-BENCH: BUFFULL run_id=try5-c1-cpu start_us=8620668 end_us=8624366 dur_us=3698
UKL-MQTT-BENCH: BUFFULL run_id=try5-c1-cpu start_us=8627351 end_us=8630379 dur_us=3027
UKL-MQTT-BENCH: BUFFULL run_id=try5-c1-cpu start_us=8633366 end_us=8635357 dur_us=1990
UKL-MQTT-BENCH: BUFFULL run_id=try5-c1-cpu start_us=8638341 end_us=8641363 dur_us=3022
UKL-MQTT-BENCH: BUFFULL run_id=try5-c1-cpu start_us=8643791 end_us=8647350 dur_us=3558
UKL-MQTT-BENCH: BUFFULL run_id=try5-c1-cpu start_us=8650340 end_us=8652345 dur_us=2005
UKL-MQTT-BENCH: BUFFULL run_id=try5-c1-cpu start_us=8655320 end_us=8658364 dur_us=3043
UKL-MQTT-BENCH: BUFFULL run_id=try5-c1-cpu start_us=8661365 end_us=8664369 dur_us=3003
UKL-MQTT-BENCH: BUFFULL run_id=try5-c1-cpu start_us=8667356 end_us=8670375 dur_us=3018
UKL-MQTT-BENCH: BUFFULL run_id=try5-c1-cpu start_us=8673369 end_us=8676366 dur_us=2996
UKL-MQTT-BENCH: BUFFULL run_id=try5-c1-cpu start_us=8679352 end_us=8682412 dur_us=3059
UKL-MQTT-BENCH: BUFFULL run_id=try5-c1-cpu start_us=8685394 end_us=8688354 dur_us=2959
UKL-MQTT-BENCH: BUFFULL run_id=try5-c1-cpu start_us=8690727 end_us=8694380 dur_us=3653
UKL-MQTT-BENCH: BUFFULL run_id=try5-c1-cpu start_us=8697365 end_us=8699342 dur_us=1977
UKL-MQTT-BENCH: BUFFULL run_id=try5-c1-cpu start_us=8701706 end_us=8705390 dur_us=3684
UKL-MQTT-BENCH: BUFFULL run_id=try5-c1-cpu start_us=8708361 end_us=8711340 dur_us=2979
UKL-MQTT-BENCH: BUFFULL run_id=try5-c1-cpu start_us=8714380 end_us=8718392 dur_us=4011
UKL-MQTT-BENCH: BUFFULL run_id=try5-c1-cpu start_us=8721982 end_us=8723343 dur_us=1360
UKL-MQTT-BENCH: BUFFULL run_id=try5-c1-cpu start_us=8725093 end_us=8729363 dur_us=4270
UKL-MQTT-BENCH: BUFFULL run_id=try5-c1-cpu start_us=8732929 end_us=8734356 dur_us=1427
UKL-MQTT-BENCH: BUFFULL run_id=try5-c1-cpu start_us=8736712 end_us=8740363 dur_us=3651
UKL-MQTT-BENCH: BUFFULL run_id=try5-c1-cpu start_us=8743351 end_us=8747409 dur_us=4057
UKL-MQTT-BENCH: BUFFULL run_id=try5-c1-cpu start_us=8750497 end_us=8752391 dur_us=1894
UKL-MQTT-BENCH: BUFFULL run_id=try5-c1-cpu start_us=8755609 end_us=8758389 dur_us=2780
UKL-MQTT-BENCH: BUFFULL run_id=try5-c1-cpu start_us=8761533 end_us=8764365 dur_us=2831
UKL-MQTT-BENCH: BUFFULL run_id=try5-c1-cpu start_us=8766839 end_us=8770387 dur_us=3547
UKL-MQTT-BENCH: BUFFULL run_id=try5-c1-cpu start_us=8773381 end_us=8776374 dur_us=2993
UKL-MQTT-BENCH: BUFFULL run_id=try5-c1-cpu start_us=8778733 end_us=8781357 dur_us=2624
UKL-MQTT-BENCH: BUFFULL run_id=try5-c1-cpu start_us=8784342 end_us=8787379 dur_us=3037
UKL-MQTT-BENCH: BUFFULL run_id=try5-c1-cpu start_us=8790378 end_us=8791886 dur_us=1508
UKL-MQTT-BENCH: BUFFULL run_id=try5-c1-cpu start_us=8794269 end_us=8798374 dur_us=4105
UKL-MQTT-BENCH: BUFFULL run_id=try5-c1-cpu start_us=8801349 end_us=8803343 dur_us=1993
UKL-MQTT-BENCH: BUFFULL run_id=try5-c1-cpu start_us=8805068 end_us=8809363 dur_us=4295
UKL-MQTT-BENCH: BUFFULL run_id=try5-c1-cpu start_us=8812934 end_us=8814377 dur_us=1443
UKL-MQTT-BENCH: BUFFULL run_id=try5-c1-cpu start_us=8816768 end_us=8820370 dur_us=3601
UKL-MQTT-BENCH: BUFFULL run_id=try5-c1-cpu start_us=8823345 end_us=8827457 dur_us=4112
UKL-MQTT-BENCH: BUFFULL run_id=try5-c1-cpu start_us=8830433 end_us=8832366 dur_us=1933
UKL-MQTT-BENCH: BUFFULL run_id=try5-c1-cpu start_us=8834710 end_us=8838409 dur_us=3699
UKL-MQTT-BENCH: BUFFULL run_id=try5-c1-cpu start_us=8841390 end_us=8843323 dur_us=1933
UKL-MQTT-BENCH: BUFFULL run_id=try5-c1-cpu start_us=8845683 end_us=8847305 dur_us=1622
UKL-MQTT-BENCH: BUFFULL run_id=try5-c1-cpu start_us=8849051 end_us=8851317 dur_us=2265
UKL-MQTT-BENCH: BUFFULL run_id=try5-c1-cpu start_us=8853661 end_us=8856330 dur_us=2669
UKL-MQTT-BENCH: BUFFULL run_id=try5-c1-cpu start_us=8859310 end_us=8862351 dur_us=3040
UKL-MQTT-BENCH: BUFFULL run_id=try5-c1-cpu start_us=8865373 end_us=8868421 dur_us=3048
UKL-MQTT-BENCH: BUFFULL run_id=try5-c1-cpu start_us=8871408 end_us=8875370 dur_us=3961
UKL-MQTT-BENCH: BUFFULL run_id=try5-c1-cpu start_us=8877730 end_us=8881361 dur_us=3630
UKL-MQTT-BENCH: BUFFULL run_id=try5-c1-cpu start_us=8884972 end_us=8888443 dur_us=3471
UKL-MQTT-BENCH: BUFFULL run_id=try5-c1-cpu start_us=8891430 end_us=8894381 dur_us=2951
UKL-MQTT-BENCH: BUFFULL run_id=try5-c1-cpu start_us=8898012 end_us=8901405 dur_us=3392
UKL-MQTT-BENCH: BUFFULL run_id=try5-c1-cpu start_us=8904466 end_us=8907419 dur_us=2952
UKL-MQTT-BENCH: BUFFULL run_id=try5-c1-cpu start_us=8910403 end_us=8914395 dur_us=3991
UKL-MQTT-BENCH: BUFFULL run_id=try5-c1-cpu start_us=8917425 end_us=8920376 dur_us=2951
UKL-MQTT-BENCH: BUFFULL run_id=try5-c1-cpu start_us=8923971 end_us=8925343 dur_us=1371
UKL-MQTT-BENCH: BUFFULL run_id=try5-c1-cpu start_us=8927699 end_us=8931347 dur_us=3648
UKL-MQTT-BENCH: BUFFULL run_id=try5-c1-cpu start_us=8933717 end_us=8937369 dur_us=3652
UKL-MQTT-BENCH: BUFFULL run_id=try5-c1-cpu start_us=8940944 end_us=8943365 dur_us=2421
UKL-MQTT-BENCH: BUFFULL run_id=try5-c1-cpu start_us=8946353 end_us=8948355 dur_us=2001
UKL-MQTT-BENCH: BUFFULL run_id=try5-c1-cpu start_us=8950712 end_us=8954374 dur_us=3662
UKL-MQTT-BENCH: BUFFULL run_id=try5-c1-cpu start_us=8957340 end_us=8960359 dur_us=3018
UKL-MQTT-BENCH: BUFFULL run_id=try5-c1-cpu start_us=8962703 end_us=8966358 dur_us=3654
UKL-MQTT-BENCH: BUFFULL run_id=try5-c1-cpu start_us=8969386 end_us=8971364 dur_us=1977
UKL-MQTT-BENCH: BUFFULL run_id=try5-c1-cpu start_us=8973729 end_us=8976342 dur_us=2613
UKL-MQTT-BENCH: BUFFULL run_id=try5-c1-cpu start_us=8978703 end_us=8981322 dur_us=2619
UKL-MQTT-BENCH: BUFFULL run_id=try5-c1-cpu start_us=8983692 end_us=8986327 dur_us=2635
UKL-MQTT-BENCH: BUFFULL run_id=try5-c1-cpu start_us=8988673 end_us=8992376 dur_us=3702
UKL-MQTT-BENCH: BUFFULL run_id=try5-c1-cpu start_us=8995987 end_us=8998366 dur_us=2378
UKL-MQTT-BENCH: BUFFULL run_id=try5-c1-cpu start_us=9001363 end_us=9005390 dur_us=4027
UKL-MQTT-BENCH: BUFFULL run_id=try5-c1-cpu start_us=9008411 end_us=9011397 dur_us=2986
UKL-MQTT-BENCH: BUFFULL run_id=try5-c1-cpu start_us=9014379 end_us=9017358 dur_us=2978
UKL-MQTT-BENCH: BUFFULL run_id=try5-c1-cpu start_us=9020333 end_us=9022339 dur_us=2006
UKL-MQTT-BENCH: BUFFULL run_id=try5-c1-cpu start_us=9026001 end_us=9031372 dur_us=5371
UKL-MQTT-BENCH: BUFFULL run_id=try5-c1-cpu start_us=9037757 end_us=9043407 dur_us=5649
UKL-MQTT-BENCH: BUFFULL run_id=try5-c1-cpu start_us=9046993 end_us=9048335 dur_us=1341
UKL-MQTT-BENCH: BUFFULL run_id=try5-c1-cpu start_us=9050703 end_us=9054361 dur_us=3657
UKL-MQTT-BENCH: BUFFULL run_id=try5-c1-cpu start_us=9057960 end_us=9059352 dur_us=1391
UKL-MQTT-BENCH: BUFFULL run_id=try5-c1-cpu start_us=9061721 end_us=9066383 dur_us=4662
UKL-MQTT-BENCH: BUFFULL run_id=try5-c1-cpu start_us=9069972 end_us=9072362 dur_us=2389
UKL-MQTT-BENCH: BUFFULL run_id=try5-c1-cpu start_us=9075379 end_us=9079439 dur_us=4059
UKL-MQTT-BENCH: BUFFULL run_id=try5-c1-cpu start_us=9082391 end_us=9085390 dur_us=2999
UKL-MQTT-BENCH: BUFFULL run_id=try5-c1-cpu start_us=9088364 end_us=9091363 dur_us=2998
UKL-MQTT-BENCH: BUFFULL run_id=try5-c1-cpu start_us=9094349 end_us=9097373 dur_us=3023
UKL-MQTT-BENCH: BUFFULL run_id=try5-c1-cpu start_us=9100349 end_us=9103352 dur_us=3002
UKL-MQTT-BENCH: BUFFULL run_id=try5-c1-cpu start_us=9106365 end_us=9109369 dur_us=3004
UKL-MQTT-BENCH: BUFFULL run_id=try5-c1-cpu start_us=9112407 end_us=9114387 dur_us=1980
UKL-MQTT-BENCH: BUFFULL run_id=try5-c1-cpu start_us=9116817 end_us=9121391 dur_us=4573
UKL-MQTT-BENCH: BUFFULL run_id=try5-c1-cpu start_us=9124412 end_us=9126332 dur_us=1920
UKL-MQTT-BENCH: BUFFULL run_id=try5-c1-cpu start_us=9129308 end_us=9132383 dur_us=3074
UKL-MQTT-BENCH: BUFFULL run_id=try5-c1-cpu start_us=9134728 end_us=9137336 dur_us=2608
UKL-MQTT-BENCH: BUFFULL run_id=try5-c1-cpu start_us=9139691 end_us=9143348 dur_us=3657
UKL-MQTT-BENCH: BUFFULL run_id=try5-c1-cpu start_us=9146335 end_us=9148338 dur_us=2003
UKL-MQTT-BENCH: BUFFULL run_id=try5-c1-cpu start_us=9151338 end_us=9154382 dur_us=3043
UKL-MQTT-BENCH: BUFFULL run_id=try5-c1-cpu start_us=9157356 end_us=9160369 dur_us=3012
UKL-MQTT-BENCH: BUFFULL run_id=try5-c1-cpu start_us=9162737 end_us=9166570 dur_us=3833
UKL-MQTT-BENCH: BUFFULL run_id=try5-c1-cpu start_us=9170182 end_us=9172431 dur_us=2249
UKL-MQTT-BENCH: BUFFULL run_id=try5-c1-cpu start_us=9174792 end_us=9178454 dur_us=3662
UKL-MQTT-BENCH: BUFFULL run_id=try5-c1-cpu start_us=9181441 end_us=9183393 dur_us=1951
UKL-MQTT-BENCH: BUFFULL run_id=try5-c1-cpu start_us=9187093 end_us=9190340 dur_us=3247
UKL-MQTT-BENCH: BUFFULL run_id=try5-c1-cpu start_us=9193334 end_us=9195331 dur_us=1996
UKL-MQTT-BENCH: BUFFULL run_id=try5-c1-cpu start_us=9197077 end_us=9199294 dur_us=2216
UKL-MQTT-BENCH: BUFFULL run_id=try5-c1-cpu start_us=9201038 end_us=9205356 dur_us=4318
UKL-MQTT-BENCH: BUFFULL run_id=try5-c1-cpu start_us=9208338 end_us=9210338 dur_us=2000
UKL-MQTT-BENCH: BUFFULL run_id=try5-c1-cpu start_us=9213295 end_us=9216374 dur_us=3079
UKL-MQTT-BENCH: BUFFULL run_id=try5-c1-cpu start_us=9218735 end_us=9221369 dur_us=2633
UKL-MQTT-BENCH: BUFFULL run_id=try5-c1-cpu start_us=9224383 end_us=9227406 dur_us=3023
UKL-MQTT-BENCH: BUFFULL run_id=try5-c1-cpu start_us=9230375 end_us=9233341 dur_us=2966
UKL-MQTT-BENCH: BUFFULL run_id=try5-c1-cpu start_us=9235687 end_us=9238379 dur_us=2691
UKL-MQTT-BENCH: BUFFULL run_id=try5-c1-cpu start_us=9241364 end_us=9244354 dur_us=2990
UKL-MQTT-BENCH: BUFFULL run_id=try5-c1-cpu start_us=9247333 end_us=9250409 dur_us=3075
UKL-MQTT-BENCH: BUFFULL run_id=try5-c1-cpu start_us=9253460 end_us=9256363 dur_us=2903
UKL-MQTT-BENCH: BUFFULL run_id=try5-c1-cpu start_us=9259342 end_us=9261392 dur_us=2050
UKL-MQTT-BENCH: BUFFULL run_id=try5-c1-cpu start_us=9263748 end_us=9267364 dur_us=3616
UKL-MQTT-BENCH: BUFFULL run_id=try5-c1-cpu start_us=9270329 end_us=9273404 dur_us=3074
UKL-MQTT-BENCH: BUFFULL run_id=try5-c1-cpu start_us=9275750 end_us=9278339 dur_us=2588
UKL-MQTT-BENCH: BUFFULL run_id=try5-c1-cpu start_us=9280681 end_us=9283335 dur_us=2653
UKL-MQTT-BENCH: BUFFULL run_id=try5-c1-cpu start_us=9288041 end_us=9294354 dur_us=6313
UKL-MQTT-BENCH: BUFFULL run_id=try5-c1-cpu start_us=9301739 end_us=9307378 dur_us=5639
UKL-MQTT-BENCH: BUFFULL run_id=try5-c1-cpu start_us=9311585 end_us=9313369 dur_us=1783
UKL-MQTT-BENCH: BUFFULL run_id=try5-c1-cpu start_us=9316359 end_us=9321447 dur_us=5087
UKL-MQTT-BENCH: BUFFULL run_id=try5-c1-cpu start_us=9326295 end_us=9327361 dur_us=1066
UKL-MQTT-BENCH: BUFFULL run_id=try5-c1-cpu start_us=9330349 end_us=9334418 dur_us=4068
UKL-MQTT-BENCH: BUFFULL run_id=try5-c1-cpu start_us=9338014 end_us=9341359 dur_us=3344
UKL-MQTT-BENCH: BUFFULL run_id=try5-c1-cpu start_us=9344346 end_us=9347404 dur_us=3058
UKL-MQTT-BENCH: BUFFULL run_id=try5-c1-cpu start_us=9350377 end_us=9353350 dur_us=2973
UKL-MQTT-BENCH: BUFFULL run_id=try5-c1-cpu start_us=9356341 end_us=9360422 dur_us=4080
UKL-MQTT-BENCH: BUFFULL run_id=try5-c1-cpu start_us=9366021 end_us=9370364 dur_us=4343
UKL-MQTT-BENCH: BUFFULL run_id=try5-c1-cpu start_us=9375318 end_us=9381441 dur_us=6122
UKL-MQTT-BENCH: BUFFULL run_id=try5-c1-cpu start_us=9385037 end_us=9386474 dur_us=1436
UKL-MQTT-BENCH: BUFFULL run_id=try5-c1-cpu start_us=9389451 end_us=9394416 dur_us=4964
UKL-MQTT-BENCH: BUFFULL run_id=try5-c1-cpu start_us=9398006 end_us=9399410 dur_us=1403
UKL-MQTT-BENCH: BUFFULL run_id=try5-c1-cpu start_us=9401773 end_us=9404367 dur_us=2593
UKL-MQTT-BENCH: BUFFULL run_id=try5-c1-cpu start_us=9409069 end_us=9411287 dur_us=2217
UKL-MQTT-BENCH: BUFFULL run_id=try5-c1-cpu start_us=9413022 end_us=9416351 dur_us=3328
UKL-MQTT-BENCH: BUFFULL run_id=try5-c1-cpu start_us=9418710 end_us=9422378 dur_us=3667
UKL-MQTT-BENCH: BUFFULL run_id=try5-c1-cpu start_us=9425367 end_us=9429398 dur_us=4031
UKL-MQTT-BENCH: BUFFULL run_id=try5-c1-cpu start_us=9432386 end_us=9435376 dur_us=2989
UKL-MQTT-BENCH: BUFFULL run_id=try5-c1-cpu start_us=9438347 end_us=9441396 dur_us=3048
UKL-MQTT-BENCH: BUFFULL run_id=try5-c1-cpu start_us=9445001 end_us=9446341 dur_us=1339
UKL-MQTT-BENCH: BUFFULL run_id=try5-c1-cpu start_us=9448692 end_us=9451340 dur_us=2647
UKL-MQTT-BENCH: BUFFULL run_id=try5-c1-cpu start_us=9455435 end_us=9461355 dur_us=5919
UKL-MQTT-BENCH: BUFFULL run_id=try5-c1-cpu start_us=9464952 end_us=9466368 dur_us=1416
UKL-MQTT-BENCH: BUFFULL run_id=try5-c1-cpu start_us=9469350 end_us=9472349 dur_us=2998
UKL-MQTT-BENCH: BUFFULL run_id=try5-c1-cpu start_us=9474708 end_us=9478345 dur_us=3636
UKL-MQTT-BENCH: BUFFULL run_id=try5-c1-cpu start_us=9481360 end_us=9483426 dur_us=2065
UKL-MQTT-BENCH: BUFFULL run_id=try5-c1-cpu start_us=9486399 end_us=9489358 dur_us=2959
UKL-MQTT-BENCH: BUFFULL run_id=try5-c1-cpu start_us=9491718 end_us=9495393 dur_us=3675
UKL-MQTT-BENCH: BUFFULL run_id=try5-c1-cpu start_us=9498392 end_us=9501322 dur_us=2929
UKL-MQTT-BENCH: BUFFULL run_id=try5-c1-cpu start_us=9503693 end_us=9507397 dur_us=3703
UKL-MQTT-BENCH: BUFFULL run_id=try5-c1-cpu start_us=9510995 end_us=9513397 dur_us=2402
UKL-MQTT-BENCH: BUFFULL run_id=try5-c1-cpu start_us=9516378 end_us=9520420 dur_us=4041
UKL-MQTT-BENCH: BUFFULL run_id=try5-c1-cpu start_us=9524025 end_us=9526389 dur_us=2364
UKL-MQTT-BENCH: BUFFULL run_id=try5-c1-cpu start_us=9529378 end_us=9531627 dur_us=2249
UKL-MQTT-BENCH: BUFFULL run_id=try5-c1-cpu start_us=9533978 end_us=9538377 dur_us=4398
UKL-MQTT-BENCH: BUFFULL run_id=try5-c1-cpu start_us=9541329 end_us=9543383 dur_us=2053
UKL-MQTT-BENCH: BUFFULL run_id=try5-c1-cpu start_us=9545749 end_us=9549350 dur_us=3600
UKL-MQTT-BENCH: BUFFULL run_id=try5-c1-cpu start_us=9552323 end_us=9555340 dur_us=3017
UKL-MQTT-BENCH: BUFFULL run_id=try5-c1-cpu start_us=9558364 end_us=9560330 dur_us=1966
UKL-MQTT-BENCH: BUFFULL run_id=try5-c1-cpu start_us=9562698 end_us=9564335 dur_us=1636
UKL-MQTT-BENCH: BUFFULL run_id=try5-c1-cpu start_us=9566683 end_us=9570422 dur_us=3739
UKL-MQTT-BENCH: BUFFULL run_id=try5-c1-cpu start_us=9573396 end_us=9576374 dur_us=2977
UKL-MQTT-BENCH: BUFFULL run_id=try5-c1-cpu start_us=9579363 end_us=9583374 dur_us=4011
UKL-MQTT-BENCH: BUFFULL run_id=try5-c1-cpu start_us=9586352 end_us=9588354 dur_us=2001
UKL-MQTT-BENCH: BUFFULL run_id=try5-c1-cpu start_us=9591334 end_us=9594354 dur_us=3020
UKL-MQTT-BENCH: BUFFULL run_id=try5-c1-cpu start_us=9596736 end_us=9600366 dur_us=3629
UKL-MQTT-BENCH: BUFFULL run_id=try5-c1-cpu start_us=9603346 end_us=9605356 dur_us=2010
UKL-MQTT-BENCH: BUFFULL run_id=try5-c1-cpu start_us=9608326 end_us=9611351 dur_us=3025
UKL-MQTT-BENCH: BUFFULL run_id=try5-c1-cpu start_us=9613687 end_us=9617352 dur_us=3664
UKL-MQTT-BENCH: BUFFULL run_id=try5-c1-cpu start_us=9620327 end_us=9623367 dur_us=3039
UKL-MQTT-BENCH: BUFFULL run_id=try5-c1-cpu start_us=9626346 end_us=9629466 dur_us=3119
UKL-MQTT-BENCH: BUFFULL run_id=try5-c1-cpu start_us=9633043 end_us=9636383 dur_us=3339
UKL-MQTT-BENCH: BUFFULL run_id=try5-c1-cpu start_us=9638718 end_us=9642422 dur_us=3704
UKL-MQTT-BENCH: BUFFULL run_id=try5-c1-cpu start_us=9646021 end_us=9647365 dur_us=1344
UKL-MQTT-BENCH: BUFFULL run_id=try5-c1-cpu start_us=9649726 end_us=9653388 dur_us=3661
UKL-MQTT-BENCH: BUFFULL run_id=try5-c1-cpu start_us=9657036 end_us=9659341 dur_us=2304
UKL-MQTT-BENCH: BUFFULL run_id=try5-c1-cpu start_us=9661681 end_us=9664346 dur_us=2664
UKL-MQTT-BENCH: BUFFULL run_id=try5-c1-cpu start_us=9666696 end_us=9668318 dur_us=1621
UKL-MQTT-BENCH: BUFFULL run_id=try5-c1-cpu start_us=9670053 end_us=9673324 dur_us=3270
UKL-MQTT-BENCH: BUFFULL run_id=try5-c1-cpu start_us=9675678 end_us=9679348 dur_us=3669
UKL-MQTT-BENCH: BUFFULL run_id=try5-c1-cpu start_us=9682310 end_us=9685361 dur_us=3050
UKL-MQTT-BENCH: BUFFULL run_id=try5-c1-cpu start_us=9688337 end_us=9692405 dur_us=4067
UKL-MQTT-BENCH: BUFFULL run_id=try5-c1-cpu start_us=9695980 end_us=9698361 dur_us=2380
UKL-MQTT-BENCH: BUFFULL run_id=try5-c1-cpu start_us=9701332 end_us=9704388 dur_us=3055
UKL-MQTT-BENCH: BUFFULL run_id=try5-c1-cpu start_us=9707365 end_us=9709334 dur_us=1968
UKL-MQTT-BENCH: BUFFULL run_id=try5-c1-cpu start_us=9711681 end_us=9715377 dur_us=3696
UKL-MQTT-BENCH: BUFFULL run_id=try5-c1-cpu start_us=9718373 end_us=9721381 dur_us=3007
UKL-MQTT-BENCH: BUFFULL run_id=try5-c1-cpu start_us=9724354 end_us=9726334 dur_us=1980
UKL-MQTT-BENCH: BUFFULL run_id=try5-c1-cpu start_us=9728689 end_us=9732355 dur_us=3665
UKL-MQTT-BENCH: BUFFULL run_id=try5-c1-cpu start_us=9735320 end_us=9738348 dur_us=3027
UKL-MQTT-BENCH: BUFFULL run_id=try5-c1-cpu start_us=9741309 end_us=9743385 dur_us=2075
UKL-MQTT-BENCH: BUFFULL run_id=try5-c1-cpu start_us=9745742 end_us=9749328 dur_us=3585
UKL-MQTT-BENCH: BUFFULL run_id=try5-c1-cpu start_us=9752302 end_us=9755382 dur_us=3079
UKL-MQTT-BENCH: BUFFULL run_id=try5-c1-cpu start_us=9761019 end_us=9766358 dur_us=5339
UKL-MQTT-BENCH: BUFFULL run_id=try5-c1-cpu start_us=9769957 end_us=9771352 dur_us=1395
UKL-MQTT-BENCH: BUFFULL run_id=try5-c1-cpu start_us=9773692 end_us=9778460 dur_us=4767
UKL-MQTT-BENCH: BUFFULL run_id=try5-c1-cpu start_us=9782674 end_us=9784328 dur_us=1653
UKL-MQTT-BENCH: BUFFULL run_id=try5-c1-cpu start_us=9786689 end_us=9791400 dur_us=4710
UKL-MQTT-BENCH: BUFFULL run_id=try5-c1-cpu start_us=9794998 end_us=9797382 dur_us=2383
UKL-MQTT-BENCH: BUFFULL run_id=try5-c1-cpu start_us=9800381 end_us=9804366 dur_us=3985
UKL-MQTT-BENCH: BUFFULL run_id=try5-c1-cpu start_us=9807347 end_us=9810373 dur_us=3026
UKL-MQTT-BENCH: BUFFULL run_id=try5-c1-cpu start_us=9813358 end_us=9816364 dur_us=3005
UKL-MQTT-BENCH: BUFFULL run_id=try5-c1-cpu start_us=9819351 end_us=9821345 dur_us=1994
UKL-MQTT-BENCH: BUFFULL run_id=try5-c1-cpu start_us=9823691 end_us=9827355 dur_us=3664
UKL-MQTT-BENCH: BUFFULL run_id=try5-c1-cpu start_us=9830323 end_us=9833342 dur_us=3019
UKL-MQTT-BENCH: BUFFULL run_id=try5-c1-cpu start_us=9836309 end_us=9839363 dur_us=3053
UKL-MQTT-BENCH: BUFFULL run_id=try5-c1-cpu start_us=9842337 end_us=9845371 dur_us=3033
UKL-MQTT-BENCH: BUFFULL run_id=try5-c1-cpu start_us=9848352 end_us=9852368 dur_us=4016
UKL-MQTT-BENCH: BUFFULL run_id=try5-c1-cpu start_us=9855949 end_us=9858363 dur_us=2414
UKL-MQTT-BENCH: BUFFULL run_id=try5-c1-cpu start_us=9861322 end_us=9865406 dur_us=4084
UKL-MQTT-BENCH: BUFFULL run_id=try5-c1-cpu start_us=9868981 end_us=9871371 dur_us=2389
UKL-MQTT-BENCH: BUFFULL run_id=try5-c1-cpu start_us=9874395 end_us=9877426 dur_us=3031
UKL-MQTT-BENCH: BUFFULL run_id=try5-c1-cpu start_us=9880444 end_us=9884369 dur_us=3925
UKL-MQTT-BENCH: BUFFULL run_id=try5-c1-cpu start_us=9887349 end_us=9890420 dur_us=3071
UKL-MQTT-BENCH: BUFFULL run_id=try5-c1-cpu start_us=9894014 end_us=9897382 dur_us=3368
UKL-MQTT-BENCH: BUFFULL run_id=try5-c1-cpu start_us=9900356 end_us=9903362 dur_us=3006
UKL-MQTT-BENCH: BUFFULL run_id=try5-c1-cpu start_us=9906339 end_us=9909040 dur_us=2700
UKL-MQTT-BENCH: BUFFULL run_id=try5-c1-cpu start_us=9912029 end_us=9916406 dur_us=4377
UKL-MQTT-BENCH: BUFFULL run_id=try5-c1-cpu start_us=9920052 end_us=9922393 dur_us=2341
UKL-MQTT-BENCH: BUFFULL run_id=try5-c1-cpu start_us=9925376 end_us=9928386 dur_us=3010
UKL-MQTT-BENCH: BUFFULL run_id=try5-c1-cpu start_us=9931375 end_us=9934419 dur_us=3044
UKL-MQTT-BENCH: BUFFULL run_id=try5-c1-cpu start_us=9937420 end_us=9940332 dur_us=2911
UKL-MQTT-BENCH: BUFFULL run_id=try5-c1-cpu start_us=9942694 end_us=9946366 dur_us=3671
UKL-MQTT-BENCH: BUFFULL run_id=try5-c1-cpu start_us=9949346 end_us=9952353 dur_us=3006
UKL-MQTT-BENCH: BUFFULL run_id=try5-c1-cpu start_us=9955331 end_us=9958351 dur_us=3020
UKL-MQTT-BENCH: BUFFULL run_id=try5-c1-cpu start_us=9961336 end_us=9964367 dur_us=3031
UKL-MQTT-BENCH: BUFFULL run_id=try5-c1-cpu start_us=9967344 end_us=9969339 dur_us=1994
UKL-MQTT-BENCH: BUFFULL run_id=try5-c1-cpu start_us=9971690 end_us=9975377 dur_us=3686
UKL-MQTT-BENCH: BUFFULL run_id=try5-c1-cpu start_us=9978369 end_us=9981362 dur_us=2992
UKL-MQTT-BENCH: BUFFULL run_id=try5-c1-cpu start_us=9984342 end_us=9987363 dur_us=3020
UKL-MQTT-BENCH: BUFFULL run_id=try5-c1-cpu start_us=9990341 end_us=9992387 dur_us=2045
UKL-MQTT-BENCH: BUFFULL run_id=try5-c1-cpu start_us=9994754 end_us=9999381 dur_us=4627
UKL-MQTT-BENCH: BUFFULL run_id=try5-c1-cpu start_us=10002972 end_us=10004349 dur_us=1376
UKL-MQTT-BENCH: BUFFULL run_id=try5-c1-cpu start_us=10006698 end_us=10010363 dur_us=3665
UKL-MQTT-BENCH: BUFFULL run_id=try5-c1-cpu start_us=10013357 end_us=10015341 dur_us=1984
UKL-MQTT-BENCH: BUFFULL run_id=try5-c1-cpu start_us=10017703 end_us=10021376 dur_us=3672
UKL-MQTT-BENCH: BUFFULL run_id=try5-c1-cpu start_us=10024360 end_us=10027369 dur_us=3008
UKL-MQTT-BENCH: BUFFULL run_id=try5-c1-cpu start_us=10030366 end_us=10033353 dur_us=2986
UKL-MQTT-BENCH: BUFFULL run_id=try5-c1-cpu start_us=10035694 end_us=10037341 dur_us=1647
UKL-MQTT-BENCH: BUFFULL run_id=try5-c1-cpu start_us=10039685 end_us=10042323 dur_us=2637
UKL-MQTT-BENCH: BUFFULL run_id=try5-c1-cpu start_us=10044695 end_us=10048368 dur_us=3673
UKL-MQTT-BENCH: BUFFULL run_id=try5-c1-cpu start_us=10051358 end_us=10054362 dur_us=3003
UKL-MQTT-BENCH: BUFFULL run_id=try5-c1-cpu start_us=10057385 end_us=10059358 dur_us=1972
UKL-MQTT-BENCH: BUFFULL run_id=try5-c1-cpu start_us=10061711 end_us=10065377 dur_us=3665
UKL-MQTT-BENCH: BUFFULL run_id=try5-c1-cpu start_us=10068345 end_us=10071359 dur_us=3014
UKL-MQTT-BENCH: BUFFULL run_id=try5-c1-cpu start_us=10074328 end_us=10077354 dur_us=3025
UKL-MQTT-BENCH: BUFFULL run_id=try5-c1-cpu start_us=10080329 end_us=10083384 dur_us=3055
UKL-MQTT-BENCH: BUFFULL run_id=try5-c1-cpu start_us=10085746 end_us=10089349 dur_us=3603
UKL-MQTT-BENCH: BUFFULL run_id=try5-c1-cpu start_us=10092315 end_us=10094395 dur_us=2080
UKL-MQTT-BENCH: BUFFULL run_id=try5-c1-cpu start_us=10097374 end_us=10099339 dur_us=1965
UKL-MQTT-BENCH: BUFFULL run_id=try5-c1-cpu start_us=10101702 end_us=10104334 dur_us=2632
UKL-MQTT-BENCH: BUFFULL run_id=try5-c1-cpu start_us=10106676 end_us=10108305 dur_us=1629
UKL-MQTT-BENCH: BUFFULL run_id=try5-c1-cpu start_us=10110049 end_us=10115383 dur_us=5334
UKL-MQTT-BENCH: BUFFULL run_id=try5-c1-cpu start_us=10119068 end_us=10121360 dur_us=2291
UKL-MQTT-BENCH: BUFFULL run_id=try5-c1-cpu start_us=10124345 end_us=10129363 dur_us=5018
UKL-MQTT-BENCH: BUFFULL run_id=try5-c1-cpu start_us=10133027 end_us=10136406 dur_us=3378
UKL-MQTT-BENCH: BUFFULL run_id=try5-c1-cpu start_us=10139984 end_us=10143380 dur_us=3395
UKL-MQTT-BENCH: BUFFULL run_id=try5-c1-cpu start_us=10146992 end_us=10149378 dur_us=2385
UKL-MQTT-BENCH: BUFFULL run_id=try5-c1-cpu start_us=10152360 end_us=10156394 dur_us=4033
UKL-MQTT-BENCH: BUFFULL run_id=try5-c1-cpu start_us=10159370 end_us=10161350 dur_us=1980
UKL-MQTT-BENCH: BUFFULL run_id=try5-c1-cpu start_us=10164324 end_us=10167369 dur_us=3044
UKL-MQTT-BENCH: BUFFULL run_id=try5-c1-cpu start_us=10173057 end_us=10176351 dur_us=3293
UKL-MQTT-BENCH: BUFFULL run_id=try5-c1-cpu start_us=10178706 end_us=10181334 dur_us=2627
UKL-MQTT-BENCH: BUFFULL run_id=try5-c1-cpu start_us=10183676 end_us=10186337 dur_us=2660
UKL-MQTT-BENCH: BUFFULL run_id=try5-c1-cpu start_us=10188677 end_us=10192373 dur_us=3695
UKL-MQTT-BENCH: BUFFULL run_id=try5-c1-cpu start_us=10195356 end_us=10197380 dur_us=2023
UKL-MQTT-BENCH: BUFFULL run_id=try5-c1-cpu start_us=10199712 end_us=10204382 dur_us=4670
UKL-MQTT-BENCH: BUFFULL run_id=try5-c1-cpu start_us=10207964 end_us=10209386 dur_us=1421
UKL-MQTT-BENCH: BUFFULL run_id=try5-c1-cpu start_us=10211738 end_us=10215348 dur_us=3610
UKL-MQTT-BENCH: BUFFULL run_id=try5-c1-cpu start_us=10218329 end_us=10220386 dur_us=2056
UKL-MQTT-BENCH: BUFFULL run_id=try5-c1-cpu start_us=10223367 end_us=10225322 dur_us=1955
UKL-MQTT-BENCH: BUFFULL run_id=try5-c1-cpu start_us=10227065 end_us=10232377 dur_us=5312
UKL-MQTT-BENCH: BUFFULL run_id=try5-c1-cpu start_us=10235955 end_us=10237346 dur_us=1391
UKL-MQTT-BENCH: BUFFULL run_id=try5-c1-cpu start_us=10239707 end_us=10244387 dur_us=4679
UKL-MQTT-BENCH: BUFFULL run_id=try5-c1-cpu start_us=10247974 end_us=10250441 dur_us=2466
UKL-MQTT-BENCH: BUFFULL run_id=try5-c1-cpu start_us=10253477 end_us=10257430 dur_us=3952
UKL-MQTT-BENCH: BUFFULL run_id=try5-c1-cpu start_us=10260399 end_us=10262380 dur_us=1980
UKL-MQTT-BENCH: BUFFULL run_id=try5-c1-cpu start_us=10265358 end_us=10268406 dur_us=3047
UKL-MQTT-BENCH: BUFFULL run_id=try5-c1-cpu start_us=10271369 end_us=10274420 dur_us=3051
UKL-MQTT-BENCH: BUFFULL run_id=try5-c1-cpu start_us=10277398 end_us=10279350 dur_us=1951
UKL-MQTT-BENCH: BUFFULL run_id=try5-c1-cpu start_us=10281707 end_us=10284343 dur_us=2635
UKL-MQTT-BENCH: BUFFULL run_id=try5-c1-cpu start_us=10286682 end_us=10289325 dur_us=2643
UKL-MQTT-BENCH: BUFFULL run_id=try5-c1-cpu start_us=10291685 end_us=10293322 dur_us=1637
UKL-MQTT-BENCH: BUFFULL run_id=try5-c1-cpu start_us=10295047 end_us=10298359 dur_us=3311
UKL-MQTT-BENCH: BUFFULL run_id=try5-c1-cpu start_us=10300708 end_us=10304363 dur_us=3655
UKL-MQTT-BENCH: BUFFULL run_id=try5-c1-cpu start_us=10307325 end_us=10309382 dur_us=2057
UKL-MQTT-BENCH: BUFFULL run_id=try5-c1-cpu start_us=10312358 end_us=10316392 dur_us=4033
UKL-MQTT-BENCH: BUFFULL run_id=try5-c1-cpu start_us=10319367 end_us=10321420 dur_us=2053
UKL-MQTT-BENCH: BUFFULL run_id=try5-c1-cpu start_us=10324387 end_us=10327327 dur_us=2940
UKL-MQTT-BENCH: BUFFULL run_id=try5-c1-cpu start_us=10329752 end_us=10332359 dur_us=2606
UKL-MQTT-BENCH: BUFFULL run_id=try5-c1-cpu start_us=10334722 end_us=10337337 dur_us=2614
UKL-MQTT-BENCH: BUFFULL run_id=try5-c1-cpu start_us=10339679 end_us=10343357 dur_us=3677
UKL-MQTT-BENCH: BUFFULL run_id=try5-c1-cpu start_us=10346342 end_us=10349368 dur_us=3025
UKL-MQTT-BENCH: BUFFULL run_id=try5-c1-cpu start_us=10352324 end_us=10356419 dur_us=4095
UKL-MQTT-BENCH: BUFFULL run_id=try5-c1-cpu start_us=10360003 end_us=10362380 dur_us=2377
UKL-MQTT-BENCH: BUFFULL run_id=try5-c1-cpu start_us=10365358 end_us=10368367 dur_us=3009
UKL-MQTT-BENCH: BUFFULL run_id=try5-c1-cpu start_us=10371404 end_us=10376145 dur_us=4741
UKL-MQTT-BENCH: BUFFULL run_id=try5-c1-cpu start_us=10379739 end_us=10382359 dur_us=2619
UKL-MQTT-BENCH: BUFFULL run_id=try5-c1-cpu start_us=10385335 end_us=10388399 dur_us=3063
UKL-MQTT-BENCH: BUFFULL run_id=try5-c1-cpu start_us=10391980 end_us=10394386 dur_us=2406
UKL-MQTT-BENCH: BUFFULL run_id=try5-c1-cpu start_us=10397356 end_us=10401418 dur_us=4061
UKL-MQTT-BENCH: BUFFULL run_id=try5-c1-cpu start_us=10404599 end_us=10406348 dur_us=1749
UKL-MQTT-BENCH: BUFFULL run_id=try5-c1-cpu start_us=10408866 end_us=10412342 dur_us=3476
UKL-MQTT-BENCH: BUFFULL run_id=try5-c1-cpu start_us=10416443 end_us=10421388 dur_us=4944
UKL-MQTT-BENCH: BUFFULL run_id=try5-c1-cpu start_us=10424977 end_us=10427343 dur_us=2365
UKL-MQTT-BENCH: BUFFULL run_id=try5-c1-cpu start_us=10430318 end_us=10432345 dur_us=2026
UKL-MQTT-BENCH: BUFFULL run_id=try5-c1-cpu start_us=10434699 end_us=10438369 dur_us=3670
UKL-MQTT-BENCH: BUFFULL run_id=try5-c1-cpu start_us=10441386 end_us=10444347 dur_us=2960
UKL-MQTT-BENCH: BUFFULL run_id=try5-c1-cpu start_us=10447317 end_us=10451412 dur_us=4094
UKL-MQTT-BENCH: BUFFULL run_id=try5-c1-cpu start_us=10455006 end_us=10458368 dur_us=3361
UKL-MQTT-BENCH: BUFFULL run_id=try5-c1-cpu start_us=10461340 end_us=10464362 dur_us=3021
UKL-MQTT-BENCH: BUFFULL run_id=try5-c1-cpu start_us=10467348 end_us=10470361 dur_us=3013
UKL-MQTT-BENCH: BUFFULL run_id=try5-c1-cpu start_us=10473349 end_us=10476359 dur_us=3009
UKL-MQTT-BENCH: BUFFULL run_id=try5-c1-cpu start_us=10479342 end_us=10481341 dur_us=1999
UKL-MQTT-BENCH: BUFFULL run_id=try5-c1-cpu start_us=10483688 end_us=10487359 dur_us=3671
UKL-MQTT-BENCH: BUFFULL run_id=try5-c1-cpu start_us=10490335 end_us=10493351 dur_us=3015
UKL-MQTT-BENCH: BUFFULL run_id=try5-c1-cpu start_us=10496333 end_us=10499370 dur_us=3037
UKL-MQTT-BENCH: BUFFULL run_id=try5-c1-cpu start_us=10502362 end_us=10505387 dur_us=3025
UKL-MQTT-BENCH: BUFFULL run_id=try5-c1-cpu start_us=10508354 end_us=10512418 dur_us=4063
UKL-MQTT-BENCH: BUFFULL run_id=try5-c1-cpu start_us=10516083 end_us=10518409 dur_us=2326
UKL-MQTT-BENCH: BUFFULL run_id=try5-c1-cpu start_us=10521438 end_us=10524374 dur_us=2936
UKL-MQTT-BENCH: BUFFULL run_id=try5-c1-cpu start_us=10527365 end_us=10530369 dur_us=3004
UKL-MQTT-BENCH: BUFFULL run_id=try5-c1-cpu start_us=10533345 end_us=10536340 dur_us=2994
UKL-MQTT-BENCH: BUFFULL run_id=try5-c1-cpu start_us=10538688 end_us=10542380 dur_us=3691
UKL-MQTT-BENCH: BUFFULL run_id=try5-c1-cpu start_us=10545392 end_us=10548350 dur_us=2957
UKL-MQTT-BENCH: BUFFULL run_id=try5-c1-cpu start_us=10551331 end_us=10554360 dur_us=3028
UKL-MQTT-BENCH: BUFFULL run_id=try5-c1-cpu start_us=10557330 end_us=10560440 dur_us=3110
UKL-MQTT-BENCH: BUFFULL run_id=try5-c1-cpu start_us=10563398 end_us=10567389 dur_us=3990
UKL-MQTT-BENCH: BUFFULL run_id=try5-c1-cpu start_us=10570985 end_us=10573377 dur_us=2391
UKL-MQTT-BENCH: BUFFULL run_id=try5-c1-cpu start_us=10576335 end_us=10578332 dur_us=1996
UKL-MQTT-BENCH: BUFFULL run_id=try5-c1-cpu start_us=10580674 end_us=10583332 dur_us=2657
UKL-MQTT-BENCH: BUFFULL run_id=try5-c1-cpu start_us=10585688 end_us=10589422 dur_us=3733
UKL-MQTT-BENCH: BUFFULL run_id=try5-c1-cpu start_us=10592383 end_us=10595357 dur_us=2973
UKL-MQTT-BENCH: BUFFULL run_id=try5-c1-cpu start_us=10598385 end_us=10601366 dur_us=2981
UKL-MQTT-BENCH: BUFFULL run_id=try5-c1-cpu start_us=10604331 end_us=10606344 dur_us=2013
UKL-MQTT-BENCH: BUFFULL run_id=try5-c1-cpu start_us=10608709 end_us=10611329 dur_us=2619
UKL-MQTT-BENCH: BUFFULL run_id=try5-c1-cpu start_us=10613789 end_us=10617383 dur_us=3594
UKL-MQTT-BENCH: BUFFULL run_id=try5-c1-cpu start_us=10620376 end_us=10623375 dur_us=2999
UKL-MQTT-BENCH: BUFFULL run_id=try5-c1-cpu start_us=10626350 end_us=10628342 dur_us=1991
UKL-MQTT-BENCH: BUFFULL run_id=try5-c1-cpu start_us=10630722 end_us=10634358 dur_us=3635
UKL-MQTT-BENCH: BUFFULL run_id=try5-c1-cpu start_us=10637333 end_us=10640358 dur_us=3025
UKL-MQTT-BENCH: BUFFULL run_id=try5-c1-cpu start_us=10643335 end_us=10646346 dur_us=3011
UKL-MQTT-BENCH: BUFFULL run_id=try5-c1-cpu start_us=10649313 end_us=10652401 dur_us=3087
UKL-MQTT-BENCH: BUFFULL run_id=try5-c1-cpu start_us=10654751 end_us=10657641 dur_us=2890
UKL-MQTT-BENCH: BUFFULL run_id=try5-c1-cpu start_us=10660619 end_us=10663391 dur_us=2771
UKL-MQTT-BENCH: BUFFULL run_id=try5-c1-cpu start_us=10666369 end_us=10668325 dur_us=1956
UKL-MQTT-BENCH: BUFFULL run_id=try5-c1-cpu start_us=10670670 end_us=10673325 dur_us=2655
UKL-MQTT-BENCH: BUFFULL run_id=try5-c1-cpu start_us=10675671 end_us=10677287 dur_us=1616
UKL-MQTT-BENCH: BUFFULL run_id=try5-c1-cpu start_us=10679048 end_us=10684347 dur_us=5299
UKL-MQTT-BENCH: BUFFULL run_id=try5-c1-cpu start_us=10687917 end_us=10689384 dur_us=1466
UKL-MQTT-BENCH: BUFFULL run_id=try5-c1-cpu start_us=10692360 end_us=10697365 dur_us=5005
UKL-MQTT-BENCH: BUFFULL run_id=try5-c1-cpu start_us=10700932 end_us=10703351 dur_us=2419
UKL-MQTT-BENCH: BUFFULL run_id=try5-c1-cpu start_us=10706342 end_us=10712442 dur_us=6099
UKL-MQTT-BENCH: BUFFULL run_id=try5-c1-cpu start_us=10716694 end_us=10718375 dur_us=1680
UKL-MQTT-BENCH: BUFFULL run_id=try5-c1-cpu start_us=10721364 end_us=10725410 dur_us=4046
UKL-MQTT-BENCH: BUFFULL run_id=try5-c1-cpu start_us=10729010 end_us=10731345 dur_us=2335
UKL-MQTT-BENCH: BUFFULL run_id=try5-c1-cpu start_us=10733702 end_us=10737351 dur_us=3649
UKL-MQTT-BENCH: BUFFULL run_id=try5-c1-cpu start_us=10740927 end_us=10743379 dur_us=2451
UKL-MQTT-BENCH: BUFFULL run_id=try5-c1-cpu start_us=10746365 end_us=10750384 dur_us=4018
UKL-MQTT-BENCH: BUFFULL run_id=try5-c1-cpu start_us=10753959 end_us=10756365 dur_us=2406
UKL-MQTT-BENCH: BUFFULL run_id=try5-c1-cpu start_us=10759330 end_us=10763397 dur_us=4067
UKL-MQTT-BENCH: BUFFULL run_id=try5-c1-cpu start_us=10766992 end_us=10768334 dur_us=1342
UKL-MQTT-BENCH: BUFFULL run_id=try5-c1-cpu start_us=10770694 end_us=10774379 dur_us=3684
UKL-MQTT-BENCH: BUFFULL run_id=try5-c1-cpu start_us=10777348 end_us=10780361 dur_us=3012
UKL-MQTT-BENCH: BUFFULL run_id=try5-c1-cpu start_us=10783340 end_us=10787389 dur_us=4049
UKL-MQTT-BENCH: BUFFULL run_id=try5-c1-cpu start_us=10790466 end_us=10792363 dur_us=1896
UKL-MQTT-BENCH: BUFFULL run_id=try5-c1-cpu start_us=10794710 end_us=10798378 dur_us=3667
UKL-MQTT-BENCH: BUFFULL run_id=try5-c1-cpu start_us=10801343 end_us=10803353 dur_us=2010
UKL-MQTT-BENCH: BUFFULL run_id=try5-c1-cpu start_us=10806329 end_us=10809380 dur_us=3051
UKL-MQTT-BENCH: BUFFULL run_id=try5-c1-cpu start_us=10812368 end_us=10814385 dur_us=2017
UKL-MQTT-BENCH: BUFFULL run_id=try5-c1-cpu start_us=10816741 end_us=10820384 dur_us=3642
UKL-MQTT-BENCH: BUFFULL run_id=try5-c1-cpu start_us=10823352 end_us=10826358 dur_us=3006
UKL-MQTT-BENCH: BUFFULL run_id=try5-c1-cpu start_us=10828711 end_us=10832357 dur_us=3645
UKL-MQTT-BENCH: BUFFULL run_id=try5-c1-cpu start_us=10835344 end_us=10837404 dur_us=2059
UKL-MQTT-BENCH: BUFFULL run_id=try5-c1-cpu start_us=10840377 end_us=10843344 dur_us=2966
UKL-MQTT-BENCH: BUFFULL run_id=try5-c1-cpu start_us=10845701 end_us=10847330 dur_us=1628
UKL-MQTT-BENCH: BUFFULL run_id=try5-c1-cpu start_us=10849687 end_us=10854445 dur_us=4758
UKL-MQTT-BENCH: BUFFULL run_id=try5-c1-cpu start_us=10858266 end_us=10860365 dur_us=2099
UKL-MQTT-BENCH: BUFFULL run_id=try5-c1-cpu start_us=10862731 end_us=10866365 dur_us=3633
UKL-MQTT-BENCH: BUFFULL run_id=try5-c1-cpu start_us=10869339 end_us=10872341 dur_us=3002
UKL-MQTT-BENCH: BUFFULL run_id=try5-c1-cpu start_us=10874772 end_us=10877371 dur_us=2599
UKL-MQTT-BENCH: BUFFULL run_id=try5-c1-cpu start_us=10880346 end_us=10883368 dur_us=3022
UKL-MQTT-BENCH: BUFFULL run_id=try5-c1-cpu start_us=10886356 end_us=10890423 dur_us=4066
UKL-MQTT-BENCH: BUFFULL run_id=try5-c1-cpu start_us=10896114 end_us=10900369 dur_us=4254
UKL-MQTT-BENCH: BUFFULL run_id=try5-c1-cpu start_us=10904738 end_us=10909346 dur_us=4608
UKL-MQTT-BENCH: BUFFULL run_id=try5-c1-cpu start_us=10912324 end_us=10915378 dur_us=3054
UKL-MQTT-BENCH: BUFFULL run_id=try5-c1-cpu start_us=10918388 end_us=10921375 dur_us=2987
UKL-MQTT-BENCH: BUFFULL run_id=try5-c1-cpu start_us=10924367 end_us=10926344 dur_us=1976
UKL-MQTT-BENCH: BUFFULL run_id=try5-c1-cpu start_us=10928704 end_us=10932371 dur_us=3666
UKL-MQTT-BENCH: BUFFULL run_id=try5-c1-cpu start_us=10935350 end_us=10938359 dur_us=3009
UKL-MQTT-BENCH: BUFFULL run_id=try5-c1-cpu start_us=10941352 end_us=10945440 dur_us=4087
UKL-MQTT-BENCH: BUFFULL run_id=try5-c1-cpu start_us=10949025 end_us=10951386 dur_us=2361
UKL-MQTT-BENCH: BUFFULL run_id=try5-c1-cpu start_us=10953740 end_us=10956358 dur_us=2617
UKL-MQTT-BENCH: BUFFULL run_id=try5-c1-cpu start_us=10959320 end_us=10961360 dur_us=2039
UKL-MQTT-BENCH: BUFFULL run_id=try5-c1-cpu start_us=10963706 end_us=10965283 dur_us=1576
UKL-MQTT-BENCH: BUFFULL run_id=try5-c1-cpu start_us=10967031 end_us=10969341 dur_us=2310
UKL-MQTT-BENCH: BUFFULL run_id=try5-c1-cpu start_us=10971690 end_us=10975355 dur_us=3665
UKL-MQTT-BENCH: BUFFULL run_id=try5-c1-cpu start_us=10978336 end_us=10981398 dur_us=3061
UKL-MQTT-BENCH: BUFFULL run_id=try5-c1-cpu start_us=10984395 end_us=10988356 dur_us=3961
UKL-MQTT-BENCH: BUFFULL run_id=try5-c1-cpu start_us=10991338 end_us=10994344 dur_us=3005
UKL-MQTT-BENCH: BUFFULL run_id=try5-c1-cpu start_us=10997318 end_us=11000369 dur_us=3051
UKL-MQTT-BENCH: BUFFULL run_id=try5-c1-cpu start_us=11003331 end_us=11006357 dur_us=3026
UKL-MQTT-BENCH: BUFFULL run_id=try5-c1-cpu start_us=11009325 end_us=11012375 dur_us=3050
UKL-MQTT-BENCH: BUFFULL run_id=try5-c1-cpu start_us=11015363 end_us=11018375 dur_us=3011
UKL-MQTT-BENCH: BUFFULL run_id=try5-c1-cpu start_us=11021359 end_us=11024373 dur_us=3014
UKL-MQTT-BENCH: BUFFULL run_id=try5-c1-cpu start_us=11027360 end_us=11029349 dur_us=1988
UKL-MQTT-BENCH: BUFFULL run_id=try5-c1-cpu start_us=11031764 end_us=11036012 dur_us=4247
UKL-MQTT-BENCH: BUFFULL run_id=try5-c1-cpu start_us=11039105 end_us=11042394 dur_us=3288
UKL-MQTT-BENCH: BUFFULL run_id=try5-c1-cpu start_us=11045385 end_us=11048372 dur_us=2987
UKL-MQTT-BENCH: BUFFULL run_id=try5-c1-cpu start_us=11051352 end_us=11053354 dur_us=2001
UKL-MQTT-BENCH: BUFFULL run_id=try5-c1-cpu start_us=11055700 end_us=11059362 dur_us=3661
UKL-MQTT-BENCH: BUFFULL run_id=try5-c1-cpu start_us=11062327 end_us=11065362 dur_us=3035
UKL-MQTT-BENCH: BUFFULL run_id=try5-c1-cpu start_us=11068334 end_us=11072413 dur_us=4078
UKL-MQTT-BENCH: BUFFULL run_id=try5-c1-cpu start_us=11076009 end_us=11078387 dur_us=2377
UKL-MQTT-BENCH: BUFFULL run_id=try5-c1-cpu start_us=11081374 end_us=11084351 dur_us=2976
UKL-MQTT-BENCH: BUFFULL run_id=try5-c1-cpu start_us=11087324 end_us=11090369 dur_us=3044
UKL-MQTT-BENCH: BUFFULL run_id=try5-c1-cpu start_us=11093337 end_us=11097399 dur_us=4062
UKL-MQTT-BENCH: BUFFULL run_id=try5-c1-cpu start_us=11101096 end_us=11103426 dur_us=2329
UKL-MQTT-BENCH: BUFFULL run_id=try5-c1-cpu start_us=11106404 end_us=11110403 dur_us=3998
UKL-MQTT-BENCH: BUFFULL run_id=try5-c1-cpu start_us=11113386 end_us=11115367 dur_us=1980
UKL-MQTT-BENCH: BUFFULL run_id=try5-c1-cpu start_us=11117774 end_us=11121402 dur_us=3628
UKL-MQTT-BENCH: BUFFULL run_id=try5-c1-cpu start_us=11124373 end_us=11126347 dur_us=1974
UKL-MQTT-BENCH: BUFFULL run_id=try5-c1-cpu start_us=11128736 end_us=11132382 dur_us=3646
UKL-MQTT-BENCH: BUFFULL run_id=try5-c1-cpu start_us=11135349 end_us=11137389 dur_us=2040
UKL-MQTT-BENCH: BUFFULL run_id=try5-c1-cpu start_us=11140371 end_us=11143351 dur_us=2979
UKL-MQTT-BENCH: BUFFULL run_id=try5-c1-cpu start_us=11145711 end_us=11149371 dur_us=3659
UKL-MQTT-BENCH: BUFFULL run_id=try5-c1-cpu start_us=11152376 end_us=11154379 dur_us=2003
UKL-MQTT-BENCH: BUFFULL run_id=try5-c1-cpu start_us=11157350 end_us=11160409 dur_us=3058
UKL-MQTT-BENCH: BUFFULL run_id=try5-c1-cpu start_us=11162755 end_us=11166397 dur_us=3641
UKL-MQTT-BENCH: BUFFULL run_id=try5-c1-cpu start_us=11169363 end_us=11172392 dur_us=3029
UKL-MQTT-BENCH: BUFFULL run_id=try5-c1-cpu start_us=11175351 end_us=11177358 dur_us=2007
UKL-MQTT-BENCH: BUFFULL run_id=try5-c1-cpu start_us=11179697 end_us=11182333 dur_us=2635
UKL-MQTT-BENCH: BUFFULL run_id=try5-c1-cpu start_us=11184690 end_us=11187344 dur_us=2654
UKL-MQTT-BENCH: BUFFULL run_id=try5-c1-cpu start_us=11192014 end_us=11196367 dur_us=4353
UKL-MQTT-BENCH: BUFFULL run_id=try5-c1-cpu start_us=11199343 end_us=11202364 dur_us=3021
UKL-MQTT-BENCH: BUFFULL run_id=try5-c1-cpu start_us=11205335 end_us=11208348 dur_us=3013
UKL-MQTT-BENCH: BUFFULL run_id=try5-c1-cpu start_us=11211313 end_us=11214353 dur_us=3039
UKL-MQTT-BENCH: BUFFULL run_id=try5-c1-cpu start_us=11217341 end_us=11220369 dur_us=3027
UKL-MQTT-BENCH: BUFFULL run_id=try5-c1-cpu start_us=11223323 end_us=11227417 dur_us=4094
UKL-MQTT-BENCH: BUFFULL run_id=try5-c1-cpu start_us=11231000 end_us=11234388 dur_us=3387
UKL-MQTT-BENCH: BUFFULL run_id=try5-c1-cpu start_us=11237364 end_us=11240380 dur_us=3015
UKL-MQTT-BENCH: BUFFULL run_id=try5-c1-cpu start_us=11243348 end_us=11247408 dur_us=4060
UKL-MQTT-BENCH: BUFFULL run_id=try5-c1-cpu start_us=11250969 end_us=11253403 dur_us=2433
UKL-MQTT-BENCH: BUFFULL run_id=try5-c1-cpu start_us=11256447 end_us=11259396 dur_us=2949
UKL-MQTT-BENCH: BUFFULL run_id=try5-c1-cpu start_us=11262375 end_us=11265376 dur_us=3001
UKL-MQTT-BENCH: BUFFULL run_id=try5-c1-cpu start_us=11268341 end_us=11272375 dur_us=4034
UKL-MQTT-BENCH: BUFFULL run_id=try5-c1-cpu start_us=11275364 end_us=11278425 dur_us=3061
UKL-MQTT-BENCH: BUFFULL run_id=try5-c1-cpu start_us=11282029 end_us=11284431 dur_us=2401
UKL-MQTT-BENCH: BUFFULL run_id=try5-c1-cpu start_us=11287405 end_us=11291373 dur_us=3968
UKL-MQTT-BENCH: BUFFULL run_id=try5-c1-cpu start_us=11294338 end_us=11297366 dur_us=3027
UKL-MQTT-BENCH: BUFFULL run_id=try5-c1-cpu start_us=11300344 end_us=11304406 dur_us=4062
UKL-MQTT-BENCH: BUFFULL run_id=try5-c1-cpu start_us=11307982 end_us=11310372 dur_us=2389
UKL-MQTT-BENCH: BUFFULL run_id=try5-c1-cpu start_us=11313345 end_us=11317429 dur_us=4084
UKL-MQTT-BENCH: BUFFULL run_id=try5-c1-cpu start_us=11320421 end_us=11322347 dur_us=1925
UKL-MQTT-BENCH: BUFFULL run_id=try5-c1-cpu start_us=11325332 end_us=11328341 dur_us=3009
UKL-MQTT-BENCH: BUFFULL run_id=try5-c1-cpu start_us=11332044 end_us=11336369 dur_us=4324
UKL-MQTT-BENCH: BUFFULL run_id=try5-c1-cpu start_us=11339347 end_us=11342367 dur_us=3020
UKL-MQTT-BENCH: BUFFULL run_id=try5-c1-cpu start_us=11345340 end_us=11348362 dur_us=3022
UKL-MQTT-BENCH: BUFFULL run_id=try5-c1-cpu start_us=11351318 end_us=11355375 dur_us=4056
UKL-MQTT-BENCH: BUFFULL run_id=try5-c1-cpu start_us=11358963 end_us=11361381 dur_us=2417
UKL-MQTT-BENCH: BUFFULL run_id=try5-c1-cpu start_us=11364351 end_us=11367352 dur_us=3001
UKL-MQTT-BENCH: BUFFULL run_id=try5-c1-cpu start_us=11370323 end_us=11373384 dur_us=3061
UKL-MQTT-BENCH: BUFFULL run_id=try5-c1-cpu start_us=11376343 end_us=11380409 dur_us=4066
UKL-MQTT-BENCH: BUFFULL run_id=try5-c1-cpu start_us=11383994 end_us=11386369 dur_us=2375
UKL-MQTT-BENCH: BUFFULL run_id=try5-c1-cpu start_us=11389345 end_us=11392348 dur_us=3002
UKL-MQTT-BENCH: BUFFULL run_id=try5-c1-cpu start_us=11395313 end_us=11398345 dur_us=3031
UKL-MQTT-BENCH: BUFFULL run_id=try5-c1-cpu start_us=11400685 end_us=11404368 dur_us=3682
UKL-MQTT-BENCH: BUFFULL run_id=try5-c1-cpu start_us=11407321 end_us=11409407 dur_us=2085
UKL-MQTT-BENCH: BUFFULL run_id=try5-c1-cpu start_us=11412368 end_us=11415338 dur_us=2970
UKL-MQTT-BENCH: BUFFULL run_id=try5-c1-cpu start_us=11417680 end_us=11420520 dur_us=2839
UKL-MQTT-BENCH: BUFFULL run_id=try5-c1-cpu start_us=11423539 end_us=11425360 dur_us=1820
UKL-MQTT-BENCH: BUFFULL run_id=try5-c1-cpu start_us=11427740 end_us=11431381 dur_us=3640
UKL-MQTT-BENCH: BUFFULL run_id=try5-c1-cpu start_us=11434377 end_us=11437377 dur_us=3000
UKL-MQTT-BENCH: BUFFULL run_id=try5-c1-cpu start_us=11440362 end_us=11443368 dur_us=3006
UKL-MQTT-BENCH: BUFFULL run_id=try5-c1-cpu start_us=11445752 end_us=11449354 dur_us=3601
UKL-MQTT-BENCH: BUFFULL run_id=try5-c1-cpu start_us=11452319 end_us=11453351 dur_us=1031
UKL-MQTT-BENCH: BUFFULL run_id=try5-c1-cpu start_us=11455715 end_us=11457287 dur_us=1572
UKL-MQTT-BENCH: BUFFULL run_id=try5-c1-cpu start_us=11459009 end_us=11464381 dur_us=5371
UKL-MQTT-BENCH: BUFFULL run_id=try5-c1-cpu start_us=11467941 end_us=11469344 dur_us=1402
UKL-MQTT-BENCH: BUFFULL run_id=try5-c1-cpu start_us=11471672 end_us=11476386 dur_us=4713
UKL-MQTT-BENCH: BUFFULL run_id=try5-c1-cpu start_us=11479941 end_us=11481347 dur_us=1405
UKL-MQTT-BENCH: BUFFULL run_id=try5-c1-cpu start_us=11483702 end_us=11487370 dur_us=3668
UKL-MQTT-BENCH: BUFFULL run_id=try5-c1-cpu start_us=11490322 end_us=11492335 dur_us=2012
UKL-MQTT-BENCH: BUFFULL run_id=try5-c1-cpu start_us=11494672 end_us=11498333 dur_us=3661
UKL-MQTT-BENCH: BUFFULL run_id=try5-c1-cpu start_us=11501323 end_us=11504380 dur_us=3056
UKL-MQTT-BENCH: BUFFULL run_id=try5-c1-cpu start_us=11507336 end_us=11509342 dur_us=2006
UKL-MQTT-BENCH: BUFFULL run_id=try5-c1-cpu start_us=11511686 end_us=11516406 dur_us=4720
UKL-MQTT-BENCH: BUFFULL run_id=try5-c1-cpu start_us=11519993 end_us=11521323 dur_us=1329
UKL-MQTT-BENCH: BUFFULL run_id=try5-c1-cpu start_us=11523727 end_us=11529397 dur_us=5669
UKL-MQTT-BENCH: BUFFULL run_id=try5-c1-cpu start_us=11532998 end_us=11535362 dur_us=2364
UKL-MQTT-BENCH: BUFFULL run_id=try5-c1-cpu start_us=11538327 end_us=11542414 dur_us=4086
UKL-MQTT-BENCH: BUFFULL run_id=try5-c1-cpu start_us=11546009 end_us=11548361 dur_us=2352
UKL-MQTT-BENCH: BUFFULL run_id=try5-c1-cpu start_us=11551318 end_us=11554392 dur_us=3073
UKL-MQTT-BENCH: BUFFULL run_id=try5-c1-cpu start_us=11557366 end_us=11561410 dur_us=4043
UKL-MQTT-BENCH: BUFFULL run_id=try5-c1-cpu start_us=11564981 end_us=11567377 dur_us=2396
UKL-MQTT-BENCH: BUFFULL run_id=try5-c1-cpu start_us=11570386 end_us=11573372 dur_us=2985
UKL-MQTT-BENCH: BUFFULL run_id=try5-c1-cpu start_us=11576339 end_us=11578344 dur_us=2004
UKL-MQTT-BENCH: BUFFULL run_id=try5-c1-cpu start_us=11580692 end_us=11584363 dur_us=3671
UKL-MQTT-BENCH: BUFFULL run_id=try5-c1-cpu start_us=11587326 end_us=11590350 dur_us=3023
UKL-MQTT-BENCH: BUFFULL run_id=try5-c1-cpu start_us=11593341 end_us=11596361 dur_us=3020
UKL-MQTT-BENCH: BUFFULL run_id=try5-c1-cpu start_us=11599323 end_us=11601379 dur_us=2056
UKL-MQTT-BENCH: BUFFULL run_id=try5-c1-cpu start_us=11603715 end_us=11608365 dur_us=4649
UKL-MQTT-BENCH: BUFFULL run_id=try5-c1-cpu start_us=11611318 end_us=11613357 dur_us=2039
UKL-MQTT-BENCH: BUFFULL run_id=try5-c1-cpu start_us=11616305 end_us=11619376 dur_us=3070
UKL-MQTT-BENCH: BUFFULL run_id=try5-c1-cpu start_us=11622329 end_us=11625429 dur_us=3099
UKL-MQTT-BENCH: BUFFULL run_id=try5-c1-cpu start_us=11627955 end_us=11632410 dur_us=4455
UKL-MQTT-BENCH: BUFFULL run_id=try5-c1-cpu start_us=11636015 end_us=11637351 dur_us=1335
UKL-MQTT-BENCH: BUFFULL run_id=try5-c1-cpu start_us=11639706 end_us=11643377 dur_us=3670
UKL-MQTT-BENCH: BUFFULL run_id=try5-c1-cpu start_us=11646404 end_us=11648340 dur_us=1936
UKL-MQTT-BENCH: BUFFULL run_id=try5-c1-cpu start_us=11650690 end_us=11654369 dur_us=3678
UKL-MQTT-BENCH: BUFFULL run_id=try5-c1-cpu start_us=11657364 end_us=11660372 dur_us=3008
UKL-MQTT-BENCH: BUFFULL run_id=try5-c1-cpu start_us=11663331 end_us=11665351 dur_us=2019
UKL-MQTT-BENCH: BUFFULL run_id=try5-c1-cpu start_us=11667701 end_us=11671356 dur_us=3654
UKL-MQTT-BENCH: BUFFULL run_id=try5-c1-cpu start_us=11674303 end_us=11677371 dur_us=3068
UKL-MQTT-BENCH: BUFFULL run_id=try5-c1-cpu start_us=11680312 end_us=11682393 dur_us=2081
UKL-MQTT-BENCH: BUFFULL run_id=try5-c1-cpu start_us=11684769 end_us=11688423 dur_us=3654
UKL-MQTT-BENCH: BUFFULL run_id=try5-c1-cpu start_us=11691378 end_us=11694397 dur_us=3018
UKL-MQTT-BENCH: BUFFULL run_id=try5-c1-cpu start_us=11697348 end_us=11699339 dur_us=1991
UKL-MQTT-BENCH: BUFFULL run_id=try5-c1-cpu start_us=11701682 end_us=11703252 dur_us=1569
UKL-MQTT-BENCH: BUFFULL run_id=try5-c1-cpu start_us=11705312 end_us=11708337 dur_us=3025
UKL-MQTT-BENCH: BUFFULL run_id=try5-c1-cpu start_us=11710674 end_us=11714360 dur_us=3685
UKL-MQTT-BENCH: BUFFULL run_id=try5-c1-cpu start_us=11717325 end_us=11720402 dur_us=3076
UKL-MQTT-BENCH: BUFFULL run_id=try5-c1-cpu start_us=11723971 end_us=11727387 dur_us=3415
UKL-MQTT-BENCH: BUFFULL run_id=try5-c1-cpu start_us=11730432 end_us=11733370 dur_us=2937
UKL-MQTT-BENCH: BUFFULL run_id=try5-c1-cpu start_us=11736350 end_us=11739369 dur_us=3019
UKL-MQTT-BENCH: BUFFULL run_id=try5-c1-cpu start_us=11742336 end_us=11746427 dur_us=4091
UKL-MQTT-BENCH: BUFFULL run_id=try5-c1-cpu start_us=11749987 end_us=11752458 dur_us=2470
UKL-MQTT-BENCH: BUFFULL run_id=try5-c1-cpu start_us=11755465 end_us=11758451 dur_us=2986
UKL-MQTT-BENCH: BUFFULL run_id=try5-c1-cpu start_us=11761415 end_us=11764330 dur_us=2914
UKL-MQTT-BENCH: BUFFULL run_id=try5-c1-cpu start_us=11766675 end_us=11769334 dur_us=2658
UKL-MQTT-BENCH: BUFFULL run_id=try5-c1-cpu start_us=11773021 end_us=11778367 dur_us=5345
UKL-MQTT-BENCH: BUFFULL run_id=try5-c1-cpu start_us=11781933 end_us=11784388 dur_us=2454
UKL-MQTT-BENCH: BUFFULL run_id=try5-c1-cpu start_us=11787343 end_us=11790360 dur_us=3017
UKL-MQTT-BENCH: BUFFULL run_id=try5-c1-cpu start_us=11793328 end_us=11796356 dur_us=3027
UKL-MQTT-BENCH: BUFFULL run_id=try5-c1-cpu start_us=11799345 end_us=11802352 dur_us=3006
UKL-MQTT-BENCH: BUFFULL run_id=try5-c1-cpu start_us=11804692 end_us=11809376 dur_us=4684
UKL-MQTT-BENCH: BUFFULL run_id=try5-c1-cpu start_us=11812951 end_us=11814359 dur_us=1408
UKL-MQTT-BENCH: BUFFULL run_id=try5-c1-cpu start_us=11817321 end_us=11822412 dur_us=5090
UKL-MQTT-BENCH: BUFFULL run_id=try5-c1-cpu start_us=11825992 end_us=11827366 dur_us=1373
UKL-MQTT-BENCH: BUFFULL run_id=try5-c1-cpu start_us=11830392 end_us=11834394 dur_us=4002
UKL-MQTT-BENCH: BUFFULL run_id=try5-c1-cpu start_us=11837359 end_us=11840363 dur_us=3003
UKL-MQTT-BENCH: BUFFULL run_id=try5-c1-cpu start_us=11843330 end_us=11846364 dur_us=3033
UKL-MQTT-BENCH: BUFFULL run_id=try5-c1-cpu start_us=11849347 end_us=11852360 dur_us=3012
UKL-MQTT-BENCH: BUFFULL run_id=try5-c1-cpu start_us=11855348 end_us=11858344 dur_us=2996
UKL-MQTT-BENCH: BUFFULL run_id=try5-c1-cpu start_us=11861315 end_us=11864398 dur_us=3082
UKL-MQTT-BENCH: BUFFULL run_id=try5-c1-cpu start_us=11867359 end_us=11871405 dur_us=4045
UKL-MQTT-BENCH: BUFFULL run_id=try5-c1-cpu start_us=11874977 end_us=11877410 dur_us=2432
UKL-MQTT-BENCH: BUFFULL run_id=try5-c1-cpu start_us=11880380 end_us=11884358 dur_us=3977
UKL-MQTT-BENCH: BUFFULL run_id=try5-c1-cpu start_us=11887330 end_us=11890364 dur_us=3034
UKL-MQTT-BENCH: BUFFULL run_id=try5-c1-cpu start_us=11893327 end_us=11895242 dur_us=1915
UKL-MQTT-BENCH: BUFFULL run_id=try5-c1-cpu start_us=11897602 end_us=11902362 dur_us=4760
UKL-MQTT-BENCH: BUFFULL run_id=try5-c1-cpu start_us=11905943 end_us=11907342 dur_us=1398
UKL-MQTT-BENCH: BUFFULL run_id=try5-c1-cpu start_us=11909684 end_us=11914366 dur_us=4681
UKL-MQTT-BENCH: BUFFULL run_id=try5-c1-cpu start_us=11917961 end_us=11920401 dur_us=2439
UKL-MQTT-BENCH: BUFFULL run_id=try5-c1-cpu start_us=11923382 end_us=11927408 dur_us=4026
UKL-MQTT-BENCH: BUFFULL run_id=try5-c1-cpu start_us=11930974 end_us=11933383 dur_us=2408
UKL-MQTT-BENCH: BUFFULL run_id=try5-c1-cpu start_us=11935741 end_us=11939388 dur_us=3647
UKL-MQTT-BENCH: BUFFULL run_id=try5-c1-cpu start_us=11942380 end_us=11944331 dur_us=1951
UKL-MQTT-BENCH: BUFFULL run_id=try5-c1-cpu start_us=11946676 end_us=11948333 dur_us=1656
UKL-MQTT-BENCH: BUFFULL run_id=try5-c1-cpu start_us=11950682 end_us=11953363 dur_us=2681
UKL-MQTT-BENCH: BUFFULL run_id=try5-c1-cpu start_us=11955702 end_us=11960388 dur_us=4686
UKL-MQTT-BENCH: BUFFULL run_id=try5-c1-cpu start_us=11963980 end_us=11965345 dur_us=1364
UKL-MQTT-BENCH: BUFFULL run_id=try5-c1-cpu start_us=11967692 end_us=11971399 dur_us=3707
UKL-MQTT-BENCH: BUFFULL run_id=try5-c1-cpu start_us=11974363 end_us=11977405 dur_us=3041
UKL-MQTT-BENCH: BUFFULL run_id=try5-c1-cpu start_us=11979752 end_us=11983336 dur_us=3584
UKL-MQTT-BENCH: BUFFULL run_id=try5-c1-cpu start_us=11986310 end_us=11988368 dur_us=2058
UKL-MQTT-BENCH: BUFFULL run_id=try5-c1-cpu start_us=11994038 end_us=11998364 dur_us=4326
UKL-MQTT-BENCH: BUFFULL run_id=try5-c1-cpu start_us=12001326 end_us=12004348 dur_us=3021
UKL-MQTT-BENCH: BUFFULL run_id=try5-c1-cpu start_us=12007329 end_us=12011419 dur_us=4090
UKL-MQTT-BENCH: BUFFULL run_id=try5-c1-cpu start_us=12014971 end_us=12017381 dur_us=2410
UKL-MQTT-BENCH: BUFFULL run_id=try5-c1-cpu start_us=12019722 end_us=12023411 dur_us=3688
UKL-MQTT-BENCH: BUFFULL run_id=try5-c1-cpu start_us=12026973 end_us=12029341 dur_us=2368
UKL-MQTT-BENCH: BUFFULL run_id=try5-c1-cpu start_us=12031675 end_us=12034354 dur_us=2678
UKL-MQTT-BENCH: BUFFULL run_id=try5-c1-cpu start_us=12036783 end_us=12039358 dur_us=2575
UKL-MQTT-BENCH: BUFFULL run_id=try5-c1-cpu start_us=12041703 end_us=12045375 dur_us=3671
UKL-MQTT-BENCH: BUFFULL run_id=try5-c1-cpu start_us=12048348 end_us=12050370 dur_us=2021
UKL-MQTT-BENCH: BUFFULL run_id=try5-c1-cpu start_us=12053354 end_us=12056344 dur_us=2990
UKL-MQTT-BENCH: BUFFULL run_id=try5-c1-cpu start_us=12058686 end_us=12062369 dur_us=3682
UKL-MQTT-BENCH: BUFFULL run_id=try5-c1-cpu start_us=12065330 end_us=12067331 dur_us=2000
UKL-MQTT-BENCH: BUFFULL run_id=try5-c1-cpu start_us=12069688 end_us=12073367 dur_us=3678
UKL-MQTT-BENCH: BUFFULL run_id=try5-c1-cpu start_us=12076318 end_us=12079367 dur_us=3049
UKL-MQTT-BENCH: BUFFULL run_id=try5-c1-cpu start_us=12082319 end_us=12085356 dur_us=3037
UKL-MQTT-BENCH: BUFFULL run_id=try5-c1-cpu start_us=12088305 end_us=12090398 dur_us=2093
UKL-MQTT-BENCH: BUFFULL run_id=try5-c1-cpu start_us=12092729 end_us=12096355 dur_us=3626
UKL-MQTT-BENCH: BUFFULL run_id=try5-c1-cpu start_us=12099311 end_us=12102365 dur_us=3054
UKL-MQTT-BENCH: BUFFULL run_id=try5-c1-cpu start_us=12105398 end_us=12107331 dur_us=1932
UKL-MQTT-BENCH: BUFFULL run_id=try5-c1-cpu start_us=12109665 end_us=12112341 dur_us=2675
UKL-MQTT-BENCH: BUFFULL run_id=try5-c1-cpu start_us=12117073 end_us=12122379 dur_us=5306
UKL-MQTT-BENCH: BUFFULL run_id=try5-c1-cpu start_us=12125943 end_us=12127345 dur_us=1402
UKL-MQTT-BENCH: BUFFULL run_id=try5-c1-cpu start_us=12129689 end_us=12135369 dur_us=5680
UKL-MQTT-BENCH: BUFFULL run_id=try5-c1-cpu start_us=12138971 end_us=12140398 dur_us=1426
UKL-MQTT-BENCH: BUFFULL run_id=try5-c1-cpu start_us=12143383 end_us=12148423 dur_us=5039
UKL-MQTT-BENCH: BUFFULL run_id=try5-c1-cpu start_us=12151996 end_us=12153336 dur_us=1340
UKL-MQTT-BENCH: BUFFULL run_id=try5-c1-cpu start_us=12155686 end_us=12160404 dur_us=4718
UKL-MQTT-BENCH: BUFFULL run_id=try5-c1-cpu start_us=12163985 end_us=12165346 dur_us=1360
UKL-MQTT-BENCH: BUFFULL run_id=try5-c1-cpu start_us=12167682 end_us=12171359 dur_us=3677
UKL-MQTT-BENCH: BUFFULL run_id=try5-c1-cpu start_us=12174300 end_us=12176578 dur_us=2278
UKL-MQTT-BENCH: BUFFULL run_id=try5-c1-cpu start_us=12179535 end_us=12183374 dur_us=3839
UKL-MQTT-BENCH: BUFFULL run_id=try5-c1-cpu start_us=12186348 end_us=12189361 dur_us=3013
UKL-MQTT-BENCH: BUFFULL run_id=try5-c1-cpu start_us=12192331 end_us=12195355 dur_us=3024
UKL-MQTT-BENCH: BUFFULL run_id=try5-c1-cpu start_us=12198319 end_us=12201375 dur_us=3055
UKL-MQTT-BENCH: BUFFULL run_id=try5-c1-cpu start_us=12203899 end_us=12208407 dur_us=4507
UKL-MQTT-BENCH: BUFFULL run_id=try5-c1-cpu start_us=12211574 end_us=12213345 dur_us=1771
UKL-MQTT-BENCH: BUFFULL run_id=try5-c1-cpu start_us=12215769 end_us=12218355 dur_us=2586
UKL-MQTT-BENCH: BUFFULL run_id=try5-c1-cpu start_us=12220731 end_us=12224380 dur_us=3648
UKL-MQTT-BENCH: BUFFULL run_id=try5-c1-cpu start_us=12227365 end_us=12230405 dur_us=3040
UKL-MQTT-BENCH: BUFFULL run_id=try5-c1-cpu start_us=12233379 end_us=12236352 dur_us=2973
UKL-MQTT-BENCH: BUFFULL run_id=try5-c1-cpu start_us=12238701 end_us=12242469 dur_us=3768
UKL-MQTT-BENCH: BUFFULL run_id=try5-c1-cpu start_us=12246099 end_us=12248362 dur_us=2262
UKL-MQTT-BENCH: BUFFULL run_id=try5-c1-cpu start_us=12250700 end_us=12254384 dur_us=3683
UKL-MQTT-BENCH: BUFFULL run_id=try5-c1-cpu start_us=12257461 end_us=12259348 dur_us=1887
UKL-MQTT-BENCH: BUFFULL run_id=try5-c1-cpu start_us=12261699 end_us=12265382 dur_us=3683
UKL-MQTT-BENCH: BUFFULL run_id=try5-c1-cpu start_us=12268351 end_us=12271381 dur_us=3029
UKL-MQTT-BENCH: BUFFULL run_id=try5-c1-cpu start_us=12274348 end_us=12277349 dur_us=3001
UKL-MQTT-BENCH: BUFFULL run_id=try5-c1-cpu start_us=12279684 end_us=12283410 dur_us=3726
UKL-MQTT-BENCH: BUFFULL run_id=try5-c1-cpu start_us=12286997 end_us=12288371 dur_us=1373
UKL-MQTT-BENCH: BUFFULL run_id=try5-c1-cpu start_us=12290714 end_us=12295357 dur_us=4642
UKL-MQTT-BENCH: BUFFULL run_id=try5-c1-cpu start_us=12298306 end_us=12300339 dur_us=2033
UKL-MQTT-BENCH: BUFFULL run_id=try5-c1-cpu start_us=12302676 end_us=12306376 dur_us=3700
UKL-MQTT-BENCH: BUFFULL run_id=try5-c1-cpu start_us=12309340 end_us=12311356 dur_us=2016
UKL-MQTT-BENCH: BUFFULL run_id=try5-c1-cpu start_us=12313704 end_us=12317382 dur_us=3677
UKL-MQTT-BENCH: BUFFULL run_id=try5-c1-cpu start_us=12320336 end_us=12323356 dur_us=3019
UKL-MQTT-BENCH: BUFFULL run_id=try5-c1-cpu start_us=12326320 end_us=12329380 dur_us=3060
UKL-MQTT-BENCH: BUFFULL run_id=try5-c1-cpu start_us=12332353 end_us=12334344 dur_us=1990
UKL-MQTT-BENCH: BUFFULL run_id=try5-c1-cpu start_us=12336704 end_us=12340362 dur_us=3657
UKL-MQTT-BENCH: BUFFULL run_id=try5-c1-cpu start_us=12343389 end_us=12345357 dur_us=1967
UKL-MQTT-BENCH: BUFFULL run_id=try5-c1-cpu start_us=12347706 end_us=12351381 dur_us=3675
UKL-MQTT-BENCH: BUFFULL run_id=try5-c1-cpu start_us=12354351 end_us=12357372 dur_us=3020
UKL-MQTT-BENCH: BUFFULL run_id=try5-c1-cpu start_us=12360333 end_us=12363365 dur_us=3032
UKL-MQTT-BENCH: BUFFULL run_id=try5-c1-cpu start_us=12365707 end_us=12368360 dur_us=2653
UKL-MQTT-BENCH: BUFFULL run_id=try5-c1-cpu start_us=12371329 end_us=12374382 dur_us=3053
UKL-MQTT-BENCH: BUFFULL run_id=try5-c1-cpu start_us=12377347 end_us=12380371 dur_us=3024
UKL-MQTT-BENCH: BUFFULL run_id=try5-c1-cpu start_us=12382717 end_us=12386370 dur_us=3653
UKL-MQTT-BENCH: BUFFULL run_id=try5-c1-cpu start_us=12389335 end_us=12391355 dur_us=2019
UKL-MQTT-BENCH: BUFFULL run_id=try5-c1-cpu start_us=12394326 end_us=12398356 dur_us=4029
UKL-MQTT-BENCH: BUFFULL run_id=try5-c1-cpu start_us=12401329 end_us=12404362 dur_us=3033
UKL-MQTT-BENCH: BUFFULL run_id=try5-c1-cpu start_us=12407345 end_us=12410383 dur_us=3037
UKL-MQTT-BENCH: BUFFULL run_id=try5-c1-cpu start_us=12413348 end_us=12416364 dur_us=3015
UKL-MQTT-BENCH: BUFFULL run_id=try5-c1-cpu start_us=12419315 end_us=12423408 dur_us=4093
UKL-MQTT-BENCH: BUFFULL run_id=try5-c1-cpu start_us=12426953 end_us=12429375 dur_us=2422
UKL-MQTT-BENCH: BUFFULL run_id=try5-c1-cpu start_us=12432342 end_us=12435377 dur_us=3034
UKL-MQTT-BENCH: BUFFULL run_id=try5-c1-cpu start_us=12438343 end_us=12440339 dur_us=1995
UKL-MQTT-BENCH: BUFFULL run_id=try5-c1-cpu start_us=12442671 end_us=12446398 dur_us=3727
UKL-MQTT-BENCH: BUFFULL run_id=try5-c1-cpu start_us=12449357 end_us=12451343 dur_us=1986
UKL-MQTT-BENCH: BUFFULL run_id=try5-c1-cpu start_us=12453691 end_us=12458373 dur_us=4681
UKL-MQTT-BENCH: BUFFULL run_id=try5-c1-cpu start_us=12461335 end_us=12462341 dur_us=1006
UKL-MQTT-BENCH: BUFFULL run_id=try5-c1-cpu start_us=12464673 end_us=12469382 dur_us=4708
UKL-MQTT-BENCH: BUFFULL run_id=try5-c1-cpu start_us=12472341 end_us=12474355 dur_us=2014
UKL-MQTT-BENCH: BUFFULL run_id=try5-c1-cpu start_us=12477295 end_us=12480342 dur_us=3046
UKL-MQTT-BENCH: BUFFULL run_id=try5-c1-cpu start_us=12482674 end_us=12484374 dur_us=1699
UKL-MQTT-BENCH: BUFFULL run_id=try5-c1-cpu start_us=12486711 end_us=12491369 dur_us=4658
UKL-MQTT-BENCH: BUFFULL run_id=try5-c1-cpu start_us=12494310 end_us=12496336 dur_us=2025
UKL-MQTT-BENCH: BUFFULL run_id=try5-c1-cpu start_us=12498671 end_us=12503364 dur_us=4692
UKL-MQTT-BENCH: BUFFULL run_id=try5-c1-cpu start_us=12506934 end_us=12509352 dur_us=2417
UKL-MQTT-BENCH: BUFFULL run_id=try5-c1-cpu start_us=12512314 end_us=12516420 dur_us=4105
UKL-MQTT-BENCH: BUFFULL run_id=try5-c1-cpu start_us=12519972 end_us=12522384 dur_us=2412
UKL-MQTT-BENCH: BUFFULL run_id=try5-c1-cpu start_us=12525337 end_us=12527350 dur_us=2013
UKL-MQTT-BENCH: BUFFULL run_id=try5-c1-cpu start_us=12529688 end_us=12533339 dur_us=3651
UKL-MQTT-BENCH: BUFFULL run_id=try5-c1-cpu start_us=12536300 end_us=12539392 dur_us=3091
UKL-MQTT-BENCH: BUFFULL run_id=try5-c1-cpu start_us=12541733 end_us=12544341 dur_us=2608
UKL-MQTT-BENCH: BUFFULL run_id=try5-c1-cpu start_us=12547304 end_us=12549340 dur_us=2036
UKL-MQTT-BENCH: BUFFULL run_id=try5-c1-cpu start_us=12551685 end_us=12553028 dur_us=1342
UKL-MQTT-BENCH: BUFFULL run_id=try5-c1-cpu start_us=12554776 end_us=12557308 dur_us=2531
UKL-MQTT-BENCH: BUFFULL run_id=try5-c1-cpu start_us=12559035 end_us=12562357 dur_us=3322
UKL-MQTT-BENCH: BUFFULL run_id=try5-c1-cpu start_us=12568029 end_us=12574355 dur_us=6326
UKL-MQTT-BENCH: BUFFULL run_id=try5-c1-cpu start_us=12580674 end_us=12586366 dur_us=5691
UKL-MQTT-BENCH: BUFFULL run_id=try5-c1-cpu start_us=12589942 end_us=12591347 dur_us=1404
UKL-MQTT-BENCH: BUFFULL run_id=try5-c1-cpu start_us=12593685 end_us=12598364 dur_us=4679
UKL-MQTT-BENCH: BUFFULL run_id=try5-c1-cpu start_us=12601919 end_us=12603337 dur_us=1417
UKL-MQTT-BENCH: BUFFULL run_id=try5-c1-cpu start_us=12605682 end_us=12610379 dur_us=4697
UKL-MQTT-BENCH: BUFFULL run_id=try5-c1-cpu start_us=12613937 end_us=12615334 dur_us=1396
UKL-MQTT-BENCH: BUFFULL run_id=try5-c1-cpu start_us=12617676 end_us=12623382 dur_us=5706
UKL-MQTT-BENCH: BUFFULL run_id=try5-c1-cpu start_us=12629686 end_us=12634362 dur_us=4676
UKL-MQTT-BENCH: BUFFULL run_id=try5-c1-cpu start_us=12637336 end_us=12640361 dur_us=3025
UKL-MQTT-BENCH: BUFFULL run_id=try5-c1-cpu start_us=12643297 end_us=12646445 dur_us=3147
UKL-MQTT-BENCH: BUFFULL run_id=try5-c1-cpu start_us=12650267 end_us=12651356 dur_us=1089
UKL-MQTT-BENCH: BUFFULL run_id=try5-c1-cpu start_us=12653216 end_us=12658419 dur_us=5202
UKL-MQTT-BENCH: BUFFULL run_id=try5-c1-cpu start_us=12661979 end_us=12663358 dur_us=1378
UKL-MQTT-BENCH: BUFFULL run_id=try5-c1-cpu start_us=12665703 end_us=12669374 dur_us=3670
UKL-MQTT-BENCH: BUFFULL run_id=try5-c1-cpu start_us=12672342 end_us=12675373 dur_us=3030
UKL-MQTT-BENCH: BUFFULL run_id=try5-c1-cpu start_us=12678319 end_us=12681371 dur_us=3052
UKL-MQTT-BENCH: BUFFULL run_id=try5-c1-cpu start_us=12683697 end_us=12686351 dur_us=2654
UKL-MQTT-BENCH: BUFFULL run_id=try5-c1-cpu start_us=12689333 end_us=12691434 dur_us=2101
UKL-MQTT-BENCH: BUFFULL run_id=try5-c1-cpu start_us=12695339 end_us=12697448 dur_us=2108
UKL-MQTT-BENCH: BUFFULL run_id=try5-c1-cpu start_us=12700470 end_us=12703399 dur_us=2928
UKL-MQTT-BENCH: BUFFULL run_id=try5-c1-cpu start_us=12705742 end_us=12709460 dur_us=3718
UKL-MQTT-BENCH: BUFFULL run_id=try5-c1-cpu start_us=12715717 end_us=12718362 dur_us=2644
UKL-MQTT-BENCH: BUFFULL run_id=try5-c1-cpu start_us=12720695 end_us=12722310 dur_us=1615
UKL-MQTT-BENCH: BUFFULL run_id=try5-c1-cpu start_us=12724041 end_us=12728365 dur_us=4324
UKL-MQTT-BENCH: BUFFULL run_id=try5-c1-cpu start_us=12731325 end_us=12733345 dur_us=2019
UKL-MQTT-BENCH: BUFFULL run_id=try5-c1-cpu start_us=12735678 end_us=12739368 dur_us=3690
UKL-MQTT-BENCH: BUFFULL run_id=try5-c1-cpu start_us=12742317 end_us=12744342 dur_us=2024
UKL-MQTT-BENCH: BUFFULL run_id=try5-c1-cpu start_us=12746684 end_us=12750370 dur_us=3685
UKL-MQTT-BENCH: BUFFULL run_id=try5-c1-cpu start_us=12753374 end_us=12756386 dur_us=3011
UKL-MQTT-BENCH: BUFFULL run_id=try5-c1-cpu start_us=12759374 end_us=12762375 dur_us=3001
UKL-MQTT-BENCH: BUFFULL run_id=try5-c1-cpu start_us=12765335 end_us=12767361 dur_us=2025
UKL-MQTT-BENCH: BUFFULL run_id=try5-c1-cpu start_us=12769709 end_us=12772386 dur_us=2677
UKL-MQTT-BENCH: BUFFULL run_id=try5-c1-cpu start_us=12774757 end_us=12778360 dur_us=3602
UKL-MQTT-BENCH: BUFFULL run_id=try5-c1-cpu start_us=12781316 end_us=12784370 dur_us=3054
UKL-MQTT-BENCH: BUFFULL run_id=try5-c1-cpu start_us=12790065 end_us=12794366 dur_us=4301
UKL-MQTT-BENCH: BUFFULL run_id=try5-c1-cpu start_us=12797335 end_us=12800380 dur_us=3045
UKL-MQTT-BENCH: BUFFULL run_id=try5-c1-cpu start_us=12803328 end_us=12805370 dur_us=2042
UKL-MQTT-BENCH: BUFFULL run_id=try5-c1-cpu start_us=12807698 end_us=12811365 dur_us=3667
UKL-MQTT-BENCH: BUFFULL run_id=try5-c1-cpu start_us=12814317 end_us=12816320 dur_us=2002
UKL-MQTT-BENCH: BUFFULL run_id=try5-c1-cpu start_us=12818656 end_us=12822349 dur_us=3692
UKL-MQTT-BENCH: BUFFULL run_id=try5-c1-cpu start_us=12825307 end_us=12827379 dur_us=2072
UKL-MQTT-BENCH: BUFFULL run_id=try5-c1-cpu start_us=12830320 end_us=12833361 dur_us=3041
UKL-MQTT-BENCH: BUFFULL run_id=try5-c1-cpu start_us=12835722 end_us=12839377 dur_us=3655
UKL-MQTT-BENCH: BUFFULL run_id=try5-c1-cpu start_us=12842347 end_us=12844336 dur_us=1989
UKL-MQTT-BENCH: BUFFULL run_id=try5-c1-cpu start_us=12846682 end_us=12849331 dur_us=2649
UKL-MQTT-BENCH: BUFFULL run_id=try5-c1-cpu start_us=12851678 end_us=12855406 dur_us=3727
UKL-MQTT-BENCH: BUFFULL run_id=try5-c1-cpu start_us=12858453 end_us=12861398 dur_us=2944
UKL-MQTT-BENCH: BUFFULL run_id=try5-c1-cpu start_us=12864370 end_us=12866347 dur_us=1977
UKL-MQTT-BENCH: BUFFULL run_id=try5-c1-cpu start_us=12868691 end_us=12872372 dur_us=3680
UKL-MQTT-BENCH: BUFFULL run_id=try5-c1-cpu start_us=12875332 end_us=12878355 dur_us=3023
UKL-MQTT-BENCH: BUFFULL run_id=try5-c1-cpu start_us=12881320 end_us=12885428 dur_us=4107
UKL-MQTT-BENCH: BUFFULL run_id=try5-c1-cpu start_us=12889004 end_us=12891379 dur_us=2375
UKL-MQTT-BENCH: BUFFULL run_id=try5-c1-cpu start_us=12893709 end_us=12897420 dur_us=3710
UKL-MQTT-BENCH: BUFFULL run_id=try5-c1-cpu start_us=12900999 end_us=12903334 dur_us=2334
UKL-MQTT-BENCH: BUFFULL run_id=try5-c1-cpu start_us=12906379 end_us=12909347 dur_us=2967
UKL-MQTT-BENCH: BUFFULL run_id=try5-c1-cpu start_us=12911677 end_us=12914392 dur_us=2715
UKL-MQTT-BENCH: BUFFULL run_id=try5-c1-cpu start_us=12916757 end_us=12920403 dur_us=3645
UKL-MQTT-BENCH: BUFFULL run_id=try5-c1-cpu start_us=12923980 end_us=12926333 dur_us=2353
UKL-MQTT-BENCH: BUFFULL run_id=try5-c1-cpu start_us=12928689 end_us=12932391 dur_us=3701
UKL-MQTT-BENCH: BUFFULL run_id=try5-c1-cpu start_us=12935367 end_us=12937389 dur_us=2022
UKL-MQTT-BENCH: BUFFULL run_id=try5-c1-cpu start_us=12939766 end_us=12942326 dur_us=2560
UKL-MQTT-BENCH: BUFFULL run_id=try5-c1-cpu start_us=12947012 end_us=12950330 dur_us=3317
UKL-MQTT-BENCH: BUFFULL run_id=try5-c1-cpu start_us=12952679 end_us=12957438 dur_us=4758
UKL-MQTT-BENCH: BUFFULL run_id=try5-c1-cpu start_us=12961073 end_us=12962351 dur_us=1278
UKL-MQTT-BENCH: BUFFULL run_id=try5-c1-cpu start_us=12964696 end_us=12968405 dur_us=3708
UKL-MQTT-BENCH: BUFFULL run_id=try5-c1-cpu start_us=12971373 end_us=12975355 dur_us=3981
UKL-MQTT-BENCH: BUFFULL run_id=try5-c1-cpu start_us=12978320 end_us=12982425 dur_us=4104
UKL-MQTT-BENCH: BUFFULL run_id=try5-c1-cpu start_us=12986053 end_us=12988391 dur_us=2338
UKL-MQTT-BENCH: BUFFULL run_id=try5-c1-cpu start_us=12991373 end_us=12994402 dur_us=3028
UKL-MQTT-BENCH: BUFFULL run_id=try5-c1-cpu start_us=12997378 end_us=12999334 dur_us=1956
UKL-MQTT-BENCH: BUFFULL run_id=try5-c1-cpu start_us=13001695 end_us=13005370 dur_us=3674
UKL-MQTT-BENCH: BUFFULL run_id=try5-c1-cpu start_us=13009684 end_us=13015378 dur_us=5693
UKL-MQTT-BENCH: BUFFULL run_id=try5-c1-cpu start_us=13018970 end_us=13020362 dur_us=1392
UKL-MQTT-BENCH: BUFFULL run_id=try5-c1-cpu start_us=13022721 end_us=13027394 dur_us=4673
UKL-MQTT-BENCH: BUFFULL run_id=try5-c1-cpu start_us=13031021 end_us=13033033 dur_us=2011
UKL-MQTT-BENCH: BUFFULL run_id=try5-c1-cpu start_us=13036009 end_us=13039369 dur_us=3359
UKL-MQTT-BENCH: BUFFULL run_id=try5-c1-cpu start_us=13042333 end_us=13045365 dur_us=3031
UKL-MQTT-BENCH: BUFFULL run_id=try5-c1-cpu start_us=13048328 end_us=13052402 dur_us=4073
UKL-MQTT-BENCH: BUFFULL run_id=try5-c1-cpu start_us=13055991 end_us=13058400 dur_us=2408
UKL-MQTT-BENCH: BUFFULL run_id=try5-c1-cpu start_us=13061383 end_us=13065384 dur_us=4001
UKL-MQTT-BENCH: BUFFULL run_id=try5-c1-cpu start_us=13068370 end_us=13071371 dur_us=3001
UKL-MQTT-BENCH: BUFFULL run_id=try5-c1-cpu start_us=13074334 end_us=13076360 dur_us=2025
UKL-MQTT-BENCH: BUFFULL run_id=try5-c1-cpu start_us=13078704 end_us=13082368 dur_us=3663
UKL-MQTT-BENCH: BUFFULL run_id=try5-c1-cpu start_us=13085342 end_us=13088364 dur_us=3021
UKL-MQTT-BENCH: BUFFULL run_id=try5-c1-cpu start_us=13091345 end_us=13094376 dur_us=3031
UKL-MQTT-BENCH: BUFFULL run_id=try5-c1-cpu start_us=13097338 end_us=13100363 dur_us=3025
UKL-MQTT-BENCH: BUFFULL run_id=try5-c1-cpu start_us=13103319 end_us=13105368 dur_us=2049
UKL-MQTT-BENCH: BUFFULL run_id=try5-c1-cpu start_us=13107732 end_us=13111371 dur_us=3639
UKL-MQTT-BENCH: BUFFULL run_id=try5-c1-cpu start_us=13114335 end_us=13117374 dur_us=3039
UKL-MQTT-BENCH: BUFFULL run_id=try5-c1-cpu start_us=13120353 end_us=13123369 dur_us=3016
UKL-MQTT-BENCH: BUFFULL run_id=try5-c1-cpu start_us=13125719 end_us=13128339 dur_us=2619
UKL-MQTT-BENCH: BUFFULL run_id=try5-c1-cpu start_us=13131316 end_us=13134385 dur_us=3069
UKL-MQTT-BENCH: BUFFULL run_id=try5-c1-cpu start_us=13137355 end_us=13140362 dur_us=3006
UKL-MQTT-BENCH: BUFFULL run_id=try5-c1-cpu start_us=13143323 end_us=13146367 dur_us=3043
UKL-MQTT-BENCH: BUFFULL run_id=try5-c1-cpu start_us=13149324 end_us=13153368 dur_us=4044
UKL-MQTT-BENCH: BUFFULL run_id=try5-c1-cpu start_us=13156314 end_us=13159372 dur_us=3058
UKL-MQTT-BENCH: BUFFULL run_id=try5-c1-cpu start_us=13162410 end_us=13164360 dur_us=1950
UKL-MQTT-BENCH: BUFFULL run_id=try5-c1-cpu start_us=13166704 end_us=13170384 dur_us=3680
UKL-MQTT-BENCH: BUFFULL run_id=try5-c1-cpu start_us=13173363 end_us=13176363 dur_us=2999
UKL-MQTT-BENCH: BUFFULL run_id=try5-c1-cpu start_us=13179338 end_us=13181356 dur_us=2018
UKL-MQTT-BENCH: BUFFULL run_id=try5-c1-cpu start_us=13183694 end_us=13187345 dur_us=3650
UKL-MQTT-BENCH: BUFFULL run_id=try5-c1-cpu start_us=13190296 end_us=13193351 dur_us=3054
UKL-MQTT-BENCH: BUFFULL run_id=try5-c1-cpu start_us=13196331 end_us=13200420 dur_us=4088
UKL-MQTT-BENCH: BUFFULL run_id=try5-c1-cpu start_us=13203965 end_us=13206377 dur_us=2411
UKL-MQTT-BENCH: BUFFULL run_id=try5-c1-cpu start_us=13209336 end_us=13212358 dur_us=3021
UKL-MQTT-BENCH: BUFFULL run_id=try5-c1-cpu start_us=13215303 end_us=13218393 dur_us=3089
UKL-MQTT-BENCH: BUFFULL run_id=try5-c1-cpu start_us=13221346 end_us=13224365 dur_us=3019
UKL-MQTT-BENCH: BUFFULL run_id=try5-c1-cpu start_us=13227318 end_us=13229358 dur_us=2040
UKL-MQTT-BENCH: BUFFULL run_id=try5-c1-cpu start_us=13231687 end_us=13236411 dur_us=4723
UKL-MQTT-BENCH: BUFFULL run_id=try5-c1-cpu start_us=13239372 end_us=13241339 dur_us=1966
UKL-MQTT-BENCH: BUFFULL run_id=try5-c1-cpu start_us=13244280 end_us=13247360 dur_us=3079
UKL-MQTT-BENCH: BUFFULL run_id=try5-c1-cpu start_us=13250315 end_us=13251320 dur_us=1005
UKL-MQTT-BENCH: BUFFULL run_id=try5-c1-cpu start_us=13253045 end_us=13257387 dur_us=4341
UKL-MQTT-BENCH: BUFFULL run_id=try5-c1-cpu start_us=13260360 end_us=13262324 dur_us=1963
UKL-MQTT-BENCH: BUFFULL run_id=try5-c1-cpu start_us=13264738 end_us=13268383 dur_us=3645
UKL-MQTT-BENCH: BUFFULL run_id=try5-c1-cpu start_us=13271355 end_us=13274384 dur_us=3028
UKL-MQTT-BENCH: BUFFULL run_id=try5-c1-cpu start_us=13277349 end_us=13280374 dur_us=3024
UKL-MQTT-BENCH: BUFFULL run_id=try5-c1-cpu start_us=13282733 end_us=13286360 dur_us=3627
UKL-MQTT-BENCH: BUFFULL run_id=try5-c1-cpu start_us=13289339 end_us=13291271 dur_us=1931
UKL-MQTT-BENCH: BUFFULL run_id=try5-c1-cpu start_us=13294216 end_us=13297363 dur_us=3147
UKL-MQTT-BENCH: BUFFULL run_id=try5-c1-cpu start_us=13299697 end_us=13303358 dur_us=3660
UKL-MQTT-BENCH: BUFFULL run_id=try5-c1-cpu start_us=13306314 end_us=13309367 dur_us=3053
UKL-MQTT-BENCH: BUFFULL run_id=try5-c1-cpu start_us=13312326 end_us=13315359 dur_us=3032
UKL-MQTT-BENCH: BUFFULL run_id=try5-c1-cpu start_us=13318303 end_us=13321361 dur_us=3057
UKL-MQTT-BENCH: BUFFULL run_id=try5-c1-cpu start_us=13324323 end_us=13327367 dur_us=3044
UKL-MQTT-BENCH: BUFFULL run_id=try5-c1-cpu start_us=13330310 end_us=13332342 dur_us=2031
UKL-MQTT-BENCH: BUFFULL run_id=try5-c1-cpu start_us=13334669 end_us=13338366 dur_us=3697
UKL-MQTT-BENCH: BUFFULL run_id=try5-c1-cpu start_us=13341325 end_us=13344364 dur_us=3038
UKL-MQTT-BENCH: BUFFULL run_id=try5-c1-cpu start_us=13347338 end_us=13349367 dur_us=2029
UKL-MQTT-BENCH: BUFFULL run_id=try5-c1-cpu start_us=13351704 end_us=13355326 dur_us=3622
UKL-MQTT-BENCH: BUFFULL run_id=try5-c1-cpu start_us=13358267 end_us=13361365 dur_us=3097
UKL-MQTT-BENCH: BUFFULL run_id=try5-c1-cpu start_us=13364300 end_us=13367392 dur_us=3092
UKL-MQTT-BENCH: BUFFULL run_id=try5-c1-cpu start_us=13370362 end_us=13373353 dur_us=2990
UKL-MQTT-BENCH: BUFFULL run_id=try5-c1-cpu start_us=13376318 end_us=13380394 dur_us=4075
UKL-MQTT-BENCH: BUFFULL run_id=try5-c1-cpu start_us=13383971 end_us=13386393 dur_us=2422
UKL-MQTT-BENCH: BUFFULL run_id=try5-c1-cpu start_us=13389360 end_us=13392382 dur_us=3022
UKL-MQTT-BENCH: BUFFULL run_id=try5-c1-cpu start_us=13395355 end_us=13399360 dur_us=4004
UKL-MQTT-BENCH: BUFFULL run_id=try5-c1-cpu start_us=13402329 end_us=13405353 dur_us=3023
UKL-MQTT-BENCH: BUFFULL run_id=try5-c1-cpu start_us=13408309 end_us=13411422 dur_us=3113
UKL-MQTT-BENCH: BUFFULL run_id=try5-c1-cpu start_us=13414981 end_us=13417345 dur_us=2364
UKL-MQTT-BENCH: BUFFULL run_id=try5-c1-cpu start_us=13419672 end_us=13423351 dur_us=3678
UKL-MQTT-BENCH: BUFFULL run_id=try5-c1-cpu start_us=13426305 end_us=13428387 dur_us=2082
UKL-MQTT-BENCH: BUFFULL run_id=try5-c1-cpu start_us=13431337 end_us=13435375 dur_us=4038
UKL-MQTT-BENCH: BUFFULL run_id=try5-c1-cpu start_us=13438314 end_us=13441360 dur_us=3046
UKL-MQTT-BENCH: BUFFULL run_id=try5-c1-cpu start_us=13444304 end_us=13446339 dur_us=2035
UKL-MQTT-BENCH: BUFFULL run_id=try5-c1-cpu start_us=13448670 end_us=13452366 dur_us=3695
UKL-MQTT-BENCH: BUFFULL run_id=try5-c1-cpu start_us=13455313 end_us=13458349 dur_us=3035
UKL-MQTT-BENCH: BUFFULL run_id=try5-c1-cpu start_us=13461289 end_us=13463363 dur_us=2074
UKL-MQTT-BENCH: BUFFULL run_id=try5-c1-cpu start_us=13465696 end_us=13469339 dur_us=3643
UKL-MQTT-BENCH: BUFFULL run_id=try5-c1-cpu start_us=13472304 end_us=13475373 dur_us=3069
UKL-MQTT-BENCH: BUFFULL run_id=try5-c1-cpu start_us=13478327 end_us=13481378 dur_us=3050
UKL-MQTT-BENCH: BUFFULL run_id=try5-c1-cpu start_us=13484359 end_us=13487364 dur_us=3004
UKL-MQTT-BENCH: BUFFULL run_id=try5-c1-cpu start_us=13490330 end_us=13494415 dur_us=4084
UKL-MQTT-BENCH: BUFFULL run_id=try5-c1-cpu start_us=13497984 end_us=13500375 dur_us=2391
UKL-MQTT-BENCH: BUFFULL run_id=try5-c1-cpu start_us=13503340 end_us=13507366 dur_us=4025
UKL-MQTT-BENCH: BUFFULL run_id=try5-c1-cpu start_us=13510327 end_us=13513372 dur_us=3044
UKL-MQTT-BENCH: BUFFULL run_id=try5-c1-cpu start_us=13516322 end_us=13520399 dur_us=4076
UKL-MQTT-BENCH: BUFFULL run_id=try5-c1-cpu start_us=13523943 end_us=13526367 dur_us=2423
UKL-MQTT-BENCH: BUFFULL run_id=try5-c1-cpu start_us=13529331 end_us=13533412 dur_us=4081
UKL-MQTT-BENCH: BUFFULL run_id=try5-c1-cpu start_us=13536355 end_us=13538336 dur_us=1981
UKL-MQTT-BENCH: BUFFULL run_id=try5-c1-cpu start_us=13541295 end_us=13544339 dur_us=3044
UKL-MQTT-BENCH: BUFFULL run_id=try5-c1-cpu start_us=13547990 end_us=13552342 dur_us=4351
UKL-MQTT-BENCH: BUFFULL run_id=try5-c1-cpu start_us=13555285 end_us=13558364 dur_us=3079
UKL-MQTT-BENCH: BUFFULL run_id=try5-c1-cpu start_us=13561342 end_us=13564354 dur_us=3012
UKL-MQTT-BENCH: BUFFULL run_id=try5-c1-cpu start_us=13567298 end_us=13570374 dur_us=3076
UKL-MQTT-BENCH: BUFFULL run_id=try5-c1-cpu start_us=13573447 end_us=13577437 dur_us=3990
UKL-MQTT-BENCH: BUFFULL run_id=try5-c1-cpu start_us=13581006 end_us=13583397 dur_us=2390
UKL-MQTT-BENCH: BUFFULL run_id=try5-c1-cpu start_us=13586356 end_us=13590368 dur_us=4011
UKL-MQTT-BENCH: BUFFULL run_id=try5-c1-cpu start_us=13593341 end_us=13596385 dur_us=3043
UKL-MQTT-BENCH: BUFFULL run_id=try5-c1-cpu start_us=13599357 end_us=13601372 dur_us=2014
UKL-MQTT-BENCH: BUFFULL run_id=try5-c1-cpu start_us=13603704 end_us=13607371 dur_us=3667
UKL-MQTT-BENCH: BUFFULL run_id=try5-c1-cpu start_us=13610321 end_us=13612337 dur_us=2016
UKL-MQTT-BENCH: BUFFULL run_id=try5-c1-cpu start_us=13614668 end_us=13618338 dur_us=3669
UKL-MQTT-BENCH: BUFFULL run_id=try5-c1-cpu start_us=13621295 end_us=13623338 dur_us=2043
UKL-MQTT-BENCH: BUFFULL run_id=try5-c1-cpu start_us=13625677 end_us=13629372 dur_us=3695
UKL-MQTT-BENCH: BUFFULL run_id=try5-c1-cpu start_us=13632320 end_us=13634372 dur_us=2051
UKL-MQTT-BENCH: BUFFULL run_id=try5-c1-cpu start_us=13637332 end_us=13640364 dur_us=3031
UKL-MQTT-BENCH: BUFFULL run_id=try5-c1-cpu start_us=13642715 end_us=13646364 dur_us=3648
UKL-MQTT-BENCH: BUFFULL run_id=try5-c1-cpu start_us=13649276 end_us=13651324 dur_us=2047
UKL-MQTT-BENCH: BUFFULL run_id=try5-c1-cpu start_us=13653617 end_us=13657354 dur_us=3736
UKL-MQTT-BENCH: BUFFULL run_id=try5-c1-cpu start_us=13660237 end_us=13662356 dur_us=2119
UKL-MQTT-BENCH: BUFFULL run_id=try5-c1-cpu start_us=13665253 end_us=13668352 dur_us=3098
UKL-MQTT-BENCH: BUFFULL run_id=try5-c1-cpu start_us=13670663 end_us=13675178 dur_us=4515
UKL-MQTT-BENCH: BUFFULL run_id=try5-c1-cpu start_us=13678680 end_us=13681360 dur_us=2680
UKL-MQTT-BENCH: BUFFULL run_id=try5-c1-cpu start_us=13684281 end_us=13688371 dur_us=4089
UKL-MQTT-BENCH: BUFFULL run_id=try5-c1-cpu start_us=13691290 end_us=13694481 dur_us=3190
UKL-MQTT-BENCH: BUFFULL run_id=try5-c1-cpu start_us=13697981 end_us=13699332 dur_us=1351
UKL-MQTT-BENCH: BUFFULL run_id=try5-c1-cpu start_us=13701636 end_us=13705363 dur_us=3726
UKL-MQTT-BENCH: BUFFULL run_id=try5-c1-cpu start_us=13708267 end_us=13709294 dur_us=1026
UKL-MQTT-BENCH: BUFFULL run_id=try5-c1-cpu start_us=13710980 end_us=13716394 dur_us=5413
UKL-MQTT-BENCH: BUFFULL run_id=try5-c1-cpu start_us=13719880 end_us=13721350 dur_us=1470
UKL-MQTT-BENCH: BUFFULL run_id=try5-c1-cpu start_us=13723639 end_us=13727360 dur_us=3721
UKL-MQTT-BENCH: BUFFULL run_id=try5-c1-cpu start_us=13730279 end_us=13733366 dur_us=3086
UKL-MQTT-BENCH: BUFFULL run_id=try5-c1-cpu start_us=13736250 end_us=13740405 dur_us=4154
UKL-MQTT-BENCH: BUFFULL run_id=try5-c1-cpu start_us=13743904 end_us=13746373 dur_us=2469
UKL-MQTT-BENCH: BUFFULL run_id=try5-c1-cpu start_us=13749268 end_us=13752361 dur_us=3092
UKL-MQTT-BENCH: BUFFULL run_id=try5-c1-cpu start_us=13755254 end_us=13758365 dur_us=3110
UKL-MQTT-BENCH: BUFFULL run_id=try5-c1-cpu start_us=13761259 end_us=13765404 dur_us=4144
UKL-MQTT-BENCH: BUFFULL run_id=try5-c1-cpu start_us=13768881 end_us=13771383 dur_us=2502
UKL-MQTT-BENCH: BUFFULL run_id=try5-c1-cpu start_us=13774308 end_us=13777360 dur_us=3052
UKL-MQTT-BENCH: BUFFULL run_id=try5-c1-cpu start_us=13780270 end_us=13783383 dur_us=3112
UKL-MQTT-BENCH: BUFFULL run_id=try5-c1-cpu start_us=13786288 end_us=13790424 dur_us=4136
UKL-MQTT-BENCH: BUFFULL run_id=try5-c1-cpu start_us=13793944 end_us=13796382 dur_us=2438
UKL-MQTT-BENCH: BUFFULL run_id=try5-c1-cpu start_us=13799305 end_us=13802383 dur_us=3078
UKL-MQTT-BENCH: BUFFULL run_id=try5-c1-cpu start_us=13805276 end_us=13807337 dur_us=2061
UKL-MQTT-BENCH: BUFFULL run_id=try5-c1-cpu start_us=13809628 end_us=13812334 dur_us=2706
UKL-MQTT-BENCH: BUFFULL run_id=try5-c1-cpu start_us=13814621 end_us=13817338 dur_us=2717
UKL-MQTT-BENCH: BUFFULL run_id=try5-c1-cpu start_us=13819613 end_us=13821288 dur_us=1674
UKL-MQTT-BENCH: BUFFULL run_id=try5-c1-cpu start_us=13822974 end_us=13827368 dur_us=4393
UKL-MQTT-BENCH: BUFFULL run_id=try5-c1-cpu start_us=13830265 end_us=13832368 dur_us=2102
UKL-MQTT-BENCH: BUFFULL run_id=try5-c1-cpu start_us=13835257 end_us=13839418 dur_us=4161
UKL-MQTT-BENCH: BUFFULL run_id=try5-c1-cpu start_us=13842912 end_us=13845371 dur_us=2458
UKL-MQTT-BENCH: BUFFULL run_id=try5-c1-cpu start_us=13848274 end_us=13852363 dur_us=4089
UKL-MQTT-BENCH: BUFFULL run_id=try5-c1-cpu start_us=13855250 end_us=13858378 dur_us=3128
UKL-MQTT-BENCH: BUFFULL run_id=try5-c1-cpu start_us=13861264 end_us=13865392 dur_us=4127
UKL-MQTT-BENCH: BUFFULL run_id=try5-c1-cpu start_us=13868883 end_us=13870399 dur_us=1515
UKL-MQTT-BENCH: BUFFULL run_id=try5-c1-cpu start_us=13873303 end_us=13877433 dur_us=4129
UKL-MQTT-BENCH: BUFFULL run_id=try5-c1-cpu start_us=13880375 end_us=13883365 dur_us=2989
UKL-MQTT-BENCH: BUFFULL run_id=try5-c1-cpu start_us=13886272 end_us=13888344 dur_us=2072
UKL-MQTT-BENCH: BUFFULL run_id=try5-c1-cpu start_us=13891935 end_us=13896362 dur_us=4426
UKL-MQTT-BENCH: BUFFULL run_id=try5-c1-cpu start_us=13899261 end_us=13901322 dur_us=2060
UKL-MQTT-BENCH: BUFFULL run_id=try5-c1-cpu start_us=13903628 end_us=13907371 dur_us=3743
UKL-MQTT-BENCH: BUFFULL run_id=try5-c1-cpu start_us=13910256 end_us=13913360 dur_us=3104
UKL-MQTT-BENCH: BUFFULL run_id=try5-c1-cpu start_us=13916239 end_us=13920411 dur_us=4172
UKL-MQTT-BENCH: BUFFULL run_id=try5-c1-cpu start_us=13923938 end_us=13926364 dur_us=2425
UKL-MQTT-BENCH: BUFFULL run_id=try5-c1-cpu start_us=13929276 end_us=13932332 dur_us=3056
UKL-MQTT-BENCH: BUFFULL run_id=try5-c1-cpu start_us=13935241 end_us=13938358 dur_us=3117
UKL-MQTT-BENCH: BUFFULL run_id=try5-c1-cpu start_us=13941261 end_us=13944358 dur_us=3097
UKL-MQTT-BENCH: BUFFULL run_id=try5-c1-cpu start_us=13947245 end_us=13950335 dur_us=3090
UKL-MQTT-BENCH: BUFFULL run_id=try5-c1-cpu start_us=13953232 end_us=13956348 dur_us=3115
UKL-MQTT-BENCH: BUFFULL run_id=try5-c1-cpu start_us=13959252 end_us=13962355 dur_us=3103
UKL-MQTT-BENCH: BUFFULL run_id=try5-c1-cpu start_us=13965254 end_us=13968355 dur_us=3100
UKL-MQTT-BENCH: BUFFULL run_id=try5-c1-cpu start_us=13971256 end_us=13974362 dur_us=3105
UKL-MQTT-BENCH: BUFFULL run_id=try5-c1-cpu start_us=13977260 end_us=13980383 dur_us=3122
UKL-MQTT-BENCH: BUFFULL run_id=try5-c1-cpu start_us=13983300 end_us=13985358 dur_us=2058
UKL-MQTT-BENCH: BUFFULL run_id=try5-c1-cpu start_us=13987647 end_us=13991379 dur_us=3732
UKL-MQTT-BENCH: BUFFULL run_id=try5-c1-cpu start_us=13994296 end_us=13997360 dur_us=3063
UKL-MQTT-BENCH: BUFFULL run_id=try5-c1-cpu start_us=14000266 end_us=14002363 dur_us=2097
UKL-MQTT-BENCH: BUFFULL run_id=try5-c1-cpu start_us=14004652 end_us=14008341 dur_us=3688
UKL-MQTT-BENCH: BUFFULL run_id=try5-c1-cpu start_us=14011222 end_us=14014353 dur_us=3130
UKL-MQTT-BENCH: BUFFULL run_id=try5-c1-cpu start_us=14017253 end_us=14020361 dur_us=3107
UKL-MQTT-BENCH: BUFFULL run_id=try5-c1-cpu start_us=14023248 end_us=14026360 dur_us=3111
UKL-MQTT-BENCH: BUFFULL run_id=try5-c1-cpu start_us=14029251 end_us=14032389 dur_us=3137
UKL-MQTT-BENCH: BUFFULL run_id=try5-c1-cpu start_us=14035881 end_us=14038415 dur_us=2533
UKL-MQTT-BENCH: BUFFULL run_id=try5-c1-cpu start_us=14041318 end_us=14045361 dur_us=4043
UKL-MQTT-BENCH: BUFFULL run_id=try5-c1-cpu start_us=14048245 end_us=14051365 dur_us=3120
UKL-MQTT-BENCH: BUFFULL run_id=try5-c1-cpu start_us=14054253 end_us=14056790 dur_us=2536
UKL-MQTT-BENCH: BUFFULL run_id=try5-c1-cpu start_us=14059681 end_us=14063429 dur_us=3747
UKL-MQTT-BENCH: BUFFULL run_id=try5-c1-cpu start_us=14066904 end_us=14069327 dur_us=2422
UKL-MQTT-BENCH: BUFFULL run_id=try5-c1-cpu start_us=14071609 end_us=14075349 dur_us=3740
UKL-MQTT-BENCH: BUFFULL run_id=try5-c1-cpu start_us=14078239 end_us=14080386 dur_us=2147
UKL-MQTT-BENCH: BUFFULL run_id=try5-c1-cpu start_us=14083323 end_us=14087373 dur_us=4049
UKL-MQTT-BENCH: BUFFULL run_id=try5-c1-cpu start_us=14090274 end_us=14092363 dur_us=2089
UKL-MQTT-BENCH: BUFFULL run_id=try5-c1-cpu start_us=14095281 end_us=14098352 dur_us=3071
UKL-MQTT-BENCH: BUFFULL run_id=try5-c1-cpu start_us=14100633 end_us=14104356 dur_us=3723
UKL-MQTT-BENCH: BUFFULL run_id=try5-c1-cpu start_us=14107331 end_us=14109355 dur_us=2023
UKL-MQTT-BENCH: BUFFULL run_id=try5-c1-cpu start_us=14112254 end_us=14115380 dur_us=3125
UKL-MQTT-BENCH: BUFFULL run_id=try5-c1-cpu start_us=14117687 end_us=14120357 dur_us=2670
UKL-MQTT-BENCH: BUFFULL run_id=try5-c1-cpu start_us=14123253 end_us=14126363 dur_us=3110
UKL-MQTT-BENCH: BUFFULL run_id=try5-c1-cpu start_us=14129267 end_us=14132360 dur_us=3093
UKL-MQTT-BENCH: BUFFULL run_id=try5-c1-cpu start_us=14135286 end_us=14138352 dur_us=3065
UKL-MQTT-BENCH: BUFFULL run_id=try5-c1-cpu start_us=14141242 end_us=14144362 dur_us=3119
UKL-MQTT-BENCH: BUFFULL run_id=try5-c1-cpu start_us=14147263 end_us=14150358 dur_us=3095
UKL-MQTT-BENCH: BUFFULL run_id=try5-c1-cpu start_us=14152714 end_us=14156399 dur_us=3685
UKL-MQTT-BENCH: BUFFULL run_id=try5-c1-cpu start_us=14159287 end_us=14161353 dur_us=2065
UKL-MQTT-BENCH: BUFFULL run_id=try5-c1-cpu start_us=14164241 end_us=14167379 dur_us=3137
UKL-MQTT-BENCH: BUFFULL run_id=try5-c1-cpu start_us=14170260 end_us=14172398 dur_us=2137
UKL-MQTT-BENCH: BUFFULL run_id=try5-c1-cpu start_us=14174670 end_us=14179376 dur_us=4706
UKL-MQTT-BENCH: BUFFULL run_id=try5-c1-cpu start_us=14182859 end_us=14184355 dur_us=1496
UKL-MQTT-BENCH: BUFFULL run_id=try5-c1-cpu start_us=14186695 end_us=14190366 dur_us=3670
UKL-MQTT-BENCH: BUFFULL run_id=try5-c1-cpu start_us=14193288 end_us=14195340 dur_us=2051
UKL-MQTT-BENCH: BUFFULL run_id=try5-c1-cpu start_us=14197661 end_us=14201373 dur_us=3712
UKL-MQTT-BENCH: BUFFULL run_id=try5-c1-cpu start_us=14204283 end_us=14207367 dur_us=3083
UKL-MQTT-BENCH: BUFFULL run_id=try5-c1-cpu start_us=14210265 end_us=14212340 dur_us=2075
UKL-MQTT-BENCH: BUFFULL run_id=try5-c1-cpu start_us=14214620 end_us=14218366 dur_us=3746
UKL-MQTT-BENCH: BUFFULL run_id=try5-c1-cpu start_us=14221276 end_us=14224373 dur_us=3097
UKL-MQTT-BENCH: BUFFULL run_id=try5-c1-cpu start_us=14227263 end_us=14229398 dur_us=2134
UKL-MQTT-BENCH: BUFFULL run_id=try5-c1-cpu start_us=14231680 end_us=14235397 dur_us=3716
UKL-MQTT-BENCH: BUFFULL run_id=try5-c1-cpu start_us=14238291 end_us=14241386 dur_us=3095
UKL-MQTT-BENCH: BUFFULL run_id=try5-c1-cpu start_us=14244319 end_us=14246363 dur_us=2043
UKL-MQTT-BENCH: BUFFULL run_id=try5-c1-cpu start_us=14248657 end_us=14251325 dur_us=2667
UKL-MQTT-BENCH: BUFFULL run_id=try5-c1-cpu start_us=14253599 end_us=14255327 dur_us=1727
UKL-MQTT-BENCH: BUFFULL run_id=try5-c1-cpu start_us=14257665 end_us=14259302 dur_us=1637
UKL-MQTT-BENCH: BUFFULL run_id=try5-c1-cpu start_us=14260994 end_us=14265364 dur_us=4369
UKL-MQTT-BENCH: BUFFULL run_id=try5-c1-cpu start_us=14268269 end_us=14271361 dur_us=3091
UKL-MQTT-BENCH: BUFFULL run_id=try5-c1-cpu start_us=14274254 end_us=14277364 dur_us=3109
UKL-MQTT-BENCH: BUFFULL run_id=try5-c1-cpu start_us=14280257 end_us=14283363 dur_us=3105
UKL-MQTT-BENCH: BUFFULL run_id=try5-c1-cpu start_us=14286304 end_us=14290419 dur_us=4115
UKL-MQTT-BENCH: BUFFULL run_id=try5-c1-cpu start_us=14293925 end_us=14296466 dur_us=2540
UKL-MQTT-BENCH: BUFFULL run_id=try5-c1-cpu start_us=14299377 end_us=14303393 dur_us=4015
UKL-MQTT-BENCH: BUFFULL run_id=try5-c1-cpu start_us=14306301 end_us=14308411 dur_us=2110
UKL-MQTT-BENCH: BUFFULL run_id=try5-c1-cpu start_us=14310688 end_us=14313343 dur_us=2654
UKL-MQTT-BENCH: BUFFULL run_id=try5-c1-cpu start_us=14316232 end_us=14319376 dur_us=3143
UKL-MQTT-BENCH: BUFFULL run_id=try5-c1-cpu start_us=14322269 end_us=14323333 dur_us=1063
UKL-MQTT-BENCH: BUFFULL run_id=try5-c1-cpu start_us=14325042 end_us=14327286 dur_us=2243
UKL-MQTT-BENCH: BUFFULL run_id=try5-c1-cpu start_us=14328982 end_us=14332365 dur_us=3383
UKL-MQTT-BENCH: BUFFULL run_id=try5-c1-cpu start_us=14334656 end_us=14337327 dur_us=2671
UKL-MQTT-BENCH: BUFFULL run_id=try5-c1-cpu start_us=14340212 end_us=14342335 dur_us=2122
UKL-MQTT-BENCH: BUFFULL run_id=try5-c1-cpu start_us=14344642 end_us=14346288 dur_us=1646
UKL-MQTT-BENCH: BUFFULL run_id=try5-c1-cpu start_us=14347989 end_us=14353350 dur_us=5361
UKL-MQTT-BENCH: BUFFULL run_id=try5-c1-cpu start_us=14356829 end_us=14358340 dur_us=1510
UKL-MQTT-BENCH: BUFFULL run_id=try5-c1-cpu start_us=14360627 end_us=14365379 dur_us=4752
UKL-MQTT-BENCH: BUFFULL run_id=try5-c1-cpu start_us=14368865 end_us=14370364 dur_us=1499
UKL-MQTT-BENCH: BUFFULL run_id=try5-c1-cpu start_us=14373313 end_us=14378420 dur_us=5107
UKL-MQTT-BENCH: BUFFULL run_id=try5-c1-cpu start_us=14382075 end_us=14384399 dur_us=2323
UKL-MQTT-BENCH: BUFFULL run_id=try5-c1-cpu start_us=14387303 end_us=14389351 dur_us=2048
UKL-MQTT-BENCH: BUFFULL run_id=try5-c1-cpu start_us=14391653 end_us=14394337 dur_us=2683
UKL-MQTT-BENCH: BUFFULL run_id=try5-c1-cpu start_us=14396628 end_us=14399338 dur_us=2709
UKL-MQTT-BENCH: BUFFULL run_id=try5-c1-cpu start_us=14404430 end_us=14410399 dur_us=5968
UKL-MQTT-BENCH: BUFFULL run_id=try5-c1-cpu start_us=14414119 end_us=14415360 dur_us=1240
UKL-MQTT-BENCH: BUFFULL run_id=try5-c1-cpu start_us=14417813 end_us=14422850 dur_us=5037
UKL-MQTT-BENCH: BUFFULL run_id=try5-c1-cpu start_us=14426357 end_us=14428366 dur_us=2009
UKL-MQTT-BENCH: BUFFULL run_id=try5-c1-cpu start_us=14431266 end_us=14435380 dur_us=4114
UKL-MQTT-BENCH: BUFFULL run_id=try5-c1-cpu start_us=14438286 end_us=14441341 dur_us=3054
UKL-MQTT-BENCH: BUFFULL run_id=try5-c1-cpu start_us=14444269 end_us=14447364 dur_us=3095
UKL-MQTT-BENCH: BUFFULL run_id=try5-c1-cpu start_us=14450908 end_us=14455360 dur_us=4451
UKL-MQTT-BENCH: BUFFULL run_id=try5-c1-cpu start_us=14458864 end_us=14461372 dur_us=2508
UKL-MQTT-BENCH: BUFFULL run_id=try5-c1-cpu start_us=14464283 end_us=14468411 dur_us=4128
UKL-MQTT-BENCH: BUFFULL run_id=try5-c1-cpu start_us=14471895 end_us=14474386 dur_us=2490
UKL-MQTT-BENCH: BUFFULL run_id=try5-c1-cpu start_us=14477287 end_us=14480350 dur_us=3063
UKL-MQTT-BENCH: BUFFULL run_id=try5-c1-cpu start_us=14483246 end_us=14486380 dur_us=3134
UKL-MQTT-BENCH: BUFFULL run_id=try5-c1-cpu start_us=14489280 end_us=14491357 dur_us=2076
UKL-MQTT-BENCH: BUFFULL run_id=try5-c1-cpu start_us=14493646 end_us=14497371 dur_us=3725
UKL-MQTT-BENCH: BUFFULL run_id=try5-c1-cpu start_us=14500295 end_us=14503387 dur_us=3092
UKL-MQTT-BENCH: BUFFULL run_id=try5-c1-cpu start_us=14506287 end_us=14509362 dur_us=3075
UKL-MQTT-BENCH: BUFFULL run_id=try5-c1-cpu start_us=14511656 end_us=14514374 dur_us=2718
UKL-MQTT-BENCH: BUFFULL run_id=try5-c1-cpu start_us=14517282 end_us=14519338 dur_us=2056
UKL-MQTT-BENCH: BUFFULL run_id=try5-c1-cpu start_us=14521632 end_us=14525364 dur_us=3732
UKL-MQTT-BENCH: BUFFULL run_id=try5-c1-cpu start_us=14528266 end_us=14530324 dur_us=2057
UKL-MQTT-BENCH: BUFFULL run_id=try5-c1-cpu start_us=14532609 end_us=14535341 dur_us=2731
UKL-MQTT-BENCH: BUFFULL run_id=try5-c1-cpu start_us=14537633 end_us=14541347 dur_us=3713
UKL-MQTT-BENCH: BUFFULL run_id=try5-c1-cpu start_us=14544268 end_us=14547375 dur_us=3106
UKL-MQTT-BENCH: BUFFULL run_id=try5-c1-cpu start_us=14550270 end_us=14553373 dur_us=3103
UKL-MQTT-BENCH: BUFFULL run_id=try5-c1-cpu start_us=14556259 end_us=14559357 dur_us=3098
UKL-MQTT-BENCH: BUFFULL run_id=try5-c1-cpu start_us=14562251 end_us=14565407 dur_us=3155
UKL-MQTT-BENCH: BUFFULL run_id=try5-c1-cpu start_us=14568874 end_us=14571373 dur_us=2498
UKL-MQTT-BENCH: BUFFULL run_id=try5-c1-cpu start_us=14574272 end_us=14578368 dur_us=4095
UKL-MQTT-BENCH: BUFFULL run_id=try5-c1-cpu start_us=14581253 end_us=14584372 dur_us=3119
UKL-MQTT-BENCH: BUFFULL run_id=try5-c1-cpu start_us=14587257 end_us=14591394 dur_us=4137
UKL-MQTT-BENCH: BUFFULL run_id=try5-c1-cpu start_us=14594986 end_us=14597399 dur_us=2413
UKL-MQTT-BENCH: BUFFULL run_id=try5-c1-cpu start_us=14600308 end_us=14603426 dur_us=3117
UKL-MQTT-BENCH: BUFFULL run_id=try5-c1-cpu start_us=14606331 end_us=14609343 dur_us=3012
UKL-MQTT-BENCH: BUFFULL run_id=try5-c1-cpu start_us=14612235 end_us=14615351 dur_us=3116
UKL-MQTT-BENCH: BUFFULL run_id=try5-c1-cpu start_us=14618920 end_us=14622358 dur_us=3437
UKL-MQTT-BENCH: BUFFULL run_id=try5-c1-cpu start_us=14625257 end_us=14628380 dur_us=3123
UKL-MQTT-BENCH: BUFFULL run_id=try5-c1-cpu start_us=14631263 end_us=14634346 dur_us=3083
UKL-MQTT-BENCH: BUFFULL run_id=try5-c1-cpu start_us=14637242 end_us=14640373 dur_us=3130
UKL-MQTT-BENCH: BUFFULL run_id=try5-c1-cpu start_us=14643265 end_us=14646342 dur_us=3077
UKL-MQTT-BENCH: BUFFULL run_id=try5-c1-cpu start_us=14649231 end_us=14653424 dur_us=4193
UKL-MQTT-BENCH: BUFFULL run_id=try5-c1-cpu start_us=14656884 end_us=14659390 dur_us=2505
UKL-MQTT-BENCH: BUFFULL run_id=try5-c1-cpu start_us=14662291 end_us=14665370 dur_us=3079
UKL-MQTT-BENCH: BUFFULL run_id=try5-c1-cpu start_us=14668269 end_us=14671356 dur_us=3087
UKL-MQTT-BENCH: BUFFULL run_id=try5-c1-cpu start_us=14674248 end_us=14678387 dur_us=4139
UKL-MQTT-BENCH: BUFFULL run_id=try5-c1-cpu start_us=14681895 end_us=14684384 dur_us=2489
UKL-MQTT-BENCH: BUFFULL run_id=try5-c1-cpu start_us=14687298 end_us=14690353 dur_us=3055
UKL-MQTT-BENCH: BUFFULL run_id=try5-c1-cpu start_us=14693258 end_us=14695356 dur_us=2098
UKL-MQTT-BENCH: BUFFULL run_id=try5-c1-cpu start_us=14697676 end_us=14702361 dur_us=4685
UKL-MQTT-BENCH: BUFFULL run_id=try5-c1-cpu start_us=14705267 end_us=14707389 dur_us=2122
UKL-MQTT-BENCH: BUFFULL run_id=try5-c1-cpu start_us=14710301 end_us=14713362 dur_us=3061
UKL-MQTT-BENCH: BUFFULL run_id=try5-c1-cpu start_us=14715651 end_us=14719403 dur_us=3752
UKL-MQTT-BENCH: BUFFULL run_id=try5-c1-cpu start_us=14722892 end_us=14724335 dur_us=1443
UKL-MQTT-BENCH: BUFFULL run_id=try5-c1-cpu start_us=14726632 end_us=14730354 dur_us=3722
UKL-MQTT-BENCH: BUFFULL run_id=try5-c1-cpu start_us=14733264 end_us=14735328 dur_us=2063
UKL-MQTT-BENCH: BUFFULL run_id=try5-c1-cpu start_us=14737611 end_us=14741363 dur_us=3752
UKL-MQTT-BENCH: BUFFULL run_id=try5-c1-cpu start_us=14744241 end_us=14746353 dur_us=2112
UKL-MQTT-BENCH: BUFFULL run_id=try5-c1-cpu start_us=14749244 end_us=14752344 dur_us=3100
UKL-MQTT-BENCH: BUFFULL run_id=try5-c1-cpu start_us=14754636 end_us=14758347 dur_us=3711
UKL-MQTT-BENCH: BUFFULL run_id=try5-c1-cpu start_us=14761259 end_us=14764369 dur_us=3110
UKL-MQTT-BENCH: BUFFULL run_id=try5-c1-cpu start_us=14767270 end_us=14770349 dur_us=3079
UKL-MQTT-BENCH: BUFFULL run_id=try5-c1-cpu start_us=14773234 end_us=14776379 dur_us=3144
UKL-MQTT-BENCH: BUFFULL run_id=try5-c1-cpu start_us=14779269 end_us=14782389 dur_us=3119
UKL-MQTT-BENCH: BUFFULL run_id=try5-c1-cpu start_us=14785857 end_us=14789361 dur_us=3504
UKL-MQTT-BENCH: BUFFULL run_id=try5-c1-cpu start_us=14792248 end_us=14795357 dur_us=3108
UKL-MQTT-BENCH: BUFFULL run_id=try5-c1-cpu start_us=14798303 end_us=14801423 dur_us=3119
UKL-MQTT-BENCH: BUFFULL run_id=try5-c1-cpu start_us=14804913 end_us=14808367 dur_us=3453
UKL-MQTT-BENCH: BUFFULL run_id=try5-c1-cpu start_us=14811276 end_us=14814372 dur_us=3095
UKL-MQTT-BENCH: BUFFULL run_id=try5-c1-cpu start_us=14817285 end_us=14820357 dur_us=3071
UKL-MQTT-BENCH: BUFFULL run_id=try5-c1-cpu start_us=14823265 end_us=14826362 dur_us=3097
UKL-MQTT-BENCH: BUFFULL run_id=try5-c1-cpu start_us=14829256 end_us=14831358 dur_us=2102
UKL-MQTT-BENCH: BUFFULL run_id=try5-c1-cpu start_us=14833644 end_us=14837371 dur_us=3726
UKL-MQTT-BENCH: BUFFULL run_id=try5-c1-cpu start_us=14840255 end_us=14843357 dur_us=3102
UKL-MQTT-BENCH: BUFFULL run_id=try5-c1-cpu start_us=14846261 end_us=14848379 dur_us=2118
UKL-MQTT-BENCH: BUFFULL run_id=try5-c1-cpu start_us=14851282 end_us=14854325 dur_us=3043
UKL-MQTT-BENCH: BUFFULL run_id=try5-c1-cpu start_us=14856602 end_us=14859359 dur_us=2756
UKL-MQTT-BENCH: BUFFULL run_id=try5-c1-cpu start_us=14862243 end_us=14865379 dur_us=3135
UKL-MQTT-BENCH: BUFFULL run_id=try5-c1-cpu start_us=14868254 end_us=14870345 dur_us=2091
UKL-MQTT-BENCH: BUFFULL run_id=try5-c1-cpu start_us=14872636 end_us=14876350 dur_us=3714
UKL-MQTT-BENCH: BUFFULL run_id=try5-c1-cpu start_us=14879298 end_us=14881347 dur_us=2048
UKL-MQTT-BENCH: BUFFULL run_id=try5-c1-cpu start_us=14883660 end_us=14887397 dur_us=3736
UKL-MQTT-BENCH: BUFFULL run_id=try5-c1-cpu start_us=14890355 end_us=14893349 dur_us=2993
UKL-MQTT-BENCH: BUFFULL run_id=try5-c1-cpu start_us=14896242 end_us=14899386 dur_us=3143
UKL-MQTT-BENCH: BUFFULL run_id=try5-c1-cpu start_us=14902358 end_us=14904392 dur_us=2033
UKL-MQTT-BENCH: BUFFULL run_id=try5-c1-cpu start_us=14907299 end_us=14910404 dur_us=3104
UKL-MQTT-BENCH: BUFFULL run_id=try5-c1-cpu start_us=14913313 end_us=14916333 dur_us=3020
UKL-MQTT-BENCH: BUFFULL run_id=try5-c1-cpu start_us=14918647 end_us=14922379 dur_us=3732
UKL-MQTT-BENCH: BUFFULL run_id=try5-c1-cpu start_us=14925275 end_us=14927375 dur_us=2100
UKL-MQTT-BENCH: BUFFULL run_id=try5-c1-cpu start_us=14930272 end_us=14934366 dur_us=4094
UKL-MQTT-BENCH: BUFFULL run_id=try5-c1-cpu start_us=14937250 end_us=14940338 dur_us=3088
UKL-MQTT-BENCH: BUFFULL run_id=try5-c1-cpu start_us=14943217 end_us=14946373 dur_us=3156
UKL-MQTT-BENCH: BUFFULL run_id=try5-c1-cpu start_us=14949263 end_us=14952380 dur_us=3117
UKL-MQTT-BENCH: BUFFULL run_id=try5-c1-cpu start_us=14955279 end_us=14959409 dur_us=4130
UKL-MQTT-BENCH: BUFFULL run_id=try5-c1-cpu start_us=14962877 end_us=14965431 dur_us=2554
UKL-MQTT-BENCH: BUFFULL run_id=try5-c1-cpu start_us=14968312 end_us=14970366 dur_us=2053
UKL-MQTT-BENCH: BUFFULL run_id=try5-c1-cpu start_us=14972634 end_us=14976395 dur_us=3761
UKL-MQTT-BENCH: BUFFULL run_id=try5-c1-cpu start_us=14979277 end_us=14981352 dur_us=2074
UKL-MQTT-BENCH: BUFFULL run_id=try5-c1-cpu start_us=14983622 end_us=14985338 dur_us=1715
UKL-MQTT-BENCH: BUFFULL run_id=try5-c1-cpu start_us=14987603 end_us=14990333 dur_us=2730
UKL-MQTT-BENCH: BUFFULL run_id=try5-c1-cpu start_us=14992613 end_us=14995332 dur_us=2718
UKL-MQTT-BENCH: BUFFULL run_id=try5-c1-cpu start_us=14997625 end_us=15002428 dur_us=4802
UKL-MQTT-BENCH: BUFFULL run_id=try5-c1-cpu start_us=15005958 end_us=15008402 dur_us=2444
UKL-MQTT-BENCH: BUFFULL run_id=try5-c1-cpu start_us=15011322 end_us=15014395 dur_us=3073
UKL-MQTT-BENCH: BUFFULL run_id=try5-c1-cpu start_us=15017304 end_us=15019334 dur_us=2030
UKL-MQTT-BENCH: BUFFULL run_id=try5-c1-cpu start_us=15021622 end_us=15024348 dur_us=2725
UKL-MQTT-BENCH: BUFFULL run_id=try5-c1-cpu start_us=15026629 end_us=15029327 dur_us=2697
UKL-MQTT-BENCH: BUFFULL run_id=try5-c1-cpu start_us=15031594 end_us=15035416 dur_us=3821
UKL-MQTT-BENCH: BUFFULL run_id=try5-c1-cpu start_us=15038897 end_us=15041367 dur_us=2469
UKL-MQTT-BENCH: BUFFULL run_id=try5-c1-cpu start_us=15044255 end_us=15048353 dur_us=4097
UKL-MQTT-BENCH: BUFFULL run_id=try5-c1-cpu start_us=15051243 end_us=15054361 dur_us=3118
UKL-MQTT-BENCH: BUFFULL run_id=try5-c1-cpu start_us=15057255 end_us=15060362 dur_us=3106
UKL-MQTT-BENCH: BUFFULL run_id=try5-c1-cpu start_us=15063253 end_us=15066347 dur_us=3093
UKL-MQTT-BENCH: BUFFULL run_id=try5-c1-cpu start_us=15069223 end_us=15072397 dur_us=3173
UKL-MQTT-BENCH: BUFFULL run_id=try5-c1-cpu start_us=15075880 end_us=15079352 dur_us=3471
UKL-MQTT-BENCH: BUFFULL run_id=try5-c1-cpu start_us=15082262 end_us=15085362 dur_us=3099
UKL-MQTT-BENCH: BUFFULL run_id=try5-c1-cpu start_us=15088249 end_us=15091364 dur_us=3115
UKL-MQTT-BENCH: BUFFULL run_id=try5-c1-cpu start_us=15094260 end_us=15098410 dur_us=4149
UKL-MQTT-BENCH: BUFFULL run_id=try5-c1-cpu start_us=15101875 end_us=15104385 dur_us=2510
UKL-MQTT-BENCH: BUFFULL run_id=try5-c1-cpu start_us=15107321 end_us=15110350 dur_us=3028
UKL-MQTT-BENCH: BUFFULL run_id=try5-c1-cpu start_us=15113250 end_us=15116361 dur_us=3110
UKL-MQTT-BENCH: BUFFULL run_id=try5-c1-cpu start_us=15119264 end_us=15123412 dur_us=4147
UKL-MQTT-BENCH: BUFFULL run_id=try5-c1-cpu start_us=15126918 end_us=15129372 dur_us=2453
UKL-MQTT-BENCH: BUFFULL run_id=try5-c1-cpu start_us=15132271 end_us=15135383 dur_us=3112
UKL-MQTT-BENCH: BUFFULL run_id=try5-c1-cpu start_us=15138317 end_us=15142410 dur_us=4092
UKL-MQTT-BENCH: BUFFULL run_id=try5-c1-cpu start_us=15145899 end_us=15148369 dur_us=2470
UKL-MQTT-BENCH: BUFFULL run_id=try5-c1-cpu start_us=15151366 end_us=15154384 dur_us=3018
UKL-MQTT-BENCH: BUFFULL run_id=try5-c1-cpu start_us=15157282 end_us=15160349 dur_us=3066
UKL-MQTT-BENCH: BUFFULL run_id=try5-c1-cpu start_us=15163234 end_us=15166352 dur_us=3117
UKL-MQTT-BENCH: BUFFULL run_id=try5-c1-cpu start_us=15168700 end_us=15172376 dur_us=3675
UKL-MQTT-BENCH: BUFFULL run_id=try5-c1-cpu start_us=15175279 end_us=15177362 dur_us=2083
UKL-MQTT-BENCH: BUFFULL run_id=try5-c1-cpu start_us=15180252 end_us=15182900 dur_us=2647
UKL-MQTT-BENCH: BUFFULL run_id=try5-c1-cpu start_us=15185788 end_us=15188331 dur_us=2543
UKL-MQTT-BENCH: BUFFULL run_id=try5-c1-cpu start_us=15190618 end_us=15194355 dur_us=3737
UKL-MQTT-BENCH: BUFFULL run_id=try5-c1-cpu start_us=15197250 end_us=15200370 dur_us=3120
UKL-MQTT-BENCH: BUFFULL run_id=try5-c1-cpu start_us=15203289 end_us=15207434 dur_us=4144
UKL-MQTT-BENCH: BUFFULL run_id=try5-c1-cpu start_us=15210935 end_us=15213387 dur_us=2451
UKL-MQTT-BENCH: BUFFULL run_id=try5-c1-cpu start_us=15215669 end_us=15219459 dur_us=3790
UKL-MQTT-BENCH: BUFFULL run_id=try5-c1-cpu start_us=15222368 end_us=15224383 dur_us=2014
UKL-MQTT-BENCH: BUFFULL run_id=try5-c1-cpu start_us=15227301 end_us=15229345 dur_us=2043
UKL-MQTT-BENCH: BUFFULL run_id=try5-c1-cpu start_us=15233388 end_us=15237358 dur_us=3969
UKL-MQTT-BENCH: BUFFULL run_id=try5-c1-cpu start_us=15239642 end_us=15242357 dur_us=2715
UKL-MQTT-BENCH: BUFFULL run_id=try5-c1-cpu start_us=15245264 end_us=15248370 dur_us=3106
UKL-MQTT-BENCH: BUFFULL run_id=try5-c1-cpu start_us=15251256 end_us=15254329 dur_us=3072
UKL-MQTT-BENCH: BUFFULL run_id=try5-c1-cpu start_us=15256624 end_us=15260393 dur_us=3768
UKL-MQTT-BENCH: BUFFULL run_id=try5-c1-cpu start_us=15263297 end_us=15264339 dur_us=1042
UKL-MQTT-BENCH: BUFFULL run_id=try5-c1-cpu start_us=15266646 end_us=15269337 dur_us=2691
UKL-MQTT-BENCH: BUFFULL run_id=try5-c1-cpu start_us=15271614 end_us=15274350 dur_us=2736
UKL-MQTT-BENCH: BUFFULL run_id=try5-c1-cpu start_us=15276668 end_us=15280370 dur_us=3702
UKL-MQTT-BENCH: BUFFULL run_id=try5-c1-cpu start_us=15283257 end_us=15286346 dur_us=3088
UKL-MQTT-BENCH: BUFFULL run_id=try5-c1-cpu start_us=15289262 end_us=15292406 dur_us=3143
UKL-MQTT-BENCH: BUFFULL run_id=try5-c1-cpu start_us=15295290 end_us=15298414 dur_us=3124
UKL-MQTT-BENCH: BUFFULL run_id=try5-c1-cpu start_us=15301321 end_us=15305451 dur_us=4129
UKL-MQTT-BENCH: BUFFULL run_id=try5-c1-cpu start_us=15309062 end_us=15310404 dur_us=1341
UKL-MQTT-BENCH: BUFFULL run_id=try5-c1-cpu start_us=15312705 end_us=15315329 dur_us=2623
UKL-MQTT-BENCH: BUFFULL run_id=try5-c1-cpu start_us=15319380 end_us=15323414 dur_us=4034
UKL-MQTT-BENCH: BUFFULL run_id=try5-c1-cpu start_us=15325705 end_us=15328365 dur_us=2659
UKL-MQTT-BENCH: BUFFULL run_id=try5-c1-cpu start_us=15330654 end_us=15334366 dur_us=3712
UKL-MQTT-BENCH: BUFFULL run_id=try5-c1-cpu start_us=15339982 end_us=15343335 dur_us=3353
UKL-MQTT-BENCH: BUFFULL run_id=try5-c1-cpu start_us=15345631 end_us=15347338 dur_us=1707
UKL-MQTT-BENCH: BUFFULL run_id=try5-c1-cpu start_us=15349628 end_us=15355349 dur_us=5721
UKL-MQTT-BENCH: BUFFULL run_id=try5-c1-cpu start_us=15358832 end_us=15361372 dur_us=2539
UKL-MQTT-BENCH: BUFFULL run_id=try5-c1-cpu start_us=15364253 end_us=15369434 dur_us=5180
UKL-MQTT-BENCH: BUFFULL run_id=try5-c1-cpu start_us=15373523 end_us=15375358 dur_us=1835
UKL-MQTT-BENCH: BUFFULL run_id=try5-c1-cpu start_us=15378267 end_us=15382405 dur_us=4138
UKL-MQTT-BENCH: BUFFULL run_id=try5-c1-cpu start_us=15385893 end_us=15388395 dur_us=2502
UKL-MQTT-BENCH: BUFFULL run_id=try5-c1-cpu start_us=15391290 end_us=15393325 dur_us=2035
UKL-MQTT-BENCH: BUFFULL run_id=try5-c1-cpu start_us=15395631 end_us=15398323 dur_us=2691
UKL-MQTT-BENCH: BUFFULL run_id=try5-c1-cpu start_us=15400624 end_us=15403342 dur_us=2717
UKL-MQTT-BENCH: BUFFULL run_id=try5-c1-cpu start_us=15405633 end_us=15410322 dur_us=4688
UKL-MQTT-BENCH: BUFFULL run_id=try5-c1-cpu start_us=15413904 end_us=15416408 dur_us=2503
UKL-MQTT-BENCH: BUFFULL run_id=try5-c1-cpu start_us=15419325 end_us=15423389 dur_us=4064
UKL-MQTT-BENCH: BUFFULL run_id=try5-c1-cpu start_us=15426877 end_us=15429395 dur_us=2518
UKL-MQTT-BENCH: BUFFULL run_id=try5-c1-cpu start_us=15432301 end_us=15436418 dur_us=4117
UKL-MQTT-BENCH: BUFFULL run_id=try5-c1-cpu start_us=15439914 end_us=15442390 dur_us=2476
UKL-MQTT-BENCH: BUFFULL run_id=try5-c1-cpu start_us=15444676 end_us=15448386 dur_us=3709
UKL-MQTT-BENCH: BUFFULL run_id=try5-c1-cpu start_us=15451877 end_us=15453323 dur_us=1445
UKL-MQTT-BENCH: BUFFULL run_id=try5-c1-cpu start_us=15455604 end_us=15458345 dur_us=2740
UKL-MQTT-BENCH: BUFFULL run_id=try5-c1-cpu start_us=15460621 end_us=15463343 dur_us=2721
UKL-MQTT-BENCH: BUFFULL run_id=try5-c1-cpu start_us=15465631 end_us=15469419 dur_us=3788
UKL-MQTT-BENCH: BUFFULL run_id=try5-c1-cpu start_us=15472878 end_us=15474312 dur_us=1434
UKL-MQTT-BENCH: BUFFULL run_id=try5-c1-cpu start_us=15476001 end_us=15480388 dur_us=4387
UKL-MQTT-BENCH: BUFFULL run_id=try5-c1-cpu start_us=15486003 end_us=15490352 dur_us=4348
UKL-MQTT-BENCH: BUFFULL run_id=try5-c1-cpu start_us=15495211 end_us=15499355 dur_us=4143
UKL-MQTT-BENCH: BUFFULL run_id=try5-c1-cpu start_us=15502261 end_us=15504338 dur_us=2076
UKL-MQTT-BENCH: BUFFULL run_id=try5-c1-cpu start_us=15506614 end_us=15510341 dur_us=3727
UKL-MQTT-BENCH: BUFFULL run_id=try5-c1-cpu start_us=15513249 end_us=15516384 dur_us=3135
UKL-MQTT-BENCH: BUFFULL run_id=try5-c1-cpu start_us=15519290 end_us=15521387 dur_us=2096
UKL-MQTT-BENCH: BUFFULL run_id=try5-c1-cpu start_us=15523682 end_us=15527357 dur_us=3674
UKL-MQTT-BENCH: BUFFULL run_id=try5-c1-cpu start_us=15530293 end_us=15533388 dur_us=3095
UKL-MQTT-BENCH: BUFFULL run_id=try5-c1-cpu start_us=15536282 end_us=15538324 dur_us=2041
UKL-MQTT-BENCH: BUFFULL run_id=try5-c1-cpu start_us=15540606 end_us=15542752 dur_us=2146
UKL-MQTT-BENCH: BUFFULL run_id=try5-c1-cpu start_us=15545040 end_us=15547365 dur_us=2324
UKL-MQTT-BENCH: BUFFULL run_id=try5-c1-cpu start_us=15549680 end_us=15554388 dur_us=4707
UKL-MQTT-BENCH: BUFFULL run_id=try5-c1-cpu start_us=15557864 end_us=15559342 dur_us=1478
UKL-MQTT-BENCH: BUFFULL run_id=try5-c1-cpu start_us=15561647 end_us=15565376 dur_us=3728
UKL-MQTT-BENCH: BUFFULL run_id=try5-c1-cpu start_us=15568257 end_us=15571380 dur_us=3123
UKL-MQTT-BENCH: BUFFULL run_id=try5-c1-cpu start_us=15573658 end_us=15577338 dur_us=3679
UKL-MQTT-BENCH: BUFFULL run_id=try5-c1-cpu start_us=15580215 end_us=15582357 dur_us=2141
UKL-MQTT-BENCH: BUFFULL run_id=try5-c1-cpu start_us=15585246 end_us=15586293 dur_us=1046
UKL-MQTT-BENCH: BUFFULL run_id=try5-c1-cpu start_us=15587992 end_us=15592378 dur_us=4386
UKL-MQTT-BENCH: BUFFULL run_id=try5-c1-cpu start_us=15595269 end_us=15598361 dur_us=3092
UKL-MQTT-BENCH: BUFFULL run_id=try5-c1-cpu start_us=15601256 end_us=15604391 dur_us=3135
UKL-MQTT-BENCH: BUFFULL run_id=try5-c1-cpu start_us=15607286 end_us=15610333 dur_us=3046
UKL-MQTT-BENCH: BUFFULL run_id=try5-c1-cpu start_us=15613244 end_us=15616410 dur_us=3166
UKL-MQTT-BENCH: BUFFULL run_id=try5-c1-cpu start_us=15619351 end_us=15622382 dur_us=3031
UKL-MQTT-BENCH: BUFFULL run_id=try5-c1-cpu start_us=15625289 end_us=15628348 dur_us=3058
UKL-MQTT-BENCH: BUFFULL run_id=try5-c1-cpu start_us=15631250 end_us=15633356 dur_us=2105
UKL-MQTT-BENCH: BUFFULL run_id=try5-c1-cpu start_us=15635651 end_us=15639360 dur_us=3708
UKL-MQTT-BENCH: BUFFULL run_id=try5-c1-cpu start_us=15642254 end_us=15645371 dur_us=3117
UKL-MQTT-BENCH: BUFFULL run_id=try5-c1-cpu start_us=15648272 end_us=15650346 dur_us=2074
UKL-MQTT-BENCH: BUFFULL run_id=try5-c1-cpu start_us=15652621 end_us=15656350 dur_us=3729
UKL-MQTT-BENCH: BUFFULL run_id=try5-c1-cpu start_us=15659256 end_us=15662354 dur_us=3098
UKL-MQTT-BENCH: BUFFULL run_id=try5-c1-cpu start_us=15665883 end_us=15669353 dur_us=3470
UKL-MQTT-BENCH: BUFFULL run_id=try5-c1-cpu start_us=15672228 end_us=15675351 dur_us=3123
UKL-MQTT-BENCH: BUFFULL run_id=try5-c1-cpu start_us=15678249 end_us=15682407 dur_us=4157
UKL-MQTT-BENCH: BUFFULL run_id=try5-c1-cpu start_us=15685888 end_us=15688364 dur_us=2476
UKL-MQTT-BENCH: BUFFULL run_id=try5-c1-cpu start_us=15691268 end_us=15694376 dur_us=3108
UKL-MQTT-BENCH: BUFFULL run_id=try5-c1-cpu start_us=15697257 end_us=15701414 dur_us=4157
UKL-MQTT-BENCH: BUFFULL run_id=try5-c1-cpu start_us=15704925 end_us=15707377 dur_us=2451
UKL-MQTT-BENCH: BUFFULL run_id=try5-c1-cpu start_us=15710300 end_us=15713367 dur_us=3066
UKL-MQTT-BENCH: BUFFULL run_id=try5-c1-cpu start_us=15716269 end_us=15719380 dur_us=3110
UKL-MQTT-BENCH: BUFFULL run_id=try5-c1-cpu start_us=15722295 end_us=15724357 dur_us=2062
UKL-MQTT-BENCH: BUFFULL run_id=try5-c1-cpu start_us=15726674 end_us=15731387 dur_us=4713
UKL-MQTT-BENCH: BUFFULL run_id=try5-c1-cpu start_us=15734292 end_us=15736356 dur_us=2063
UKL-MQTT-BENCH: BUFFULL run_id=try5-c1-cpu start_us=15739262 end_us=15742387 dur_us=3124
UKL-MQTT-BENCH: BUFFULL run_id=try5-c1-cpu start_us=15745288 end_us=15747329 dur_us=2040
UKL-MQTT-BENCH: BUFFULL run_id=try5-c1-cpu start_us=15749637 end_us=15753355 dur_us=3717
UKL-MQTT-BENCH: BUFFULL run_id=try5-c1-cpu start_us=15756243 end_us=15759373 dur_us=3129
UKL-MQTT-BENCH: BUFFULL run_id=try5-c1-cpu start_us=15762270 end_us=15766401 dur_us=4131
UKL-MQTT-BENCH: BUFFULL run_id=try5-c1-cpu start_us=15769874 end_us=15772370 dur_us=2496
UKL-MQTT-BENCH: BUFFULL run_id=try5-c1-cpu start_us=15774638 end_us=15778457 dur_us=3819
UKL-MQTT-BENCH: BUFFULL run_id=try5-c1-cpu start_us=15781349 end_us=15783374 dur_us=2024
UKL-MQTT-BENCH: BUFFULL run_id=try5-c1-cpu start_us=15786265 end_us=15788342 dur_us=2076
UKL-MQTT-BENCH: BUFFULL run_id=try5-c1-cpu start_us=15791925 end_us=15795315 dur_us=3390
UKL-MQTT-BENCH: BUFFULL run_id=try5-c1-cpu start_us=15797596 end_us=15801372 dur_us=3775
UKL-MQTT-BENCH: BUFFULL run_id=try5-c1-cpu start_us=15804251 end_us=15807361 dur_us=3110
UKL-MQTT-BENCH: BUFFULL run_id=try5-c1-cpu start_us=15810280 end_us=15813345 dur_us=3064
UKL-MQTT-BENCH: BUFFULL run_id=try5-c1-cpu start_us=15816220 end_us=15818382 dur_us=2162
UKL-MQTT-BENCH: BUFFULL run_id=try5-c1-cpu start_us=15820670 end_us=15824385 dur_us=3714
UKL-MQTT-BENCH: BUFFULL run_id=try5-c1-cpu start_us=15827324 end_us=15830357 dur_us=3033
UKL-MQTT-BENCH: BUFFULL run_id=try5-c1-cpu start_us=15833256 end_us=15835336 dur_us=2079
UKL-MQTT-BENCH: BUFFULL run_id=try5-c1-cpu start_us=15837625 end_us=15840342 dur_us=2716
UKL-MQTT-BENCH: BUFFULL run_id=try5-c1-cpu start_us=15842641 end_us=15846367 dur_us=3726
UKL-MQTT-BENCH: BUFFULL run_id=try5-c1-cpu start_us=15849285 end_us=15851371 dur_us=2086
UKL-MQTT-BENCH: BUFFULL run_id=try5-c1-cpu start_us=15854263 end_us=15857354 dur_us=3090
UKL-MQTT-BENCH: BUFFULL run_id=try5-c1-cpu start_us=15859651 end_us=15862353 dur_us=2702
UKL-MQTT-BENCH: BUFFULL run_id=try5-c1-cpu start_us=15865228 end_us=15868365 dur_us=3137
UKL-MQTT-BENCH: BUFFULL run_id=try5-c1-cpu start_us=15871257 end_us=15874375 dur_us=3118
UKL-MQTT-BENCH: BUFFULL run_id=try5-c1-cpu start_us=15876703 end_us=15880377 dur_us=3674
UKL-MQTT-BENCH: BUFFULL run_id=try5-c1-cpu start_us=15883853 end_us=15886355 dur_us=2502
UKL-MQTT-BENCH: BUFFULL run_id=try5-c1-cpu start_us=15889249 end_us=15891333 dur_us=2083
UKL-MQTT-BENCH: BUFFULL run_id=try5-c1-cpu start_us=15893612 end_us=15897357 dur_us=3745
UKL-MQTT-BENCH: BUFFULL run_id=try5-c1-cpu start_us=15900248 end_us=15903380 dur_us=3132
UKL-MQTT-BENCH: BUFFULL run_id=try5-c1-cpu start_us=15906273 end_us=15908110 dur_us=1837
UKL-MQTT-BENCH: BUFFULL run_id=try5-c1-cpu start_us=15910445 end_us=15914367 dur_us=3921
UKL-MQTT-BENCH: BUFFULL run_id=try5-c1-cpu start_us=15917264 end_us=15920361 dur_us=3096
UKL-MQTT-BENCH: BUFFULL run_id=try5-c1-cpu start_us=15923289 end_us=15925370 dur_us=2081
UKL-MQTT-BENCH: BUFFULL run_id=try5-c1-cpu start_us=15927677 end_us=15931363 dur_us=3686
UKL-MQTT-BENCH: BUFFULL run_id=try5-c1-cpu start_us=15934274 end_us=15937374 dur_us=3100
UKL-MQTT-BENCH: BUFFULL run_id=try5-c1-cpu start_us=15940278 end_us=15943236 dur_us=2958
UKL-MQTT-BENCH: BUFFULL run_id=try5-c1-cpu start_us=15945538 end_us=15948381 dur_us=2843
UKL-MQTT-BENCH: BUFFULL run_id=try5-c1-cpu start_us=15951284 end_us=15954364 dur_us=3079
UKL-MQTT-BENCH: BUFFULL run_id=try5-c1-cpu start_us=15957251 end_us=15961415 dur_us=4164
UKL-MQTT-BENCH: BUFFULL run_id=try5-c1-cpu start_us=15967035 end_us=15971339 dur_us=4304
UKL-MQTT-BENCH: BUFFULL run_id=try5-c1-cpu start_us=15974222 end_us=15976342 dur_us=2119
UKL-MQTT-BENCH: BUFFULL run_id=try5-c1-cpu start_us=15978629 end_us=15982360 dur_us=3730
UKL-MQTT-BENCH: BUFFULL run_id=try5-c1-cpu start_us=15985254 end_us=15987367 dur_us=2113
UKL-MQTT-BENCH: BUFFULL run_id=try5-c1-cpu start_us=15990256 end_us=15993332 dur_us=3076
UKL-MQTT-BENCH: BUFFULL run_id=try5-c1-cpu start_us=15995609 end_us=15998376 dur_us=2766
UKL-MQTT-BENCH: BUFFULL run_id=try5-c1-cpu start_us=16001264 end_us=16004360 dur_us=3095
UKL-MQTT-BENCH: BUFFULL run_id=try5-c1-cpu start_us=16007259 end_us=16010377 dur_us=3117
UKL-MQTT-BENCH: BUFFULL run_id=try5-c1-cpu start_us=16013273 end_us=16016350 dur_us=3077
UKL-MQTT-BENCH: BUFFULL run_id=try5-c1-cpu start_us=16019245 end_us=16023400 dur_us=4155
UKL-MQTT-BENCH: BUFFULL run_id=try5-c1-cpu start_us=16026944 end_us=16029403 dur_us=2458
UKL-MQTT-BENCH: BUFFULL run_id=try5-c1-cpu start_us=16032303 end_us=16036379 dur_us=4075
UKL-MQTT-BENCH: BUFFULL run_id=try5-c1-cpu start_us=16039279 end_us=16042370 dur_us=3090
UKL-MQTT-BENCH: BUFFULL run_id=try5-c1-cpu start_us=16045281 end_us=16049421 dur_us=4139
UKL-MQTT-BENCH: BUFFULL run_id=try5-c1-cpu start_us=16052921 end_us=16055358 dur_us=2437
UKL-MQTT-BENCH: BUFFULL run_id=try5-c1-cpu start_us=16058254 end_us=16061373 dur_us=3119
UKL-MQTT-BENCH: BUFFULL run_id=try5-c1-cpu start_us=16064262 end_us=16067351 dur_us=3089
UKL-MQTT-BENCH: BUFFULL run_id=try5-c1-cpu start_us=16070245 end_us=16073356 dur_us=3110
UKL-MQTT-BENCH: BUFFULL run_id=try5-c1-cpu start_us=16076251 end_us=16079355 dur_us=3104
UKL-MQTT-BENCH: BUFFULL run_id=try5-c1-cpu start_us=16082256 end_us=16086422 dur_us=4165
UKL-MQTT-BENCH: BUFFULL run_id=try5-c1-cpu start_us=16089909 end_us=16092361 dur_us=2452
UKL-MQTT-BENCH: BUFFULL run_id=try5-c1-cpu start_us=16095264 end_us=16098368 dur_us=3104
UKL-MQTT-BENCH: BUFFULL run_id=try5-c1-cpu start_us=16101276 end_us=16104359 dur_us=3083
UKL-MQTT-BENCH: BUFFULL run_id=try5-c1-cpu start_us=16107269 end_us=16109357 dur_us=2087
UKL-MQTT-BENCH: BUFFULL run_id=try5-c1-cpu start_us=16111646 end_us=16116347 dur_us=4700
UKL-MQTT-BENCH: BUFFULL run_id=try5-c1-cpu start_us=16119823 end_us=16121347 dur_us=1523
UKL-MQTT-BENCH: BUFFULL run_id=try5-c1-cpu start_us=16123625 end_us=16127384 dur_us=3758
UKL-MQTT-BENCH: BUFFULL run_id=try5-c1-cpu start_us=16130327 end_us=16133377 dur_us=3049
UKL-MQTT-BENCH: BUFFULL run_id=try5-c1-cpu start_us=16136305 end_us=16139361 dur_us=3056
UKL-MQTT-BENCH: BUFFULL run_id=try5-c1-cpu start_us=16142282 end_us=16145373 dur_us=3091
UKL-MQTT-BENCH: BUFFULL run_id=try5-c1-cpu start_us=16148273 end_us=16150374 dur_us=2100
UKL-MQTT-BENCH: BUFFULL run_id=try5-c1-cpu start_us=16152697 end_us=16156380 dur_us=3682
UKL-MQTT-BENCH: BUFFULL run_id=try5-c1-cpu start_us=16159269 end_us=16162366 dur_us=3096
UKL-MQTT-BENCH: BUFFULL run_id=try5-c1-cpu start_us=16165271 end_us=16167387 dur_us=2115
UKL-MQTT-BENCH: BUFFULL run_id=try5-c1-cpu start_us=16170318 end_us=16173406 dur_us=3088
UKL-MQTT-BENCH: BUFFULL run_id=try5-c1-cpu start_us=16175689 end_us=16179386 dur_us=3696
UKL-MQTT-BENCH: BUFFULL run_id=try5-c1-cpu start_us=16182277 end_us=16184376 dur_us=2098
UKL-MQTT-BENCH: BUFFULL run_id=try5-c1-cpu start_us=16188555 end_us=16192346 dur_us=3790
UKL-MQTT-BENCH: BUFFULL run_id=try5-c1-cpu start_us=16194645 end_us=16197347 dur_us=2701
UKL-MQTT-BENCH: BUFFULL run_id=try5-c1-cpu start_us=16199630 end_us=16204406 dur_us=4776
UKL-MQTT-BENCH: BUFFULL run_id=try5-c1-cpu start_us=16207882 end_us=16209343 dur_us=1461
UKL-MQTT-BENCH: BUFFULL run_id=try5-c1-cpu start_us=16211638 end_us=16215354 dur_us=3715
UKL-MQTT-BENCH: BUFFULL run_id=try5-c1-cpu start_us=16218239 end_us=16220327 dur_us=2088
UKL-MQTT-BENCH: BUFFULL run_id=try5-c1-cpu start_us=16222631 end_us=16226348 dur_us=3716
UKL-MQTT-BENCH: BUFFULL run_id=try5-c1-cpu start_us=16229269 end_us=16231346 dur_us=2076
UKL-MQTT-BENCH: BUFFULL run_id=try5-c1-cpu start_us=16233648 end_us=16235347 dur_us=1698
UKL-MQTT-BENCH: BUFFULL run_id=try5-c1-cpu start_us=16237646 end_us=16240335 dur_us=2688
UKL-MQTT-BENCH: BUFFULL run_id=try5-c1-cpu start_us=16242620 end_us=16246346 dur_us=3725
UKL-MQTT-BENCH: BUFFULL run_id=try5-c1-cpu start_us=16249246 end_us=16252375 dur_us=3129
UKL-MQTT-BENCH: BUFFULL run_id=try5-c1-cpu start_us=16255285 end_us=16259479 dur_us=4193
UKL-MQTT-BENCH: BUFFULL run_id=try5-c1-cpu start_us=16261823 end_us=16266364 dur_us=4540
UKL-MQTT-BENCH: BUFFULL run_id=try5-c1-cpu start_us=16269268 end_us=16272343 dur_us=3075
UKL-MQTT-BENCH: BUFFULL run_id=try5-c1-cpu start_us=16274633 end_us=16276310 dur_us=1677
UKL-MQTT-BENCH: BUFFULL run_id=try5-c1-cpu start_us=16278607 end_us=16282192 dur_us=3585
UKL-MQTT-BENCH: BUFFULL run_id=try5-c1-cpu start_us=16285100 end_us=16288398 dur_us=3297
UKL-MQTT-BENCH: BUFFULL run_id=try5-c1-cpu start_us=16291323 end_us=16294361 dur_us=3037
UKL-MQTT-BENCH: BUFFULL run_id=try5-c1-cpu start_us=16297257 end_us=16300372 dur_us=3115
UKL-MQTT-BENCH: BUFFULL run_id=try5-c1-cpu start_us=16303274 end_us=16306362 dur_us=3088
UKL-MQTT-BENCH: BUFFULL run_id=try5-c1-cpu start_us=16309338 end_us=16313416 dur_us=4078
UKL-MQTT-BENCH: BUFFULL run_id=try5-c1-cpu start_us=16316912 end_us=16319377 dur_us=2464
UKL-MQTT-BENCH: BUFFULL run_id=try5-c1-cpu start_us=16322287 end_us=16325366 dur_us=3079
UKL-MQTT-BENCH: BUFFULL run_id=try5-c1-cpu start_us=16328318 end_us=16330355 dur_us=2036
UKL-MQTT-BENCH: BUFFULL run_id=try5-c1-cpu start_us=16332708 end_us=16335331 dur_us=2623
UKL-MQTT-BENCH: BUFFULL run_id=try5-c1-cpu start_us=16337636 end_us=16342424 dur_us=4788
UKL-MQTT-BENCH: BUFFULL run_id=try5-c1-cpu start_us=16345926 end_us=16347312 dur_us=1385
UKL-MQTT-BENCH: BUFFULL run_id=try5-c1-cpu start_us=16349007 end_us=16353391 dur_us=4383
UKL-MQTT-BENCH: BUFFULL run_id=try5-c1-cpu start_us=16356891 end_us=16358342 dur_us=1450
UKL-MQTT-BENCH: BUFFULL run_id=try5-c1-cpu start_us=16360632 end_us=16364362 dur_us=3730
UKL-MQTT-BENCH: BUFFULL run_id=try5-c1-cpu start_us=16367264 end_us=16369334 dur_us=2070
UKL-MQTT-BENCH: BUFFULL run_id=try5-c1-cpu start_us=16371634 end_us=16375346 dur_us=3711
UKL-MQTT-BENCH: BUFFULL run_id=try5-c1-cpu start_us=16378276 end_us=16380334 dur_us=2058
UKL-MQTT-BENCH: BUFFULL run_id=try5-c1-cpu start_us=16382629 end_us=16386381 dur_us=3752
UKL-MQTT-BENCH: BUFFULL run_id=try5-c1-cpu start_us=16389275 end_us=16391362 dur_us=2086
UKL-MQTT-BENCH: BUFFULL run_id=try5-c1-cpu start_us=16394275 end_us=16397340 dur_us=3065
UKL-MQTT-BENCH: BUFFULL run_id=try5-c1-cpu start_us=16399629 end_us=16402350 dur_us=2721
UKL-MQTT-BENCH: BUFFULL run_id=try5-c1-cpu start_us=16404645 end_us=16408372 dur_us=3727
UKL-MQTT-BENCH: BUFFULL run_id=try5-c1-cpu start_us=16411299 end_us=16413384 dur_us=2084
UKL-MQTT-BENCH: BUFFULL run_id=try5-c1-cpu start_us=16416282 end_us=16420361 dur_us=4078
UKL-MQTT-BENCH: BUFFULL run_id=try5-c1-cpu start_us=16423258 end_us=16425382 dur_us=2124
UKL-MQTT-BENCH: BUFFULL run_id=try5-c1-cpu start_us=16428326 end_us=16431351 dur_us=3025
UKL-MQTT-BENCH: BUFFULL run_id=try5-c1-cpu start_us=16433651 end_us=16437376 dur_us=3725
UKL-MQTT-BENCH: BUFFULL run_id=try5-c1-cpu start_us=16440289 end_us=16442374 dur_us=2084
UKL-MQTT-BENCH: BUFFULL run_id=try5-c1-cpu start_us=16445297 end_us=16448346 dur_us=3048
UKL-MQTT-BENCH: BUFFULL run_id=try5-c1-cpu start_us=16450655 end_us=16454412 dur_us=3756
UKL-MQTT-BENCH: BUFFULL run_id=try5-c1-cpu start_us=16457895 end_us=16459349 dur_us=1453
UKL-MQTT-BENCH: BUFFULL run_id=try5-c1-cpu start_us=16461649 end_us=16465370 dur_us=3721
UKL-MQTT-BENCH: BUFFULL run_id=try5-c1-cpu start_us=16468265 end_us=16469311 dur_us=1045
UKL-MQTT-BENCH: BUFFULL run_id=try5-c1-cpu start_us=16470998 end_us=16475345 dur_us=4347
UKL-MQTT-BENCH: BUFFULL run_id=try5-c1-cpu start_us=16478226 end_us=16481370 dur_us=3144
UKL-MQTT-BENCH: BUFFULL run_id=try5-c1-cpu start_us=16484268 end_us=16488418 dur_us=4150
UKL-MQTT-BENCH: BUFFULL run_id=try5-c1-cpu start_us=16491899 end_us=16494390 dur_us=2490
UKL-MQTT-BENCH: BUFFULL run_id=try5-c1-cpu start_us=16497287 end_us=16500383 dur_us=3095
UKL-MQTT-BENCH: BUFFULL run_id=try5-c1-cpu start_us=16503296 end_us=16505330 dur_us=2034
UKL-MQTT-BENCH: BUFFULL run_id=try5-c1-cpu start_us=16507605 end_us=16511366 dur_us=3760
UKL-MQTT-BENCH: BUFFULL run_id=try5-c1-cpu start_us=16514277 end_us=16516336 dur_us=2059
UKL-MQTT-BENCH: BUFFULL run_id=try5-c1-cpu start_us=16518618 end_us=16522346 dur_us=3728
UKL-MQTT-BENCH: BUFFULL run_id=try5-c1-cpu start_us=16525264 end_us=16528384 dur_us=3120
UKL-MQTT-BENCH: BUFFULL run_id=try5-c1-cpu start_us=16531293 end_us=16533370 dur_us=2076
UKL-MQTT-BENCH: BUFFULL run_id=try5-c1-cpu start_us=16535654 end_us=16539357 dur_us=3702
UKL-MQTT-BENCH: BUFFULL run_id=try5-c1-cpu start_us=16544244 end_us=16547342 dur_us=3098
UKL-MQTT-BENCH: BUFFULL run_id=try5-c1-cpu start_us=16549632 end_us=16552345 dur_us=2713
UKL-MQTT-BENCH: BUFFULL run_id=try5-c1-cpu start_us=16554632 end_us=16558357 dur_us=3724
UKL-MQTT-BENCH: BUFFULL run_id=try5-c1-cpu start_us=16561298 end_us=16563341 dur_us=2042
UKL-MQTT-BENCH: BUFFULL run_id=try5-c1-cpu start_us=16565628 end_us=16569376 dur_us=3747
UKL-MQTT-BENCH: BUFFULL run_id=try5-c1-cpu start_us=16572276 end_us=16574334 dur_us=2057
UKL-MQTT-BENCH: BUFFULL run_id=try5-c1-cpu start_us=16576616 end_us=16581352 dur_us=4735
UKL-MQTT-BENCH: BUFFULL run_id=try5-c1-cpu start_us=16584817 end_us=16587356 dur_us=2539
UKL-MQTT-BENCH: BUFFULL run_id=try5-c1-cpu start_us=16590250 end_us=16594390 dur_us=4140
UKL-MQTT-BENCH: BUFFULL run_id=try5-c1-cpu start_us=16597867 end_us=16600357 dur_us=2490
UKL-MQTT-BENCH: BUFFULL run_id=try5-c1-cpu start_us=16603255 end_us=16607368 dur_us=4112
UKL-MQTT-BENCH: BUFFULL run_id=try5-c1-cpu start_us=16610892 end_us=16613368 dur_us=2475
UKL-MQTT-BENCH: BUFFULL run_id=try5-c1-cpu start_us=16616257 end_us=16620371 dur_us=4113
UKL-MQTT-BENCH: BUFFULL run_id=try5-c1-cpu start_us=16623833 end_us=16626377 dur_us=2543
UKL-MQTT-BENCH: BUFFULL run_id=try5-c1-cpu start_us=16629363 end_us=16632421 dur_us=3058
UKL-MQTT-BENCH: BUFFULL run_id=try5-c1-cpu start_us=16635315 end_us=16639383 dur_us=4068
UKL-MQTT-BENCH: BUFFULL run_id=try5-c1-cpu start_us=16642314 end_us=16645365 dur_us=3051
UKL-MQTT-BENCH: BUFFULL run_id=try5-c1-cpu start_us=16648281 end_us=16650397 dur_us=2116
UKL-MQTT-BENCH: BUFFULL run_id=try5-c1-cpu start_us=16652692 end_us=16655595 dur_us=2902
UKL-MQTT-BENCH: BUFFULL run_id=try5-c1-cpu start_us=16658495 end_us=16661398 dur_us=2902
UKL-MQTT-BENCH: BUFFULL run_id=try5-c1-cpu start_us=16664279 end_us=16665293 dur_us=1014
UKL-MQTT-BENCH: BUFFULL run_id=try5-c1-cpu start_us=16666991 end_us=16672362 dur_us=5370
UKL-MQTT-BENCH: BUFFULL run_id=try5-c1-cpu start_us=16675854 end_us=16677323 dur_us=1468
UKL-MQTT-BENCH: BUFFULL run_id=try5-c1-cpu start_us=16679605 end_us=16685447 dur_us=5842
UKL-MQTT-BENCH: BUFFULL run_id=try5-c1-cpu start_us=16692610 end_us=16697387 dur_us=4777
UKL-MQTT-BENCH: BUFFULL run_id=try5-c1-cpu start_us=16700866 end_us=16702330 dur_us=1463
UKL-MQTT-BENCH: BUFFULL run_id=try5-c1-cpu start_us=16704633 end_us=16709361 dur_us=4728
UKL-MQTT-BENCH: BUFFULL run_id=try5-c1-cpu start_us=16712869 end_us=16715378 dur_us=2509
UKL-MQTT-BENCH: BUFFULL run_id=try5-c1-cpu start_us=16718277 end_us=16722411 dur_us=4134
UKL-MQTT-BENCH: BUFFULL run_id=try5-c1-cpu start_us=16725946 end_us=16728406 dur_us=2459
UKL-MQTT-BENCH: BUFFULL run_id=try5-c1-cpu start_us=16731297 end_us=16735354 dur_us=4057
UKL-MQTT-BENCH: BUFFULL run_id=try5-c1-cpu start_us=16738274 end_us=16740383 dur_us=2109
UKL-MQTT-BENCH: BUFFULL run_id=try5-c1-cpu start_us=16743314 end_us=16746349 dur_us=3034
UKL-MQTT-BENCH: BUFFULL run_id=try5-c1-cpu start_us=16748631 end_us=16752369 dur_us=3737
UKL-MQTT-BENCH: BUFFULL run_id=try5-c1-cpu start_us=16755268 end_us=16758359 dur_us=3091
UKL-MQTT-BENCH: BUFFULL run_id=try5-c1-cpu start_us=16761292 end_us=16764366 dur_us=3074
UKL-MQTT-BENCH: BUFFULL run_id=try5-c1-cpu start_us=16767288 end_us=16770371 dur_us=3082
UKL-MQTT-BENCH: BUFFULL run_id=try5-c1-cpu start_us=16773278 end_us=16775351 dur_us=2073
UKL-MQTT-BENCH: BUFFULL run_id=try5-c1-cpu start_us=16777638 end_us=16781377 dur_us=3738
UKL-MQTT-BENCH: BUFFULL run_id=try5-c1-cpu start_us=16784270 end_us=16787363 dur_us=3093
UKL-MQTT-BENCH: BUFFULL run_id=try5-c1-cpu start_us=16790250 end_us=16792367 dur_us=2117
UKL-MQTT-BENCH: BUFFULL run_id=try5-c1-cpu start_us=16795258 end_us=16798412 dur_us=3153
UKL-MQTT-BENCH: BUFFULL run_id=try5-c1-cpu start_us=16800699 end_us=16804393 dur_us=3693
UKL-MQTT-BENCH: BUFFULL run_id=try5-c1-cpu start_us=16807282 end_us=16809378 dur_us=2096
UKL-MQTT-BENCH: BUFFULL run_id=try5-c1-cpu start_us=16813619 end_us=16817345 dur_us=3725
UKL-MQTT-BENCH: BUFFULL run_id=try5-c1-cpu start_us=16819636 end_us=16822359 dur_us=2722
UKL-MQTT-BENCH: BUFFULL run_id=try5-c1-cpu start_us=16824646 end_us=16828405 dur_us=3758
UKL-MQTT-BENCH: BUFFULL run_id=try5-c1-cpu start_us=16831901 end_us=16834354 dur_us=2452
UKL-MQTT-BENCH: BUFFULL run_id=try5-c1-cpu start_us=16836635 end_us=16840359 dur_us=3724
UKL-MQTT-BENCH: BUFFULL run_id=try5-c1-cpu start_us=16843251 end_us=16845355 dur_us=2104
UKL-MQTT-BENCH: BUFFULL run_id=try5-c1-cpu start_us=16847643 end_us=16851371 dur_us=3728
UKL-MQTT-BENCH: BUFFULL run_id=try5-c1-cpu start_us=16854270 end_us=16856344 dur_us=2073
UKL-MQTT-BENCH: BUFFULL run_id=try5-c1-cpu start_us=16858626 end_us=16860356 dur_us=1730
UKL-MQTT-BENCH: BUFFULL run_id=try5-c1-cpu start_us=16862649 end_us=16865345 dur_us=2696
UKL-MQTT-BENCH: BUFFULL run_id=try5-c1-cpu start_us=16867645 end_us=16871344 dur_us=3699
UKL-MQTT-BENCH: BUFFULL run_id=try5-c1-cpu start_us=16874238 end_us=16877376 dur_us=3138
UKL-MQTT-BENCH: BUFFULL run_id=try5-c1-cpu start_us=16880282 end_us=16882389 dur_us=2106
UKL-MQTT-BENCH: BUFFULL run_id=try5-c1-cpu start_us=16884665 end_us=16888345 dur_us=3679
UKL-MQTT-BENCH: BUFFULL run_id=try5-c1-cpu start_us=16891249 end_us=16894369 dur_us=3120
UKL-MQTT-BENCH: BUFFULL run_id=try5-c1-cpu start_us=16897288 end_us=16898306 dur_us=1018
UKL-MQTT-BENCH: BUFFULL run_id=try5-c1-cpu start_us=16900001 end_us=16904481 dur_us=4480
UKL-MQTT-BENCH: BUFFULL run_id=try5-c1-cpu start_us=16907395 end_us=16909325 dur_us=1930
UKL-MQTT-BENCH: BUFFULL run_id=try5-c1-cpu start_us=16911620 end_us=16915386 dur_us=3766
UKL-MQTT-BENCH: BUFFULL run_id=try5-c1-cpu start_us=16919197 end_us=16923412 dur_us=4214
UKL-MQTT-BENCH: BUFFULL run_id=try5-c1-cpu start_us=16926960 end_us=16929389 dur_us=2428
UKL-MQTT-BENCH: BUFFULL run_id=try5-c1-cpu start_us=16932322 end_us=16936405 dur_us=4083
UKL-MQTT-BENCH: BUFFULL run_id=try5-c1-cpu start_us=16939888 end_us=16943374 dur_us=3485
UKL-MQTT-BENCH: BUFFULL run_id=try5-c1-cpu start_us=16946337 end_us=16949397 dur_us=3060
UKL-MQTT-BENCH: BUFFULL run_id=try5-c1-cpu start_us=16952318 end_us=16955365 dur_us=3047
UKL-MQTT-BENCH: BUFFULL run_id=try5-c1-cpu start_us=16958276 end_us=16961439 dur_us=3162
UKL-MQTT-BENCH: BUFFULL run_id=try5-c1-cpu start_us=16964936 end_us=16967330 dur_us=2393
UKL-MQTT-BENCH: BUFFULL run_id=try5-c1-cpu start_us=16969643 end_us=16973362 dur_us=3718
UKL-MQTT-BENCH: BUFFULL run_id=try5-c1-cpu start_us=16976264 end_us=16978343 dur_us=2079
UKL-MQTT-BENCH: BUFFULL run_id=try5-c1-cpu start_us=16980634 end_us=16984347 dur_us=3712
UKL-MQTT-BENCH: BUFFULL run_id=try5-c1-cpu start_us=16987253 end_us=16989372 dur_us=2119
UKL-MQTT-BENCH: BUFFULL run_id=try5-c1-cpu start_us=16992256 end_us=16994347 dur_us=2090
UKL-MQTT-BENCH: BUFFULL run_id=try5-c1-cpu start_us=16996635 end_us=17000365 dur_us=3730
UKL-MQTT-BENCH: BUFFULL run_id=try5-c1-cpu start_us=17003267 end_us=17006360 dur_us=3093
UKL-MQTT-BENCH: BUFFULL run_id=try5-c1-cpu start_us=17009269 end_us=17012352 dur_us=3083
UKL-MQTT-BENCH: BUFFULL run_id=try5-c1-cpu start_us=17015248 end_us=17018363 dur_us=3114
UKL-MQTT-BENCH: BUFFULL run_id=try5-c1-cpu start_us=17021259 end_us=17024453 dur_us=3194
UKL-MQTT-BENCH: BUFFULL run_id=try5-c1-cpu start_us=17027354 end_us=17030339 dur_us=2985
UKL-MQTT-BENCH: BUFFULL run_id=try5-c1-cpu start_us=17032634 end_us=17036379 dur_us=3745
UKL-MQTT-BENCH: BUFFULL run_id=try5-c1-cpu start_us=17039289 end_us=17041365 dur_us=2076
UKL-MQTT-BENCH: BUFFULL run_id=try5-c1-cpu start_us=17044259 end_us=17047364 dur_us=3105
UKL-MQTT-BENCH: BUFFULL run_id=try5-c1-cpu start_us=17050299 end_us=17052359 dur_us=2060
UKL-MQTT-BENCH: BUFFULL run_id=try5-c1-cpu start_us=17054660 end_us=17058344 dur_us=3684
UKL-MQTT-BENCH: BUFFULL run_id=try5-c1-cpu start_us=17061273 end_us=17064366 dur_us=3092
UKL-MQTT-BENCH: BUFFULL run_id=try5-c1-cpu start_us=17067272 end_us=17071410 dur_us=4137
UKL-MQTT-BENCH: BUFFULL run_id=try5-c1-cpu start_us=17074914 end_us=17077368 dur_us=2453
UKL-MQTT-BENCH: BUFFULL run_id=try5-c1-cpu start_us=17080269 end_us=17083375 dur_us=3106
UKL-MQTT-BENCH: BUFFULL run_id=try5-c1-cpu start_us=17086288 end_us=17089351 dur_us=3063
UKL-MQTT-BENCH: BUFFULL run_id=try5-c1-cpu start_us=17092256 end_us=17096411 dur_us=4154
UKL-MQTT-BENCH: BUFFULL run_id=try5-c1-cpu start_us=17099915 end_us=17102374 dur_us=2459
UKL-MQTT-BENCH: BUFFULL run_id=try5-c1-cpu start_us=17105281 end_us=17109374 dur_us=4092
UKL-MQTT-BENCH: BUFFULL run_id=try5-c1-cpu start_us=17112326 end_us=17115370 dur_us=3044
UKL-MQTT-BENCH: BUFFULL run_id=try5-c1-cpu start_us=17118284 end_us=17121405 dur_us=3120
UKL-MQTT-BENCH: BUFFULL run_id=try5-c1-cpu start_us=17124898 end_us=17128349 dur_us=3450
UKL-MQTT-BENCH: BUFFULL run_id=try5-c1-cpu start_us=17131282 end_us=17134350 dur_us=3067
UKL-MQTT-BENCH: BUFFULL run_id=try5-c1-cpu start_us=17137252 end_us=17140346 dur_us=3093
UKL-MQTT-BENCH: BUFFULL run_id=try5-c1-cpu start_us=17143251 end_us=17146365 dur_us=3114
UKL-MQTT-BENCH: BUFFULL run_id=try5-c1-cpu start_us=17149269 end_us=17152427 dur_us=3158
UKL-MQTT-BENCH: BUFFULL run_id=try5-c1-cpu start_us=17155946 end_us=17159381 dur_us=3435
UKL-MQTT-BENCH: BUFFULL run_id=try5-c1-cpu start_us=17161674 end_us=17165362 dur_us=3688
UKL-MQTT-BENCH: BUFFULL run_id=try5-c1-cpu start_us=17168281 end_us=17170437 dur_us=2155
UKL-MQTT-BENCH: BUFFULL run_id=try5-c1-cpu start_us=17173355 end_us=17175332 dur_us=1977
UKL-MQTT-BENCH: BUFFULL run_id=try5-c1-cpu start_us=17178932 end_us=17182358 dur_us=3425
UKL-MQTT-BENCH: BUFFULL run_id=try5-c1-cpu start_us=17184681 end_us=17188369 dur_us=3688
UKL-MQTT-BENCH: BUFFULL run_id=try5-c1-cpu start_us=17191268 end_us=17194351 dur_us=3083
UKL-MQTT-BENCH: BUFFULL run_id=try5-c1-cpu start_us=17197241 end_us=17200361 dur_us=3120
UKL-MQTT-BENCH: BUFFULL run_id=try5-c1-cpu start_us=17203311 end_us=17205345 dur_us=2033
UKL-MQTT-BENCH: BUFFULL run_id=try5-c1-cpu start_us=17207620 end_us=17211361 dur_us=3740
UKL-MQTT-BENCH: BUFFULL run_id=try5-c1-cpu start_us=17214235 end_us=17217358 dur_us=3123
UKL-MQTT-BENCH: BUFFULL run_id=try5-c1-cpu start_us=17220246 end_us=17223349 dur_us=3103
UKL-MQTT-BENCH: BUFFULL run_id=try5-c1-cpu start_us=17226228 end_us=17229357 dur_us=3129
UKL-MQTT-BENCH: BUFFULL run_id=try5-c1-cpu start_us=17232233 end_us=17236412 dur_us=4179
UKL-MQTT-BENCH: BUFFULL run_id=try5-c1-cpu start_us=17239884 end_us=17242373 dur_us=2489
UKL-MQTT-BENCH: BUFFULL run_id=try5-c1-cpu start_us=17245283 end_us=17248337 dur_us=3054
UKL-MQTT-BENCH: BUFFULL run_id=try5-c1-cpu start_us=17251227 end_us=17254384 dur_us=3157
UKL-MQTT-BENCH: BUFFULL run_id=try5-c1-cpu start_us=17257292 end_us=17259345 dur_us=2052
UKL-MQTT-BENCH: BUFFULL run_id=try5-c1-cpu start_us=17261696 end_us=17266376 dur_us=4679
UKL-MQTT-BENCH: BUFFULL run_id=try5-c1-cpu start_us=17269868 end_us=17271346 dur_us=1478
UKL-MQTT-BENCH: BUFFULL run_id=try5-c1-cpu start_us=17273637 end_us=17278382 dur_us=4744
UKL-MQTT-BENCH: BUFFULL run_id=try5-c1-cpu start_us=17281866 end_us=17284390 dur_us=2523
UKL-MQTT-BENCH: BUFFULL run_id=try5-c1-cpu start_us=17287285 end_us=17291407 dur_us=4122
UKL-MQTT-BENCH: BUFFULL run_id=try5-c1-cpu start_us=17294294 end_us=17297419 dur_us=3124
UKL-MQTT-BENCH: BUFFULL run_id=try5-c1-cpu start_us=17300312 end_us=17302350 dur_us=2038
UKL-MQTT-BENCH: BUFFULL run_id=try5-c1-cpu start_us=17305254 end_us=17308437 dur_us=3183
UKL-MQTT-BENCH: BUFFULL run_id=try5-c1-cpu start_us=17311344 end_us=17313332 dur_us=1987
UKL-MQTT-BENCH: BUFFULL run_id=try5-c1-cpu start_us=17315664 end_us=17319367 dur_us=3702
UKL-MQTT-BENCH: BUFFULL run_id=try5-c1-cpu start_us=17322276 end_us=17323323 dur_us=1047
UKL-MQTT-BENCH: BUFFULL run_id=try5-c1-cpu start_us=17325010 end_us=17326281 dur_us=1270
UKL-MQTT-BENCH: BUFFULL run_id=try5-c1-cpu start_us=17328028 end_us=17332382 dur_us=4353
UKL-MQTT-BENCH: BUFFULL run_id=try5-c1-cpu start_us=17335295 end_us=17337328 dur_us=2032
UKL-MQTT-BENCH: BUFFULL run_id=try5-c1-cpu start_us=17339619 end_us=17343345 dur_us=3726
UKL-MQTT-BENCH: BUFFULL run_id=try5-c1-cpu start_us=17346255 end_us=17349357 dur_us=3101
UKL-MQTT-BENCH: BUFFULL run_id=try5-c1-cpu start_us=17351647 end_us=17354419 dur_us=2772
UKL-MQTT-BENCH: BUFFULL run_id=try5-c1-cpu start_us=17357386 end_us=17360456 dur_us=3069
UKL-MQTT-BENCH: BUFFULL run_id=try5-c1-cpu start_us=17363373 end_us=17366335 dur_us=2962
UKL-MQTT-BENCH: BUFFULL run_id=try5-c1-cpu start_us=17368633 end_us=17370333 dur_us=1700
UKL-MQTT-BENCH: BUFFULL run_id=try5-c1-cpu start_us=17374418 end_us=17379381 dur_us=4962
UKL-MQTT-BENCH: BUFFULL run_id=try5-c1-cpu start_us=17382886 end_us=17385368 dur_us=2482
UKL-MQTT-BENCH: BUFFULL run_id=try5-c1-cpu start_us=17388258 end_us=17390334 dur_us=2076
UKL-MQTT-BENCH: BUFFULL run_id=try5-c1-cpu start_us=17392629 end_us=17396359 dur_us=3730
UKL-MQTT-BENCH: BUFFULL run_id=try5-c1-cpu start_us=17399272 end_us=17402376 dur_us=3104
UKL-MQTT-BENCH: BUFFULL run_id=try5-c1-cpu start_us=17405286 end_us=17408355 dur_us=3069
UKL-MQTT-BENCH: BUFFULL run_id=try5-c1-cpu start_us=17411293 end_us=17414358 dur_us=3064
UKL-MQTT-BENCH: BUFFULL run_id=try5-c1-cpu start_us=17416637 end_us=17420386 dur_us=3748
UKL-MQTT-BENCH: BUFFULL run_id=try5-c1-cpu start_us=17423289 end_us=17425367 dur_us=2077
UKL-MQTT-BENCH: BUFFULL run_id=try5-c1-cpu start_us=17428263 end_us=17431339 dur_us=3076
UKL-MQTT-BENCH: BUFFULL run_id=try5-c1-cpu start_us=17433611 end_us=17436344 dur_us=2733
UKL-MQTT-BENCH: BUFFULL run_id=try5-c1-cpu start_us=17439241 end_us=17442368 dur_us=3127
UKL-MQTT-BENCH: BUFFULL run_id=try5-c1-cpu start_us=17445276 end_us=17448351 dur_us=3074
UKL-MQTT-BENCH: BUFFULL run_id=try5-c1-cpu start_us=17451259 end_us=17454348 dur_us=3089
UKL-MQTT-BENCH: BUFFULL run_id=try5-c1-cpu start_us=17457258 end_us=17460394 dur_us=3136
UKL-MQTT-BENCH: BUFFULL run_id=try5-c1-cpu start_us=17463303 end_us=17467420 dur_us=4116
UKL-MQTT-BENCH: BUFFULL run_id=try5-c1-cpu start_us=17470929 end_us=17473392 dur_us=2462
UKL-MQTT-BENCH: BUFFULL run_id=try5-c1-cpu start_us=17476305 end_us=17479380 dur_us=3074
UKL-MQTT-BENCH: BUFFULL run_id=try5-c1-cpu start_us=17482290 end_us=17485381 dur_us=3090
UKL-MQTT-BENCH: BUFFULL run_id=try5-c1-cpu start_us=17488296 end_us=17490327 dur_us=2031
UKL-MQTT-BENCH: BUFFULL run_id=try5-c1-cpu start_us=17492614 end_us=17496352 dur_us=3737
UKL-MQTT-BENCH: BUFFULL run_id=try5-c1-cpu start_us=17499283 end_us=17502367 dur_us=3084
UKL-MQTT-BENCH: BUFFULL run_id=try5-c1-cpu start_us=17505277 end_us=17508358 dur_us=3080
UKL-MQTT-BENCH: BUFFULL run_id=try5-c1-cpu start_us=17511286 end_us=17513372 dur_us=2086
UKL-MQTT-BENCH: BUFFULL run_id=try5-c1-cpu start_us=17515666 end_us=17520412 dur_us=4746
UKL-MQTT-BENCH: BUFFULL run_id=try5-c1-cpu start_us=17523316 end_us=17525353 dur_us=2036
UKL-MQTT-BENCH: BUFFULL run_id=try5-c1-cpu start_us=17528309 end_us=17531329 dur_us=3020
UKL-MQTT-BENCH: BUFFULL run_id=try5-c1-cpu start_us=17535977 end_us=17541359 dur_us=5381
UKL-MQTT-BENCH: BUFFULL run_id=try5-c1-cpu start_us=17544841 end_us=17546393 dur_us=1551
UKL-MQTT-BENCH: BUFFULL run_id=try5-c1-cpu start_us=17548679 end_us=17553383 dur_us=4703
UKL-MQTT-BENCH: BUFFULL run_id=try5-c1-cpu start_us=17556898 end_us=17559382 dur_us=2484
UKL-MQTT-BENCH: BUFFULL run_id=try5-c1-cpu start_us=17562382 end_us=17564356 dur_us=1974
UKL-MQTT-BENCH: BUFFULL run_id=try5-c1-cpu start_us=17566654 end_us=17570374 dur_us=3720
UKL-MQTT-BENCH: BUFFULL run_id=try5-c1-cpu start_us=17573287 end_us=17575328 dur_us=2041
UKL-MQTT-BENCH: BUFFULL run_id=try5-c1-cpu start_us=17577625 end_us=17581353 dur_us=3728
UKL-MQTT-BENCH: BUFFULL run_id=try5-c1-cpu start_us=17584254 end_us=17585346 dur_us=1091
UKL-MQTT-BENCH: BUFFULL run_id=try5-c1-cpu start_us=17587652 end_us=17592351 dur_us=4698
UKL-MQTT-BENCH: BUFFULL run_id=try5-c1-cpu start_us=17595256 end_us=17597329 dur_us=2072
UKL-MQTT-BENCH: BUFFULL run_id=try5-c1-cpu start_us=17599623 end_us=17603409 dur_us=3785
UKL-MQTT-BENCH: BUFFULL run_id=try5-c1-cpu start_us=17606319 end_us=17609340 dur_us=3021
UKL-MQTT-BENCH: BUFFULL run_id=try5-c1-cpu start_us=17612255 end_us=17614372 dur_us=2117
UKL-MQTT-BENCH: BUFFULL run_id=try5-c1-cpu start_us=17617266 end_us=17620387 dur_us=3121
UKL-MQTT-BENCH: BUFFULL run_id=try5-c1-cpu start_us=17623286 end_us=17625382 dur_us=2095
UKL-MQTT-BENCH: BUFFULL run_id=try5-c1-cpu start_us=17627678 end_us=17631374 dur_us=3696
UKL-MQTT-BENCH: BUFFULL run_id=try5-c1-cpu start_us=17634269 end_us=17637387 dur_us=3117
UKL-MQTT-BENCH: BUFFULL run_id=try5-c1-cpu start_us=17640279 end_us=17642350 dur_us=2070
UKL-MQTT-BENCH: BUFFULL run_id=try5-c1-cpu start_us=17644631 end_us=17648363 dur_us=3731
UKL-MQTT-BENCH: BUFFULL run_id=try5-c1-cpu start_us=17651267 end_us=17654385 dur_us=3117
UKL-MQTT-BENCH: BUFFULL run_id=try5-c1-cpu start_us=17657292 end_us=17659357 dur_us=2065
UKL-MQTT-BENCH: BUFFULL run_id=try5-c1-cpu start_us=17661653 end_us=17665413 dur_us=3759
UKL-MQTT-BENCH: BUFFULL run_id=try5-c1-cpu start_us=17668327 end_us=17670339 dur_us=2011
UKL-MQTT-BENCH: BUFFULL run_id=try5-c1-cpu start_us=17672634 end_us=17676380 dur_us=3745
UKL-MQTT-BENCH: BUFFULL run_id=try5-c1-cpu start_us=17679287 end_us=17680290 dur_us=1003
UKL-MQTT-BENCH: BUFFULL run_id=try5-c1-cpu start_us=17681989 end_us=17687392 dur_us=5402
UKL-MQTT-BENCH: BUFFULL run_id=try5-c1-cpu start_us=17692779 end_us=17696347 dur_us=3567
UKL-MQTT-BENCH: BUFFULL run_id=try5-c1-cpu start_us=17699249 end_us=17702365 dur_us=3115
UKL-MQTT-BENCH: BUFFULL run_id=try5-c1-cpu start_us=17705283 end_us=17709406 dur_us=4122
UKL-MQTT-BENCH: BUFFULL run_id=try5-c1-cpu start_us=17712934 end_us=17715391 dur_us=2456
UKL-MQTT-BENCH: BUFFULL run_id=try5-c1-cpu start_us=17718281 end_us=17722376 dur_us=4095
UKL-MQTT-BENCH: BUFFULL run_id=try5-c1-cpu start_us=17725265 end_us=17726314 dur_us=1049
UKL-MQTT-BENCH: BUFFULL run_id=try5-c1-cpu start_us=17728698 end_us=17732357 dur_us=3659
UKL-MQTT-BENCH: BUFFULL run_id=try5-c1-cpu start_us=17735266 end_us=17738397 dur_us=3131
UKL-MQTT-BENCH: BUFFULL run_id=try5-c1-cpu start_us=17741304 end_us=17743328 dur_us=2023
UKL-MQTT-BENCH: BUFFULL run_id=try5-c1-cpu start_us=17745612 end_us=17749366 dur_us=3754
UKL-MQTT-BENCH: BUFFULL run_id=try5-c1-cpu start_us=17752279 end_us=17756363 dur_us=4084
UKL-MQTT-BENCH: BUFFULL run_id=try5-c1-cpu start_us=17759257 end_us=17762370 dur_us=3112
UKL-MQTT-BENCH: BUFFULL run_id=try5-c1-cpu start_us=17765309 end_us=17766881 dur_us=1571
UKL-MQTT-BENCH: BUFFULL run_id=try5-c1-cpu start_us=17769190 end_us=17773381 dur_us=4190
UKL-MQTT-BENCH: BUFFULL run_id=try5-c1-cpu start_us=17776295 end_us=17777330 dur_us=1035
UKL-MQTT-BENCH: BUFFULL run_id=try5-c1-cpu start_us=17781353 end_us=17786378 dur_us=5024
UKL-MQTT-BENCH: BUFFULL run_id=try5-c1-cpu start_us=17789290 end_us=17792366 dur_us=3075
UKL-MQTT-BENCH: BUFFULL run_id=try5-c1-cpu start_us=17795271 end_us=17798349 dur_us=3077
UKL-MQTT-BENCH: BUFFULL run_id=try5-c1-cpu start_us=17801255 end_us=17804362 dur_us=3106
UKL-MQTT-BENCH: BUFFULL run_id=try5-c1-cpu start_us=17807275 end_us=17810368 dur_us=3092
UKL-MQTT-BENCH: BUFFULL run_id=try5-c1-cpu start_us=17813299 end_us=17816355 dur_us=3055
UKL-MQTT-BENCH: BUFFULL run_id=try5-c1-cpu start_us=17819249 end_us=17822461 dur_us=3212
UKL-MQTT-BENCH: BUFFULL run_id=try5-c1-cpu start_us=17825574 end_us=17829387 dur_us=3812
UKL-MQTT-BENCH: BUFFULL run_id=try5-c1-cpu start_us=17832313 end_us=17835373 dur_us=3059
UKL-MQTT-BENCH: BUFFULL run_id=try5-c1-cpu start_us=17838290 end_us=17840354 dur_us=2064
UKL-MQTT-BENCH: BUFFULL run_id=try5-c1-cpu start_us=17842651 end_us=17846395 dur_us=3744
UKL-MQTT-BENCH: BUFFULL run_id=try5-c1-cpu start_us=17849304 end_us=17852383 dur_us=3078
UKL-MQTT-BENCH: BUFFULL run_id=try5-c1-cpu start_us=17855291 end_us=17857352 dur_us=2060
UKL-MQTT-BENCH: BUFFULL run_id=try5-c1-cpu start_us=17859650 end_us=17861354 dur_us=1704
UKL-MQTT-BENCH: BUFFULL run_id=try5-c1-cpu start_us=17863652 end_us=17866334 dur_us=2682
UKL-MQTT-BENCH: BUFFULL run_id=try5-c1-cpu start_us=17868682 end_us=17870294 dur_us=1611
UKL-MQTT-BENCH: BUFFULL run_id=try5-c1-cpu start_us=17872025 end_us=17875360 dur_us=3334
UKL-MQTT-BENCH: BUFFULL run_id=try5-c1-cpu start_us=17877716 end_us=17881379 dur_us=3662
UKL-MQTT-BENCH: BUFFULL run_id=try5-c1-cpu start_us=17884291 end_us=17886398 dur_us=2107
UKL-MQTT-BENCH: BUFFULL run_id=try5-c1-cpu start_us=17889318 end_us=17892357 dur_us=3039
UKL-MQTT-BENCH: BUFFULL run_id=try5-c1-cpu start_us=17894658 end_us=17897358 dur_us=2700
UKL-MQTT-BENCH: BUFFULL run_id=try5-c1-cpu start_us=17900276 end_us=17903384 dur_us=3107
UKL-MQTT-BENCH: BUFFULL run_id=try5-c1-cpu start_us=17906299 end_us=17908355 dur_us=2056
UKL-MQTT-BENCH: BUFFULL run_id=try5-c1-cpu start_us=17910663 end_us=17915411 dur_us=4747
UKL-MQTT-BENCH: BUFFULL run_id=try5-c1-cpu start_us=17918930 end_us=17921401 dur_us=2470
UKL-MQTT-BENCH: BUFFULL run_id=try5-c1-cpu start_us=17924322 end_us=17926349 dur_us=2027
UKL-MQTT-BENCH: BUFFULL run_id=try5-c1-cpu start_us=17928697 end_us=17931338 dur_us=2641
UKL-MQTT-BENCH: BUFFULL run_id=try5-c1-cpu start_us=17933638 end_us=17936320 dur_us=2682
UKL-MQTT-BENCH: BUFFULL run_id=try5-c1-cpu start_us=17938619 end_us=17942349 dur_us=3730
UKL-MQTT-BENCH: BUFFULL run_id=try5-c1-cpu start_us=17945268 end_us=17949377 dur_us=4109
UKL-MQTT-BENCH: BUFFULL run_id=try5-c1-cpu start_us=17952889 end_us=17955364 dur_us=2474
UKL-MQTT-BENCH: BUFFULL run_id=try5-c1-cpu start_us=17958259 end_us=17962416 dur_us=4157
UKL-MQTT-BENCH: BUFFULL run_id=try5-c1-cpu start_us=17965340 end_us=17968367 dur_us=3027
UKL-MQTT-BENCH: BUFFULL run_id=try5-c1-cpu start_us=17971949 end_us=17974381 dur_us=2432
UKL-MQTT-BENCH: BUFFULL run_id=try5-c1-cpu start_us=17977309 end_us=17980347 dur_us=3037
UKL-MQTT-BENCH: BUFFULL run_id=try5-c1-cpu start_us=17983278 end_us=17986373 dur_us=3094
UKL-MQTT-BENCH: BUFFULL run_id=try5-c1-cpu start_us=17989294 end_us=17992356 dur_us=3062
UKL-MQTT-BENCH: BUFFULL run_id=try5-c1-cpu start_us=17994659 end_us=17998413 dur_us=3754
UKL-MQTT-BENCH: BUFFULL run_id=try5-c1-cpu start_us=18001923 end_us=18003335 dur_us=1411
UKL-MQTT-BENCH: BUFFULL run_id=try5-c1-cpu start_us=18005642 end_us=18009375 dur_us=3733
UKL-MQTT-BENCH: BUFFULL run_id=try5-c1-cpu start_us=18012283 end_us=18015366 dur_us=3082
UKL-MQTT-BENCH: BUFFULL run_id=try5-c1-cpu start_us=18017658 end_us=18021417 dur_us=3759
UKL-MQTT-BENCH: BUFFULL run_id=try5-c1-cpu start_us=18024910 end_us=18026336 dur_us=1426
UKL-MQTT-BENCH: BUFFULL run_id=try5-c1-cpu start_us=18028625 end_us=18032374 dur_us=3749
UKL-MQTT-BENCH: BUFFULL run_id=try5-c1-cpu start_us=18035281 end_us=18036289 dur_us=1008
UKL-MQTT-BENCH: BUFFULL run_id=try5-c1-cpu start_us=18037993 end_us=18043394 dur_us=5401
UKL-MQTT-BENCH: BUFFULL run_id=try5-c1-cpu start_us=18046896 end_us=18048335 dur_us=1438
UKL-MQTT-BENCH: BUFFULL run_id=try5-c1-cpu start_us=18050631 end_us=18054366 dur_us=3735
UKL-MQTT-BENCH: BUFFULL run_id=try5-c1-cpu start_us=18057276 end_us=18059362 dur_us=2085
UKL-MQTT-BENCH: BUFFULL run_id=try5-c1-cpu start_us=18062286 end_us=18065346 dur_us=3059
UKL-MQTT-BENCH: BUFFULL run_id=try5-c1-cpu start_us=18067636 end_us=18072430 dur_us=4794
UKL-MQTT-BENCH: BUFFULL run_id=try5-c1-cpu start_us=18075937 end_us=18077346 dur_us=1408
UKL-MQTT-BENCH: BUFFULL run_id=try5-c1-cpu start_us=18079659 end_us=18083365 dur_us=3706
UKL-MQTT-BENCH: BUFFULL run_id=try5-c1-cpu start_us=18086282 end_us=18088374 dur_us=2092
UKL-MQTT-BENCH: BUFFULL run_id=try5-c1-cpu start_us=18091289 end_us=18094351 dur_us=3062
UKL-MQTT-BENCH: BUFFULL run_id=try5-c1-cpu start_us=18096648 end_us=18101358 dur_us=4710
UKL-MQTT-BENCH: BUFFULL run_id=try5-c1-cpu start_us=18104870 end_us=18106368 dur_us=1497
UKL-MQTT-BENCH: BUFFULL run_id=try5-c1-cpu start_us=18109282 end_us=18113386 dur_us=4104
UKL-MQTT-BENCH: BUFFULL run_id=try5-c1-cpu start_us=18116303 end_us=18119352 dur_us=3048
UKL-MQTT-BENCH: BUFFULL run_id=try5-c1-cpu start_us=18122279 end_us=18125367 dur_us=3088
UKL-MQTT-BENCH: BUFFULL run_id=try5-c1-cpu start_us=18128327 end_us=18130332 dur_us=2005
UKL-MQTT-BENCH: BUFFULL run_id=try5-c1-cpu start_us=18132646 end_us=18136140 dur_us=3494
UKL-MQTT-BENCH: BUFFULL run_id=try5-c1-cpu start_us=18139053 end_us=18142375 dur_us=3322
UKL-MQTT-BENCH: BUFFULL run_id=try5-c1-cpu start_us=18145341 end_us=18148361 dur_us=3019
UKL-MQTT-BENCH: BUFFULL run_id=try5-c1-cpu start_us=18151271 end_us=18154350 dur_us=3079
UKL-MQTT-BENCH: BUFFULL run_id=try5-c1-cpu start_us=18157270 end_us=18159317 dur_us=2047
UKL-MQTT-BENCH: BUFFULL run_id=try5-c1-cpu start_us=18161627 end_us=18165366 dur_us=3738
UKL-MQTT-BENCH: BUFFULL run_id=try5-c1-cpu start_us=18168271 end_us=18170380 dur_us=2109
UKL-MQTT-BENCH: BUFFULL run_id=try5-c1-cpu start_us=18173337 end_us=18177369 dur_us=4031
UKL-MQTT-BENCH: BUFFULL run_id=try5-c1-cpu start_us=18180286 end_us=18183379 dur_us=3092
UKL-MQTT-BENCH: BUFFULL run_id=try5-c1-cpu start_us=18186301 end_us=18190380 dur_us=4078
UKL-MQTT-BENCH: BUFFULL run_id=try5-c1-cpu start_us=18193896 end_us=18196367 dur_us=2470
UKL-MQTT-BENCH: BUFFULL run_id=try5-c1-cpu start_us=18199275 end_us=18202397 dur_us=3121
UKL-MQTT-BENCH: BUFFULL run_id=try5-c1-cpu start_us=18205321 end_us=18209397 dur_us=4076
UKL-MQTT-BENCH: BUFFULL run_id=try5-c1-cpu start_us=18212904 end_us=18215357 dur_us=2452
UKL-MQTT-BENCH: BUFFULL run_id=try5-c1-cpu start_us=18218325 end_us=18221362 dur_us=3036
UKL-MQTT-BENCH: BUFFULL run_id=try5-c1-cpu start_us=18224279 end_us=18228421 dur_us=4142
UKL-MQTT-BENCH: BUFFULL run_id=try5-c1-cpu start_us=18231336 end_us=18233322 dur_us=1985
UKL-MQTT-BENCH: BUFFULL run_id=try5-c1-cpu start_us=18236241 end_us=18239353 dur_us=3112
UKL-MQTT-BENCH: BUFFULL run_id=try5-c1-cpu start_us=18242253 end_us=18244332 dur_us=2078
UKL-MQTT-BENCH: BUFFULL run_id=try5-c1-cpu start_us=18246628 end_us=18251376 dur_us=4747
UKL-MQTT-BENCH: BUFFULL run_id=try5-c1-cpu start_us=18254289 end_us=18256358 dur_us=2068
UKL-MQTT-BENCH: BUFFULL run_id=try5-c1-cpu start_us=18259268 end_us=18262394 dur_us=3125
UKL-MQTT-BENCH: BUFFULL run_id=try5-c1-cpu start_us=18265291 end_us=18268375 dur_us=3083
UKL-MQTT-BENCH: BUFFULL run_id=try5-c1-cpu start_us=18271269 end_us=18274399 dur_us=3129
UKL-MQTT-BENCH: BUFFULL run_id=try5-c1-cpu start_us=18277388 end_us=18281376 dur_us=3987
UKL-MQTT-BENCH: BUFFULL run_id=try5-c1-cpu start_us=18284287 end_us=18287364 dur_us=3076
UKL-MQTT-BENCH: BUFFULL run_id=try5-c1-cpu start_us=18290276 end_us=18293381 dur_us=3105
UKL-MQTT-BENCH: BUFFULL run_id=try5-c1-cpu start_us=18296296 end_us=18298369 dur_us=2072
UKL-MQTT-BENCH: BUFFULL run_id=try5-c1-cpu start_us=18300676 end_us=18304369 dur_us=3692
UKL-MQTT-BENCH: BUFFULL run_id=try5-c1-cpu start_us=18307290 end_us=18309395 dur_us=2105
UKL-MQTT-BENCH: BUFFULL run_id=try5-c1-cpu start_us=18312310 end_us=18315360 dur_us=3049
UKL-MQTT-BENCH: BUFFULL run_id=try5-c1-cpu start_us=18317651 end_us=18321363 dur_us=3712
UKL-MQTT-BENCH: BUFFULL run_id=try5-c1-cpu start_us=18324291 end_us=18325319 dur_us=1027
UKL-MQTT-BENCH: BUFFULL run_id=try5-c1-cpu start_us=18327689 end_us=18331365 dur_us=3675
UKL-MQTT-BENCH: BUFFULL run_id=try5-c1-cpu start_us=18334266 end_us=18337357 dur_us=3091
UKL-MQTT-BENCH: BUFFULL run_id=try5-c1-cpu start_us=18340276 end_us=18342343 dur_us=2067
UKL-MQTT-BENCH: BUFFULL run_id=try5-c1-cpu start_us=18344642 end_us=18348353 dur_us=3710
UKL-MQTT-BENCH: BUFFULL run_id=try5-c1-cpu start_us=18351271 end_us=18354367 dur_us=3096
UKL-MQTT-BENCH: BUFFULL run_id=try5-c1-cpu start_us=18357259 end_us=18360370 dur_us=3110
UKL-MQTT-BENCH: BUFFULL run_id=try5-c1-cpu start_us=18363277 end_us=18366342 dur_us=3065
UKL-MQTT-BENCH: BUFFULL run_id=try5-c1-cpu start_us=18368634 end_us=18372382 dur_us=3747
UKL-MQTT-BENCH: BUFFULL run_id=try5-c1-cpu start_us=18375300 end_us=18377351 dur_us=2050
UKL-MQTT-BENCH: BUFFULL run_id=try5-c1-cpu start_us=18380307 end_us=18383390 dur_us=3083
UKL-MQTT-BENCH: BUFFULL run_id=try5-c1-cpu start_us=18386303 end_us=18388341 dur_us=2037
UKL-MQTT-BENCH: BUFFULL run_id=try5-c1-cpu start_us=18390644 end_us=18394372 dur_us=3727
UKL-MQTT-BENCH: BUFFULL run_id=try5-c1-cpu start_us=18397283 end_us=18399344 dur_us=2060
UKL-MQTT-BENCH: BUFFULL run_id=try5-c1-cpu start_us=18401644 end_us=18405370 dur_us=3726
UKL-MQTT-BENCH: BUFFULL run_id=try5-c1-cpu start_us=18408430 end_us=18411382 dur_us=2952
UKL-MQTT-BENCH: BUFFULL run_id=try5-c1-cpu start_us=18414490 end_us=18418376 dur_us=3885
UKL-MQTT-BENCH: BUFFULL run_id=try5-c1-cpu start_us=18421478 end_us=18424369 dur_us=2890
UKL-MQTT-BENCH: BUFFULL run_id=try5-c1-cpu start_us=18427276 end_us=18429334 dur_us=2057
UKL-MQTT-BENCH: BUFFULL run_id=try5-c1-cpu start_us=18431635 end_us=18435367 dur_us=3731
UKL-MQTT-BENCH: BUFFULL run_id=try5-c1-cpu start_us=18438279 end_us=18441370 dur_us=3091
UKL-MQTT-BENCH: BUFFULL run_id=try5-c1-cpu start_us=18444301 end_us=18446338 dur_us=2037
UKL-MQTT-BENCH: BUFFULL run_id=try5-c1-cpu start_us=18448647 end_us=18452356 dur_us=3709
UKL-MQTT-BENCH: BUFFULL run_id=try5-c1-cpu start_us=18455265 end_us=18457341 dur_us=2076
UKL-MQTT-BENCH: BUFFULL run_id=try5-c1-cpu start_us=18460918 end_us=18465367 dur_us=4448
UKL-MQTT-BENCH: BUFFULL run_id=try5-c1-cpu start_us=18468294 end_us=18470323 dur_us=2029
UKL-MQTT-BENCH: BUFFULL run_id=try5-c1-cpu start_us=18472617 end_us=18477410 dur_us=4793
UKL-MQTT-BENCH: BUFFULL run_id=try5-c1-cpu start_us=18480931 end_us=18483385 dur_us=2453
UKL-MQTT-BENCH: BUFFULL run_id=try5-c1-cpu start_us=18485694 end_us=18489464 dur_us=3769
UKL-MQTT-BENCH: BUFFULL run_id=try5-c1-cpu start_us=18492964 end_us=18495400 dur_us=2435
UKL-MQTT-BENCH: BUFFULL run_id=try5-c1-cpu start_us=18498316 end_us=18501344 dur_us=3028
UKL-MQTT-BENCH: BUFFULL run_id=try5-c1-cpu start_us=18505853 end_us=18509337 dur_us=3484
UKL-MQTT-BENCH: BUFFULL run_id=try5-c1-cpu start_us=18511645 end_us=18515368 dur_us=3722
UKL-MQTT-BENCH: BUFFULL run_id=try5-c1-cpu start_us=18518267 end_us=18520365 dur_us=2098
UKL-MQTT-BENCH: BUFFULL run_id=try5-c1-cpu start_us=18523298 end_us=18526354 dur_us=3055
UKL-MQTT-BENCH: BUFFULL run_id=try5-c1-cpu start_us=18528694 end_us=18533377 dur_us=4683
UKL-MQTT-BENCH: BUFFULL run_id=try5-c1-cpu start_us=18536862 end_us=18538371 dur_us=1509
UKL-MQTT-BENCH: BUFFULL run_id=try5-c1-cpu start_us=18541275 end_us=18545371 dur_us=4096
UKL-MQTT-BENCH: BUFFULL run_id=try5-c1-cpu start_us=18548281 end_us=18551372 dur_us=3090
UKL-MQTT-BENCH: BUFFULL run_id=try5-c1-cpu start_us=18554280 end_us=18556346 dur_us=2065
UKL-MQTT-BENCH: BUFFULL run_id=try5-c1-cpu start_us=18558634 end_us=18563389 dur_us=4754
UKL-MQTT-BENCH: BUFFULL run_id=try5-c1-cpu start_us=18566882 end_us=18569370 dur_us=2487
UKL-MQTT-BENCH: BUFFULL run_id=try5-c1-cpu start_us=18572293 end_us=18575399 dur_us=3106
UKL-MQTT-BENCH: BUFFULL run_id=try5-c1-cpu start_us=18578312 end_us=18581336 dur_us=3024
UKL-MQTT-BENCH: BUFFULL run_id=try5-c1-cpu start_us=18584329 end_us=18587390 dur_us=3061
UKL-MQTT-BENCH: BUFFULL run_id=try5-c1-cpu start_us=18590310 end_us=18592354 dur_us=2044
UKL-MQTT-BENCH: BUFFULL run_id=try5-c1-cpu start_us=18594654 end_us=18598372 dur_us=3717
UKL-MQTT-BENCH: BUFFULL run_id=try5-c1-cpu start_us=18601284 end_us=18604366 dur_us=3081
UKL-MQTT-BENCH: BUFFULL run_id=try5-c1-cpu start_us=18607286 end_us=18610354 dur_us=3067
UKL-MQTT-BENCH: BUFFULL run_id=try5-c1-cpu start_us=18613291 end_us=18616362 dur_us=3070
UKL-MQTT-BENCH: BUFFULL run_id=try5-c1-cpu start_us=18619271 end_us=18621346 dur_us=2074
UKL-MQTT-BENCH: BUFFULL run_id=try5-c1-cpu start_us=18623672 end_us=18627391 dur_us=3718
UKL-MQTT-BENCH: BUFFULL run_id=try5-c1-cpu start_us=18630329 end_us=18633357 dur_us=3027
UKL-MQTT-BENCH: BUFFULL run_id=try5-c1-cpu start_us=18636278 end_us=18639372 dur_us=3094
UKL-MQTT-BENCH: BUFFULL run_id=try5-c1-cpu start_us=18642278 end_us=18644384 dur_us=2105
UKL-MQTT-BENCH: BUFFULL run_id=try5-c1-cpu start_us=18646694 end_us=18651388 dur_us=4693
UKL-MQTT-BENCH: BUFFULL run_id=try5-c1-cpu start_us=18654885 end_us=18656340 dur_us=1454
UKL-MQTT-BENCH: BUFFULL run_id=try5-c1-cpu start_us=18658649 end_us=18662358 dur_us=3709
UKL-MQTT-BENCH: BUFFULL run_id=try5-c1-cpu start_us=18665271 end_us=18667346 dur_us=2074
UKL-MQTT-BENCH: BUFFULL run_id=try5-c1-cpu start_us=18669639 end_us=18673361 dur_us=3722
UKL-MQTT-BENCH: BUFFULL run_id=try5-c1-cpu start_us=18676289 end_us=18678368 dur_us=2079
UKL-MQTT-BENCH: BUFFULL run_id=try5-c1-cpu start_us=18681279 end_us=18684345 dur_us=3065
UKL-MQTT-BENCH: BUFFULL run_id=try5-c1-cpu start_us=18686680 end_us=18690376 dur_us=3696
UKL-MQTT-BENCH: BUFFULL run_id=try5-c1-cpu start_us=18693292 end_us=18695372 dur_us=2079
UKL-MQTT-BENCH: BUFFULL run_id=try5-c1-cpu start_us=18698281 end_us=18701400 dur_us=3119
UKL-MQTT-BENCH: BUFFULL run_id=try5-c1-cpu start_us=18703697 end_us=18707394 dur_us=3697
UKL-MQTT-BENCH: BUFFULL run_id=try5-c1-cpu start_us=18710331 end_us=18713423 dur_us=3091
UKL-MQTT-BENCH: BUFFULL run_id=try5-c1-cpu start_us=18716333 end_us=18718325 dur_us=1991
UKL-MQTT-BENCH: BUFFULL run_id=try5-c1-cpu start_us=18720625 end_us=18722335 dur_us=1710
UKL-MQTT-BENCH: BUFFULL run_id=try5-c1-cpu start_us=18726406 end_us=18732369 dur_us=5963
UKL-MQTT-BENCH: BUFFULL run_id=try5-c1-cpu start_us=18735855 end_us=18738356 dur_us=2501
UKL-MQTT-BENCH: BUFFULL run_id=try5-c1-cpu start_us=18741272 end_us=18743334 dur_us=2062
UKL-MQTT-BENCH: BUFFULL run_id=try5-c1-cpu start_us=18745641 end_us=18749352 dur_us=3710
UKL-MQTT-BENCH: BUFFULL run_id=try5-c1-cpu start_us=18752270 end_us=18755383 dur_us=3113
UKL-MQTT-BENCH: BUFFULL run_id=try5-c1-cpu start_us=18758288 end_us=18761370 dur_us=3081
UKL-MQTT-BENCH: BUFFULL run_id=try5-c1-cpu start_us=18764287 end_us=18767360 dur_us=3072
UKL-MQTT-BENCH: BUFFULL run_id=try5-c1-cpu start_us=18770308 end_us=18774457 dur_us=4148
UKL-MQTT-BENCH: BUFFULL run_id=try5-c1-cpu start_us=18777425 end_us=18780406 dur_us=2980
UKL-MQTT-BENCH: BUFFULL run_id=try5-c1-cpu start_us=18783917 end_us=18785348 dur_us=1431
UKL-MQTT-BENCH: BUFFULL run_id=try5-c1-cpu start_us=18787704 end_us=18790374 dur_us=2670
UKL-MQTT-BENCH: BUFFULL run_id=try5-c1-cpu start_us=18792671 end_us=18796356 dur_us=3684
UKL-MQTT-BENCH: BUFFULL run_id=try5-c1-cpu start_us=18799286 end_us=18802388 dur_us=3102
UKL-MQTT-BENCH: BUFFULL run_id=try5-c1-cpu start_us=18805310 end_us=18808369 dur_us=3059
UKL-MQTT-BENCH: BUFFULL run_id=try5-c1-cpu start_us=18810671 end_us=18813381 dur_us=2709
UKL-MQTT-BENCH: BUFFULL run_id=try5-c1-cpu start_us=18816301 end_us=18819377 dur_us=3076
UKL-MQTT-BENCH: BUFFULL run_id=try5-c1-cpu start_us=18822274 end_us=18824369 dur_us=2094
UKL-MQTT-BENCH: BUFFULL run_id=try5-c1-cpu start_us=18826669 end_us=18830369 dur_us=3699
UKL-MQTT-BENCH: BUFFULL run_id=try5-c1-cpu start_us=18833296 end_us=18835343 dur_us=2047
UKL-MQTT-BENCH: BUFFULL run_id=try5-c1-cpu start_us=18837624 end_us=18840345 dur_us=2721
UKL-MQTT-BENCH: BUFFULL run_id=try5-c1-cpu start_us=18842642 end_us=18844333 dur_us=1691
UKL-MQTT-BENCH: BUFFULL run_id=try5-c1-cpu start_us=18846617 end_us=18849324 dur_us=2706
UKL-MQTT-BENCH: BUFFULL run_id=try5-c1-cpu start_us=18851635 end_us=18854323 dur_us=2688
UKL-MQTT-BENCH: BUFFULL run_id=try5-c1-cpu start_us=18856621 end_us=18860350 dur_us=3728
UKL-MQTT-BENCH: BUFFULL run_id=try5-c1-cpu start_us=18863260 end_us=18866366 dur_us=3106
UKL-MQTT-BENCH: BUFFULL run_id=try5-c1-cpu start_us=18869277 end_us=18872871 dur_us=3594
UKL-MQTT-BENCH: BUFFULL run_id=try5-c1-cpu start_us=18876393 end_us=18879379 dur_us=2985
UKL-MQTT-BENCH: BUFFULL run_id=try5-c1-cpu start_us=18882305 end_us=18885347 dur_us=3042
UKL-MQTT-BENCH: BUFFULL run_id=try5-c1-cpu start_us=18888298 end_us=18890360 dur_us=2062
UKL-MQTT-BENCH: BUFFULL run_id=try5-c1-cpu start_us=18892711 end_us=18896386 dur_us=3674
UKL-MQTT-BENCH: BUFFULL run_id=try5-c1-cpu start_us=18899312 end_us=18902384 dur_us=3072
UKL-MQTT-BENCH: BUFFULL run_id=try5-c1-cpu start_us=18905347 end_us=18908381 dur_us=3033
UKL-MQTT-BENCH: BUFFULL run_id=try5-c1-cpu start_us=18911300 end_us=18913330 dur_us=2030
UKL-MQTT-BENCH: BUFFULL run_id=try5-c1-cpu start_us=18915632 end_us=18919374 dur_us=3741
UKL-MQTT-BENCH: BUFFULL run_id=try5-c1-cpu start_us=18922273 end_us=18925365 dur_us=3091
UKL-MQTT-BENCH: BUFFULL run_id=try5-c1-cpu start_us=18928276 end_us=18932436 dur_us=4160
UKL-MQTT-BENCH: BUFFULL run_id=try5-c1-cpu start_us=18935929 end_us=18938347 dur_us=2417
UKL-MQTT-BENCH: BUFFULL run_id=try5-c1-cpu start_us=18940640 end_us=18944414 dur_us=3774
UKL-MQTT-BENCH: BUFFULL run_id=try5-c1-cpu start_us=18947908 end_us=18949337 dur_us=1429
UKL-MQTT-BENCH: BUFFULL run_id=try5-c1-cpu start_us=18951644 end_us=18955360 dur_us=3716
UKL-MQTT-BENCH: BUFFULL run_id=try5-c1-cpu start_us=18958260 end_us=18960356 dur_us=2095
UKL-MQTT-BENCH: BUFFULL run_id=try5-c1-cpu start_us=18962649 end_us=18967369 dur_us=4720
UKL-MQTT-BENCH: BUFFULL run_id=try5-c1-cpu start_us=18970864 end_us=18972336 dur_us=1471
UKL-MQTT-BENCH: BUFFULL run_id=try5-c1-cpu start_us=18974620 end_us=18978386 dur_us=3766
UKL-MQTT-BENCH: BUFFULL run_id=try5-c1-cpu start_us=18981295 end_us=18983359 dur_us=2063
UKL-MQTT-BENCH: BUFFULL run_id=try5-c1-cpu start_us=18986260 end_us=18989350 dur_us=3089
UKL-MQTT-BENCH: BUFFULL run_id=try5-c1-cpu start_us=18991648 end_us=18995344 dur_us=3695
UKL-MQTT-BENCH: BUFFULL run_id=try5-c1-cpu start_us=18998265 end_us=19001365 dur_us=3100
UKL-MQTT-BENCH: BUFFULL run_id=try5-c1-cpu start_us=19004280 end_us=19006362 dur_us=2082
UKL-MQTT-BENCH: BUFFULL run_id=try5-c1-cpu start_us=19008657 end_us=19013386 dur_us=4728
UKL-MQTT-BENCH: BUFFULL run_id=try5-c1-cpu start_us=19016881 end_us=19018345 dur_us=1463
UKL-MQTT-BENCH: BUFFULL run_id=try5-c1-cpu start_us=19020638 end_us=19025389 dur_us=4751
UKL-MQTT-BENCH: BUFFULL run_id=try5-c1-cpu start_us=19028886 end_us=19030332 dur_us=1445
UKL-MQTT-BENCH: BUFFULL run_id=try5-c1-cpu start_us=19032644 end_us=19037372 dur_us=4728
UKL-MQTT-BENCH: BUFFULL run_id=try5-c1-cpu start_us=19043634 end_us=19047354 dur_us=3720
UKL-MQTT-BENCH: BUFFULL run_id=try5-c1-cpu start_us=19050262 end_us=19053353 dur_us=3090
UKL-MQTT-BENCH: BUFFULL run_id=try5-c1-cpu start_us=19056256 end_us=19059355 dur_us=3099
UKL-MQTT-BENCH: BUFFULL run_id=try5-c1-cpu start_us=19062260 end_us=19065343 dur_us=3082
UKL-MQTT-BENCH: BUFFULL run_id=try5-c1-cpu start_us=19068254 end_us=19071369 dur_us=3114
UKL-MQTT-BENCH: BUFFULL run_id=try5-c1-cpu start_us=19074285 end_us=19078397 dur_us=4111
UKL-MQTT-BENCH: BUFFULL run_id=try5-c1-cpu start_us=19081890 end_us=19084367 dur_us=2477
UKL-MQTT-BENCH: BUFFULL run_id=try5-c1-cpu start_us=19087314 end_us=19090418 dur_us=3104
UKL-MQTT-BENCH: BUFFULL run_id=try5-c1-cpu start_us=19093341 end_us=19096405 dur_us=3063
UKL-MQTT-BENCH: BUFFULL run_id=try5-c1-cpu start_us=19099323 end_us=19102342 dur_us=3018
UKL-MQTT-BENCH: BUFFULL run_id=try5-c1-cpu start_us=19104649 end_us=19106333 dur_us=1683
UKL-MQTT-BENCH: BUFFULL run_id=try5-c1-cpu start_us=19108642 end_us=19111355 dur_us=2713
UKL-MQTT-BENCH: BUFFULL run_id=try5-c1-cpu start_us=19113658 end_us=19117378 dur_us=3720
UKL-MQTT-BENCH: BUFFULL run_id=try5-c1-cpu start_us=19120285 end_us=19123380 dur_us=3095
UKL-MQTT-BENCH: BUFFULL run_id=try5-c1-cpu start_us=19126296 end_us=19129369 dur_us=3073
UKL-MQTT-BENCH: BUFFULL run_id=try5-c1-cpu start_us=19132281 end_us=19135359 dur_us=3077
UKL-MQTT-BENCH: BUFFULL run_id=try5-c1-cpu start_us=19138258 end_us=19140319 dur_us=2060
UKL-MQTT-BENCH: BUFFULL run_id=try5-c1-cpu start_us=19142632 end_us=19146376 dur_us=3743
UKL-MQTT-BENCH: BUFFULL run_id=try5-c1-cpu start_us=19149277 end_us=19152393 dur_us=3115
UKL-MQTT-BENCH: BUFFULL run_id=try5-c1-cpu start_us=19155302 end_us=19157350 dur_us=2047
UKL-MQTT-BENCH: BUFFULL run_id=try5-c1-cpu start_us=19159637 end_us=19163354 dur_us=3716
UKL-MQTT-BENCH: BUFFULL run_id=try5-c1-cpu start_us=19166914 end_us=19170373 dur_us=3459
UKL-MQTT-BENCH: BUFFULL run_id=try5-c1-cpu start_us=19173284 end_us=19175352 dur_us=2067
UKL-MQTT-BENCH: BUFFULL run_id=try5-c1-cpu start_us=19178275 end_us=19181339 dur_us=3063
UKL-MQTT-BENCH: BUFFULL run_id=try5-c1-cpu start_us=19183626 end_us=19187358 dur_us=3731
UKL-MQTT-BENCH: BUFFULL run_id=try5-c1-cpu start_us=19190262 end_us=19193359 dur_us=3096
UKL-MQTT-BENCH: BUFFULL run_id=try5-c1-cpu start_us=19196266 end_us=19199369 dur_us=3102
UKL-MQTT-BENCH: BUFFULL run_id=try5-c1-cpu start_us=19202290 end_us=19204345 dur_us=2055
UKL-MQTT-BENCH: BUFFULL run_id=try5-c1-cpu start_us=19206653 end_us=19210381 dur_us=3728
UKL-MQTT-BENCH: BUFFULL run_id=try5-c1-cpu start_us=19213313 end_us=19215377 dur_us=2063
UKL-MQTT-BENCH: BUFFULL run_id=try5-c1-cpu start_us=19218325 end_us=19222360 dur_us=4034
UKL-MQTT-BENCH: BUFFULL run_id=try5-c1-cpu start_us=19225284 end_us=19227344 dur_us=2060
UKL-MQTT-BENCH: BUFFULL run_id=try5-c1-cpu start_us=19229633 end_us=19233357 dur_us=3724
UKL-MQTT-BENCH: BUFFULL run_id=try5-c1-cpu start_us=19236296 end_us=19238343 dur_us=2046
UKL-MQTT-BENCH: BUFFULL run_id=try5-c1-cpu start_us=19241254 end_us=19244434 dur_us=3180
UKL-MQTT-BENCH: BUFFULL run_id=try5-c1-cpu start_us=19247342 end_us=19250361 dur_us=3019
UKL-MQTT-BENCH: BUFFULL run_id=try5-c1-cpu start_us=19253266 end_us=19257409 dur_us=4143
UKL-MQTT-BENCH: BUFFULL run_id=try5-c1-cpu start_us=19260905 end_us=19263395 dur_us=2489
UKL-MQTT-BENCH: BUFFULL run_id=try5-c1-cpu start_us=19266302 end_us=19269379 dur_us=3077
UKL-MQTT-BENCH: BUFFULL run_id=try5-c1-cpu start_us=19272292 end_us=19274338 dur_us=2045
UKL-MQTT-BENCH: BUFFULL run_id=try5-c1-cpu start_us=19276651 end_us=19279349 dur_us=2698
UKL-MQTT-BENCH: BUFFULL run_id=try5-c1-cpu start_us=19281637 end_us=19284338 dur_us=2700
UKL-MQTT-BENCH: BUFFULL run_id=try5-c1-cpu start_us=19286625 end_us=19291427 dur_us=4801
UKL-MQTT-BENCH: BUFFULL run_id=try5-c1-cpu start_us=19297026 end_us=19302401 dur_us=5375
UKL-MQTT-BENCH: BUFFULL run_id=try5-c1-cpu start_us=19308041 end_us=19312383 dur_us=4341
UKL-MQTT-BENCH: BUFFULL run_id=try5-c1-cpu start_us=19317232 end_us=19321353 dur_us=4121
UKL-MQTT-BENCH: BUFFULL run_id=try5-c1-cpu start_us=19324268 end_us=19326353 dur_us=2085
UKL-MQTT-BENCH: BUFFULL run_id=try5-c1-cpu start_us=19328655 end_us=19332380 dur_us=3724
UKL-MQTT-BENCH: BUFFULL run_id=try5-c1-cpu start_us=19335285 end_us=19338368 dur_us=3083
UKL-MQTT-BENCH: BUFFULL run_id=try5-c1-cpu start_us=19341268 end_us=19343361 dur_us=2093
UKL-MQTT-BENCH: BUFFULL run_id=try5-c1-cpu start_us=19345668 end_us=19349343 dur_us=3674
UKL-MQTT-BENCH: BUFFULL run_id=try5-c1-cpu start_us=19352250 end_us=19354346 dur_us=2096
UKL-MQTT-BENCH: BUFFULL run_id=try5-c1-cpu start_us=19357258 end_us=19360367 dur_us=3108
UKL-MQTT-BENCH: BUFFULL run_id=try5-c1-cpu start_us=19362690 end_us=19365360 dur_us=2670
UKL-MQTT-BENCH: BUFFULL run_id=try5-c1-cpu start_us=19368244 end_us=19371344 dur_us=3100
UKL-MQTT-BENCH: BUFFULL run_id=try5-c1-cpu start_us=19374275 end_us=19378360 dur_us=4085
UKL-MQTT-BENCH: BUFFULL run_id=try5-c1-cpu start_us=19381281 end_us=19383355 dur_us=2073
UKL-MQTT-BENCH: BUFFULL run_id=try5-c1-cpu start_us=19386272 end_us=19390419 dur_us=4146
UKL-MQTT-BENCH: BUFFULL run_id=try5-c1-cpu start_us=19393904 end_us=19396385 dur_us=2481
UKL-MQTT-BENCH: BUFFULL run_id=try5-c1-cpu start_us=19399275 end_us=19403359 dur_us=4084
UKL-MQTT-BENCH: BUFFULL run_id=try5-c1-cpu start_us=19406275 end_us=19409372 dur_us=3097
UKL-MQTT-BENCH: BUFFULL run_id=try5-c1-cpu start_us=19412290 end_us=19415425 dur_us=3135
UKL-MQTT-BENCH: BUFFULL run_id=try5-c1-cpu start_us=19418931 end_us=19422398 dur_us=3466
UKL-MQTT-BENCH: BUFFULL run_id=try5-c1-cpu start_us=19425316 end_us=19428431 dur_us=3115
UKL-MQTT-BENCH: BUFFULL run_id=try5-c1-cpu start_us=19431345 end_us=19434341 dur_us=2995
UKL-MQTT-BENCH: BUFFULL run_id=try5-c1-cpu start_us=19437245 end_us=19440378 dur_us=3133
UKL-MQTT-BENCH: BUFFULL run_id=try5-c1-cpu start_us=19443284 end_us=19445327 dur_us=2042
UKL-MQTT-BENCH: BUFFULL run_id=try5-c1-cpu start_us=19449976 end_us=19453332 dur_us=3355
UKL-MQTT-BENCH: BUFFULL run_id=try5-c1-cpu start_us=19455610 end_us=19459363 dur_us=3753
UKL-MQTT-BENCH: BUFFULL run_id=try5-c1-cpu start_us=19462262 end_us=19464346 dur_us=2083
UKL-MQTT-BENCH: BUFFULL run_id=try5-c1-cpu start_us=19466643 end_us=19470393 dur_us=3750
UKL-MQTT-BENCH: BUFFULL run_id=try5-c1-cpu start_us=19473283 end_us=19476351 dur_us=3067
UKL-MQTT-BENCH: BUFFULL run_id=try5-c1-cpu start_us=19479271 end_us=19482388 dur_us=3117
UKL-MQTT-BENCH: BUFFULL run_id=try5-c1-cpu start_us=19485286 end_us=19487370 dur_us=2083
UKL-MQTT-BENCH: BUFFULL run_id=try5-c1-cpu start_us=19490282 end_us=19493364 dur_us=3082
UKL-MQTT-BENCH: BUFFULL run_id=try5-c1-cpu start_us=19495658 end_us=19498372 dur_us=2714
UKL-MQTT-BENCH: BUFFULL run_id=try5-c1-cpu start_us=19501275 end_us=19504356 dur_us=3080
UKL-MQTT-BENCH: BUFFULL run_id=try5-c1-cpu start_us=19507320 end_us=19510353 dur_us=3033
UKL-MQTT-BENCH: BUFFULL run_id=try5-c1-cpu start_us=19512684 end_us=19515381 dur_us=2697
UKL-MQTT-BENCH: BUFFULL run_id=try5-c1-cpu start_us=19518293 end_us=19521384 dur_us=3090
UKL-MQTT-BENCH: BUFFULL run_id=try5-c1-cpu start_us=19524295 end_us=19527397 dur_us=3102
UKL-MQTT-BENCH: BUFFULL run_id=try5-c1-cpu start_us=19529765 end_us=19531345 dur_us=1579
UKL-MQTT-BENCH: BUFFULL run_id=try5-c1-cpu start_us=19533651 end_us=19536328 dur_us=2676
UKL-MQTT-BENCH: BUFFULL run_id=try5-c1-cpu start_us=19538627 end_us=19541345 dur_us=2717
UKL-MQTT-BENCH: BUFFULL run_id=try5-c1-cpu start_us=19543633 end_us=19548419 dur_us=4785
UKL-MQTT-BENCH: BUFFULL run_id=try5-c1-cpu start_us=19551957 end_us=19553330 dur_us=1373
UKL-MQTT-BENCH: BUFFULL run_id=try5-c1-cpu start_us=19555628 end_us=19559365 dur_us=3737
UKL-MQTT-BENCH: BUFFULL run_id=try5-c1-cpu start_us=19562297 end_us=19564353 dur_us=2055
UKL-MQTT-BENCH: BUFFULL run_id=try5-c1-cpu start_us=19566644 end_us=19570365 dur_us=3720
UKL-MQTT-BENCH: BUFFULL run_id=try5-c1-cpu start_us=19573271 end_us=19574333 dur_us=1062
UKL-MQTT-BENCH: BUFFULL run_id=try5-c1-cpu start_us=19576624 end_us=19579343 dur_us=2719
UKL-MQTT-BENCH: BUFFULL run_id=try5-c1-cpu start_us=19581640 end_us=19584329 dur_us=2688
UKL-MQTT-BENCH: BUFFULL run_id=try5-c1-cpu start_us=19586627 end_us=19591379 dur_us=4752
UKL-MQTT-BENCH: BUFFULL run_id=try5-c1-cpu start_us=19594308 end_us=19595342 dur_us=1033
UKL-MQTT-BENCH: BUFFULL run_id=try5-c1-cpu start_us=19597637 end_us=19602354 dur_us=4716
UKL-MQTT-BENCH: BUFFULL run_id=try5-c1-cpu start_us=19605891 end_us=19607140 dur_us=1249
UKL-MQTT-BENCH: BUFFULL run_id=try5-c1-cpu start_us=19609456 end_us=19613383 dur_us=3927
UKL-MQTT-BENCH: BUFFULL run_id=try5-c1-cpu start_us=19616291 end_us=19619348 dur_us=3057
UKL-MQTT-BENCH: BUFFULL run_id=try5-c1-cpu start_us=19621647 end_us=19624350 dur_us=2702
UKL-MQTT-BENCH: BUFFULL run_id=try5-c1-cpu start_us=19627258 end_us=19629348 dur_us=2089
UKL-MQTT-BENCH: BUFFULL run_id=try5-c1-cpu start_us=19631640 end_us=19635353 dur_us=3713
UKL-MQTT-BENCH: BUFFULL run_id=try5-c1-cpu start_us=19638248 end_us=19640343 dur_us=2094
UKL-MQTT-BENCH: BUFFULL run_id=try5-c1-cpu start_us=19642635 end_us=19646375 dur_us=3739
UKL-MQTT-BENCH: BUFFULL run_id=try5-c1-cpu start_us=19649268 end_us=19651328 dur_us=2059
UKL-MQTT-BENCH: BUFFULL run_id=try5-c1-cpu start_us=19653619 end_us=19658367 dur_us=4747
UKL-MQTT-BENCH: BUFFULL run_id=try5-c1-cpu start_us=19661861 end_us=19664362 dur_us=2500
UKL-MQTT-BENCH: BUFFULL run_id=try5-c1-cpu start_us=19667277 end_us=19671388 dur_us=4110
UKL-MQTT-BENCH: BUFFULL run_id=try5-c1-cpu start_us=19674877 end_us=19677363 dur_us=2486
UKL-MQTT-BENCH: BUFFULL run_id=try5-c1-cpu start_us=19680263 end_us=19683380 dur_us=3117
UKL-MQTT-BENCH: BUFFULL run_id=try5-c1-cpu start_us=19686867 end_us=19689370 dur_us=2502
UKL-MQTT-BENCH: BUFFULL run_id=try5-c1-cpu start_us=19692282 end_us=19696426 dur_us=4143
UKL-MQTT-BENCH: BUFFULL run_id=try5-c1-cpu start_us=19699938 end_us=19702379 dur_us=2440
UKL-MQTT-BENCH: BUFFULL run_id=try5-c1-cpu start_us=19705277 end_us=19709386 dur_us=4108
UKL-MQTT-BENCH: BUFFULL run_id=try5-c1-cpu start_us=19712301 end_us=19714331 dur_us=2029
UKL-MQTT-BENCH: BUFFULL run_id=try5-c1-cpu start_us=19716632 end_us=19720379 dur_us=3746
UKL-MQTT-BENCH: BUFFULL run_id=try5-c1-cpu start_us=19723281 end_us=19724288 dur_us=1006
UKL-MQTT-BENCH: BUFFULL run_id=try5-c1-cpu start_us=19725988 end_us=19729352 dur_us=3363
UKL-MQTT-BENCH: BUFFULL run_id=try5-c1-cpu start_us=19732308 end_us=19735369 dur_us=3061
UKL-MQTT-BENCH: BUFFULL run_id=try5-c1-cpu start_us=19738271 end_us=19742364 dur_us=4093
UKL-MQTT-BENCH: BUFFULL run_id=try5-c1-cpu start_us=19745263 end_us=19748406 dur_us=3143
UKL-MQTT-BENCH: BUFFULL run_id=try5-c1-cpu start_us=19751891 end_us=19754376 dur_us=2485
UKL-MQTT-BENCH: BUFFULL run_id=try5-c1-cpu start_us=19757290 end_us=19760339 dur_us=3049
UKL-MQTT-BENCH: BUFFULL run_id=try5-c1-cpu start_us=19762663 end_us=19766365 dur_us=3701
UKL-MQTT-BENCH: BUFFULL run_id=try5-c1-cpu start_us=19769275 end_us=19771375 dur_us=2100
UKL-MQTT-BENCH: BUFFULL run_id=try5-c1-cpu start_us=19773678 end_us=19777361 dur_us=3682
UKL-MQTT-BENCH: BUFFULL run_id=try5-c1-cpu start_us=19780281 end_us=19782364 dur_us=2082
UKL-MQTT-BENCH: BUFFULL run_id=try5-c1-cpu start_us=19785265 end_us=19787352 dur_us=2087
UKL-MQTT-BENCH: BUFFULL run_id=try5-c1-cpu start_us=19789676 end_us=19792339 dur_us=2663
UKL-MQTT-BENCH: BUFFULL run_id=try5-c1-cpu start_us=19794633 end_us=19799414 dur_us=4780
UKL-MQTT-BENCH: BUFFULL run_id=try5-c1-cpu start_us=19802914 end_us=19804326 dur_us=1411
UKL-MQTT-BENCH: BUFFULL run_id=try5-c1-cpu start_us=19806013 end_us=19810412 dur_us=4398
UKL-MQTT-BENCH: BUFFULL run_id=try5-c1-cpu start_us=19816000 end_us=19820366 dur_us=4366
UKL-MQTT-BENCH: BUFFULL run_id=try5-c1-cpu start_us=19825220 end_us=19829370 dur_us=4149
UKL-MQTT-BENCH: BUFFULL run_id=try5-c1-cpu start_us=19832292 end_us=19835351 dur_us=3058
UKL-MQTT-BENCH: BUFFULL run_id=try5-c1-cpu start_us=19838256 end_us=19842418 dur_us=4162
UKL-MQTT-BENCH: BUFFULL run_id=try5-c1-cpu start_us=19845904 end_us=19848377 dur_us=2473
UKL-MQTT-BENCH: BUFFULL run_id=try5-c1-cpu start_us=19851289 end_us=19854383 dur_us=3093
UKL-MQTT-BENCH: BUFFULL run_id=try5-c1-cpu start_us=19857287 end_us=19859342 dur_us=2054
UKL-MQTT-BENCH: BUFFULL run_id=try5-c1-cpu start_us=19861635 end_us=19866367 dur_us=4732
UKL-MQTT-BENCH: BUFFULL run_id=try5-c1-cpu start_us=19869267 end_us=19871342 dur_us=2075
UKL-MQTT-BENCH: BUFFULL run_id=try5-c1-cpu start_us=19874258 end_us=19877400 dur_us=3142
UKL-MQTT-BENCH: BUFFULL run_id=try5-c1-cpu start_us=19879700 end_us=19883379 dur_us=3678
UKL-MQTT-BENCH: BUFFULL run_id=try5-c1-cpu start_us=19886861 end_us=19888346 dur_us=1485
UKL-MQTT-BENCH: BUFFULL run_id=try5-c1-cpu start_us=19890637 end_us=19894369 dur_us=3731
UKL-MQTT-BENCH: BUFFULL run_id=try5-c1-cpu start_us=19897266 end_us=19900371 dur_us=3105
UKL-MQTT-BENCH: BUFFULL run_id=try5-c1-cpu start_us=19903294 end_us=19906365 dur_us=3071
UKL-MQTT-BENCH: BUFFULL run_id=try5-c1-cpu start_us=19909289 end_us=19912371 dur_us=3082
UKL-MQTT-BENCH: BUFFULL run_id=try5-c1-cpu start_us=19915362 end_us=19918381 dur_us=3018
UKL-MQTT-BENCH: BUFFULL run_id=try5-c1-cpu start_us=19921283 end_us=19924365 dur_us=3082
UKL-MQTT-BENCH: BUFFULL run_id=try5-c1-cpu start_us=19927277 end_us=19930365 dur_us=3088
UKL-MQTT-BENCH: BUFFULL run_id=try5-c1-cpu start_us=19933287 end_us=19937399 dur_us=4112
UKL-MQTT-BENCH: BUFFULL run_id=try5-c1-cpu start_us=19940881 end_us=19943361 dur_us=2480
UKL-MQTT-BENCH: BUFFULL run_id=try5-c1-cpu start_us=19945655 end_us=19950457 dur_us=4802
UKL-MQTT-BENCH: BUFFULL run_id=try5-c1-cpu start_us=19953935 end_us=19955419 dur_us=1484
UKL-MQTT-BENCH: BUFFULL run_id=try5-c1-cpu start_us=19957711 end_us=19961331 dur_us=3619
UKL-MQTT-BENCH: BUFFULL run_id=try5-c1-cpu start_us=19964226 end_us=19965336 dur_us=1109
UKL-MQTT-BENCH: BUFFULL run_id=try5-c1-cpu start_us=19969369 end_us=19974358 dur_us=4989
UKL-MQTT-BENCH: BUFFULL run_id=try5-c1-cpu start_us=19977259 end_us=19980261 dur_us=3002
UKL-MQTT-BENCH: BUFFULL run_id=try5-c1-cpu start_us=19983735 end_us=19986391 dur_us=2656
UKL-MQTT-BENCH: BUFFULL run_id=try5-c1-cpu start_us=19989273 end_us=19992353 dur_us=3080
UKL-MQTT-BENCH: BUFFULL run_id=try5-c1-cpu start_us=19994635 end_us=19996335 dur_us=1700
UKL-MQTT-BENCH: BUFFULL run_id=try5-c1-cpu start_us=19998618 end_us=20001333 dur_us=2714
UKL-MQTT-BENCH: BUFFULL run_id=try5-c1-cpu start_us=20003644 end_us=20007346 dur_us=3701
UKL-MQTT-BENCH: BUFFULL run_id=try5-c1-cpu start_us=20010281 end_us=20013359 dur_us=3077
UKL-MQTT-BENCH: BUFFULL run_id=try5-c1-cpu start_us=20016342 end_us=20018382 dur_us=2039
UKL-MQTT-BENCH: BUFFULL run_id=try5-c1-cpu start_us=20020673 end_us=20025452 dur_us=4778
UKL-MQTT-BENCH: BUFFULL run_id=try5-c1-cpu start_us=20028945 end_us=20030319 dur_us=1374
UKL-MQTT-BENCH: BUFFULL run_id=try5-c1-cpu start_us=20032608 end_us=20036370 dur_us=3762
UKL-MQTT-BENCH: BUFFULL run_id=try5-c1-cpu start_us=20039259 end_us=20041337 dur_us=2077
UKL-MQTT-BENCH: BUFFULL run_id=try5-c1-cpu start_us=20043624 end_us=20047361 dur_us=3736
UKL-MQTT-BENCH: BUFFULL run_id=try5-c1-cpu start_us=20050264 end_us=20053372 dur_us=3108
UKL-MQTT-BENCH: BUFFULL run_id=try5-c1-cpu start_us=20056258 end_us=20060376 dur_us=4118
UKL-MQTT-BENCH: BUFFULL run_id=try5-c1-cpu start_us=20063876 end_us=20066393 dur_us=2516
UKL-MQTT-BENCH: BUFFULL run_id=try5-c1-cpu start_us=20069284 end_us=20072372 dur_us=3087
UKL-MQTT-BENCH: BUFFULL run_id=try5-c1-cpu start_us=20075269 end_us=20078363 dur_us=3094
UKL-MQTT-BENCH: BUFFULL run_id=try5-c1-cpu start_us=20081262 end_us=20085367 dur_us=4104
UKL-MQTT-BENCH: BUFFULL run_id=try5-c1-cpu start_us=20088842 end_us=20090341 dur_us=1498
UKL-MQTT-BENCH: BUFFULL run_id=try5-c1-cpu start_us=20092629 end_us=20096365 dur_us=3736
UKL-MQTT-BENCH: BUFFULL run_id=try5-c1-cpu start_us=20099266 end_us=20101387 dur_us=2121
UKL-MQTT-BENCH: BUFFULL run_id=try5-c1-cpu start_us=20104269 end_us=20107397 dur_us=3127
UKL-MQTT-BENCH: BUFFULL run_id=try5-c1-cpu start_us=20109703 end_us=20113350 dur_us=3647
UKL-MQTT-BENCH: BUFFULL run_id=try5-c1-cpu start_us=20116248 end_us=20119383 dur_us=3134
UKL-MQTT-BENCH: BUFFULL run_id=try5-c1-cpu start_us=20122309 end_us=20124337 dur_us=2028
UKL-MQTT-BENCH: BUFFULL run_id=try5-c1-cpu start_us=20126626 end_us=20128337 dur_us=1711
UKL-MQTT-BENCH: BUFFULL run_id=try5-c1-cpu start_us=20130701 end_us=20133342 dur_us=2641
UKL-MQTT-BENCH: BUFFULL run_id=try5-c1-cpu start_us=20135643 end_us=20139377 dur_us=3734
UKL-MQTT-BENCH: BUFFULL run_id=try5-c1-cpu start_us=20142286 end_us=20145369 dur_us=3083
UKL-MQTT-BENCH: BUFFULL run_id=try5-c1-cpu start_us=20148298 end_us=20152398 dur_us=4100
UKL-MQTT-BENCH: BUFFULL run_id=try5-c1-cpu start_us=20155905 end_us=20158344 dur_us=2438
UKL-MQTT-BENCH: BUFFULL run_id=try5-c1-cpu start_us=20161230 end_us=20164337 dur_us=3106
UKL-MQTT-BENCH: BUFFULL run_id=try5-c1-cpu start_us=20167221 end_us=20169351 dur_us=2129
UKL-MQTT-BENCH: BUFFULL run_id=try5-c1-cpu start_us=20171637 end_us=20177384 dur_us=5747
UKL-MQTT-BENCH: BUFFULL run_id=try5-c1-cpu start_us=20184644 end_us=20191426 dur_us=6781
UKL-MQTT-BENCH: BUFFULL run_id=try5-c1-cpu start_us=20195528 end_us=20197355 dur_us=1827
UKL-MQTT-BENCH: BUFFULL run_id=try5-c1-cpu start_us=20200264 end_us=20204399 dur_us=4134
UKL-MQTT-BENCH: BUFFULL run_id=try5-c1-cpu start_us=20207876 end_us=20210355 dur_us=2478
UKL-MQTT-BENCH: BUFFULL run_id=try5-c1-cpu start_us=20213328 end_us=20216406 dur_us=3078
UKL-MQTT-BENCH: BUFFULL run_id=try5-c1-cpu start_us=20219307 end_us=20222356 dur_us=3048
UKL-MQTT-BENCH: BUFFULL run_id=try5-c1-cpu start_us=20225262 end_us=20229424 dur_us=4161
UKL-MQTT-BENCH: BUFFULL run_id=try5-c1-cpu start_us=20235057 end_us=20239373 dur_us=4316
UKL-MQTT-BENCH: BUFFULL run_id=try5-c1-cpu start_us=20244235 end_us=20250444 dur_us=6208
UKL-MQTT-BENCH: BUFFULL run_id=try5-c1-cpu start_us=20253968 end_us=20255416 dur_us=1448
UKL-MQTT-BENCH: BUFFULL run_id=try5-c1-cpu start_us=20258324 end_us=20263445 dur_us=5120
UKL-MQTT-BENCH: BUFFULL run_id=try5-c1-cpu start_us=20267170 end_us=20268520 dur_us=1350
UKL-MQTT-BENCH: BUFFULL run_id=try5-c1-cpu start_us=20270971 end_us=20273406 dur_us=2434
UKL-MQTT-BENCH: BUFFULL run_id=try5-c1-cpu start_us=20275887 end_us=20277353 dur_us=1465
UKL-MQTT-BENCH: BUFFULL run_id=try5-c1-cpu start_us=20279179 end_us=20281288 dur_us=2109
UKL-MQTT-BENCH: BUFFULL run_id=try5-c1-cpu start_us=20283106 end_us=20286399 dur_us=3293
UKL-MQTT-BENCH: BUFFULL run_id=try5-c1-cpu start_us=20288962 end_us=20294454 dur_us=5491
UKL-MQTT-BENCH: BUFFULL run_id=try5-c1-cpu start_us=20298208 end_us=20300403 dur_us=2194
UKL-MQTT-BENCH: BUFFULL run_id=try5-c1-cpu start_us=20303405 end_us=20306393 dur_us=2987
UKL-MQTT-BENCH: BUFFULL run_id=try5-c1-cpu start_us=20309486 end_us=20313387 dur_us=3900
UKL-MQTT-BENCH: BUFFULL run_id=try5-c1-cpu start_us=20316313 end_us=20318348 dur_us=2034
UKL-MQTT-BENCH: BUFFULL run_id=try5-c1-cpu start_us=20320647 end_us=20324401 dur_us=3754
UKL-MQTT-BENCH: BUFFULL run_id=try5-c1-cpu start_us=20327316 end_us=20330424 dur_us=3108
UKL-MQTT-BENCH: BUFFULL run_id=try5-c1-cpu start_us=20333367 end_us=20336393 dur_us=3025
UKL-MQTT-BENCH: BUFFULL run_id=try5-c1-cpu start_us=20339303 end_us=20341391 dur_us=2088
UKL-MQTT-BENCH: BUFFULL run_id=try5-c1-cpu start_us=20343688 end_us=20348391 dur_us=4702
UKL-MQTT-BENCH: BUFFULL run_id=try5-c1-cpu start_us=20351874 end_us=20353349 dur_us=1475
UKL-MQTT-BENCH: BUFFULL run_id=try5-c1-cpu start_us=20355646 end_us=20359159 dur_us=3513
UKL-MQTT-BENCH: BUFFULL run_id=try5-c1-cpu start_us=20362108 end_us=20364363 dur_us=2254
UKL-MQTT-BENCH: BUFFULL run_id=try5-c1-cpu start_us=20366701 end_us=20370372 dur_us=3670
UKL-MQTT-BENCH: BUFFULL run_id=try5-c1-cpu start_us=20373336 end_us=20376380 dur_us=3044
UKL-MQTT-BENCH: BUFFULL run_id=try5-c1-cpu start_us=20379345 end_us=20381372 dur_us=2026
UKL-MQTT-BENCH: BUFFULL run_id=try5-c1-cpu start_us=20383716 end_us=20387374 dur_us=3658
UKL-MQTT-BENCH: BUFFULL run_id=try5-c1-cpu start_us=20390273 end_us=20393376 dur_us=3103
UKL-MQTT-BENCH: BUFFULL run_id=try5-c1-cpu start_us=20396350 end_us=20398412 dur_us=2062
UKL-MQTT-BENCH: BUFFULL run_id=try5-c1-cpu start_us=20400716 end_us=20404390 dur_us=3674
UKL-MQTT-BENCH: BUFFULL run_id=try5-c1-cpu start_us=20407311 end_us=20410395 dur_us=3083
UKL-MQTT-BENCH: BUFFULL run_id=try5-c1-cpu start_us=20413307 end_us=20415428 dur_us=2121
UKL-MQTT-BENCH: BUFFULL run_id=try5-c1-cpu start_us=20417720 end_us=20421371 dur_us=3651
UKL-MQTT-BENCH: BUFFULL run_id=try5-c1-cpu start_us=20424458 end_us=20427430 dur_us=2972
UKL-MQTT-BENCH: BUFFULL run_id=try5-c1-cpu start_us=20432009 end_us=20435355 dur_us=3346
UKL-MQTT-BENCH: BUFFULL run_id=try5-c1-cpu start_us=20437796 end_us=20439305 dur_us=1509
UKL-MQTT-BENCH: BUFFULL run_id=try5-c1-cpu start_us=20441045 end_us=20443311 dur_us=2265
UKL-MQTT-BENCH: BUFFULL run_id=try5-c1-cpu start_us=20445020 end_us=20448407 dur_us=3386
UKL-MQTT-BENCH: BUFFULL run_id=try5-c1-cpu start_us=20451509 end_us=20454340 dur_us=2831
UKL-MQTT-BENCH: BUFFULL run_id=try5-c1-cpu start_us=20456647 end_us=20461420 dur_us=4773
UKL-MQTT-BENCH: BUFFULL run_id=try5-c1-cpu start_us=20464888 end_us=20466358 dur_us=1470
UKL-MQTT-BENCH: BUFFULL run_id=try5-c1-cpu start_us=20468725 end_us=20472376 dur_us=3651
UKL-MQTT-BENCH: BUFFULL run_id=try5-c1-cpu start_us=20475280 end_us=20478357 dur_us=3076
UKL-MQTT-BENCH: BUFFULL run_id=try5-c1-cpu start_us=20481244 end_us=20483352 dur_us=2108
UKL-MQTT-BENCH: BUFFULL run_id=try5-c1-cpu start_us=20485636 end_us=20490406 dur_us=4770
UKL-MQTT-BENCH: BUFFULL run_id=try5-c1-cpu start_us=20493898 end_us=20495330 dur_us=1432
UKL-MQTT-BENCH: BUFFULL run_id=try5-c1-cpu start_us=20497620 end_us=20501357 dur_us=3736
UKL-MQTT-BENCH: BUFFULL run_id=try5-c1-cpu start_us=20504355 end_us=20506359 dur_us=2004
UKL-MQTT-BENCH: BUFFULL run_id=try5-c1-cpu start_us=20509270 end_us=20512376 dur_us=3106
UKL-MQTT-BENCH: BUFFULL run_id=try5-c1-cpu start_us=20514683 end_us=20519346 dur_us=4662
UKL-MQTT-BENCH: BUFFULL run_id=try5-c1-cpu start_us=20522836 end_us=20524359 dur_us=1523
UKL-MQTT-BENCH: BUFFULL run_id=try5-c1-cpu start_us=20527282 end_us=20531375 dur_us=4093
UKL-MQTT-BENCH: BUFFULL run_id=try5-c1-cpu start_us=20534323 end_us=20537387 dur_us=3063
UKL-MQTT-BENCH: BUFFULL run_id=try5-c1-cpu start_us=20540403 end_us=20543386 dur_us=2982
UKL-MQTT-BENCH: BUFFULL run_id=try5-c1-cpu start_us=20546298 end_us=20550411 dur_us=4113
UKL-MQTT-BENCH: BUFFULL run_id=try5-c1-cpu start_us=20553933 end_us=20556360 dur_us=2426
UKL-MQTT-BENCH: BUFFULL run_id=try5-c1-cpu start_us=20558695 end_us=20561343 dur_us=2647
UKL-MQTT-BENCH: BUFFULL run_id=try5-c1-cpu start_us=20564244 end_us=20566323 dur_us=2079
UKL-MQTT-BENCH: BUFFULL run_id=try5-c1-cpu start_us=20568608 end_us=20572365 dur_us=3757
UKL-MQTT-BENCH: BUFFULL run_id=try5-c1-cpu start_us=20575267 end_us=20578371 dur_us=3103
UKL-MQTT-BENCH: BUFFULL run_id=try5-c1-cpu start_us=20581268 end_us=20583358 dur_us=2090
UKL-MQTT-BENCH: BUFFULL run_id=try5-c1-cpu start_us=20585662 end_us=20589356 dur_us=3694
UKL-MQTT-BENCH: BUFFULL run_id=try5-c1-cpu start_us=20592255 end_us=20594338 dur_us=2082
UKL-MQTT-BENCH: BUFFULL run_id=try5-c1-cpu start_us=20596629 end_us=20600339 dur_us=3709
UKL-MQTT-BENCH: BUFFULL run_id=try5-c1-cpu start_us=20603251 end_us=20605376 dur_us=2125
UKL-MQTT-BENCH: BUFFULL run_id=try5-c1-cpu start_us=20608282 end_us=20611395 dur_us=3113
UKL-MQTT-BENCH: BUFFULL run_id=try5-c1-cpu start_us=20613714 end_us=20617344 dur_us=3629
UKL-MQTT-BENCH: BUFFULL run_id=try5-c1-cpu start_us=20620244 end_us=20622356 dur_us=2111
UKL-MQTT-BENCH: BUFFULL run_id=try5-c1-cpu start_us=20625242 end_us=20626306 dur_us=1063
UKL-MQTT-BENCH: BUFFULL run_id=try5-c1-cpu start_us=20628005 end_us=20632369 dur_us=4363
UKL-MQTT-BENCH: BUFFULL run_id=try5-c1-cpu start_us=20635297 end_us=20637336 dur_us=2039
UKL-MQTT-BENCH: BUFFULL run_id=try5-c1-cpu start_us=20639627 end_us=20643360 dur_us=3732
UKL-MQTT-BENCH: BUFFULL run_id=try5-c1-cpu start_us=20646276 end_us=20649363 dur_us=3086
UKL-MQTT-BENCH: BUFFULL run_id=try5-c1-cpu start_us=20652261 end_us=20655364 dur_us=3102
UKL-MQTT-BENCH: BUFFULL run_id=try5-c1-cpu start_us=20658279 end_us=20661354 dur_us=3074
UKL-MQTT-BENCH: BUFFULL run_id=try5-c1-cpu start_us=20664250 end_us=20667368 dur_us=3117
UKL-MQTT-BENCH: BUFFULL run_id=try5-c1-cpu start_us=20670261 end_us=20673352 dur_us=3091
UKL-MQTT-BENCH: BUFFULL run_id=try5-c1-cpu start_us=20676284 end_us=20678326 dur_us=2042
UKL-MQTT-BENCH: BUFFULL run_id=try5-c1-cpu start_us=20680603 end_us=20684353 dur_us=3749
UKL-MQTT-BENCH: BUFFULL run_id=try5-c1-cpu start_us=20687256 end_us=20690374 dur_us=3117
UKL-MQTT-BENCH: BUFFULL run_id=try5-c1-cpu start_us=20693269 end_us=20696356 dur_us=3086
UKL-MQTT-BENCH: BUFFULL run_id=try5-c1-cpu start_us=20699258 end_us=20702352 dur_us=3093
UKL-MQTT-BENCH: BUFFULL run_id=try5-c1-cpu start_us=20705243 end_us=20708344 dur_us=3101
UKL-MQTT-BENCH: BUFFULL run_id=try5-c1-cpu start_us=20711251 end_us=20715378 dur_us=4127
UKL-MQTT-BENCH: BUFFULL run_id=try5-c1-cpu start_us=20718855 end_us=20721354 dur_us=2499
UKL-MQTT-BENCH: BUFFULL run_id=try5-c1-cpu start_us=20724256 end_us=20727937 dur_us=3681
UKL-MQTT-BENCH: BUFFULL run_id=try5-c1-cpu start_us=20731463 end_us=20734386 dur_us=2922
UKL-MQTT-BENCH: BUFFULL run_id=try5-c1-cpu start_us=20737334 end_us=20740382 dur_us=3047
UKL-MQTT-BENCH: BUFFULL run_id=try5-c1-cpu start_us=20743309 end_us=20745355 dur_us=2046
UKL-MQTT-BENCH: BUFFULL run_id=try5-c1-cpu start_us=20747645 end_us=20751367 dur_us=3722
UKL-MQTT-BENCH: BUFFULL run_id=try5-c1-cpu start_us=20754272 end_us=20757368 dur_us=3096
UKL-MQTT-BENCH: BUFFULL run_id=try5-c1-cpu start_us=20760276 end_us=20762366 dur_us=2089
UKL-MQTT-BENCH: BUFFULL run_id=try5-c1-cpu start_us=20764658 end_us=20769419 dur_us=4761
UKL-MQTT-BENCH: BUFFULL run_id=try5-c1-cpu start_us=20772423 end_us=20774384 dur_us=1960
UKL-MQTT-BENCH: BUFFULL run_id=try5-c1-cpu start_us=20777481 end_us=20780408 dur_us=2927
UKL-MQTT-BENCH: BUFFULL run_id=try5-c1-cpu start_us=20783507 end_us=20785335 dur_us=1827
UKL-MQTT-BENCH: BUFFULL run_id=try5-c1-cpu start_us=20787164 end_us=20793403 dur_us=6238
UKL-MQTT-BENCH: BUFFULL run_id=try5-c1-cpu start_us=20797129 end_us=20798422 dur_us=1292
UKL-MQTT-BENCH: BUFFULL run_id=try5-c1-cpu start_us=20801531 end_us=20806412 dur_us=4880
UKL-MQTT-BENCH: BUFFULL run_id=try5-c1-cpu start_us=20809313 end_us=20811389 dur_us=2075
UKL-MQTT-BENCH: BUFFULL run_id=try5-c1-cpu start_us=20814327 end_us=20817374 dur_us=3047
UKL-MQTT-BENCH: BUFFULL run_id=try5-c1-cpu start_us=20820269 end_us=20823386 dur_us=3117
UKL-MQTT-BENCH: BUFFULL run_id=try5-c1-cpu start_us=20825682 end_us=20829394 dur_us=3711
UKL-MQTT-BENCH: BUFFULL run_id=try5-c1-cpu start_us=20832289 end_us=20834419 dur_us=2130
UKL-MQTT-BENCH: BUFFULL run_id=try5-c1-cpu start_us=20837386 end_us=20840424 dur_us=3037
UKL-MQTT-BENCH: BUFFULL run_id=try5-c1-cpu start_us=20843508 end_us=20846580 dur_us=3072
UKL-MQTT-BENCH: BUFFULL run_id=try5-c1-cpu start_us=20849239 end_us=20851372 dur_us=2133
UKL-MQTT-BENCH: BUFFULL run_id=try5-c1-cpu start_us=20853820 end_us=20857384 dur_us=3563
UKL-MQTT-BENCH: BUFFULL run_id=try5-c1-cpu start_us=20860474 end_us=20864444 dur_us=3970
UKL-MQTT-BENCH: BUFFULL run_id=try5-c1-cpu start_us=20868188 end_us=20870392 dur_us=2204
UKL-MQTT-BENCH: BUFFULL run_id=try5-c1-cpu start_us=20872793 end_us=20877399 dur_us=4606
UKL-MQTT-BENCH: BUFFULL run_id=try5-c1-cpu start_us=20880901 end_us=20882349 dur_us=1447
UKL-MQTT-BENCH: BUFFULL run_id=try5-c1-cpu start_us=20884654 end_us=20888390 dur_us=3735
UKL-MQTT-BENCH: BUFFULL run_id=try5-c1-cpu start_us=20891292 end_us=20894420 dur_us=3128
UKL-MQTT-BENCH: BUFFULL run_id=try5-c1-cpu start_us=20896702 end_us=20899431 dur_us=2729
UKL-MQTT-BENCH: BUFFULL run_id=try5-c1-cpu start_us=20902352 end_us=20904360 dur_us=2008
UKL-MQTT-BENCH: BUFFULL run_id=try5-c1-cpu start_us=20906041 end_us=20908372 dur_us=2330
UKL-MQTT-BENCH: BUFFULL run_id=try5-c1-cpu start_us=20910669 end_us=20912304 dur_us=1634
UKL-MQTT-BENCH: BUFFULL run_id=try5-c1-cpu start_us=20914055 end_us=20916321 dur_us=2266
UKL-MQTT-BENCH: BUFFULL run_id=try5-c1-cpu start_us=20918623 end_us=20920316 dur_us=1692
UKL-MQTT-BENCH: BUFFULL run_id=try5-c1-cpu start_us=20922013 end_us=20927360 dur_us=5347
UKL-MQTT-BENCH: BUFFULL run_id=try5-c1-cpu start_us=20930850 end_us=20932359 dur_us=1508
UKL-MQTT-BENCH: BUFFULL run_id=try5-c1-cpu start_us=20934670 end_us=20938378 dur_us=3707
UKL-MQTT-BENCH: BUFFULL run_id=try5-c1-cpu start_us=20941279 end_us=20942359 dur_us=1079
UKL-MQTT-BENCH: BUFFULL run_id=try5-c1-cpu start_us=20944651 end_us=20949385 dur_us=4733
UKL-MQTT-BENCH: BUFFULL run_id=try5-c1-cpu start_us=20952286 end_us=20954368 dur_us=2081
UKL-MQTT-BENCH: BUFFULL run_id=try5-c1-cpu start_us=20956655 end_us=20960340 dur_us=3684
UKL-MQTT-BENCH: BUFFULL run_id=try5-c1-cpu start_us=20963248 end_us=20964331 dur_us=1082
UKL-MQTT-BENCH: BUFFULL run_id=try5-c1-cpu start_us=20966618 end_us=20969336 dur_us=2717
UKL-MQTT-BENCH: BUFFULL run_id=try5-c1-cpu start_us=20971630 end_us=20976668 dur_us=5038
UKL-MQTT-BENCH: BUFFULL run_id=try5-c1-cpu start_us=20980699 end_us=20982496 dur_us=1796
UKL-MQTT-BENCH: BUFFULL run_id=try5-c1-cpu start_us=20986187 end_us=20989400 dur_us=3213
UKL-MQTT-BENCH: BUFFULL run_id=try5-c1-cpu start_us=20993431 end_us=20995628 dur_us=2196
UKL-MQTT-BENCH: BUFFULL run_id=try5-c1-cpu start_us=20999145 end_us=21001460 dur_us=2315
UKL-MQTT-BENCH: BUFFULL run_id=try5-c1-cpu start_us=21004377 end_us=21007417 dur_us=3039
UKL-MQTT-BENCH: BUFFULL run_id=try5-c1-cpu start_us=21010507 end_us=21014687 dur_us=4179
UKL-MQTT-BENCH: BUFFULL run_id=try5-c1-cpu start_us=21026059 end_us=21028482 dur_us=2423
UKL-MQTT-BENCH: BUFFULL run_id=try5-c1-cpu start_us=21031565 end_us=21034410 dur_us=2844
UKL-MQTT-BENCH: BUFFULL run_id=try5-c1-cpu start_us=21037505 end_us=21042453 dur_us=4947
UKL-MQTT-BENCH: BUFFULL run_id=try5-c1-cpu start_us=21046176 end_us=21048422 dur_us=2245
UKL-MQTT-BENCH: BUFFULL run_id=try5-c1-cpu start_us=21051518 end_us=21055471 dur_us=3952
UKL-MQTT-BENCH: BUFFULL run_id=try5-c1-cpu start_us=21058558 end_us=21061383 dur_us=2824
UKL-MQTT-BENCH: BUFFULL run_id=try5-c1-cpu start_us=21064472 end_us=21067358 dur_us=2886
UKL-MQTT-BENCH: BUFFULL run_id=try5-c1-cpu start_us=21071185 end_us=21075378 dur_us=4193
UKL-MQTT-BENCH: BUFFULL run_id=try5-c1-cpu start_us=21078464 end_us=21081396 dur_us=2931
UKL-MQTT-BENCH: BUFFULL run_id=try5-c1-cpu start_us=21084477 end_us=21088389 dur_us=3911
UKL-MQTT-BENCH: BUFFULL run_id=try5-c1-cpu start_us=21091518 end_us=21094399 dur_us=2881
UKL-MQTT-BENCH: BUFFULL run_id=try5-c1-cpu start_us=21097474 end_us=21101456 dur_us=3982
UKL-MQTT-BENCH: BUFFULL run_id=try5-c1-cpu start_us=21105170 end_us=21108031 dur_us=2861
UKL-MQTT-BENCH: BUFFULL run_id=try5-c1-cpu start_us=21111117 end_us=21115425 dur_us=4307
UKL-MQTT-BENCH: BUFFULL run_id=try5-c1-cpu start_us=21118501 end_us=21121390 dur_us=2888
UKL-MQTT-BENCH: BUFFULL run_id=try5-c1-cpu start_us=21124470 end_us=21128425 dur_us=3954
UKL-MQTT-BENCH: BUFFULL run_id=try5-c1-cpu start_us=21132176 end_us=21135378 dur_us=3201
UKL-MQTT-BENCH: BUFFULL run_id=try5-c1-cpu start_us=21138492 end_us=21142460 dur_us=3967
UKL-MQTT-BENCH: BUFFULL run_id=try5-c1-cpu start_us=21145543 end_us=21148418 dur_us=2875
UKL-MQTT-BENCH: BUFFULL run_id=try5-c1-cpu start_us=21151386 end_us=21155518 dur_us=4131
UKL-MQTT-BENCH: BUFFULL run_id=try5-c1-cpu start_us=21158623 end_us=21160365 dur_us=1742
UKL-MQTT-BENCH: BUFFULL run_id=try5-c1-cpu start_us=21162189 end_us=21163301 dur_us=1112
UKL-MQTT-BENCH: BUFFULL run_id=try5-c1-cpu start_us=21165125 end_us=21169365 dur_us=4240
UKL-MQTT-BENCH: BUFFULL run_id=try5-c1-cpu start_us=21171799 end_us=21174348 dur_us=2548
UKL-MQTT-BENCH: BUFFULL run_id=try5-c1-cpu start_us=21176654 end_us=21181490 dur_us=4836
UKL-MQTT-BENCH: BUFFULL run_id=try5-c1-cpu start_us=21185616 end_us=21187350 dur_us=1734
UKL-MQTT-BENCH: BUFFULL run_id=try5-c1-cpu start_us=21189665 end_us=21193369 dur_us=3703
UKL-MQTT-BENCH: BUFFULL run_id=try5-c1-cpu start_us=21196261 end_us=21199375 dur_us=3114
UKL-MQTT-BENCH: BUFFULL run_id=try5-c1-cpu start_us=21202251 end_us=21205349 dur_us=3098
UKL-MQTT-BENCH: BUFFULL run_id=try5-c1-cpu start_us=21208247 end_us=21211396 dur_us=3148
UKL-MQTT-BENCH: BUFFULL run_id=try5-c1-cpu start_us=21214359 end_us=21217326 dur_us=2966
UKL-MQTT-BENCH: BUFFULL run_id=try5-c1-cpu start_us=21220235 end_us=21223368 dur_us=3133
UKL-MQTT-BENCH: BUFFULL run_id=try5-c1-cpu start_us=21226254 end_us=21229351 dur_us=3096
UKL-MQTT-BENCH: BUFFULL run_id=try5-c1-cpu start_us=21232249 end_us=21235422 dur_us=3173
UKL-MQTT-BENCH: BUFFULL run_id=try5-c1-cpu start_us=21238913 end_us=21242371 dur_us=3457
UKL-MQTT-BENCH: BUFFULL run_id=try5-c1-cpu start_us=21245329 end_us=21248381 dur_us=3051
UKL-MQTT-BENCH: BUFFULL run_id=try5-c1-cpu start_us=21251315 end_us=21254358 dur_us=3043
UKL-MQTT-BENCH: BUFFULL run_id=try5-c1-cpu start_us=21257267 end_us=21261420 dur_us=4153
UKL-MQTT-BENCH: BUFFULL run_id=try5-c1-cpu start_us=21264909 end_us=21268485 dur_us=3575
UKL-MQTT-BENCH: BUFFULL run_id=try5-c1-cpu start_us=21271593 end_us=21277535 dur_us=5941
UKL-MQTT-BENCH: BUFFULL run_id=try5-c1-cpu start_us=21281282 end_us=21283523 dur_us=2241
UKL-MQTT-BENCH: BUFFULL run_id=try5-c1-cpu start_us=21286791 end_us=21289405 dur_us=2613
UKL-MQTT-BENCH: BUFFULL run_id=try5-c1-cpu start_us=21292581 end_us=21297394 dur_us=4813
UKL-MQTT-BENCH: BUFFULL run_id=try5-c1-cpu start_us=21300478 end_us=21302397 dur_us=1918
UKL-MQTT-BENCH: BUFFULL run_id=try5-c1-cpu start_us=21305479 end_us=21308339 dur_us=2860
UKL-MQTT-BENCH: BUFFULL run_id=try5-c1-cpu start_us=21310618 end_us=21313335 dur_us=2717
UKL-MQTT-BENCH: BUFFULL run_id=try5-c1-cpu start_us=21315630 end_us=21319395 dur_us=3764
UKL-MQTT-BENCH: BUFFULL run_id=try5-c1-cpu start_us=21322279 end_us=21325353 dur_us=3073
UKL-MQTT-BENCH: BUFFULL run_id=try5-c1-cpu start_us=21328252 end_us=21331360 dur_us=3107
UKL-MQTT-BENCH: BUFFULL run_id=try5-c1-cpu start_us=21334249 end_us=21337358 dur_us=3109
UKL-MQTT-BENCH: BUFFULL run_id=try5-c1-cpu start_us=21340282 end_us=21343361 dur_us=3078
UKL-MQTT-BENCH: BUFFULL run_id=try5-c1-cpu start_us=21346299 end_us=21349377 dur_us=3078
UKL-MQTT-BENCH: BUFFULL run_id=try5-c1-cpu start_us=21352280 end_us=21355413 dur_us=3133
UKL-MQTT-BENCH: BUFFULL run_id=try5-c1-cpu start_us=21358897 end_us=21361377 dur_us=2480
UKL-MQTT-BENCH: BUFFULL run_id=try5-c1-cpu start_us=21363662 end_us=21368455 dur_us=4792
UKL-MQTT-BENCH: BUFFULL run_id=try5-c1-cpu start_us=21371361 end_us=21373379 dur_us=2018
UKL-MQTT-BENCH: BUFFULL run_id=try5-c1-cpu start_us=21376287 end_us=21378340 dur_us=2052
UKL-MQTT-BENCH: BUFFULL run_id=try5-c1-cpu start_us=21381944 end_us=21385336 dur_us=3391
UKL-MQTT-BENCH: BUFFULL run_id=try5-c1-cpu start_us=21387609 end_us=21391360 dur_us=3750
UKL-MQTT-BENCH: BUFFULL run_id=try5-c1-cpu start_us=21394255 end_us=21395332 dur_us=1077
UKL-MQTT-BENCH: BUFFULL run_id=try5-c1-cpu start_us=21397627 end_us=21400347 dur_us=2719
UKL-MQTT-BENCH: BUFFULL run_id=try5-c1-cpu start_us=21402631 end_us=21406353 dur_us=3721
UKL-MQTT-BENCH: BUFFULL run_id=try5-c1-cpu start_us=21409228 end_us=21412376 dur_us=3148
UKL-MQTT-BENCH: BUFFULL run_id=try5-c1-cpu start_us=21415263 end_us=21417363 dur_us=2100
UKL-MQTT-BENCH: BUFFULL run_id=try5-c1-cpu start_us=21419656 end_us=21423366 dur_us=3709
UKL-MQTT-BENCH: BUFFULL run_id=try5-c1-cpu start_us=21426261 end_us=21428334 dur_us=2072
UKL-MQTT-BENCH: BUFFULL run_id=try5-c1-cpu start_us=21430600 end_us=21434366 dur_us=3765
UKL-MQTT-BENCH: BUFFULL run_id=try5-c1-cpu start_us=21437274 end_us=21439344 dur_us=2069
UKL-MQTT-BENCH: BUFFULL run_id=try5-c1-cpu start_us=21441656 end_us=21445373 dur_us=3716
UKL-MQTT-BENCH: BUFFULL run_id=try5-c1-cpu start_us=21448334 end_us=21451364 dur_us=3029
UKL-MQTT-BENCH: BUFFULL run_id=try5-c1-cpu start_us=21454270 end_us=21457411 dur_us=3141
UKL-MQTT-BENCH: BUFFULL run_id=try5-c1-cpu start_us=21460311 end_us=21463414 dur_us=3103
UKL-MQTT-BENCH: BUFFULL run_id=try5-c1-cpu start_us=21466307 end_us=21470457 dur_us=4149
UKL-MQTT-BENCH: BUFFULL run_id=try5-c1-cpu start_us=21473934 end_us=21475386 dur_us=1452
UKL-MQTT-BENCH: BUFFULL run_id=try5-c1-cpu start_us=21477677 end_us=21479627 dur_us=1950
UKL-MQTT-BENCH: BUFFULL run_id=try5-c1-cpu start_us=21483371 end_us=21487396 dur_us=4024
UKL-MQTT-BENCH: BUFFULL run_id=try5-c1-cpu start_us=21489703 end_us=21492387 dur_us=2684
UKL-MQTT-BENCH: BUFFULL run_id=try5-c1-cpu start_us=21494674 end_us=21499376 dur_us=4702
UKL-MQTT-BENCH: BUFFULL run_id=try5-c1-cpu start_us=21506366 end_us=21511339 dur_us=4972
UKL-MQTT-BENCH: BUFFULL run_id=try5-c1-cpu start_us=21514252 end_us=21515305 dur_us=1053
UKL-MQTT-BENCH: BUFFULL run_id=try5-c1-cpu start_us=21517597 end_us=21522350 dur_us=4753
UKL-MQTT-BENCH: BUFFULL run_id=try5-c1-cpu start_us=21525240 end_us=21527314 dur_us=2073
UKL-MQTT-BENCH: BUFFULL run_id=try5-c1-cpu start_us=21529597 end_us=21534435 dur_us=4838
UKL-MQTT-BENCH: BUFFULL run_id=try5-c1-cpu start_us=21538533 end_us=21541363 dur_us=2830
UKL-MQTT-BENCH: BUFFULL run_id=try5-c1-cpu start_us=21544256 end_us=21547356 dur_us=3100
UKL-MQTT-BENCH: BUFFULL run_id=try5-c1-cpu start_us=21550277 end_us=21553430 dur_us=3153
UKL-MQTT-BENCH: BUFFULL run_id=try5-c1-cpu start_us=21556935 end_us=21560369 dur_us=3434
UKL-MQTT-BENCH: BUFFULL run_id=try5-c1-cpu start_us=21563274 end_us=21566373 dur_us=3099
UKL-MQTT-BENCH: BUFFULL run_id=try5-c1-cpu start_us=21569279 end_us=21572360 dur_us=3081
UKL-MQTT-BENCH: BUFFULL run_id=try5-c1-cpu start_us=21575263 end_us=21578414 dur_us=3151
UKL-MQTT-BENCH: BUFFULL run_id=try5-c1-cpu start_us=21581900 end_us=21585370 dur_us=3469
UKL-MQTT-BENCH: BUFFULL run_id=try5-c1-cpu start_us=21588260 end_us=21591372 dur_us=3111
UKL-MQTT-BENCH: BUFFULL run_id=try5-c1-cpu start_us=21594281 end_us=21597346 dur_us=3065
UKL-MQTT-BENCH: BUFFULL run_id=try5-c1-cpu start_us=21600224 end_us=21603403 dur_us=3178
UKL-MQTT-BENCH: BUFFULL run_id=try5-c1-cpu start_us=21606888 end_us=21610423 dur_us=3535
UKL-MQTT-BENCH: BUFFULL run_id=try5-c1-cpu start_us=21612716 end_us=21616359 dur_us=3642
UKL-MQTT-BENCH: BUFFULL run_id=try5-c1-cpu start_us=21619841 end_us=21621353 dur_us=1512
UKL-MQTT-BENCH: BUFFULL run_id=try5-c1-cpu start_us=21623622 end_us=21626337 dur_us=2715
UKL-MQTT-BENCH: BUFFULL run_id=try5-c1-cpu start_us=21628625 end_us=21630350 dur_us=1725
UKL-MQTT-BENCH: BUFFULL run_id=try5-c1-cpu start_us=21632638 end_us=21635322 dur_us=2683
UKL-MQTT-BENCH: BUFFULL run_id=try5-c1-cpu start_us=21637619 end_us=21641368 dur_us=3749
UKL-MQTT-BENCH: BUFFULL run_id=try5-c1-cpu start_us=21644254 end_us=21647371 dur_us=3116
UKL-MQTT-BENCH: BUFFULL run_id=try5-c1-cpu start_us=21650273 end_us=21652352 dur_us=2079
UKL-MQTT-BENCH: BUFFULL run_id=try5-c1-cpu start_us=21654702 end_us=21658379 dur_us=3676
UKL-MQTT-BENCH: BUFFULL run_id=try5-c1-cpu start_us=21661295 end_us=21663347 dur_us=2051
UKL-MQTT-BENCH: BUFFULL run_id=try5-c1-cpu start_us=21665648 end_us=21669380 dur_us=3731
UKL-MQTT-BENCH: BUFFULL run_id=try5-c1-cpu start_us=21672281 end_us=21675369 dur_us=3088
UKL-MQTT-BENCH: BUFFULL run_id=try5-c1-cpu start_us=21678273 end_us=21682408 dur_us=4134
UKL-MQTT-BENCH: BUFFULL run_id=try5-c1-cpu start_us=21685903 end_us=21687361 dur_us=1457
UKL-MQTT-BENCH: BUFFULL run_id=try5-c1-cpu start_us=21690263 end_us=21693352 dur_us=3088
UKL-MQTT-BENCH: BUFFULL run_id=try5-c1-cpu start_us=21695629 end_us=21698336 dur_us=2707
UKL-MQTT-BENCH: BUFFULL run_id=try5-c1-cpu start_us=21700619 end_us=21704360 dur_us=3740
UKL-MQTT-BENCH: BUFFULL run_id=try5-c1-cpu start_us=21707255 end_us=21709376 dur_us=2120
UKL-MQTT-BENCH: BUFFULL run_id=try5-c1-cpu start_us=21712263 end_us=21715335 dur_us=3072
UKL-MQTT-BENCH: BUFFULL run_id=try5-c1-cpu start_us=21717614 end_us=21720360 dur_us=2745
UKL-MQTT-BENCH: BUFFULL run_id=try5-c1-cpu start_us=21723253 end_us=21726371 dur_us=3118
UKL-MQTT-BENCH: BUFFULL run_id=try5-c1-cpu start_us=21729246 end_us=21732391 dur_us=3145
UKL-MQTT-BENCH: BUFFULL run_id=try5-c1-cpu start_us=21734668 end_us=21737400 dur_us=2731
UKL-MQTT-BENCH: BUFFULL run_id=try5-c1-cpu start_us=21740301 end_us=21743388 dur_us=3086
UKL-MQTT-BENCH: BUFFULL run_id=try5-c1-cpu start_us=21746271 end_us=21748353 dur_us=2082
UKL-MQTT-BENCH: BUFFULL run_id=try5-c1-cpu start_us=21750625 end_us=21753311 dur_us=2686
UKL-MQTT-BENCH: BUFFULL run_id=try5-c1-cpu start_us=21755627 end_us=21758341 dur_us=2714
UKL-MQTT-BENCH: BUFFULL run_id=try5-c1-cpu start_us=21762985 end_us=21767367 dur_us=4382
UKL-MQTT-BENCH: BUFFULL run_id=try5-c1-cpu start_us=21770268 end_us=21773380 dur_us=3112
UKL-MQTT-BENCH: BUFFULL run_id=try5-c1-cpu start_us=21776299 end_us=21779374 dur_us=3075
UKL-MQTT-BENCH: BUFFULL run_id=try5-c1-cpu start_us=21782467 end_us=21786378 dur_us=3910
UKL-MQTT-BENCH: BUFFULL run_id=try5-c1-cpu start_us=21789311 end_us=21792376 dur_us=3064
UKL-MQTT-BENCH: BUFFULL run_id=try5-c1-cpu start_us=21795274 end_us=21799424 dur_us=4150
UKL-MQTT-BENCH: BUFFULL run_id=try5-c1-cpu start_us=21802907 end_us=21805368 dur_us=2461
UKL-MQTT-BENCH: BUFFULL run_id=try5-c1-cpu start_us=21808264 end_us=21811370 dur_us=3105
UKL-MQTT-BENCH: BUFFULL run_id=try5-c1-cpu start_us=21814269 end_us=21817348 dur_us=3079
UKL-MQTT-BENCH: BUFFULL run_id=try5-c1-cpu start_us=21820250 end_us=21823435 dur_us=3184
UKL-MQTT-BENCH: BUFFULL run_id=try5-c1-cpu start_us=21826907 end_us=21830385 dur_us=3477
UKL-MQTT-BENCH: BUFFULL run_id=try5-c1-cpu start_us=21833287 end_us=21836350 dur_us=3062
UKL-MQTT-BENCH: BUFFULL run_id=try5-c1-cpu start_us=21839248 end_us=21842369 dur_us=3121
UKL-MQTT-BENCH: BUFFULL run_id=try5-c1-cpu start_us=21845269 end_us=21847029 dur_us=1760
UKL-MQTT-BENCH: BUFFULL run_id=try5-c1-cpu start_us=21849339 end_us=21853370 dur_us=4030
UKL-MQTT-BENCH: BUFFULL run_id=try5-c1-cpu start_us=21856263 end_us=21859361 dur_us=3097
UKL-MQTT-BENCH: BUFFULL run_id=try5-c1-cpu start_us=21862270 end_us=21866412 dur_us=4142
UKL-MQTT-BENCH: BUFFULL run_id=try5-c1-cpu start_us=21869927 end_us=21871336 dur_us=1408
UKL-MQTT-BENCH: BUFFULL run_id=try5-c1-cpu start_us=21873625 end_us=21878427 dur_us=4802
UKL-MQTT-BENCH: BUFFULL run_id=try5-c1-cpu start_us=21881915 end_us=21883384 dur_us=1468
UKL-MQTT-BENCH: BUFFULL run_id=try5-c1-cpu start_us=21885672 end_us=21889364 dur_us=3692
UKL-MQTT-BENCH: BUFFULL run_id=try5-c1-cpu start_us=21892349 end_us=21894365 dur_us=2015
UKL-MQTT-BENCH: BUFFULL run_id=try5-c1-cpu start_us=21899028 end_us=21902342 dur_us=3313
UKL-MQTT-BENCH: BUFFULL run_id=try5-c1-cpu start_us=21904649 end_us=21907344 dur_us=2694
UKL-MQTT-BENCH: BUFFULL run_id=try5-c1-cpu start_us=21909625 end_us=21912334 dur_us=2709
UKL-MQTT-BENCH: BUFFULL run_id=try5-c1-cpu start_us=21914609 end_us=21918419 dur_us=3809
UKL-MQTT-BENCH: BUFFULL run_id=try5-c1-cpu start_us=21921314 end_us=21923376 dur_us=2061
UKL-MQTT-BENCH: BUFFULL run_id=try5-c1-cpu start_us=21926258 end_us=21930377 dur_us=4118
UKL-MQTT-BENCH: BUFFULL run_id=try5-c1-cpu start_us=21933282 end_us=21936366 dur_us=3083
UKL-MQTT-BENCH: BUFFULL run_id=try5-c1-cpu start_us=21939238 end_us=21942419 dur_us=3180
UKL-MQTT-BENCH: BUFFULL run_id=try5-c1-cpu start_us=21945889 end_us=21948375 dur_us=2486
UKL-MQTT-BENCH: BUFFULL run_id=try5-c1-cpu start_us=21951267 end_us=21955363 dur_us=4096
UKL-MQTT-BENCH: BUFFULL run_id=try5-c1-cpu start_us=21958254 end_us=21961371 dur_us=3116
UKL-MQTT-BENCH: BUFFULL run_id=try5-c1-cpu start_us=21964283 end_us=21967422 dur_us=3138
UKL-MQTT-BENCH: BUFFULL run_id=try5-c1-cpu start_us=21970917 end_us=21973390 dur_us=2472
UKL-MQTT-BENCH: BUFFULL run_id=try5-c1-cpu start_us=21976304 end_us=21980386 dur_us=4081
UKL-MQTT-BENCH: BUFFULL run_id=try5-c1-cpu start_us=21983285 end_us=21985326 dur_us=2040
UKL-MQTT-BENCH: BUFFULL run_id=try5-c1-cpu start_us=21987624 end_us=21991356 dur_us=3731
UKL-MQTT-BENCH: BUFFULL run_id=try5-c1-cpu start_us=21994265 end_us=21995355 dur_us=1089
UKL-MQTT-BENCH: BUFFULL run_id=try5-c1-cpu start_us=21997646 end_us=22001364 dur_us=3718
UKL-MQTT-BENCH: BUFFULL run_id=try5-c1-cpu start_us=22004263 end_us=22007329 dur_us=3066
UKL-MQTT-BENCH: BUFFULL run_id=try5-c1-cpu start_us=22009620 end_us=22012338 dur_us=2718
UKL-MQTT-BENCH: BUFFULL run_id=try5-c1-cpu start_us=22015242 end_us=22018344 dur_us=3102
UKL-MQTT-BENCH: BUFFULL run_id=try5-c1-cpu start_us=22021236 end_us=22024367 dur_us=3131
UKL-MQTT-BENCH: BUFFULL run_id=try5-c1-cpu start_us=22027252 end_us=22030360 dur_us=3107
UKL-MQTT-BENCH: BUFFULL run_id=try5-c1-cpu start_us=22033256 end_us=22037400 dur_us=4144
UKL-MQTT-BENCH: BUFFULL run_id=try5-c1-cpu start_us=22040882 end_us=22043391 dur_us=2508
UKL-MQTT-BENCH: BUFFULL run_id=try5-c1-cpu start_us=22046294 end_us=22049383 dur_us=3088
UKL-MQTT-BENCH: BUFFULL run_id=try5-c1-cpu start_us=22052306 end_us=22054315 dur_us=2008
UKL-MQTT-BENCH: BUFFULL run_id=try5-c1-cpu start_us=22056605 end_us=22059333 dur_us=2727
UKL-MQTT-BENCH: BUFFULL run_id=try5-c1-cpu start_us=22061629 end_us=22064353 dur_us=2724
UKL-MQTT-BENCH: BUFFULL run_id=try5-c1-cpu start_us=22066650 end_us=22070426 dur_us=3775
UKL-MQTT-BENCH: BUFFULL run_id=try5-c1-cpu start_us=22073929 end_us=22075321 dur_us=1391
UKL-MQTT-BENCH: BUFFULL run_id=try5-c1-cpu start_us=22077020 end_us=22081393 dur_us=4373
UKL-MQTT-BENCH: BUFFULL run_id=try5-c1-cpu start_us=22087003 end_us=22092541 dur_us=5537
UKL-MQTT-BENCH: BUFFULL run_id=try5-c1-cpu start_us=22097397 end_us=22100443 dur_us=3046
UKL-MQTT-BENCH: BUFFULL run_id=try5-c1-cpu start_us=22102730 end_us=22105333 dur_us=2603
UKL-MQTT-BENCH: BUFFULL run_id=try5-c1-cpu start_us=22107683 end_us=22112442 dur_us=4759
UKL-MQTT-BENCH: BUFFULL run_id=try5-c1-cpu start_us=22116607 end_us=22121406 dur_us=4798
UKL-MQTT-BENCH: BUFFULL run_id=try5-c1-cpu start_us=22126784 end_us=22130364 dur_us=3579
UKL-MQTT-BENCH: BUFFULL run_id=try5-c1-cpu start_us=22133244 end_us=22135329 dur_us=2085
UKL-MQTT-BENCH: BUFFULL run_id=try5-c1-cpu start_us=22137625 end_us=22142381 dur_us=4755
UKL-MQTT-BENCH: BUFFULL run_id=try5-c1-cpu start_us=22145294 end_us=22147368 dur_us=2073
UKL-MQTT-BENCH: BUFFULL run_id=try5-c1-cpu start_us=22150260 end_us=22153341 dur_us=3081
UKL-MQTT-BENCH: BUFFULL run_id=try5-c1-cpu start_us=22156217 end_us=22159358 dur_us=3141
UKL-MQTT-BENCH: BUFFULL run_id=try5-c1-cpu start_us=22162235 end_us=22166432 dur_us=4197
UKL-MQTT-BENCH: BUFFULL run_id=try5-c1-cpu start_us=22169923 end_us=22172396 dur_us=2473
UKL-MQTT-BENCH: BUFFULL run_id=try5-c1-cpu start_us=22175299 end_us=22177345 dur_us=2045
UKL-MQTT-BENCH: BUFFULL run_id=try5-c1-cpu start_us=22179645 end_us=22182327 dur_us=2682
UKL-MQTT-BENCH: BUFFULL run_id=try5-c1-cpu start_us=22184616 end_us=22187349 dur_us=2733
UKL-MQTT-BENCH: BUFFULL run_id=try5-c1-cpu start_us=22189632 end_us=22192326 dur_us=2694
UKL-MQTT-BENCH: BUFFULL run_id=try5-c1-cpu start_us=22194609 end_us=22198410 dur_us=3800
UKL-MQTT-BENCH: BUFFULL run_id=try5-c1-cpu start_us=22201882 end_us=22203312 dur_us=1430
UKL-MQTT-BENCH: BUFFULL run_id=try5-c1-cpu start_us=22205019 end_us=22209294 dur_us=4274
UKL-MQTT-BENCH: BUFFULL run_id=try5-c1-cpu start_us=22212766 end_us=22214345 dur_us=1579
UKL-MQTT-BENCH: BUFFULL run_id=try5-c1-cpu start_us=22216648 end_us=22220343 dur_us=3695
UKL-MQTT-BENCH: BUFFULL run_id=try5-c1-cpu start_us=22223228 end_us=22225333 dur_us=2105
UKL-MQTT-BENCH: BUFFULL run_id=try5-c1-cpu start_us=22227618 end_us=22231354 dur_us=3736
UKL-MQTT-BENCH: BUFFULL run_id=try5-c1-cpu start_us=22234263 end_us=22237344 dur_us=3080
UKL-MQTT-BENCH: BUFFULL run_id=try5-c1-cpu start_us=22240236 end_us=22242367 dur_us=2131
UKL-MQTT-BENCH: BUFFULL run_id=try5-c1-cpu start_us=22244662 end_us=22249364 dur_us=4701
UKL-MQTT-BENCH: BUFFULL run_id=try5-c1-cpu start_us=22252849 end_us=22255322 dur_us=2473
UKL-MQTT-BENCH: BUFFULL run_id=try5-c1-cpu start_us=22258214 end_us=22262404 dur_us=4190
UKL-MQTT-BENCH: BUFFULL run_id=try5-c1-cpu start_us=22265886 end_us=22268387 dur_us=2501
UKL-MQTT-BENCH: BUFFULL run_id=try5-c1-cpu start_us=22271300 end_us=22275383 dur_us=4082
UKL-MQTT-BENCH: BUFFULL run_id=try5-c1-cpu start_us=22278362 end_us=22280372 dur_us=2009
UKL-MQTT-BENCH: BUFFULL run_id=try5-c1-cpu start_us=22283286 end_us=22287423 dur_us=4136
UKL-MQTT-BENCH: BUFFULL run_id=try5-c1-cpu start_us=22290916 end_us=22293361 dur_us=2444
UKL-MQTT-BENCH: BUFFULL run_id=try5-c1-cpu start_us=22295655 end_us=22298351 dur_us=2696
UKL-MQTT-BENCH: BUFFULL run_id=try5-c1-cpu start_us=22301256 end_us=22303335 dur_us=2078
UKL-MQTT-BENCH: BUFFULL run_id=try5-c1-cpu start_us=22305638 end_us=22309388 dur_us=3750
UKL-MQTT-BENCH: BUFFULL run_id=try5-c1-cpu start_us=22312291 end_us=22314339 dur_us=2048
UKL-MQTT-BENCH: BUFFULL run_id=try5-c1-cpu start_us=22316647 end_us=22320381 dur_us=3734
UKL-MQTT-BENCH: BUFFULL run_id=try5-c1-cpu start_us=22323285 end_us=22326388 dur_us=3103
UKL-MQTT-BENCH: BUFFULL run_id=try5-c1-cpu start_us=22329283 end_us=22331365 dur_us=2081
UKL-MQTT-BENCH: BUFFULL run_id=try5-c1-cpu start_us=22333658 end_us=22337366 dur_us=3707
UKL-MQTT-BENCH: BUFFULL run_id=try5-c1-cpu start_us=22340267 end_us=22343370 dur_us=3103
UKL-MQTT-BENCH: BUFFULL run_id=try5-c1-cpu start_us=22346283 end_us=22349346 dur_us=3063
UKL-MQTT-BENCH: BUFFULL run_id=try5-c1-cpu start_us=22352239 end_us=22354381 dur_us=2141
UKL-MQTT-BENCH: BUFFULL run_id=try5-c1-cpu start_us=22356662 end_us=22360365 dur_us=3702
UKL-MQTT-BENCH: BUFFULL run_id=try5-c1-cpu start_us=22363262 end_us=22366379 dur_us=3117
UKL-MQTT-BENCH: BUFFULL run_id=try5-c1-cpu start_us=22369295 end_us=22371345 dur_us=2049
UKL-MQTT-BENCH: BUFFULL run_id=try5-c1-cpu start_us=22373634 end_us=22376335 dur_us=2701
UKL-MQTT-BENCH: BUFFULL run_id=try5-c1-cpu start_us=22380998 end_us=22386355 dur_us=5357
UKL-MQTT-BENCH: BUFFULL run_id=try5-c1-cpu start_us=22389842 end_us=22392389 dur_us=2547
UKL-MQTT-BENCH: BUFFULL run_id=try5-c1-cpu start_us=22395294 end_us=22400364 dur_us=5069
UKL-MQTT-BENCH: BUFFULL run_id=try5-c1-cpu start_us=22403849 end_us=22406364 dur_us=2514
UKL-MQTT-BENCH: BUFFULL run_id=try5-c1-cpu start_us=22409245 end_us=22414433 dur_us=5187
UKL-MQTT-BENCH: BUFFULL run_id=try5-c1-cpu start_us=22418793 end_us=22421371 dur_us=2578
UKL-MQTT-BENCH: BUFFULL run_id=try5-c1-cpu start_us=22424452 end_us=22428400 dur_us=3947
UKL-MQTT-BENCH: BUFFULL run_id=try5-c1-cpu start_us=22431870 end_us=22434398 dur_us=2527
UKL-MQTT-BENCH: BUFFULL run_id=try5-c1-cpu start_us=22437292 end_us=22440362 dur_us=3069
UKL-MQTT-BENCH: BUFFULL run_id=try5-c1-cpu start_us=22443272 end_us=22446348 dur_us=3075
UKL-MQTT-BENCH: BUFFULL run_id=try5-c1-cpu start_us=22449244 end_us=22452371 dur_us=3127
UKL-MQTT-BENCH: BUFFULL run_id=try5-c1-cpu start_us=22455268 end_us=22458356 dur_us=3087
UKL-MQTT-BENCH: BUFFULL run_id=try5-c1-cpu start_us=22461249 end_us=22465379 dur_us=4130
UKL-MQTT-BENCH: BUFFULL run_id=try5-c1-cpu start_us=22468850 end_us=22471350 dur_us=2499
UKL-MQTT-BENCH: BUFFULL run_id=try5-c1-cpu start_us=22473651 end_us=22477361 dur_us=3709
UKL-MQTT-BENCH: BUFFULL run_id=try5-c1-cpu start_us=22480855 end_us=22484368 dur_us=3512
UKL-MQTT-BENCH: BUFFULL run_id=try5-c1-cpu start_us=22487264 end_us=22490402 dur_us=3138
UKL-MQTT-BENCH: BUFFULL run_id=try5-c1-cpu start_us=22493303 end_us=22496436 dur_us=3132
UKL-MQTT-BENCH: BUFFULL run_id=try5-c1-cpu start_us=22499946 end_us=22502377 dur_us=2430
UKL-MQTT-BENCH: BUFFULL run_id=try5-c1-cpu start_us=22504742 end_us=22508569 dur_us=3826
UKL-MQTT-BENCH: BUFFULL run_id=try5-c1-cpu start_us=22512776 end_us=22515347 dur_us=2571
UKL-MQTT-BENCH: BUFFULL run_id=try5-c1-cpu start_us=22517655 end_us=22520335 dur_us=2680
UKL-MQTT-BENCH: BUFFULL run_id=try5-c1-cpu start_us=22522688 end_us=22525346 dur_us=2658
UKL-MQTT-BENCH: BUFFULL run_id=try5-c1-cpu start_us=22527629 end_us=22531373 dur_us=3743
UKL-MQTT-BENCH: BUFFULL run_id=try5-c1-cpu start_us=22534274 end_us=22536348 dur_us=2074
UKL-MQTT-BENCH: BUFFULL run_id=try5-c1-cpu start_us=22539257 end_us=22542397 dur_us=3139
UKL-MQTT-BENCH: BUFFULL run_id=try5-c1-cpu start_us=22544696 end_us=22549362 dur_us=4665
UKL-MQTT-BENCH: BUFFULL run_id=try5-c1-cpu start_us=22552845 end_us=22554382 dur_us=1536
UKL-MQTT-BENCH: BUFFULL run_id=try5-c1-cpu start_us=22557325 end_us=22562406 dur_us=5080
UKL-MQTT-BENCH: BUFFULL run_id=try5-c1-cpu start_us=22565908 end_us=22567384 dur_us=1475
UKL-MQTT-BENCH: BUFFULL run_id=try5-c1-cpu start_us=22570299 end_us=22574377 dur_us=4077
UKL-MQTT-BENCH: BUFFULL run_id=try5-c1-cpu start_us=22577286 end_us=22580214 dur_us=2928
UKL-MQTT-BENCH: BUFFULL run_id=try5-c1-cpu start_us=22583122 end_us=22587412 dur_us=4289
UKL-MQTT-BENCH: BUFFULL run_id=try5-c1-cpu start_us=22590901 end_us=22593369 dur_us=2467
UKL-MQTT-BENCH: BUFFULL run_id=try5-c1-cpu start_us=22596286 end_us=22599358 dur_us=3071
UKL-MQTT-BENCH: BUFFULL run_id=try5-c1-cpu start_us=22602276 end_us=22605358 dur_us=3082
UKL-MQTT-BENCH: BUFFULL run_id=try5-c1-cpu start_us=22608258 end_us=22611362 dur_us=3103
UKL-MQTT-BENCH: BUFFULL run_id=try5-c1-cpu start_us=22614274 end_us=22617362 dur_us=3087
UKL-MQTT-BENCH: BUFFULL run_id=try5-c1-cpu start_us=22620275 end_us=22624405 dur_us=4130
UKL-MQTT-BENCH: BUFFULL run_id=try5-c1-cpu start_us=22627885 end_us=22629326 dur_us=1441
UKL-MQTT-BENCH: BUFFULL run_id=try5-c1-cpu start_us=22631626 end_us=22635346 dur_us=3720
UKL-MQTT-BENCH: BUFFULL run_id=try5-c1-cpu start_us=22638251 end_us=22641362 dur_us=3111
UKL-MQTT-BENCH: BUFFULL run_id=try5-c1-cpu start_us=22643662 end_us=22647355 dur_us=3693
UKL-MQTT-BENCH: BUFFULL run_id=try5-c1-cpu start_us=22650256 end_us=22652351 dur_us=2094
UKL-MQTT-BENCH: BUFFULL run_id=try5-c1-cpu start_us=22655253 end_us=22658363 dur_us=3110
UKL-MQTT-BENCH: BUFFULL run_id=try5-c1-cpu start_us=22661264 end_us=22664345 dur_us=3081
UKL-MQTT-BENCH: BUFFULL run_id=try5-c1-cpu start_us=22666625 end_us=22670347 dur_us=3721
UKL-MQTT-BENCH: BUFFULL run_id=try5-c1-cpu start_us=22673256 end_us=22675381 dur_us=2124
UKL-MQTT-BENCH: BUFFULL run_id=try5-c1-cpu start_us=22678341 end_us=22681397 dur_us=3056
UKL-MQTT-BENCH: BUFFULL run_id=try5-c1-cpu start_us=22684358 end_us=22687354 dur_us=2995
UKL-MQTT-BENCH: BUFFULL run_id=try5-c1-cpu start_us=22690270 end_us=22693351 dur_us=3080
UKL-MQTT-BENCH: BUFFULL run_id=try5-c1-cpu start_us=22696251 end_us=22699378 dur_us=3127
UKL-MQTT-BENCH: BUFFULL run_id=try5-c1-cpu start_us=22701680 end_us=22705347 dur_us=3666
UKL-MQTT-BENCH: BUFFULL run_id=try5-c1-cpu start_us=22708864 end_us=22711361 dur_us=2497
UKL-MQTT-BENCH: BUFFULL run_id=try5-c1-cpu start_us=22714255 end_us=22716339 dur_us=2083
UKL-MQTT-BENCH: BUFFULL run_id=try5-c1-cpu start_us=22718641 end_us=22722370 dur_us=3729
UKL-MQTT-BENCH: BUFFULL run_id=try5-c1-cpu start_us=22725267 end_us=22728345 dur_us=3078
UKL-MQTT-BENCH: BUFFULL run_id=try5-c1-cpu start_us=22730637 end_us=22733332 dur_us=2695
UKL-MQTT-BENCH: BUFFULL run_id=try5-c1-cpu start_us=22736235 end_us=22739360 dur_us=3125
UKL-MQTT-BENCH: BUFFULL run_id=try5-c1-cpu start_us=22742271 end_us=22745352 dur_us=3081
UKL-MQTT-BENCH: BUFFULL run_id=try5-c1-cpu start_us=22748265 end_us=22751349 dur_us=3083
UKL-MQTT-BENCH: BUFFULL run_id=try5-c1-cpu start_us=22754245 end_us=22757353 dur_us=3108
UKL-MQTT-BENCH: BUFFULL run_id=try5-c1-cpu start_us=22760254 end_us=22762380 dur_us=2126
UKL-MQTT-BENCH: BUFFULL run_id=try5-c1-cpu start_us=22764668 end_us=22768344 dur_us=3676
UKL-MQTT-BENCH: BUFFULL run_id=try5-c1-cpu start_us=22771249 end_us=22774369 dur_us=3120
UKL-MQTT-BENCH: BUFFULL run_id=try5-c1-cpu start_us=22777254 end_us=22780387 dur_us=3132
UKL-MQTT-BENCH: BUFFULL run_id=try5-c1-cpu start_us=22782729 end_us=22785422 dur_us=2693
UKL-MQTT-BENCH: BUFFULL run_id=try5-c1-cpu start_us=22788343 end_us=22790334 dur_us=1991
UKL-MQTT-BENCH: BUFFULL run_id=try5-c1-cpu start_us=22792634 end_us=22795350 dur_us=2715
UKL-MQTT-BENCH: BUFFULL run_id=try5-c1-cpu start_us=22799988 end_us=22804471 dur_us=4482
UKL-MQTT-BENCH: BUFFULL run_id=try5-c1-cpu start_us=22807402 end_us=22810444 dur_us=3041
UKL-MQTT-BENCH: BUFFULL run_id=try5-c1-cpu start_us=22813350 end_us=22816391 dur_us=3041
UKL-MQTT-BENCH: BUFFULL run_id=try5-c1-cpu start_us=22819280 end_us=22822327 dur_us=3046
UKL-MQTT-BENCH: BUFFULL run_id=try5-c1-cpu start_us=22826962 end_us=22829303 dur_us=2341
UKL-MQTT-BENCH: BUFFULL run_id=try5-c1-cpu start_us=22831010 end_us=22836359 dur_us=5348
UKL-MQTT-BENCH: BUFFULL run_id=try5-c1-cpu start_us=22839876 end_us=22841329 dur_us=1453
UKL-MQTT-BENCH: BUFFULL run_id=try5-c1-cpu start_us=22843614 end_us=22847357 dur_us=3743
UKL-MQTT-BENCH: BUFFULL run_id=try5-c1-cpu start_us=22850242 end_us=22852371 dur_us=2128
UKL-MQTT-BENCH: BUFFULL run_id=try5-c1-cpu start_us=22855277 end_us=22858350 dur_us=3073
UKL-MQTT-BENCH: BUFFULL run_id=try5-c1-cpu start_us=22861248 end_us=22864340 dur_us=3091
UKL-MQTT-BENCH: BUFFULL run_id=try5-c1-cpu start_us=22867229 end_us=22870376 dur_us=3147
UKL-MQTT-BENCH: BUFFULL run_id=try5-c1-cpu start_us=22872658 end_us=22875322 dur_us=2664
UKL-MQTT-BENCH: BUFFULL run_id=try5-c1-cpu start_us=22878216 end_us=22881384 dur_us=3167
UKL-MQTT-BENCH: BUFFULL run_id=try5-c1-cpu start_us=22884290 end_us=22885296 dur_us=1005
UKL-MQTT-BENCH: BUFFULL run_id=try5-c1-cpu start_us=22887014 end_us=22892372 dur_us=5358
UKL-MQTT-BENCH: BUFFULL run_id=try5-c1-cpu start_us=22895848 end_us=22897341 dur_us=1493
UKL-MQTT-BENCH: BUFFULL run_id=try5-c1-cpu start_us=22899638 end_us=22905491 dur_us=5853
UKL-MQTT-BENCH: BUFFULL run_id=try5-c1-cpu start_us=22912641 end_us=22917392 dur_us=4751
UKL-MQTT-BENCH: BUFFULL run_id=try5-c1-cpu start_us=22920880 end_us=22923387 dur_us=2506
UKL-MQTT-BENCH: BUFFULL run_id=try5-c1-cpu start_us=22926290 end_us=22930366 dur_us=4075
UKL-MQTT-BENCH: BUFFULL run_id=try5-c1-cpu start_us=22933268 end_us=22936356 dur_us=3087
UKL-MQTT-BENCH: BUFFULL run_id=try5-c1-cpu start_us=22939257 end_us=22942355 dur_us=3097
UKL-MQTT-BENCH: BUFFULL run_id=try5-c1-cpu start_us=22945390 end_us=22947378 dur_us=1988
UKL-MQTT-BENCH: BUFFULL run_id=try5-c1-cpu start_us=22949673 end_us=22952939 dur_us=3266
UKL-MQTT-BENCH: BUFFULL run_id=try5-c1-cpu start_us=22955844 end_us=22959351 dur_us=3506
UKL-MQTT-BENCH: BUFFULL run_id=try5-c1-cpu start_us=22962233 end_us=22965372 dur_us=3139
UKL-MQTT-BENCH: BUFFULL run_id=try5-c1-cpu start_us=22968258 end_us=22971346 dur_us=3087
UKL-MQTT-BENCH: BUFFULL run_id=try5-c1-cpu start_us=22974331 end_us=22977411 dur_us=3080
UKL-MQTT-BENCH: BUFFULL run_id=try5-c1-cpu start_us=22980897 end_us=22984379 dur_us=3481
UKL-MQTT-BENCH: BUFFULL run_id=try5-c1-cpu start_us=22987304 end_us=22991438 dur_us=4133
UKL-MQTT-BENCH: BUFFULL run_id=try5-c1-cpu start_us=22994947 end_us=22997358 dur_us=2410
UKL-MQTT-BENCH: BUFFULL run_id=try5-c1-cpu start_us=23000276 end_us=23003373 dur_us=3097
UKL-MQTT-BENCH: BUFFULL run_id=try5-c1-cpu start_us=23006273 end_us=23009366 dur_us=3092
UKL-MQTT-BENCH: BUFFULL run_id=try5-c1-cpu start_us=23012292 end_us=23016412 dur_us=4120
UKL-MQTT-BENCH: BUFFULL run_id=try5-c1-cpu start_us=23019934 end_us=23022364 dur_us=2430
UKL-MQTT-BENCH: BUFFULL run_id=try5-c1-cpu start_us=23025268 end_us=23029362 dur_us=4094
UKL-MQTT-BENCH: BUFFULL run_id=try5-c1-cpu start_us=23032276 end_us=23034359 dur_us=2082
UKL-MQTT-BENCH: BUFFULL run_id=try5-c1-cpu start_us=23037236 end_us=23041402 dur_us=4166
UKL-MQTT-BENCH: BUFFULL run_id=try5-c1-cpu start_us=23044874 end_us=23047369 dur_us=2494
UKL-MQTT-BENCH: BUFFULL run_id=try5-c1-cpu start_us=23050258 end_us=23053355 dur_us=3096
UKL-MQTT-BENCH: BUFFULL run_id=try5-c1-cpu start_us=23056260 end_us=23060342 dur_us=4082
UKL-MQTT-BENCH: BUFFULL run_id=try5-c1-cpu start_us=23063227 end_us=23066404 dur_us=3177
UKL-MQTT-BENCH: BUFFULL run_id=try5-c1-cpu start_us=23069901 end_us=23072384 dur_us=2482
UKL-MQTT-BENCH: BUFFULL run_id=try5-c1-cpu start_us=23075289 end_us=23079375 dur_us=4086
UKL-MQTT-BENCH: BUFFULL run_id=try5-c1-cpu start_us=23082269 end_us=23084336 dur_us=2066
UKL-MQTT-BENCH: BUFFULL run_id=try5-c1-cpu start_us=23086711 end_us=23090368 dur_us=3656
UKL-MQTT-BENCH: BUFFULL run_id=try5-c1-cpu start_us=23093887 end_us=23095456 dur_us=1569
UKL-MQTT-BENCH: BUFFULL run_id=try5-c1-cpu start_us=23097767 end_us=23101404 dur_us=3637
UKL-MQTT-BENCH: BUFFULL run_id=try5-c1-cpu start_us=23104325 end_us=23106395 dur_us=2070
UKL-MQTT-BENCH: BUFFULL run_id=try5-c1-cpu start_us=23109364 end_us=23113384 dur_us=4019
UKL-MQTT-BENCH: BUFFULL run_id=try5-c1-cpu start_us=23116266 end_us=23119375 dur_us=3109
UKL-MQTT-BENCH: BUFFULL run_id=try5-c1-cpu start_us=23122253 end_us=23124342 dur_us=2088
UKL-MQTT-BENCH: BUFFULL run_id=try5-c1-cpu start_us=23126630 end_us=23130370 dur_us=3739
UKL-MQTT-BENCH: BUFFULL run_id=try5-c1-cpu start_us=23133265 end_us=23135396 dur_us=2131
UKL-MQTT-BENCH: BUFFULL run_id=try5-c1-cpu start_us=23138292 end_us=23141349 dur_us=3056
UKL-MQTT-BENCH: BUFFULL run_id=try5-c1-cpu start_us=23143641 end_us=23147355 dur_us=3714
UKL-MQTT-BENCH: BUFFULL run_id=try5-c1-cpu start_us=23150899 end_us=23154370 dur_us=3470
UKL-MQTT-BENCH: BUFFULL run_id=try5-c1-cpu start_us=23157260 end_us=23159362 dur_us=2101
UKL-MQTT-BENCH: BUFFULL run_id=try5-c1-cpu start_us=23162245 end_us=23165386 dur_us=3141
UKL-MQTT-BENCH: BUFFULL run_id=try5-c1-cpu start_us=23167676 end_us=23172376 dur_us=4700
UKL-MQTT-BENCH: BUFFULL run_id=try5-c1-cpu start_us=23175877 end_us=23177310 dur_us=1433
UKL-MQTT-BENCH: BUFFULL run_id=try5-c1-cpu start_us=23179598 end_us=23182336 dur_us=2737
UKL-MQTT-BENCH: BUFFULL run_id=try5-c1-cpu start_us=23186355 end_us=23190356 dur_us=4001
UKL-MQTT-BENCH: BUFFULL run_id=try5-c1-cpu start_us=23193278 end_us=23195340 dur_us=2061
UKL-MQTT-BENCH: BUFFULL run_id=try5-c1-cpu start_us=23197647 end_us=23201382 dur_us=3734
UKL-MQTT-BENCH: BUFFULL run_id=try5-c1-cpu start_us=23204323 end_us=23206373 dur_us=2049
UKL-MQTT-BENCH: BUFFULL run_id=try5-c1-cpu start_us=23209275 end_us=23212374 dur_us=3098
UKL-MQTT-BENCH: BUFFULL run_id=try5-c1-cpu start_us=23214670 end_us=23218338 dur_us=3668
UKL-MQTT-BENCH: BUFFULL run_id=try5-c1-cpu start_us=23221252 end_us=23223330 dur_us=2077
UKL-MQTT-BENCH: BUFFULL run_id=try5-c1-cpu start_us=23225619 end_us=23228348 dur_us=2728
UKL-MQTT-BENCH: BUFFULL run_id=try5-c1-cpu start_us=23230640 end_us=23234352 dur_us=3712
UKL-MQTT-BENCH: BUFFULL run_id=try5-c1-cpu start_us=23237278 end_us=23240343 dur_us=3064
UKL-MQTT-BENCH: BUFFULL run_id=try5-c1-cpu start_us=23243234 end_us=23246360 dur_us=3125
UKL-MQTT-BENCH: BUFFULL run_id=try5-c1-cpu start_us=23249278 end_us=23251344 dur_us=2066
UKL-MQTT-BENCH: BUFFULL run_id=try5-c1-cpu start_us=23253633 end_us=23257369 dur_us=3736
UKL-MQTT-BENCH: BUFFULL run_id=try5-c1-cpu start_us=23260259 end_us=23262347 dur_us=2088
UKL-MQTT-BENCH: BUFFULL run_id=try5-c1-cpu start_us=23265243 end_us=23268344 dur_us=3100
UKL-MQTT-BENCH: BUFFULL run_id=try5-c1-cpu start_us=23270640 end_us=23273343 dur_us=2702
UKL-MQTT-BENCH: BUFFULL run_id=try5-c1-cpu start_us=23276241 end_us=23278334 dur_us=2092
UKL-MQTT-BENCH: BUFFULL run_id=try5-c1-cpu start_us=23280648 end_us=23283309 dur_us=2660
UKL-MQTT-BENCH: BUFFULL run_id=try5-c1-cpu start_us=23285617 end_us=23288329 dur_us=2712
UKL-MQTT-BENCH: BUFFULL run_id=try5-c1-cpu start_us=23290652 end_us=23294363 dur_us=3711
UKL-MQTT-BENCH: BUFFULL run_id=try5-c1-cpu start_us=23297306 end_us=23300361 dur_us=3054
UKL-MQTT-BENCH: BUFFULL run_id=try5-c1-cpu start_us=23303355 end_us=23307404 dur_us=4048
UKL-MQTT-BENCH: BUFFULL run_id=try5-c1-cpu start_us=23310898 end_us=23313347 dur_us=2449
UKL-MQTT-BENCH: BUFFULL run_id=try5-c1-cpu start_us=23316235 end_us=23319351 dur_us=3115
UKL-MQTT-BENCH: BUFFULL run_id=try5-c1-cpu start_us=23322233 end_us=23325535 dur_us=3301
UKL-MQTT-BENCH: BUFFULL run_id=try5-c1-cpu start_us=23328433 end_us=23332402 dur_us=3968
UKL-MQTT-BENCH: BUFFULL run_id=try5-c1-cpu start_us=23335900 end_us=23338373 dur_us=2473
UKL-MQTT-BENCH: BUFFULL run_id=try5-c1-cpu start_us=23341257 end_us=23345353 dur_us=4095
UKL-MQTT-BENCH: BUFFULL run_id=try5-c1-cpu start_us=23348267 end_us=23351364 dur_us=3096
UKL-MQTT-BENCH: BUFFULL run_id=try5-c1-cpu start_us=23354261 end_us=23357390 dur_us=3128
UKL-MQTT-BENCH: BUFFULL run_id=try5-c1-cpu start_us=23360886 end_us=23363340 dur_us=2453
UKL-MQTT-BENCH: BUFFULL run_id=try5-c1-cpu start_us=23366239 end_us=23370369 dur_us=4129
UKL-MQTT-BENCH: BUFFULL run_id=try5-c1-cpu start_us=23373264 end_us=23376391 dur_us=3126
UKL-MQTT-BENCH: BUFFULL run_id=try5-c1-cpu start_us=23379277 end_us=23382358 dur_us=3080
UKL-MQTT-BENCH: BUFFULL run_id=try5-c1-cpu start_us=23385254 end_us=23387335 dur_us=2081
UKL-MQTT-BENCH: BUFFULL run_id=try5-c1-cpu start_us=23389626 end_us=23391322 dur_us=1695
UKL-MQTT-BENCH: BUFFULL run_id=try5-c1-cpu start_us=23393678 end_us=23398360 dur_us=4681
UKL-MQTT-BENCH: BUFFULL run_id=try5-c1-cpu start_us=23401273 end_us=23403380 dur_us=2107
UKL-MQTT-BENCH: BUFFULL run_id=try5-c1-cpu start_us=23406278 end_us=23409344 dur_us=3066
UKL-MQTT-BENCH: BUFFULL run_id=try5-c1-cpu start_us=23411631 end_us=23414380 dur_us=2749
UKL-MQTT-BENCH: BUFFULL run_id=try5-c1-cpu start_us=23417339 end_us=23419333 dur_us=1993
UKL-MQTT-BENCH: BUFFULL run_id=try5-c1-cpu start_us=23421614 end_us=23425341 dur_us=3727
UKL-MQTT-BENCH: BUFFULL run_id=try5-c1-cpu start_us=23428232 end_us=23431345 dur_us=3113
UKL-MQTT-BENCH: BUFFULL run_id=try5-c1-cpu start_us=23433621 end_us=23437357 dur_us=3735
UKL-MQTT-BENCH: BUFFULL run_id=try5-c1-cpu start_us=23440260 end_us=23442368 dur_us=2107
UKL-MQTT-BENCH: BUFFULL run_id=try5-c1-cpu start_us=23445248 end_us=23448364 dur_us=3115
UKL-MQTT-BENCH: BUFFULL run_id=try5-c1-cpu start_us=23451235 end_us=23454358 dur_us=3123
UKL-MQTT-BENCH: BUFFULL run_id=try5-c1-cpu start_us=23457254 end_us=23459377 dur_us=2123
UKL-MQTT-BENCH: BUFFULL run_id=try5-c1-cpu start_us=23461651 end_us=23465319 dur_us=3668
UKL-MQTT-BENCH: BUFFULL run_id=try5-c1-cpu start_us=23468211 end_us=23471352 dur_us=3141
UKL-MQTT-BENCH: BUFFULL run_id=try5-c1-cpu start_us=23474279 end_us=23477395 dur_us=3116
UKL-MQTT-BENCH: BUFFULL run_id=try5-c1-cpu start_us=23480305 end_us=23482336 dur_us=2031
UKL-MQTT-BENCH: BUFFULL run_id=try5-c1-cpu start_us=23484621 end_us=23488345 dur_us=3724
UKL-MQTT-BENCH: BUFFULL run_id=try5-c1-cpu start_us=23491263 end_us=23493337 dur_us=2073
UKL-MQTT-BENCH: BUFFULL run_id=try5-c1-cpu start_us=23495659 end_us=23499359 dur_us=3699
UKL-MQTT-BENCH: BUFFULL run_id=try5-c1-cpu start_us=23502274 end_us=23504337 dur_us=2063
UKL-MQTT-BENCH: BUFFULL run_id=try5-c1-cpu start_us=23506625 end_us=23510371 dur_us=3745
UKL-MQTT-BENCH: BUFFULL run_id=try5-c1-cpu start_us=23513285 end_us=23515362 dur_us=2077
UKL-MQTT-BENCH: BUFFULL run_id=try5-c1-cpu start_us=23518315 end_us=23521351 dur_us=3036
UKL-MQTT-BENCH: BUFFULL run_id=try5-c1-cpu start_us=23523654 end_us=23528377 dur_us=4723
UKL-MQTT-BENCH: BUFFULL run_id=try5-c1-cpu start_us=23531849 end_us=23533373 dur_us=1524
UKL-MQTT-BENCH: BUFFULL run_id=try5-c1-cpu start_us=23536278 end_us=23539331 dur_us=3052
UKL-MQTT-BENCH: BUFFULL run_id=try5-c1-cpu start_us=23541614 end_us=23545356 dur_us=3742
UKL-MQTT-BENCH: BUFFULL run_id=try5-c1-cpu start_us=23548268 end_us=23550342 dur_us=2073
UKL-MQTT-BENCH: BUFFULL run_id=try5-c1-cpu start_us=23552634 end_us=23556344 dur_us=3709
UKL-MQTT-BENCH: BUFFULL run_id=try5-c1-cpu start_us=23559251 end_us=23562357 dur_us=3105
UKL-MQTT-BENCH: BUFFULL run_id=try5-c1-cpu start_us=23565249 end_us=23568348 dur_us=3098
UKL-MQTT-BENCH: BUFFULL run_id=try5-c1-cpu start_us=23571242 end_us=23574356 dur_us=3113
UKL-MQTT-BENCH: BUFFULL run_id=try5-c1-cpu start_us=23577254 end_us=23579307 dur_us=2053
UKL-MQTT-BENCH: BUFFULL run_id=try5-c1-cpu start_us=23581589 end_us=23585345 dur_us=3755
UKL-MQTT-BENCH: BUFFULL run_id=try5-c1-cpu start_us=23588256 end_us=23590364 dur_us=2108
UKL-MQTT-BENCH: BUFFULL run_id=try5-c1-cpu start_us=23593267 end_us=23597357 dur_us=4089
UKL-MQTT-BENCH: BUFFULL run_id=try5-c1-cpu start_us=23600313 end_us=23603348 dur_us=3035
UKL-MQTT-BENCH: BUFFULL run_id=try5-c1-cpu start_us=23606264 end_us=23608328 dur_us=2063
UKL-MQTT-BENCH: BUFFULL run_id=try5-c1-cpu start_us=23610628 end_us=23614359 dur_us=3731
UKL-MQTT-BENCH: BUFFULL run_id=try5-c1-cpu start_us=23617323 end_us=23619379 dur_us=2055
UKL-MQTT-BENCH: BUFFULL run_id=try5-c1-cpu start_us=23622291 end_us=23626342 dur_us=4050
UKL-MQTT-BENCH: BUFFULL run_id=try5-c1-cpu start_us=23629244 end_us=23632400 dur_us=3155
UKL-MQTT-BENCH: BUFFULL run_id=try5-c1-cpu start_us=23635494 end_us=23639391 dur_us=3897
UKL-MQTT-BENCH: BUFFULL run_id=try5-c1-cpu start_us=23642346 end_us=23645406 dur_us=3060
UKL-MQTT-BENCH: BUFFULL run_id=try5-c1-cpu start_us=23648941 end_us=23652364 dur_us=3422
UKL-MQTT-BENCH: BUFFULL run_id=try5-c1-cpu start_us=23655288 end_us=23657358 dur_us=2070
UKL-MQTT-BENCH: BUFFULL run_id=try5-c1-cpu start_us=23660250 end_us=23663355 dur_us=3104
UKL-MQTT-BENCH: BUFFULL run_id=try5-c1-cpu start_us=23665658 end_us=23669343 dur_us=3685
UKL-MQTT-BENCH: BUFFULL run_id=try5-c1-cpu start_us=23672260 end_us=23674356 dur_us=2096
UKL-MQTT-BENCH: BUFFULL run_id=try5-c1-cpu start_us=23677263 end_us=23680353 dur_us=3090
UKL-MQTT-BENCH: BUFFULL run_id=try5-c1-cpu start_us=23683272 end_us=23687400 dur_us=4128
UKL-MQTT-BENCH: BUFFULL run_id=try5-c1-cpu start_us=23690877 end_us=23693387 dur_us=2510
UKL-MQTT-BENCH: BUFFULL run_id=try5-c1-cpu start_us=23696278 end_us=23698345 dur_us=2066
UKL-MQTT-BENCH: BUFFULL run_id=try5-c1-cpu start_us=23700707 end_us=23704488 dur_us=3781
UKL-MQTT-BENCH: BUFFULL run_id=try5-c1-cpu start_us=23707406 end_us=23710318 dur_us=2912
UKL-MQTT-BENCH: BUFFULL run_id=try5-c1-cpu start_us=23712632 end_us=23715351 dur_us=2719
UKL-MQTT-BENCH: BUFFULL run_id=try5-c1-cpu start_us=23718269 end_us=23721366 dur_us=3096
UKL-MQTT-BENCH: BUFFULL run_id=try5-c1-cpu start_us=23724276 end_us=23728414 dur_us=4137
UKL-MQTT-BENCH: BUFFULL run_id=try5-c1-cpu start_us=23731878 end_us=23733327 dur_us=1448
UKL-MQTT-BENCH: BUFFULL run_id=try5-c1-cpu start_us=23735601 end_us=23739361 dur_us=3760
UKL-MQTT-BENCH: BUFFULL run_id=try5-c1-cpu start_us=23742257 end_us=23743308 dur_us=1050
UKL-MQTT-BENCH: BUFFULL run_id=try5-c1-cpu start_us=23745002 end_us=23750392 dur_us=5390
UKL-MQTT-BENCH: BUFFULL run_id=try5-c1-cpu start_us=23753892 end_us=23756377 dur_us=2484
UKL-MQTT-BENCH: BUFFULL run_id=try5-c1-cpu start_us=23759248 end_us=23762356 dur_us=3107
UKL-MQTT-BENCH: BUFFULL run_id=try5-c1-cpu start_us=23765246 end_us=23768350 dur_us=3104
UKL-MQTT-BENCH: BUFFULL run_id=try5-c1-cpu start_us=23771223 end_us=23775364 dur_us=4141
UKL-MQTT-BENCH: BUFFULL run_id=try5-c1-cpu start_us=23778867 end_us=23781347 dur_us=2480
UKL-MQTT-BENCH: BUFFULL run_id=try5-c1-cpu start_us=23784229 end_us=23787347 dur_us=3118
UKL-MQTT-BENCH: BUFFULL run_id=try5-c1-cpu start_us=23790278 end_us=23794359 dur_us=4081
UKL-MQTT-BENCH: BUFFULL run_id=try5-c1-cpu start_us=23797257 end_us=23799363 dur_us=2106
UKL-MQTT-BENCH: BUFFULL run_id=try5-c1-cpu start_us=23802293 end_us=23805365 dur_us=3072
UKL-MQTT-BENCH: BUFFULL run_id=try5-c1-cpu start_us=23808326 end_us=23811357 dur_us=3031
UKL-MQTT-BENCH: BUFFULL run_id=try5-c1-cpu start_us=23813646 end_us=23817366 dur_us=3719
UKL-MQTT-BENCH: BUFFULL run_id=try5-c1-cpu start_us=23820280 end_us=23822363 dur_us=2082
UKL-MQTT-BENCH: BUFFULL run_id=try5-c1-cpu start_us=23825281 end_us=23828383 dur_us=3102
UKL-MQTT-BENCH: BUFFULL run_id=try5-c1-cpu start_us=23831281 end_us=23833338 dur_us=2057
UKL-MQTT-BENCH: BUFFULL run_id=try5-c1-cpu start_us=23835615 end_us=23838322 dur_us=2706
UKL-MQTT-BENCH: BUFFULL run_id=try5-c1-cpu start_us=23840616 end_us=23845520 dur_us=4903
UKL-MQTT-BENCH: BUFFULL run_id=try5-c1-cpu start_us=23848475 end_us=23851364 dur_us=2889
UKL-MQTT-BENCH: BUFFULL run_id=try5-c1-cpu start_us=23854275 end_us=23857358 dur_us=3083
UKL-MQTT-BENCH: BUFFULL run_id=try5-c1-cpu start_us=23860392 end_us=23862378 dur_us=1986
UKL-MQTT-BENCH: BUFFULL run_id=try5-c1-cpu start_us=23864670 end_us=23866331 dur_us=1661
UKL-MQTT-BENCH: BUFFULL run_id=try5-c1-cpu start_us=23868633 end_us=23873435 dur_us=4802
UKL-MQTT-BENCH: BUFFULL run_id=try5-c1-cpu start_us=23876970 end_us=23878294 dur_us=1323
UKL-MQTT-BENCH: BUFFULL run_id=try5-c1-cpu start_us=23879997 end_us=23883328 dur_us=3331
UKL-MQTT-BENCH: BUFFULL run_id=try5-c1-cpu start_us=23886228 end_us=23887292 dur_us=1063
UKL-MQTT-BENCH: BUFFULL run_id=try5-c1-cpu start_us=23888990 end_us=23895429 dur_us=6439
UKL-MQTT-BENCH: BUFFULL run_id=try5-c1-cpu start_us=23898911 end_us=23900327 dur_us=1415
UKL-MQTT-BENCH: BUFFULL run_id=try5-c1-cpu start_us=23903268 end_us=23907428 dur_us=4159
UKL-MQTT-BENCH: BUFFULL run_id=try5-c1-cpu start_us=23910918 end_us=23912347 dur_us=1429
UKL-MQTT-BENCH: BUFFULL run_id=try5-c1-cpu start_us=23914636 end_us=23918361 dur_us=3724
UKL-MQTT-BENCH: BUFFULL run_id=try5-c1-cpu start_us=23921370 end_us=23923323 dur_us=1953
UKL-MQTT-BENCH: BUFFULL run_id=try5-c1-cpu start_us=23925614 end_us=23927289 dur_us=1675
UKL-MQTT-BENCH: BUFFULL run_id=try5-c1-cpu start_us=23928986 end_us=23932340 dur_us=3354
UKL-MQTT-BENCH: BUFFULL run_id=try5-c1-cpu start_us=23934627 end_us=23938346 dur_us=3719
UKL-MQTT-BENCH: BUFFULL run_id=try5-c1-cpu start_us=23941251 end_us=23943351 dur_us=2100
UKL-MQTT-BENCH: BUFFULL run_id=try5-c1-cpu start_us=23946255 end_us=23949354 dur_us=3098
UKL-MQTT-BENCH: BUFFULL run_id=try5-c1-cpu start_us=23951640 end_us=23956406 dur_us=4765
UKL-MQTT-BENCH: BUFFULL run_id=try5-c1-cpu start_us=23959911 end_us=23961375 dur_us=1464
UKL-MQTT-BENCH: BUFFULL run_id=try5-c1-cpu start_us=23964282 end_us=23967317 dur_us=3034
UKL-MQTT-BENCH: BUFFULL run_id=try5-c1-cpu start_us=23969595 end_us=23973350 dur_us=3755
UKL-MQTT-BENCH: BUFFULL run_id=try5-c1-cpu start_us=23976250 end_us=23979363 dur_us=3113
UKL-MQTT-BENCH: BUFFULL run_id=try5-c1-cpu start_us=23982265 end_us=23984320 dur_us=2055
UKL-MQTT-BENCH: BUFFULL run_id=try5-c1-cpu start_us=23986599 end_us=23989350 dur_us=2750
UKL-MQTT-BENCH: BUFFULL run_id=try5-c1-cpu start_us=23992250 end_us=23995366 dur_us=3116
UKL-MQTT-BENCH: BUFFULL run_id=try5-c1-cpu start_us=23998263 end_us=24001333 dur_us=3070
UKL-MQTT-BENCH: BUFFULL run_id=try5-c1-cpu start_us=24003619 end_us=24007388 dur_us=3769
UKL-MQTT-BENCH: BUFFULL run_id=try5-c1-cpu start_us=24010302 end_us=24012346 dur_us=2044
UKL-MQTT-BENCH: BUFFULL run_id=try5-c1-cpu start_us=24015913 end_us=24019357 dur_us=3444
UKL-MQTT-BENCH: BUFFULL run_id=try5-c1-cpu start_us=24022261 end_us=24026382 dur_us=4121
UKL-MQTT-BENCH: BUFFULL run_id=try5-c1-cpu start_us=24029291 end_us=24032326 dur_us=3035
UKL-MQTT-BENCH: BUFFULL run_id=try5-c1-cpu start_us=24035225 end_us=24038405 dur_us=3179
UKL-MQTT-BENCH: BUFFULL run_id=try5-c1-cpu start_us=24041909 end_us=24044370 dur_us=2461
UKL-MQTT-BENCH: BUFFULL run_id=try5-c1-cpu start_us=24047263 end_us=24051344 dur_us=4080
UKL-MQTT-BENCH: BUFFULL run_id=try5-c1-cpu start_us=24054245 end_us=24057352 dur_us=3106
UKL-MQTT-BENCH: BUFFULL run_id=try5-c1-cpu start_us=24060243 end_us=24064394 dur_us=4151
UKL-MQTT-BENCH: BUFFULL run_id=try5-c1-cpu start_us=24067876 end_us=24069337 dur_us=1460
UKL-MQTT-BENCH: BUFFULL run_id=try5-c1-cpu start_us=24072255 end_us=24076212 dur_us=3957
UKL-MQTT-BENCH: BUFFULL run_id=try5-c1-cpu start_us=24079115 end_us=24082324 dur_us=3208
UKL-MQTT-BENCH: BUFFULL run_id=try5-c1-cpu start_us=24085210 end_us=24088366 dur_us=3155
UKL-MQTT-BENCH: BUFFULL run_id=try5-c1-cpu start_us=24093218 end_us=24097352 dur_us=4133
UKL-MQTT-BENCH: BUFFULL run_id=try5-c1-cpu start_us=24100276 end_us=24102334 dur_us=2058
UKL-MQTT-BENCH: BUFFULL run_id=try5-c1-cpu start_us=24104634 end_us=24108365 dur_us=3731
UKL-MQTT-BENCH: BUFFULL run_id=try5-c1-cpu start_us=24111288 end_us=24114348 dur_us=3060
UKL-MQTT-BENCH: BUFFULL run_id=try5-c1-cpu start_us=24117268 end_us=24119341 dur_us=2072
UKL-MQTT-BENCH: BUFFULL run_id=try5-c1-cpu start_us=24121648 end_us=24125362 dur_us=3714
UKL-MQTT-BENCH: BUFFULL run_id=try5-c1-cpu start_us=24128285 end_us=24131342 dur_us=3056
UKL-MQTT-BENCH: BUFFULL run_id=try5-c1-cpu start_us=24134253 end_us=24136390 dur_us=2136
UKL-MQTT-BENCH: BUFFULL run_id=try5-c1-cpu start_us=24138693 end_us=24142318 dur_us=3625
UKL-MQTT-BENCH: BUFFULL run_id=try5-c1-cpu start_us=24145217 end_us=24148353 dur_us=3136
UKL-MQTT-BENCH: BUFFULL run_id=try5-c1-cpu start_us=24151276 end_us=24154343 dur_us=3066
UKL-MQTT-BENCH: BUFFULL run_id=try5-c1-cpu start_us=24157236 end_us=24160339 dur_us=3102
UKL-MQTT-BENCH: BUFFULL run_id=try5-c1-cpu start_us=24163236 end_us=24166350 dur_us=3113
UKL-MQTT-BENCH: BUFFULL run_id=try5-c1-cpu start_us=24169235 end_us=24171309 dur_us=2073
UKL-MQTT-BENCH: BUFFULL run_id=try5-c1-cpu start_us=24173591 end_us=24177399 dur_us=3807
UKL-MQTT-BENCH: BUFFULL run_id=try5-c1-cpu start_us=24180282 end_us=24183336 dur_us=3053
UKL-MQTT-BENCH: BUFFULL run_id=try5-c1-cpu start_us=24186222 end_us=24189363 dur_us=3141
UKL-MQTT-BENCH: BUFFULL run_id=try5-c1-cpu start_us=24192265 end_us=24193307 dur_us=1042
UKL-MQTT-BENCH: BUFFULL run_id=try5-c1-cpu start_us=24195580 end_us=24198320 dur_us=2739
UKL-MQTT-BENCH: BUFFULL run_id=try5-c1-cpu start_us=24200618 end_us=24203320 dur_us=2702
UKL-MQTT-BENCH: BUFFULL run_id=try5-c1-cpu start_us=24205601 end_us=24210392 dur_us=4790
UKL-MQTT-BENCH: BUFFULL run_id=try5-c1-cpu start_us=24213912 end_us=24215352 dur_us=1439
UKL-MQTT-BENCH: BUFFULL run_id=try5-c1-cpu start_us=24217677 end_us=24221345 dur_us=3667
UKL-MQTT-BENCH: BUFFULL run_id=try5-c1-cpu start_us=24224269 end_us=24226370 dur_us=2101
UKL-MQTT-BENCH: BUFFULL run_id=try5-c1-cpu start_us=24228665 end_us=24232327 dur_us=3661
UKL-MQTT-BENCH: BUFFULL run_id=try5-c1-cpu start_us=24235240 end_us=24238338 dur_us=3097
UKL-MQTT-BENCH: BUFFULL run_id=try5-c1-cpu start_us=24241310 end_us=24242320 dur_us=1009
UKL-MQTT-BENCH: BUFFULL run_id=try5-c1-cpu start_us=24244026 end_us=24248365 dur_us=4338
UKL-MQTT-BENCH: BUFFULL run_id=try5-c1-cpu start_us=24251269 end_us=24253345 dur_us=2075
UKL-MQTT-BENCH: BUFFULL run_id=try5-c1-cpu start_us=24256247 end_us=24259333 dur_us=3086
UKL-MQTT-BENCH: BUFFULL run_id=try5-c1-cpu start_us=24261617 end_us=24265359 dur_us=3741
UKL-MQTT-BENCH: BUFFULL run_id=try5-c1-cpu start_us=24268248 end_us=24270358 dur_us=2110
UKL-MQTT-BENCH: BUFFULL run_id=try5-c1-cpu start_us=24273267 end_us=24276343 dur_us=3076
UKL-MQTT-BENCH: BUFFULL run_id=try5-c1-cpu start_us=24279350 end_us=24281368 dur_us=2017
UKL-MQTT-BENCH: BUFFULL run_id=try5-c1-cpu start_us=24283752 end_us=24288378 dur_us=4625
UKL-MQTT-BENCH: BUFFULL run_id=try5-c1-cpu start_us=24291502 end_us=24294376 dur_us=2873
UKL-MQTT-BENCH: BUFFULL run_id=try5-c1-cpu start_us=24297302 end_us=24300348 dur_us=3046
UKL-MQTT-BENCH: BUFFULL run_id=try5-c1-cpu start_us=24303276 end_us=24306369 dur_us=3092
UKL-MQTT-BENCH: BUFFULL run_id=try5-c1-cpu start_us=24309269 end_us=24312354 dur_us=3085
UKL-MQTT-BENCH: BUFFULL run_id=try5-c1-cpu start_us=24315317 end_us=24319428 dur_us=4110
UKL-MQTT-BENCH: BUFFULL run_id=try5-c1-cpu start_us=24323020 end_us=24325389 dur_us=2369
UKL-MQTT-BENCH: BUFFULL run_id=try5-c1-cpu start_us=24328325 end_us=24331356 dur_us=3031
UKL-MQTT-BENCH: BUFFULL run_id=try5-c1-cpu start_us=24334281 end_us=24337360 dur_us=3078
UKL-MQTT-BENCH: BUFFULL run_id=try5-c1-cpu start_us=24340297 end_us=24344405 dur_us=4108
UKL-MQTT-BENCH: BUFFULL run_id=try5-c1-cpu start_us=24347897 end_us=24350373 dur_us=2475
UKL-MQTT-BENCH: BUFFULL run_id=try5-c1-cpu start_us=24353301 end_us=24356360 dur_us=3058
UKL-MQTT-BENCH: BUFFULL run_id=try5-c1-cpu start_us=24359269 end_us=24361328 dur_us=2058
UKL-MQTT-BENCH: BUFFULL run_id=try5-c1-cpu start_us=24363629 end_us=24368362 dur_us=4733
UKL-MQTT-BENCH: BUFFULL run_id=try5-c1-cpu start_us=24371259 end_us=24373343 dur_us=2083
UKL-MQTT-BENCH: DRAIN run_id=try5-c1-cpu syncs=200 drain_us=57 errors=0 unsent_after_drain=0
UKL-MQTT-BENCH: RECORDS run_id=try5-c1-cpu buffull_long_logged=4096 buffull_long_dropped=953 sync_errors=0 sync_errors_dropped=0
UKL-MQTT-BENCH: RESULT run_id=try5-c1-cpu messages=21923841 elapsed_sec=30.000 throughput_msgs_per_sec=730794.7
UKL-MQTT-BENCH: CLIENT run_id=try5-c1-cpu client_error_at_end=1 queue_len_at_end=261
UKL-MQTT-BENCH: done, idling
LAUNCHER_STATUS=done run_id=try5-c1-cpu mode=user loop=recover
