c[?7l[2J[0mSeaBIOS (version 1.16.3-debian-1.16.3-2)


iPXE (https://ipxe.org) 00:02.0 C000 PCI2.10 PnP PMM+BEFCAD50+BEF0AD50 C000
Press Ctrl-B to configure iPXE (PCI 00:02.0)...                                                                               


Booting from ROM..c[?7l[2J[    0.000000] Linux version 6.3.0+ (@e9cd480db408) (gcc (Ubuntu 11.4.0-1ubuntu1~22.04.3) 11.4.0, GNU ld (GNU Binutils for Ubuntu) 2.38) #4 SMP PREEMPT_DYNAMIC Wed Sep 30 21:27:47 UTC 2026
[    0.000000] Command line: console=ttyS0 panic=1 net.ifnames=0 biosdevname=0 clearcpuid=smap,smep mitigations=off mds=off -- 192.168.150.128 52:54:00:12:34:56 user try5-c3-cpu recover
[    0.000000] Clearing CPUID bits: smap smep
[    0.000000] x86/fpu: Supporting XSAVE feature 0x001: 'x87 floating point registers'
[    0.000000] x86/fpu: Supporting XSAVE feature 0x002: 'SSE registers'
[    0.000000] x86/fpu: Supporting XSAVE feature 0x004: 'AVX registers'
[    0.000000] x86/fpu: Supporting XSAVE feature 0x200: 'Protection Keys User registers'
[    0.000000] x86/fpu: xstate_offset[2]:  576, xstate_sizes[2]:  256
[    0.000000] x86/fpu: xstate_offset[9]:  832, xstate_sizes[9]:    8
[    0.000000] x86/fpu: Enabled xstate features 0x207, context size is 840 bytes, using 'compacted' format.
[    0.000000] signal: max sigframe size: 3632
[    0.000000] BIOS-provided physical RAM map:
[    0.000000] BIOS-e820: [mem 0x0000000000000000-0x000000000009fbff] usable
[    0.000000] BIOS-e820: [mem 0x000000000009fc00-0x000000000009ffff] reserved
[    0.000000] BIOS-e820: [mem 0x00000000000f0000-0x00000000000fffff] reserved
[    0.000000] BIOS-e820: [mem 0x0000000000100000-0x00000000bffdffff] usable
[    0.000000] BIOS-e820: [mem 0x00000000bffe0000-0x00000000bfffffff] reserved
[    0.000000] BIOS-e820: [mem 0x00000000feffc000-0x00000000feffffff] reserved
[    0.000000] BIOS-e820: [mem 0x00000000fffc0000-0x00000000ffffffff] reserved
[    0.000000] BIOS-e820: [mem 0x0000000100000000-0x000000013fffffff] usable
[    0.000000] NX (Execute Disable) protection: active
[    0.000000] SMBIOS 3.0.0 present.
[    0.000000] DMI: QEMU Ubuntu 24.04 PC v2 (i440FX + PIIX, arch_caps fix, 1996), BIOS 1.16.3-debian-1.16.3-2 04/01/2014
[    0.000000] tsc: Fast TSC calibration using PIT
[    0.000000] tsc: Detected 2495.908 MHz processor
[    0.000119] last_pfn = 0x140000 max_arch_pfn = 0x400000000
[    0.000148] x86/PAT: Configuration [0-7]: WB  WC  UC- UC  WB  WP  UC- WT  
[    0.000180] last_pfn = 0xbffe0 max_arch_pfn = 0x400000000
[    0.001000] found SMP MP-table at [mem 0x000f5480-0x000f548f]
[    0.001000] Using GB pages for direct mapping
[    0.001000] RAMDISK: [mem 0xbf75a000-0xbffdffff]
[    0.001000] ACPI: Early table checksum verification disabled
[    0.001000] ACPI: RSDP 0x00000000000F5270 000014 (v00 BOCHS )
[    0.001000] ACPI: RSDT 0x00000000BFFE1C29 000034 (v01 BOCHS  BXPC     00000001 BXPC 00000001)
[    0.001000] ACPI: FACP 0x00000000BFFE1ADD 000074 (v01 BOCHS  BXPC     00000001 BXPC 00000001)
[    0.001000] ACPI: DSDT 0x00000000BFFE0040 001A9D (v01 BOCHS  BXPC     00000001 BXPC 00000001)
[    0.001000] ACPI: FACS 0x00000000BFFE0000 000040
[    0.001000] ACPI: APIC 0x00000000BFFE1B51 000078 (v03 BOCHS  BXPC     00000001 BXPC 00000001)
[    0.001000] ACPI: HPET 0x00000000BFFE1BC9 000038 (v01 BOCHS  BXPC     00000001 BXPC 00000001)
[    0.001000] ACPI: WAET 0x00000000BFFE1C01 000028 (v01 BOCHS  BXPC     00000001 BXPC 00000001)
[    0.001000] ACPI: Reserving FACP table memory at [mem 0xbffe1add-0xbffe1b50]
[    0.001000] ACPI: Reserving DSDT table memory at [mem 0xbffe0040-0xbffe1adc]
[    0.001000] ACPI: Reserving FACS table memory at [mem 0xbffe0000-0xbffe003f]
[    0.001000] ACPI: Reserving APIC table memory at [mem 0xbffe1b51-0xbffe1bc8]
[    0.001000] ACPI: Reserving HPET table memory at [mem 0xbffe1bc9-0xbffe1c00]
[    0.001000] ACPI: Reserving WAET table memory at [mem 0xbffe1c01-0xbffe1c28]
[    0.001000] No NUMA configuration found
[    0.001000] Faking a node at [mem 0x0000000000000000-0x000000013fffffff]
[    0.001000] NODE_DATA(0) allocated [mem 0x13fffa000-0x13fffdfff]
[    0.001000] Zone ranges:
[    0.001000]   DMA      [mem 0x0000000000001000-0x0000000000ffffff]
[    0.001000]   DMA32    [mem 0x0000000001000000-0x00000000ffffffff]
[    0.001000]   Normal   [mem 0x0000000100000000-0x000000013fffffff]
[    0.001000] Movable zone start for each node
[    0.001000] Early memory node ranges
[    0.001000]   node   0: [mem 0x0000000000001000-0x000000000009efff]
[    0.001000]   node   0: [mem 0x0000000000100000-0x00000000bffdffff]
[    0.001000]   node   0: [mem 0x0000000100000000-0x000000013fffffff]
[    0.001000] Initmem setup node 0 [mem 0x0000000000001000-0x000000013fffffff]
[    0.001000] On node 0, zone DMA: 1 pages in unavailable ranges
[    0.001000] On node 0, zone DMA: 97 pages in unavailable ranges
[    0.001000] On node 0, zone Normal: 32 pages in unavailable ranges
[    0.001000] ACPI: PM-Timer IO Port: 0x608
[    0.001000] ACPI: LAPIC_NMI (acpi_id[0xff] dfl dfl lint[0x1])
[    0.001000] IOAPIC[0]: apic_id 0, version 17, address 0xfec00000, GSI 0-23
[    0.001000] ACPI: INT_SRC_OVR (bus 0 bus_irq 0 global_irq 2 dfl dfl)
[    0.001000] ACPI: INT_SRC_OVR (bus 0 bus_irq 5 global_irq 5 high level)
[    0.001000] ACPI: INT_SRC_OVR (bus 0 bus_irq 9 global_irq 9 high level)
[    0.001000] ACPI: INT_SRC_OVR (bus 0 bus_irq 10 global_irq 10 high level)
[    0.001000] ACPI: INT_SRC_OVR (bus 0 bus_irq 11 global_irq 11 high level)
[    0.001000] ACPI: Using ACPI (MADT) for SMP configuration information
[    0.001000] ACPI: HPET id: 0x8086a201 base: 0xfed00000
[    0.001000] TSC deadline timer available
[    0.001000] smpboot: Allowing 1 CPUs, 0 hotplug CPUs
[    0.001000] PM: hibernation: Registered nosave memory: [mem 0x00000000-0x00000fff]
[    0.001000] PM: hibernation: Registered nosave memory: [mem 0x0009f000-0x0009ffff]
[    0.001000] PM: hibernation: Registered nosave memory: [mem 0x000a0000-0x000effff]
[    0.001000] PM: hibernation: Registered nosave memory: [mem 0x000f0000-0x000fffff]
[    0.001000] PM: hibernation: Registered nosave memory: [mem 0xbffe0000-0xbfffffff]
[    0.001000] PM: hibernation: Registered nosave memory: [mem 0xc0000000-0xfeffbfff]
[    0.001000] PM: hibernation: Registered nosave memory: [mem 0xfeffc000-0xfeffffff]
[    0.001000] PM: hibernation: Registered nosave memory: [mem 0xff000000-0xfffbffff]
[    0.001000] PM: hibernation: Registered nosave memory: [mem 0xfffc0000-0xffffffff]
[    0.001000] [mem 0xc0000000-0xfeffbfff] available for PCI devices
[    0.001000] clocksource: refined-jiffies: mask: 0xffffffff max_cycles: 0xffffffff, max_idle_ns: 1910969940391419 ns
[    0.001000] setup_percpu: NR_CPUS:64 nr_cpumask_bits:1 nr_cpu_ids:1 nr_node_ids:1
[    0.001000] percpu: Embedded 53 pages/cpu s185512 r0 d31576 u2097152
[    0.001000] Fallback order for Node 0: 0 
[    0.001000] Built 1 zonelists, mobility grouping on.  Total pages: 1031904
[    0.001000] Policy zone: Normal
[    0.001000] Kernel command line: console=ttyS0 panic=1 net.ifnames=0 biosdevname=0 clearcpuid=smap,smep mitigations=off mds=off -- 192.168.150.128 52:54:00:12:34:56 user try5-c3-cpu recover
[    0.001000] Unknown kernel command line parameters "biosdevname=0", will be passed to user space.
[    0.001000] random: crng init done
[    0.001000] Dentry cache hash table entries: 524288 (order: 10, 4194304 bytes, linear)
[    0.001000] Inode-cache hash table entries: 262144 (order: 9, 2097152 bytes, linear)
[    0.001000] mem auto-init: stack:off, heap alloc:off, heap free:off
[    0.001000] software IO TLB: area num 1.
[    0.001000] Memory: 4000808K/4193784K available (22728K kernel code, 2861K rwdata, 5956K rodata, 1324K init, 2712K bss, 192720K reserved, 0K cma-reserved)
[    0.001000] SLUB: HWalign=64, Order=0-3, MinObjects=0, CPUs=1, Nodes=1
[    0.001000] Dynamic Preempt: none
[    0.001000] rcu: Preemptible hierarchical RCU implementation.
[    0.001000] rcu: 	RCU event tracing is enabled.
[    0.001000] rcu: 	RCU restricting CPUs from NR_CPUS=64 to nr_cpu_ids=1.
[    0.001000] 	Trampoline variant of Tasks RCU enabled.
[    0.001000] 	Tracing variant of Tasks RCU enabled.
[    0.001000] rcu: RCU calculated value of scheduler-enlistment delay is 100 jiffies.
[    0.001000] rcu: Adjusting geometry for rcu_fanout_leaf=16, nr_cpu_ids=1
[    0.001000] NR_IRQS: 4352, nr_irqs: 256, preallocated irqs: 16
[    0.001000] rcu: srcu_init: Setting srcu_struct sizes based on contention.
[    0.001000] Console: colour *CGA 80x25
[    0.001000] printk: console [ttyS0] enabled
[    0.001000] ACPI: Core revision 20221020
[    0.001000] clocksource: hpet: mask: 0xffffffff max_cycles: 0xffffffff, max_idle_ns: 19112604467 ns
[    0.001000] APIC: Switch to symmetric I/O mode setup
[    0.001000] ..TIMER: vector=0x30 apic1=0 pin1=2 apic2=-1 pin2=-1
[    0.001000] clocksource: tsc-early: mask: 0xffffffffffffffff max_cycles: 0x23fa2045832, max_idle_ns: 440795307005 ns
[    0.098754] Calibrating delay loop (skipped), value calculated using timer frequency.. 4991.81 BogoMIPS (lpj=2495908)
[    0.099484] pid_max: default: 32768 minimum: 301
[    0.099765] LSM: initializing lsm=capability,integrity,selinux
[    0.100155] SELinux:  Initializing.
[    0.100432] Mount-cache hash table entries: 8192 (order: 4, 65536 bytes, linear)
[    0.100757] Mountpoint-cache hash table entries: 8192 (order: 4, 65536 bytes, linear)
[    0.101794] Clearing SMEP for 0
[    0.102016] Clearing SMAP for 0
[    0.102249] x86/cpu: User Mode Instruction Prevention (UMIP) activated
[    0.102798] Last level iTLB entries: 4KB 0, 2MB 0, 4MB 0
[    0.103156] Last level dTLB entries: 4KB 0, 2MB 0, 4MB 0, 1GB 0
[    0.103646] Spectre V2 : User space: Vulnerable
[    0.103754] Speculative Store Bypass: Vulnerable
[    0.107963] Freeing SMP alternatives memory: 52K
[    0.108440] smpboot: CPU0: 12th Gen Intel(R) Core(TM) i5-12450H (family: 0x6, model: 0x9a, stepping: 0x3)
[    0.108751] cblist_init_generic: Setting adjustable number of callback queues.
[    0.108754] cblist_init_generic: Setting shift to 0 and lim to 1.
[    0.109179] cblist_init_generic: Setting shift to 0 and lim to 1.
[    0.109716] Performance Events: unsupported p6 CPU model 154 no PMU driver, software events only.
[    0.109829] rcu: Hierarchical SRCU implementation.
[    0.110171] rcu: 	Max phase no-delay instances is 400.
[    0.110782] smp: Bringing up secondary CPUs ...
[    0.111114] smp: Brought up 1 node, 1 CPU
[    0.111400] smpboot: Max logical packages: 1
[    0.111716] smpboot: Total of 1 processors activated (4991.81 BogoMIPS)
[    0.111913] devtmpfs: initialized
[    0.112226] clocksource: jiffies: mask: 0xffffffff max_cycles: 0xffffffff, max_idle_ns: 1911260446275000 ns
[    0.112754] futex hash table entries: 256 (order: 2, 16384 bytes, linear)
[    0.113338] PM: RTC time: 18:11:23, date: 2026-10-04
[    0.113755] NET: Registered PF_NETLINK/PF_ROUTE protocol family
[    0.114239] audit: initializing netlink subsys (disabled)
[    0.114707] thermal_sys: Registered thermal governor 'step_wise'
[    0.114708] thermal_sys: Registered thermal governor 'user_space'
[    0.114774] audit: type=2000 audit(1791137483.022:1): state=initialized audit_enabled=0 res=1
[    0.115786] cpuidle: using governor menu
[    0.116184] PCI: Using configuration type 1 for base access
[    0.163469] HugeTLB: registered 2.00 MiB page size, pre-allocated 0 pages
[    0.163754] HugeTLB: 28 KiB vmemmap can be freed for a 2.00 MiB page
[    0.164248] ACPI: Added _OSI(Module Device)
[    0.164530] ACPI: Added _OSI(Processor Device)
[    0.164752] ACPI: Added _OSI(3.0 _SCP Extensions)
[    0.165082] ACPI: Added _OSI(Processor Aggregator Device)
[    0.165656] ACPI: 1 ACPI AML tables successfully acquired and loaded
[    0.166183] ACPI: Interpreter enabled
[    0.166440] ACPI: PM: (supports S0 S3 S4 S5)
[    0.166729] ACPI: Using IOAPIC for interrupt routing
[    0.166760] PCI: Using host bridge windows from ACPI; if necessary, use "pci=nocrs" and report a bug
[    0.167368] PCI: Using E820 reservations for host bridge windows
[    0.167791] ACPI: Enabled 2 GPEs in block 00 to 0F
[    0.169031] ACPI: PCI Root Bridge [PCI0] (domain 0000 [bus 00-ff])
[    0.169538] acpi PNP0A03:00: _OSC: OS supports [ASPM ClockPM Segments MSI HPX-Type3]
[    0.169756] acpi PNP0A03:00: _OSC: not requesting OS control; OS requires [ExtendedConfig ASPM ClockPM MSI]
[    0.170467] acpi PNP0A03:00: fail to add MMCONFIG information, can't access extended configuration space under this bridge
[    0.170804] PCI host bridge to bus 0000:00
[    0.171078] pci_bus 0000:00: root bus resource [io  0x0000-0x0cf7 window]
[    0.171532] pci_bus 0000:00: root bus resource [io  0x0d00-0xffff window]
[    0.171752] pci_bus 0000:00: root bus resource [mem 0x000a0000-0x000bffff window]
[    0.172253] pci_bus 0000:00: root bus resource [mem 0xc0000000-0xfebfffff window]
[    0.172752] pci_bus 0000:00: root bus resource [mem 0x7000000000-0x707fffffff window]
[    0.173282] pci_bus 0000:00: root bus resource [bus 00-ff]
[    0.173705] pci 0000:00:00.0: [8086:1237] type 00 class 0x060000
[    0.174042] pci 0000:00:01.0: [8086:7000] type 00 class 0x060100
[    0.174984] pci 0000:00:01.1: [8086:7010] type 00 class 0x010180
[    0.176444] pci 0000:00:01.1: reg 0x20: [io  0xc020-0xc02f]
[    0.177243] pci 0000:00:01.1: legacy IDE quirk: reg 0x10: [io  0x01f0-0x01f7]
[    0.177725] pci 0000:00:01.1: legacy IDE quirk: reg 0x14: [io  0x03f6]
[    0.177753] pci 0000:00:01.1: legacy IDE quirk: reg 0x18: [io  0x0170-0x0177]
[    0.178224] pci 0000:00:01.1: legacy IDE quirk: reg 0x1c: [io  0x0376]
[    0.178766] pci 0000:00:01.3: [8086:7113] type 00 class 0x068000
[    0.179442] pci 0000:00:01.3: quirk: [io  0x0600-0x063f] claimed by PIIX4 ACPI
[    0.179758] pci 0000:00:01.3: quirk: [io  0x0700-0x070f] claimed by PIIX4 SMB
[    0.180460] pci 0000:00:02.0: [1af4:1000] type 00 class 0x020000
[    0.181498] pci 0000:00:02.0: reg 0x10: [io  0xc000-0xc01f]
[    0.182335] pci 0000:00:02.0: reg 0x14: [mem 0xfeb80000-0xfeb80fff]
[    0.184316] pci 0000:00:02.0: reg 0x20: [mem 0x7000000000-0x7000003fff 64bit pref]
[    0.185151] pci 0000:00:02.0: reg 0x30: [mem 0xfeb00000-0xfeb7ffff pref]
[    0.186376] ACPI: PCI: Interrupt link LNKA configured for IRQ 10
[    0.186834] ACPI: PCI: Interrupt link LNKB configured for IRQ 10
[    0.187401] ACPI: PCI: Interrupt link LNKC configured for IRQ 11
[    0.187794] ACPI: PCI: Interrupt link LNKD configured for IRQ 11
[    0.188233] ACPI: PCI: Interrupt link LNKS configured for IRQ 9
[    0.188771] iommu: Default domain type: Translated 
[    0.189110] iommu: DMA domain TLB invalidation policy: lazy mode 
[    0.189562] SCSI subsystem initialized
[    0.189797] ACPI: bus type USB registered
[    0.190069] usbcore: registered new interface driver usbfs
[    0.190450] usbcore: registered new interface driver hub
[    0.190754] usbcore: registered new device driver usb
[    0.191094] pps_core: LinuxPPS API ver. 1 registered
[    0.191428] pps_core: Software ver. 5.3.6 - Copyright 2005-2007 Rodolfo Giometti <giometti@linux.it>
[    0.191753] PTP clock support registered
[    0.192078] EDAC MC: Ver: 3.0.0
[    0.192447] Advanced Linux Sound Architecture Driver Initialized.
[    0.193401] NetLabel: Initializing
[    0.193747] NetLabel:  domain hash size = 128
[    0.194154] NetLabel:  protocols = UNLABELED CIPSOv4 CALIPSO
[    0.194570] NetLabel:  unlabeled traffic allowed by default
[    0.194796] PCI: Using ACPI for IRQ routing
[    0.195181] vgaarb: loaded
[    0.195435] hpet0: at MMIO 0xfed00000, IRQs 2, 8, 0
[    0.195753] hpet0: 3 comparators, 64-bit 100.000000 MHz counter
[    0.198786] clocksource: Switched to clocksource tsc-early
[    0.199286] VFS: Disk quotas dquot_6.6.0
[    0.199655] VFS: Dquot-cache hash table entries: 512 (order 0, 4096 bytes)
[    0.200222] pnp: PnP ACPI init
[    0.200628] pnp: PnP ACPI: found 5 devices
[    0.205818] clocksource: acpi_pm: mask: 0xffffff max_cycles: 0xffffff, max_idle_ns: 2085701024 ns
[    0.206653] NET: Registered PF_INET protocol family
[    0.207419] IP idents hash table entries: 65536 (order: 7, 524288 bytes, linear)
[    0.208377] tcp_listen_portaddr_hash hash table entries: 2048 (order: 3, 32768 bytes, linear)
[    0.208983] Table-perturb hash table entries: 65536 (order: 6, 262144 bytes, linear)
[    0.209552] TCP established hash table entries: 32768 (order: 6, 262144 bytes, linear)
[    0.210103] TCP bind hash table entries: 32768 (order: 8, 1048576 bytes, linear)
[    0.210666] TCP: Hash tables configured (established 32768 bind 32768)
[    0.211161] UDP hash table entries: 2048 (order: 4, 65536 bytes, linear)
[    0.211614] UDP-Lite hash table entries: 2048 (order: 4, 65536 bytes, linear)
[    0.212210] NET: Registered PF_UNIX/PF_LOCAL protocol family
[    0.217480] RPC: Registered named UNIX socket transport module.
[    0.217921] RPC: Registered udp transport module.
[    0.218254] RPC: Registered tcp transport module.
[    0.218568] RPC: Registered tcp NFSv4.1 backchannel transport module.
[    0.219226] pci_bus 0000:00: resource 4 [io  0x0000-0x0cf7 window]
[    0.219644] pci_bus 0000:00: resource 5 [io  0x0d00-0xffff window]
[    0.220136] pci_bus 0000:00: resource 6 [mem 0x000a0000-0x000bffff window]
[    0.220748] pci_bus 0000:00: resource 7 [mem 0xc0000000-0xfebfffff window]
[    0.221275] pci_bus 0000:00: resource 8 [mem 0x7000000000-0x707fffffff window]
[    0.221797] pci 0000:00:01.0: PIIX3: Enabling Passive Release
[    0.222200] pci 0000:00:00.0: Limiting direct PCI/PCI transfers
[    0.222653] PCI: CLS 0 bytes, default 64
[    0.222950] PCI-DMA: Using software bounce buffering for IO (SWIOTLB)
[    0.223389] software IO TLB: mapped [mem 0x00000000bb75a000-0x00000000bf75a000] (64MB)
[    0.223974] Unpacking initramfs...
[    0.408362] RAPL PMU: API unit is 2^-32 Joules, 0 fixed counters, 10737418240 ms ovfl timer
[    0.409441] Initialise system trusted keyrings
[    0.409785] workingset: timestamp_bits=56 max_order=20 bucket_order=0
[    0.410485] NFS: Registering the id_resolver key type
[    0.410836] Key type id_resolver registered
[    0.411128] Key type id_legacy registered
[    0.415925] Key type asymmetric registered
[    0.416225] Asymmetric key parser 'x509' registered
[    0.416556] Block layer SCSI generic (bsg) driver version 0.4 loaded (major 251)
[    0.417047] io scheduler mq-deadline registered
[    0.417356] io scheduler kyber registered
[    0.417674] input: Power Button as /devices/LNXSYSTM:00/LNXPWRBN:00/input/input0
[    0.418179] ACPI: button: Power Button [PWRF]
[    0.423923] ACPI: \_SB_.LNKB: Enabled at IRQ 10
[    0.424842] Serial: 8250/16550 driver, 4 ports, IRQ sharing enabled
[    0.425345] 00:03: ttyS0 at I/O 0x3f8 (irq = 4, base_baud = 115200) is a 16550A
[    0.425954] Non-volatile memory driver v1.3
[    0.426235] Linux agpgart interface v0.103
[    0.426526] ACPI: bus type drm_connector registered
[    0.427171] loop: module loaded
[    0.427904] scsi host0: ata_piix
[    0.428153] scsi host1: ata_piix
[    0.428377] ata1: PATA max MWDMA2 cmd 0x1f0 ctl 0x3f6 bmdma 0xc020 irq 14
[    0.428825] ata2: PATA max MWDMA2 cmd 0x170 ctl 0x376 bmdma 0xc028 irq 15
[    0.430471] e100: Intel(R) PRO/100 Network Driver
[    0.430880] e100: Copyright(c) 1999-2006 Intel Corporation
[    0.431257] e1000: Intel(R) PRO/1000 Network Driver
[    0.431605] e1000: Copyright (c) 1999-2006 Intel Corporation.
[    0.432002] e1000e: Intel(R) PRO/1000 Network Driver
[    0.432345] e1000e: Copyright(c) 1999 - 2015 Intel Corporation.
[    0.432736] igb: Intel(R) Gigabit Ethernet Network Driver
[    0.433099] igb: Copyright (c) 2007-2014 Intel Corporation.
[    0.433469] ixgbe: Intel(R) 10 Gigabit PCI Express Network Driver
[    0.433872] ixgbe: Copyright (c) 1999-2016 Intel Corporation.
[    0.434282] ixgbevf: Intel(R) 10 Gigabit PCI Express Virtual Function Network Driver
[    0.434797] ixgbevf: Copyright (c) 2009 - 2018 Intel Corporation.
[    0.435209] i40e: Intel(R) Ethernet Connection XL710 Network Driver
[    0.435622] i40e: Copyright (c) 2013 - 2019 Intel Corporation.
[    0.436020] ixgb: Intel(R) PRO/10GbE Network Driver
[    0.436351] ixgb: Copyright (c) 1999-2008 Intel Corporation.
[    0.436728] sky2: driver version 1.30
[    0.436998] QLogic 1/10 GbE Converged/Intelligent Ethernet Driver v5.3.66
[    0.437448] QLogic/NetXen Network Driver v4.0.82
[    0.437758] QLogic FastLinQ 4xxxx Core Module qed
[    0.438075] qede init: QLogic FastLinQ 4xxxx Ethernet Driver qede
[    0.438489] Solarflare NET driver
[    0.438720] Solarflare Falcon driver v4.1
[    0.438994] Solarflare Siena driver
[    0.439271] usbcore: registered new interface driver usblp
[    0.439635] usbcore: registered new interface driver usb-storage
[    0.440049] i8042: PNP: PS/2 Controller [PNP0303:KBD,PNP0f13:MOU] at 0x60,0x64 irq 1,12
[    0.441017] serio: i8042 KBD port at 0x60,0x64 irq 1
[    0.441347] serio: i8042 AUX port at 0x60,0x64 irq 12
[    0.441721] rtc_cmos 00:04: RTC can wake from S4
[    0.442381] input: AT Translated Set 2 keyboard as /devices/platform/i8042/serio0/input/input1
[    0.443796] rtc_cmos 00:04: registered as rtc0
[    0.444123] rtc_cmos 00:04: alarms up to one day, y3k, 242 bytes nvram, hpet irqs
[    0.444636] device-mapper: ioctl: 4.47.0-ioctl (2022-07-28) initialised: dm-devel@redhat.com
[    0.445201] intel_pstate: CPU model not supported
[    0.445526] hid: raw HID events driver (C) Jiri Kosina
[    0.445901] usbcore: registered new interface driver usbhid
[    0.446270] usbhid: USB HID core driver
[    0.446867] Initializing XFRM netlink socket
[    0.447171] NET: Registered PF_INET6 protocol family
[    0.447585] Segment Routing with IPv6
[    0.447837] In-situ OAM (IOAM) with IPv6
[    0.448114] sit: IPv6, IPv4 and MPLS over IPv4 tunneling driver
[    0.448552] NET: Registered PF_PACKET protocol family
[    0.448897] Key type dns_resolver registered
[    0.449235] IPI shorthand broadcast: enabled
[    0.450531] sched_clock: Marking stable (359001086, 90751335)->(458069164, -8316743)
[    0.451087] registered taskstats version 1
[    0.451365] Loading compiled-in X.509 certificates
[    0.452049] PM:   Magic number: 14:849:189
[    0.452341] acpi device:1b: hash matches
[    0.452608] printk: console [netcon0] enabled
[    0.452903] netconsole: network logging started
[    0.453228] cfg80211: Loading compiled-in X.509 certificates for regulatory database
[    0.453774] cryptomgr_probe (55) used greatest stack depth: 15528 bytes left
[    0.454322] Loaded X.509 cert 'sforshee: 00b28ddf47aef9cea7'
[    0.454697] ALSA device list:
[    0.454909]   No soundcards found.
[    0.852215] Freeing initrd memory: 8728K
[    0.852558] platform regulatory.0: Direct firmware load for regulatory.db failed with error -2
[    0.853131] cfg80211: failed to load regulatory.db
[    0.853790] Freeing unused kernel image (initmem) memory: 1324K
[    0.854831] Write protecting the kernel read-only data: 30720k
[    0.855293] Freeing unused kernel image (text/rodata gap) memory: 1844K
[    0.855613] Freeing unused kernel image (rodata/data gap) memory: 192K
[    0.855907] Run /init as init process
[    0.857297] mount (57) used greatest stack depth: 13472 bytes left
[    0.861064] awk (65) used greatest stack depth: 13408 bytes left
[    0.864142] ip (68) used greatest stack depth: 12920 bytes left
[    1.224181] input: ImExPS/2 Generic Explorer Mouse as /devices/platform/i8042/serio1/input/input3
[    1.469288] IPv6: ADDRCONF(NETDEV_CHANGE): eth0: link becomes ready
[    1.472135] tsc: Refined TSC clocksource calibration: 2496.014 MHz
[    1.473523] clocksource: tsc: mask: 0xffffffffffffffff max_cycles: 0x23fa8472e19, max_idle_ns: 440795245938 ns
[    1.474019] clocksource: Switched to clocksource tsc
RUN_START mode=user loop=recover run_id=try5-c3-cpu kernel=6.3.0+ uptime=5.77
UKL-MQTT-BENCH: starting, run_id=try5-c3-cpu loop=recover duration=30 sec
UKL-MQTT-BENCH: broker connected, connect_us=578, running for 30 sec
UKL-MQTT-BENCH: WINDOW run_id=try5-c3-cpu loop=recover accepted=21755620 attempts=46563134 buffer_full_returns=24807514 window_ns=30000000138 payload_bytes=1294226090 payload_min=53 payload_max=60 stopped_on_error=0 stop_code=0
UKL-MQTT-BENCH: SECOND run_id=try5-c3-cpu s=0 accepted=758292
UKL-MQTT-BENCH: SECOND run_id=try5-c3-cpu s=1 accepted=733611
UKL-MQTT-BENCH: SECOND run_id=try5-c3-cpu s=2 accepted=725235
UKL-MQTT-BENCH: SECOND run_id=try5-c3-cpu s=3 accepted=727561
UKL-MQTT-BENCH: SECOND run_id=try5-c3-cpu s=4 accepted=733538
UKL-MQTT-BENCH: SECOND run_id=try5-c3-cpu s=5 accepted=729349
UKL-MQTT-BENCH: SECOND run_id=try5-c3-cpu s=6 accepted=714974
UKL-MQTT-BENCH: SECOND run_id=try5-c3-cpu s=7 accepted=705385
UKL-MQTT-BENCH: SECOND run_id=try5-c3-cpu s=8 accepted=728238
UKL-MQTT-BENCH: SECOND run_id=try5-c3-cpu s=9 accepted=723271
UKL-MQTT-BENCH: SECOND run_id=try5-c3-cpu s=10 accepted=721572
UKL-MQTT-BENCH: SECOND run_id=try5-c3-cpu s=11 accepted=728542
UKL-MQTT-BENCH: SECOND run_id=try5-c3-cpu s=12 accepted=722300
UKL-MQTT-BENCH: SECOND run_id=try5-c3-cpu s=13 accepted=725484
UKL-MQTT-BENCH: SECOND run_id=try5-c3-cpu s=14 accepted=713526
UKL-MQTT-BENCH: SECOND run_id=try5-c3-cpu s=15 accepted=726181
UKL-MQTT-BENCH: SECOND run_id=try5-c3-cpu s=16 accepted=726688
UKL-MQTT-BENCH: SECOND run_id=try5-c3-cpu s=17 accepted=725565
UKL-MQTT-BENCH: SECOND run_id=try5-c3-cpu s=18 accepted=721911
UKL-MQTT-BENCH: SECOND run_id=try5-c3-cpu s=19 accepted=729159
UKL-MQTT-BENCH: SECOND run_id=try5-c3-cpu s=20 accepted=720343
UKL-MQTT-BENCH: SECOND run_id=try5-c3-cpu s=21 accepted=728207
UKL-MQTT-BENCH: SECOND run_id=try5-c3-cpu s=22 accepted=710052
UKL-MQTT-BENCH: SECOND run_id=try5-c3-cpu s=23 accepted=721707
UKL-MQTT-BENCH: SECOND run_id=try5-c3-cpu s=24 accepted=725566
UKL-MQTT-BENCH: SECOND run_id=try5-c3-cpu s=25 accepted=723860
UKL-MQTT-BENCH: SECOND run_id=try5-c3-cpu s=26 accepted=724764
UKL-MQTT-BENCH: SECOND run_id=try5-c3-cpu s=27 accepted=727498
UKL-MQTT-BENCH: SECOND run_id=try5-c3-cpu s=28 accepted=728564
UKL-MQTT-BENCH: SECOND run_id=try5-c3-cpu s=29 accepted=724677
UKL-MQTT-BENCH: BUFFULL_SUMMARY run_id=try5-c3-cpu periods=5194 total_us=15079776 lt10us=0 lt100us=0 lt1ms=272 lt10ms=4922 lt100ms=0 ge100ms=0 open_at_window_end=0
UKL-MQTT-BENCH: BUFFULL run_id=try5-c3-cpu start_us=1917 end_us=3194 dur_us=1276
UKL-MQTT-BENCH: BUFFULL run_id=try5-c3-cpu start_us=257761 end_us=259100 dur_us=1339
UKL-MQTT-BENCH: BUFFULL run_id=try5-c3-cpu start_us=262820 end_us=265805 dur_us=2985
UKL-MQTT-BENCH: BUFFULL run_id=try5-c3-cpu start_us=268881 end_us=270800 dur_us=1919
UKL-MQTT-BENCH: BUFFULL run_id=try5-c3-cpu start_us=273237 end_us=277847 dur_us=4610
UKL-MQTT-BENCH: BUFFULL run_id=try5-c3-cpu start_us=281560 end_us=283818 dur_us=2257
UKL-MQTT-BENCH: BUFFULL run_id=try5-c3-cpu start_us=289561 end_us=292800 dur_us=3238
UKL-MQTT-BENCH: BUFFULL run_id=try5-c3-cpu start_us=295253 end_us=299814 dur_us=4560
UKL-MQTT-BENCH: BUFFULL run_id=try5-c3-cpu start_us=303509 end_us=305858 dur_us=2349
UKL-MQTT-BENCH: BUFFULL run_id=try5-c3-cpu start_us=308297 end_us=312859 dur_us=4561
UKL-MQTT-BENCH: BUFFULL run_id=try5-c3-cpu start_us=319512 end_us=322048 dur_us=2535
UKL-MQTT-BENCH: BUFFULL run_id=try5-c3-cpu start_us=324489 end_us=328140 dur_us=3650
UKL-MQTT-BENCH: BUFFULL run_id=try5-c3-cpu start_us=331222 end_us=334870 dur_us=3648
UKL-MQTT-BENCH: BUFFULL run_id=try5-c3-cpu start_us=337954 end_us=339861 dur_us=1907
UKL-MQTT-BENCH: BUFFULL run_id=try5-c3-cpu start_us=342301 end_us=346878 dur_us=4576
UKL-MQTT-BENCH: BUFFULL run_id=try5-c3-cpu start_us=352655 end_us=356859 dur_us=4203
UKL-MQTT-BENCH: BUFFULL run_id=try5-c3-cpu start_us=359302 end_us=361784 dur_us=2481
UKL-MQTT-BENCH: BUFFULL run_id=try5-c3-cpu start_us=364253 end_us=367082 dur_us=2829
UKL-MQTT-BENCH: BUFFULL run_id=try5-c3-cpu start_us=370153 end_us=371777 dur_us=1624
UKL-MQTT-BENCH: BUFFULL run_id=try5-c3-cpu start_us=374239 end_us=377107 dur_us=2867
UKL-MQTT-BENCH: BUFFULL run_id=try5-c3-cpu start_us=381837 end_us=386832 dur_us=4995
UKL-MQTT-BENCH: BUFFULL run_id=try5-c3-cpu start_us=389904 end_us=391793 dur_us=1889
UKL-MQTT-BENCH: BUFFULL run_id=try5-c3-cpu start_us=394234 end_us=397865 dur_us=3631
UKL-MQTT-BENCH: BUFFULL run_id=try5-c3-cpu start_us=403581 end_us=407047 dur_us=3465
UKL-MQTT-BENCH: BUFFULL run_id=try5-c3-cpu start_us=409525 end_us=412848 dur_us=3323
UKL-MQTT-BENCH: BUFFULL run_id=try5-c3-cpu start_us=416004 end_us=418801 dur_us=2796
UKL-MQTT-BENCH: BUFFULL run_id=try5-c3-cpu start_us=421882 end_us=423029 dur_us=1147
UKL-MQTT-BENCH: BUFFULL run_id=try5-c3-cpu start_us=424838 end_us=429788 dur_us=4949
UKL-MQTT-BENCH: BUFFULL run_id=try5-c3-cpu start_us=432849 end_us=435081 dur_us=2231
UKL-MQTT-BENCH: BUFFULL run_id=try5-c3-cpu start_us=438138 end_us=440844 dur_us=2706
UKL-MQTT-BENCH: BUFFULL run_id=try5-c3-cpu start_us=443902 end_us=448113 dur_us=4210
UKL-MQTT-BENCH: BUFFULL run_id=try5-c3-cpu start_us=451819 end_us=455833 dur_us=4014
UKL-MQTT-BENCH: BUFFULL run_id=try5-c3-cpu start_us=459519 end_us=460832 dur_us=1313
UKL-MQTT-BENCH: BUFFULL run_id=try5-c3-cpu start_us=463379 end_us=464759 dur_us=1379
UKL-MQTT-BENCH: BUFFULL run_id=try5-c3-cpu start_us=466547 end_us=470860 dur_us=4313
UKL-MQTT-BENCH: BUFFULL run_id=try5-c3-cpu start_us=473927 end_us=478125 dur_us=4198
UKL-MQTT-BENCH: BUFFULL run_id=try5-c3-cpu start_us=481811 end_us=484113 dur_us=2301
UKL-MQTT-BENCH: BUFFULL run_id=try5-c3-cpu start_us=487172 end_us=490874 dur_us=3701
UKL-MQTT-BENCH: BUFFULL run_id=try5-c3-cpu start_us=496020 end_us=500908 dur_us=4888
UKL-MQTT-BENCH: BUFFULL run_id=try5-c3-cpu start_us=503976 end_us=506793 dur_us=2816
UKL-MQTT-BENCH: BUFFULL run_id=try5-c3-cpu start_us=509904 end_us=511832 dur_us=1927
UKL-MQTT-BENCH: BUFFULL run_id=try5-c3-cpu start_us=514274 end_us=516803 dur_us=2529
UKL-MQTT-BENCH: BUFFULL run_id=try5-c3-cpu start_us=519238 end_us=522120 dur_us=2881
UKL-MQTT-BENCH: BUFFULL run_id=try5-c3-cpu start_us=524554 end_us=527804 dur_us=3249
UKL-MQTT-BENCH: BUFFULL run_id=try5-c3-cpu start_us=530870 end_us=533874 dur_us=3003
UKL-MQTT-BENCH: BUFFULL run_id=try5-c3-cpu start_us=536952 end_us=538812 dur_us=1860
UKL-MQTT-BENCH: BUFFULL run_id=try5-c3-cpu start_us=541245 end_us=544790 dur_us=3544
UKL-MQTT-BENCH: BUFFULL run_id=try5-c3-cpu start_us=547237 end_us=549816 dur_us=2578
UKL-MQTT-BENCH: BUFFULL run_id=try5-c3-cpu start_us=552886 end_us=555841 dur_us=2955
UKL-MQTT-BENCH: BUFFULL run_id=try5-c3-cpu start_us=558902 end_us=560765 dur_us=1863
UKL-MQTT-BENCH: BUFFULL run_id=try5-c3-cpu start_us=563201 end_us=566806 dur_us=3604
UKL-MQTT-BENCH: BUFFULL run_id=try5-c3-cpu start_us=569867 end_us=572107 dur_us=2240
UKL-MQTT-BENCH: BUFFULL run_id=try5-c3-cpu start_us=574507 end_us=577865 dur_us=3357
UKL-MQTT-BENCH: BUFFULL run_id=try5-c3-cpu start_us=580931 end_us=583855 dur_us=2923
UKL-MQTT-BENCH: BUFFULL run_id=try5-c3-cpu start_us=586270 end_us=590893 dur_us=4622
UKL-MQTT-BENCH: BUFFULL run_id=try5-c3-cpu start_us=596632 end_us=600063 dur_us=3430
UKL-MQTT-BENCH: BUFFULL run_id=try5-c3-cpu start_us=602477 end_us=605822 dur_us=3345
UKL-MQTT-BENCH: BUFFULL run_id=try5-c3-cpu start_us=608897 end_us=611331 dur_us=2433
UKL-MQTT-BENCH: BUFFULL run_id=try5-c3-cpu start_us=614448 end_us=615769 dur_us=1320
UKL-MQTT-BENCH: BUFFULL run_id=try5-c3-cpu start_us=617578 end_us=621839 dur_us=4261
UKL-MQTT-BENCH: BUFFULL run_id=try5-c3-cpu start_us=624907 end_us=627826 dur_us=2919
UKL-MQTT-BENCH: BUFFULL run_id=try5-c3-cpu start_us=630898 end_us=633825 dur_us=2927
UKL-MQTT-BENCH: BUFFULL run_id=try5-c3-cpu start_us=636891 end_us=641098 dur_us=4207
UKL-MQTT-BENCH: BUFFULL run_id=try5-c3-cpu start_us=646838 end_us=649835 dur_us=2997
UKL-MQTT-BENCH: BUFFULL run_id=try5-c3-cpu start_us=652285 end_us=655825 dur_us=3540
UKL-MQTT-BENCH: BUFFULL run_id=try5-c3-cpu start_us=658900 end_us=663862 dur_us=4961
UKL-MQTT-BENCH: BUFFULL run_id=try5-c3-cpu start_us=670260 end_us=672821 dur_us=2561
UKL-MQTT-BENCH: BUFFULL run_id=try5-c3-cpu start_us=675233 end_us=678046 dur_us=2812
UKL-MQTT-BENCH: BUFFULL run_id=try5-c3-cpu start_us=681122 end_us=684813 dur_us=3690
UKL-MQTT-BENCH: BUFFULL run_id=try5-c3-cpu start_us=687874 end_us=689818 dur_us=1943
UKL-MQTT-BENCH: BUFFULL run_id=try5-c3-cpu start_us=692268 end_us=694877 dur_us=2609
UKL-MQTT-BENCH: BUFFULL run_id=try5-c3-cpu start_us=697302 end_us=700840 dur_us=3537
UKL-MQTT-BENCH: BUFFULL run_id=try5-c3-cpu start_us=703909 end_us=707844 dur_us=3934
UKL-MQTT-BENCH: BUFFULL run_id=try5-c3-cpu start_us=711544 end_us=714070 dur_us=2525
UKL-MQTT-BENCH: BUFFULL run_id=try5-c3-cpu start_us=719558 end_us=722839 dur_us=3280
UKL-MQTT-BENCH: BUFFULL run_id=try5-c3-cpu start_us=725282 end_us=729112 dur_us=3829
UKL-MQTT-BENCH: BUFFULL run_id=try5-c3-cpu start_us=732213 end_us=734769 dur_us=2556
UKL-MQTT-BENCH: BUFFULL run_id=try5-c3-cpu start_us=737211 end_us=739760 dur_us=2548
UKL-MQTT-BENCH: BUFFULL run_id=try5-c3-cpu start_us=742203 end_us=745063 dur_us=2859
UKL-MQTT-BENCH: BUFFULL run_id=try5-c3-cpu start_us=748133 end_us=750071 dur_us=1937
UKL-MQTT-BENCH: BUFFULL run_id=try5-c3-cpu start_us=752509 end_us=756927 dur_us=4418
UKL-MQTT-BENCH: BUFFULL run_id=try5-c3-cpu start_us=759998 end_us=762854 dur_us=2856
UKL-MQTT-BENCH: BUFFULL run_id=try5-c3-cpu start_us=765922 end_us=768838 dur_us=2916
UKL-MQTT-BENCH: BUFFULL run_id=try5-c3-cpu start_us=773235 end_us=777091 dur_us=3856
UKL-MQTT-BENCH: BUFFULL run_id=try5-c3-cpu start_us=781513 end_us=784793 dur_us=3280
UKL-MQTT-BENCH: BUFFULL run_id=try5-c3-cpu start_us=787218 end_us=790806 dur_us=3588
UKL-MQTT-BENCH: BUFFULL run_id=try5-c3-cpu start_us=793878 end_us=797089 dur_us=3210
UKL-MQTT-BENCH: BUFFULL run_id=try5-c3-cpu start_us=800163 end_us=801783 dur_us=1620
UKL-MQTT-BENCH: BUFFULL run_id=try5-c3-cpu start_us=804275 end_us=807163 dur_us=2887
UKL-MQTT-BENCH: BUFFULL run_id=try5-c3-cpu start_us=809590 end_us=812049 dur_us=2458
UKL-MQTT-BENCH: BUFFULL run_id=try5-c3-cpu start_us=814480 end_us=818854 dur_us=4373
UKL-MQTT-BENCH: BUFFULL run_id=try5-c3-cpu start_us=821929 end_us=823833 dur_us=1904
UKL-MQTT-BENCH: BUFFULL run_id=try5-c3-cpu start_us=826279 end_us=828808 dur_us=2529
UKL-MQTT-BENCH: BUFFULL run_id=try5-c3-cpu start_us=831243 end_us=834878 dur_us=3634
UKL-MQTT-BENCH: BUFFULL run_id=try5-c3-cpu start_us=837942 end_us=840852 dur_us=2910
UKL-MQTT-BENCH: BUFFULL run_id=try5-c3-cpu start_us=843924 end_us=845853 dur_us=1928
UKL-MQTT-BENCH: BUFFULL run_id=try5-c3-cpu start_us=848330 end_us=850773 dur_us=2443
UKL-MQTT-BENCH: BUFFULL run_id=try5-c3-cpu start_us=853210 end_us=856877 dur_us=3666
UKL-MQTT-BENCH: BUFFULL run_id=try5-c3-cpu start_us=859943 end_us=862082 dur_us=2139
UKL-MQTT-BENCH: BUFFULL run_id=try5-c3-cpu start_us=864519 end_us=868080 dur_us=3560
UKL-MQTT-BENCH: BUFFULL run_id=try5-c3-cpu start_us=871141 end_us=874093 dur_us=2951
UKL-MQTT-BENCH: BUFFULL run_id=try5-c3-cpu start_us=877144 end_us=879108 dur_us=1963
UKL-MQTT-BENCH: BUFFULL run_id=try5-c3-cpu start_us=881536 end_us=884847 dur_us=3310
UKL-MQTT-BENCH: BUFFULL run_id=try5-c3-cpu start_us=887265 end_us=890796 dur_us=3531
UKL-MQTT-BENCH: BUFFULL run_id=try5-c3-cpu start_us=893888 end_us=897901 dur_us=4012
UKL-MQTT-BENCH: BUFFULL run_id=try5-c3-cpu start_us=903652 end_us=906813 dur_us=3160
UKL-MQTT-BENCH: BUFFULL run_id=try5-c3-cpu start_us=909241 end_us=911810 dur_us=2568
UKL-MQTT-BENCH: BUFFULL run_id=try5-c3-cpu start_us=914235 end_us=918077 dur_us=3841
UKL-MQTT-BENCH: BUFFULL run_id=try5-c3-cpu start_us=921230 end_us=922764 dur_us=1534
UKL-MQTT-BENCH: BUFFULL run_id=try5-c3-cpu start_us=925203 end_us=927812 dur_us=2609
UKL-MQTT-BENCH: BUFFULL run_id=try5-c3-cpu start_us=930262 end_us=932764 dur_us=2502
UKL-MQTT-BENCH: BUFFULL run_id=try5-c3-cpu start_us=935220 end_us=938840 dur_us=3620
UKL-MQTT-BENCH: BUFFULL run_id=try5-c3-cpu start_us=941917 end_us=944038 dur_us=2120
UKL-MQTT-BENCH: BUFFULL run_id=try5-c3-cpu start_us=946449 end_us=949831 dur_us=3382
UKL-MQTT-BENCH: BUFFULL run_id=try5-c3-cpu start_us=952886 end_us=956145 dur_us=3258
UKL-MQTT-BENCH: BUFFULL run_id=try5-c3-cpu start_us=959204 end_us=961850 dur_us=2646
UKL-MQTT-BENCH: BUFFULL run_id=try5-c3-cpu start_us=964277 end_us=967378 dur_us=3101
UKL-MQTT-BENCH: BUFFULL run_id=try5-c3-cpu start_us=970425 end_us=973822 dur_us=3397
UKL-MQTT-BENCH: BUFFULL run_id=try5-c3-cpu start_us=976875 end_us=978829 dur_us=1953
UKL-MQTT-BENCH: BUFFULL run_id=try5-c3-cpu start_us=981252 end_us=983807 dur_us=2554
UKL-MQTT-BENCH: BUFFULL run_id=try5-c3-cpu start_us=986233 end_us=988828 dur_us=2595
UKL-MQTT-BENCH: BUFFULL run_id=try5-c3-cpu start_us=991261 end_us=993076 dur_us=1815
UKL-MQTT-BENCH: BUFFULL run_id=try5-c3-cpu start_us=995493 end_us=999814 dur_us=4320
UKL-MQTT-BENCH: BUFFULL run_id=try5-c3-cpu start_us=1002875 end_us=1004790 dur_us=1914
UKL-MQTT-BENCH: BUFFULL run_id=try5-c3-cpu start_us=1007226 end_us=1009827 dur_us=2601
UKL-MQTT-BENCH: BUFFULL run_id=try5-c3-cpu start_us=1012258 end_us=1014850 dur_us=2592
UKL-MQTT-BENCH: BUFFULL run_id=try5-c3-cpu start_us=1017306 end_us=1019804 dur_us=2498
UKL-MQTT-BENCH: BUFFULL run_id=try5-c3-cpu start_us=1022285 end_us=1025883 dur_us=3598
UKL-MQTT-BENCH: BUFFULL run_id=try5-c3-cpu start_us=1028942 end_us=1031098 dur_us=2155
UKL-MQTT-BENCH: BUFFULL run_id=try5-c3-cpu start_us=1033552 end_us=1035768 dur_us=2215
UKL-MQTT-BENCH: BUFFULL run_id=try5-c3-cpu start_us=1038209 end_us=1039742 dur_us=1533
UKL-MQTT-BENCH: BUFFULL run_id=try5-c3-cpu start_us=1041551 end_us=1044771 dur_us=3219
UKL-MQTT-BENCH: BUFFULL run_id=try5-c3-cpu start_us=1049872 end_us=1052802 dur_us=2929
UKL-MQTT-BENCH: BUFFULL run_id=try5-c3-cpu start_us=1055253 end_us=1057858 dur_us=2604
UKL-MQTT-BENCH: BUFFULL run_id=try5-c3-cpu start_us=1060287 end_us=1063840 dur_us=3552
UKL-MQTT-BENCH: BUFFULL run_id=try5-c3-cpu start_us=1066911 end_us=1069860 dur_us=2948
UKL-MQTT-BENCH: BUFFULL run_id=try5-c3-cpu start_us=1072309 end_us=1073810 dur_us=1500
UKL-MQTT-BENCH: BUFFULL run_id=try5-c3-cpu start_us=1076241 end_us=1078791 dur_us=2550
UKL-MQTT-BENCH: BUFFULL run_id=try5-c3-cpu start_us=1082875 end_us=1086810 dur_us=3934
UKL-MQTT-BENCH: BUFFULL run_id=try5-c3-cpu start_us=1089236 end_us=1091784 dur_us=2547
UKL-MQTT-BENCH: BUFFULL run_id=try5-c3-cpu start_us=1094221 end_us=1096039 dur_us=1818
UKL-MQTT-BENCH: BUFFULL run_id=try5-c3-cpu start_us=1098464 end_us=1100764 dur_us=2300
UKL-MQTT-BENCH: BUFFULL run_id=try5-c3-cpu start_us=1103193 end_us=1107831 dur_us=4637
UKL-MQTT-BENCH: BUFFULL run_id=try5-c3-cpu start_us=1111511 end_us=1113811 dur_us=2299
UKL-MQTT-BENCH: BUFFULL run_id=try5-c3-cpu start_us=1116241 end_us=1118845 dur_us=2604
UKL-MQTT-BENCH: BUFFULL run_id=try5-c3-cpu start_us=1121275 end_us=1125860 dur_us=4584
UKL-MQTT-BENCH: BUFFULL run_id=try5-c3-cpu start_us=1129555 end_us=1131833 dur_us=2277
UKL-MQTT-BENCH: BUFFULL run_id=try5-c3-cpu start_us=1134899 end_us=1138097 dur_us=3198
UKL-MQTT-BENCH: BUFFULL run_id=try5-c3-cpu start_us=1143588 end_us=1147817 dur_us=4228
UKL-MQTT-BENCH: BUFFULL run_id=try5-c3-cpu start_us=1150967 end_us=1152787 dur_us=1820
UKL-MQTT-BENCH: BUFFULL run_id=try5-c3-cpu start_us=1155228 end_us=1158849 dur_us=3620
UKL-MQTT-BENCH: BUFFULL run_id=try5-c3-cpu start_us=1161936 end_us=1163805 dur_us=1868
UKL-MQTT-BENCH: BUFFULL run_id=try5-c3-cpu start_us=1165608 end_us=1169917 dur_us=4308
UKL-MQTT-BENCH: BUFFULL run_id=try5-c3-cpu start_us=1172978 end_us=1175844 dur_us=2866
UKL-MQTT-BENCH: BUFFULL run_id=try5-c3-cpu start_us=1178918 end_us=1181039 dur_us=2121
UKL-MQTT-BENCH: BUFFULL run_id=try5-c3-cpu start_us=1183465 end_us=1185765 dur_us=2300
UKL-MQTT-BENCH: BUFFULL run_id=try5-c3-cpu start_us=1188197 end_us=1191808 dur_us=3610
UKL-MQTT-BENCH: BUFFULL run_id=try5-c3-cpu start_us=1194888 end_us=1196050 dur_us=1162
UKL-MQTT-BENCH: BUFFULL run_id=try5-c3-cpu start_us=1199158 end_us=1203806 dur_us=4648
UKL-MQTT-BENCH: BUFFULL run_id=try5-c3-cpu start_us=1206881 end_us=1211094 dur_us=4212
UKL-MQTT-BENCH: BUFFULL run_id=try5-c3-cpu start_us=1214786 end_us=1217102 dur_us=2315
UKL-MQTT-BENCH: BUFFULL run_id=try5-c3-cpu start_us=1220162 end_us=1222065 dur_us=1902
UKL-MQTT-BENCH: BUFFULL run_id=try5-c3-cpu start_us=1224489 end_us=1227082 dur_us=2593
UKL-MQTT-BENCH: BUFFULL run_id=try5-c3-cpu start_us=1229547 end_us=1233851 dur_us=4303
UKL-MQTT-BENCH: BUFFULL run_id=try5-c3-cpu start_us=1236913 end_us=1239841 dur_us=2927
UKL-MQTT-BENCH: BUFFULL run_id=try5-c3-cpu start_us=1242916 end_us=1244810 dur_us=1894
UKL-MQTT-BENCH: BUFFULL run_id=try5-c3-cpu start_us=1247243 end_us=1249813 dur_us=2569
UKL-MQTT-BENCH: BUFFULL run_id=try5-c3-cpu start_us=1252245 end_us=1255810 dur_us=3564
UKL-MQTT-BENCH: BUFFULL run_id=try5-c3-cpu start_us=1258883 end_us=1260797 dur_us=1913
UKL-MQTT-BENCH: BUFFULL run_id=try5-c3-cpu start_us=1263249 end_us=1265813 dur_us=2564
UKL-MQTT-BENCH: BUFFULL run_id=try5-c3-cpu start_us=1268248 end_us=1270807 dur_us=2559
UKL-MQTT-BENCH: BUFFULL run_id=try5-c3-cpu start_us=1273221 end_us=1275811 dur_us=2589
UKL-MQTT-BENCH: BUFFULL run_id=try5-c3-cpu start_us=1278251 end_us=1281835 dur_us=3583
UKL-MQTT-BENCH: BUFFULL run_id=try5-c3-cpu start_us=1284898 end_us=1287807 dur_us=2908
UKL-MQTT-BENCH: BUFFULL run_id=try5-c3-cpu start_us=1290868 end_us=1292806 dur_us=1938
UKL-MQTT-BENCH: BUFFULL run_id=try5-c3-cpu start_us=1295222 end_us=1297779 dur_us=2557
UKL-MQTT-BENCH: BUFFULL run_id=try5-c3-cpu start_us=1300216 end_us=1303834 dur_us=3618
UKL-MQTT-BENCH: BUFFULL run_id=try5-c3-cpu start_us=1306931 end_us=1309747 dur_us=2815
UKL-MQTT-BENCH: BUFFULL run_id=try5-c3-cpu start_us=1312802 end_us=1315043 dur_us=2241
UKL-MQTT-BENCH: BUFFULL run_id=try5-c3-cpu start_us=1317495 end_us=1321103 dur_us=3607
UKL-MQTT-BENCH: BUFFULL run_id=try5-c3-cpu start_us=1324167 end_us=1326073 dur_us=1906
UKL-MQTT-BENCH: BUFFULL run_id=try5-c3-cpu start_us=1328561 end_us=1332123 dur_us=3562
UKL-MQTT-BENCH: BUFFULL run_id=try5-c3-cpu start_us=1335140 end_us=1338831 dur_us=3690
UKL-MQTT-BENCH: BUFFULL run_id=try5-c3-cpu start_us=1341858 end_us=1344828 dur_us=2970
UKL-MQTT-BENCH: BUFFULL run_id=try5-c3-cpu start_us=1347848 end_us=1350850 dur_us=3002
UKL-MQTT-BENCH: BUFFULL run_id=try5-c3-cpu start_us=1356584 end_us=1360809 dur_us=4224
UKL-MQTT-BENCH: BUFFULL run_id=try5-c3-cpu start_us=1363815 end_us=1366810 dur_us=2995
UKL-MQTT-BENCH: BUFFULL run_id=try5-c3-cpu start_us=1369808 end_us=1372881 dur_us=3072
UKL-MQTT-BENCH: BUFFULL run_id=try5-c3-cpu start_us=1375900 end_us=1380853 dur_us=4952
UKL-MQTT-BENCH: BUFFULL run_id=try5-c3-cpu start_us=1384474 end_us=1386805 dur_us=2331
UKL-MQTT-BENCH: BUFFULL run_id=try5-c3-cpu start_us=1389805 end_us=1392824 dur_us=3018
UKL-MQTT-BENCH: BUFFULL run_id=try5-c3-cpu start_us=1398573 end_us=1402861 dur_us=4287
UKL-MQTT-BENCH: BUFFULL run_id=try5-c3-cpu start_us=1405958 end_us=1408797 dur_us=2839
UKL-MQTT-BENCH: BUFFULL run_id=try5-c3-cpu start_us=1411815 end_us=1415872 dur_us=4057
UKL-MQTT-BENCH: BUFFULL run_id=try5-c3-cpu start_us=1421507 end_us=1424805 dur_us=3298
UKL-MQTT-BENCH: BUFFULL run_id=try5-c3-cpu start_us=1427198 end_us=1430834 dur_us=3635
UKL-MQTT-BENCH: BUFFULL run_id=try5-c3-cpu start_us=1433843 end_us=1437878 dur_us=4035
UKL-MQTT-BENCH: BUFFULL run_id=try5-c3-cpu start_us=1441522 end_us=1445156 dur_us=3634
UKL-MQTT-BENCH: BUFFULL run_id=try5-c3-cpu start_us=1448803 end_us=1450856 dur_us=2053
UKL-MQTT-BENCH: BUFFULL run_id=try5-c3-cpu start_us=1453903 end_us=1457836 dur_us=3932
UKL-MQTT-BENCH: BUFFULL run_id=try5-c3-cpu start_us=1460856 end_us=1462802 dur_us=1946
UKL-MQTT-BENCH: BUFFULL run_id=try5-c3-cpu start_us=1465250 end_us=1466754 dur_us=1504
UKL-MQTT-BENCH: BUFFULL run_id=try5-c3-cpu start_us=1469148 end_us=1472042 dur_us=2893
UKL-MQTT-BENCH: BUFFULL run_id=try5-c3-cpu start_us=1474442 end_us=1478094 dur_us=3652
UKL-MQTT-BENCH: BUFFULL run_id=try5-c3-cpu start_us=1481101 end_us=1482799 dur_us=1697
UKL-MQTT-BENCH: BUFFULL run_id=try5-c3-cpu start_us=1485210 end_us=1487813 dur_us=2603
UKL-MQTT-BENCH: BUFFULL run_id=try5-c3-cpu start_us=1490207 end_us=1493801 dur_us=3594
UKL-MQTT-BENCH: BUFFULL run_id=try5-c3-cpu start_us=1496824 end_us=1499811 dur_us=2987
UKL-MQTT-BENCH: BUFFULL run_id=try5-c3-cpu start_us=1502842 end_us=1504845 dur_us=2003
UKL-MQTT-BENCH: BUFFULL run_id=try5-c3-cpu start_us=1507268 end_us=1511093 dur_us=3825
UKL-MQTT-BENCH: BUFFULL run_id=try5-c3-cpu start_us=1514109 end_us=1517096 dur_us=2986
UKL-MQTT-BENCH: BUFFULL run_id=try5-c3-cpu start_us=1520126 end_us=1523098 dur_us=2971
UKL-MQTT-BENCH: BUFFULL run_id=try5-c3-cpu start_us=1526127 end_us=1527758 dur_us=1630
UKL-MQTT-BENCH: BUFFULL run_id=try5-c3-cpu start_us=1530159 end_us=1532835 dur_us=2676
UKL-MQTT-BENCH: BUFFULL run_id=try5-c3-cpu start_us=1535232 end_us=1538848 dur_us=3615
UKL-MQTT-BENCH: BUFFULL run_id=try5-c3-cpu start_us=1541895 end_us=1545056 dur_us=3161
UKL-MQTT-BENCH: BUFFULL run_id=try5-c3-cpu start_us=1548089 end_us=1549801 dur_us=1711
UKL-MQTT-BENCH: BUFFULL run_id=try5-c3-cpu start_us=1552201 end_us=1556083 dur_us=3881
UKL-MQTT-BENCH: BUFFULL run_id=try5-c3-cpu start_us=1559157 end_us=1562100 dur_us=2942
UKL-MQTT-BENCH: BUFFULL run_id=try5-c3-cpu start_us=1565129 end_us=1568080 dur_us=2950
UKL-MQTT-BENCH: BUFFULL run_id=try5-c3-cpu start_us=1571107 end_us=1574806 dur_us=3698
UKL-MQTT-BENCH: BUFFULL run_id=try5-c3-cpu start_us=1577832 end_us=1580834 dur_us=3001
UKL-MQTT-BENCH: BUFFULL run_id=try5-c3-cpu start_us=1585852 end_us=1590126 dur_us=4274
UKL-MQTT-BENCH: BUFFULL run_id=try5-c3-cpu start_us=1593160 end_us=1596109 dur_us=2948
UKL-MQTT-BENCH: BUFFULL run_id=try5-c3-cpu start_us=1599106 end_us=1602082 dur_us=2975
UKL-MQTT-BENCH: BUFFULL run_id=try5-c3-cpu start_us=1605100 end_us=1608824 dur_us=3724
UKL-MQTT-BENCH: BUFFULL run_id=try5-c3-cpu start_us=1613869 end_us=1617811 dur_us=3942
UKL-MQTT-BENCH: BUFFULL run_id=try5-c3-cpu start_us=1620822 end_us=1623809 dur_us=2986
UKL-MQTT-BENCH: BUFFULL run_id=try5-c3-cpu start_us=1626810 end_us=1629802 dur_us=2992
UKL-MQTT-BENCH: BUFFULL run_id=try5-c3-cpu start_us=1632814 end_us=1634807 dur_us=1993
UKL-MQTT-BENCH: BUFFULL run_id=try5-c3-cpu start_us=1637211 end_us=1641081 dur_us=3870
UKL-MQTT-BENCH: BUFFULL run_id=try5-c3-cpu start_us=1644198 end_us=1647092 dur_us=2894
UKL-MQTT-BENCH: BUFFULL run_id=try5-c3-cpu start_us=1650120 end_us=1653828 dur_us=3707
UKL-MQTT-BENCH: BUFFULL run_id=try5-c3-cpu start_us=1656881 end_us=1659804 dur_us=2923
UKL-MQTT-BENCH: BUFFULL run_id=try5-c3-cpu start_us=1662817 end_us=1664837 dur_us=2019
UKL-MQTT-BENCH: BUFFULL run_id=try5-c3-cpu start_us=1667299 end_us=1669801 dur_us=2502
UKL-MQTT-BENCH: BUFFULL run_id=try5-c3-cpu start_us=1672200 end_us=1675386 dur_us=3185
UKL-MQTT-BENCH: BUFFULL run_id=try5-c3-cpu start_us=1678412 end_us=1681864 dur_us=3451
UKL-MQTT-BENCH: BUFFULL run_id=try5-c3-cpu start_us=1686927 end_us=1690069 dur_us=3141
UKL-MQTT-BENCH: BUFFULL run_id=try5-c3-cpu start_us=1692466 end_us=1695858 dur_us=3391
UKL-MQTT-BENCH: BUFFULL run_id=try5-c3-cpu start_us=1698878 end_us=1701831 dur_us=2952
UKL-MQTT-BENCH: BUFFULL run_id=try5-c3-cpu start_us=1704212 end_us=1706120 dur_us=1907
UKL-MQTT-BENCH: BUFFULL run_id=try5-c3-cpu start_us=1709023 end_us=1711843 dur_us=2820
UKL-MQTT-BENCH: BUFFULL run_id=try5-c3-cpu start_us=1714243 end_us=1717836 dur_us=3592
UKL-MQTT-BENCH: BUFFULL run_id=try5-c3-cpu start_us=1720865 end_us=1722063 dur_us=1197
UKL-MQTT-BENCH: BUFFULL run_id=try5-c3-cpu start_us=1724455 end_us=1727803 dur_us=3347
UKL-MQTT-BENCH: BUFFULL run_id=try5-c3-cpu start_us=1732550 end_us=1738143 dur_us=5592
UKL-MQTT-BENCH: BUFFULL run_id=try5-c3-cpu start_us=1741792 end_us=1743771 dur_us=1978
UKL-MQTT-BENCH: BUFFULL run_id=try5-c3-cpu start_us=1746180 end_us=1749796 dur_us=3616
UKL-MQTT-BENCH: BUFFULL run_id=try5-c3-cpu start_us=1752823 end_us=1757915 dur_us=5092
UKL-MQTT-BENCH: BUFFULL run_id=try5-c3-cpu start_us=1765522 end_us=1769833 dur_us=4311
UKL-MQTT-BENCH: BUFFULL run_id=try5-c3-cpu start_us=1773472 end_us=1776113 dur_us=2640
UKL-MQTT-BENCH: BUFFULL run_id=try5-c3-cpu start_us=1781578 end_us=1784834 dur_us=3256
UKL-MQTT-BENCH: BUFFULL run_id=try5-c3-cpu start_us=1787869 end_us=1791839 dur_us=3970
UKL-MQTT-BENCH: BUFFULL run_id=try5-c3-cpu start_us=1794880 end_us=1797073 dur_us=2193
UKL-MQTT-BENCH: BUFFULL run_id=try5-c3-cpu start_us=1799479 end_us=1801766 dur_us=2287
UKL-MQTT-BENCH: BUFFULL run_id=try5-c3-cpu start_us=1804190 end_us=1806774 dur_us=2583
UKL-MQTT-BENCH: BUFFULL run_id=try5-c3-cpu start_us=1809240 end_us=1811799 dur_us=2558
UKL-MQTT-BENCH: BUFFULL run_id=try5-c3-cpu start_us=1814195 end_us=1817795 dur_us=3599
UKL-MQTT-BENCH: BUFFULL run_id=try5-c3-cpu start_us=1820818 end_us=1822829 dur_us=2010
UKL-MQTT-BENCH: BUFFULL run_id=try5-c3-cpu start_us=1825254 end_us=1828786 dur_us=3532
UKL-MQTT-BENCH: BUFFULL run_id=try5-c3-cpu start_us=1831820 end_us=1833808 dur_us=1987
UKL-MQTT-BENCH: BUFFULL run_id=try5-c3-cpu start_us=1836207 end_us=1839819 dur_us=3611
UKL-MQTT-BENCH: BUFFULL run_id=try5-c3-cpu start_us=1842855 end_us=1844820 dur_us=1965
UKL-MQTT-BENCH: BUFFULL run_id=try5-c3-cpu start_us=1847300 end_us=1850832 dur_us=3532
UKL-MQTT-BENCH: BUFFULL run_id=try5-c3-cpu start_us=1853864 end_us=1855795 dur_us=1931
UKL-MQTT-BENCH: BUFFULL run_id=try5-c3-cpu start_us=1858843 end_us=1861813 dur_us=2970
UKL-MQTT-BENCH: BUFFULL run_id=try5-c3-cpu start_us=1864213 end_us=1866830 dur_us=2617
UKL-MQTT-BENCH: BUFFULL run_id=try5-c3-cpu start_us=1869224 end_us=1872807 dur_us=3583
UKL-MQTT-BENCH: BUFFULL run_id=try5-c3-cpu start_us=1875840 end_us=1877768 dur_us=1928
UKL-MQTT-BENCH: BUFFULL run_id=try5-c3-cpu start_us=1880799 end_us=1883832 dur_us=3032
UKL-MQTT-BENCH: BUFFULL run_id=try5-c3-cpu start_us=1886228 end_us=1888758 dur_us=2530
UKL-MQTT-BENCH: BUFFULL run_id=try5-c3-cpu start_us=1891803 end_us=1894835 dur_us=3031
UKL-MQTT-BENCH: BUFFULL run_id=try5-c3-cpu start_us=1897865 end_us=1903135 dur_us=5269
UKL-MQTT-BENCH: BUFFULL run_id=try5-c3-cpu start_us=1908054 end_us=1909792 dur_us=1737
UKL-MQTT-BENCH: BUFFULL run_id=try5-c3-cpu start_us=1912808 end_us=1915846 dur_us=3037
UKL-MQTT-BENCH: BUFFULL run_id=try5-c3-cpu start_us=1918862 end_us=1921840 dur_us=2978
UKL-MQTT-BENCH: BUFFULL run_id=try5-c3-cpu start_us=1926879 end_us=1931858 dur_us=4979
UKL-MQTT-BENCH: BUFFULL run_id=try5-c3-cpu start_us=1934873 end_us=1937075 dur_us=2201
UKL-MQTT-BENCH: BUFFULL run_id=try5-c3-cpu start_us=1940093 end_us=1942805 dur_us=2711
UKL-MQTT-BENCH: BUFFULL run_id=try5-c3-cpu start_us=1945214 end_us=1947045 dur_us=1831
UKL-MQTT-BENCH: BUFFULL run_id=try5-c3-cpu start_us=1949443 end_us=1953058 dur_us=3614
UKL-MQTT-BENCH: BUFFULL run_id=try5-c3-cpu start_us=1956087 end_us=1957761 dur_us=1674
UKL-MQTT-BENCH: BUFFULL run_id=try5-c3-cpu start_us=1959553 end_us=1961758 dur_us=2205
UKL-MQTT-BENCH: BUFFULL run_id=try5-c3-cpu start_us=1964161 end_us=1968071 dur_us=3909
UKL-MQTT-BENCH: BUFFULL run_id=try5-c3-cpu start_us=1971105 end_us=1974839 dur_us=3733
UKL-MQTT-BENCH: BUFFULL run_id=try5-c3-cpu start_us=1978487 end_us=1981870 dur_us=3382
UKL-MQTT-BENCH: BUFFULL run_id=try5-c3-cpu start_us=1985092 end_us=1987859 dur_us=2766
UKL-MQTT-BENCH: BUFFULL run_id=try5-c3-cpu start_us=1991014 end_us=1992849 dur_us=1834
UKL-MQTT-BENCH: BUFFULL run_id=try5-c3-cpu start_us=1995250 end_us=1999085 dur_us=3835
UKL-MQTT-BENCH: BUFFULL run_id=try5-c3-cpu start_us=2002105 end_us=2005158 dur_us=3053
UKL-MQTT-BENCH: BUFFULL run_id=try5-c3-cpu start_us=2008184 end_us=2011810 dur_us=3626
UKL-MQTT-BENCH: BUFFULL run_id=try5-c3-cpu start_us=2014816 end_us=2016063 dur_us=1246
UKL-MQTT-BENCH: BUFFULL run_id=try5-c3-cpu start_us=2018457 end_us=2022092 dur_us=3634
UKL-MQTT-BENCH: BUFFULL run_id=try5-c3-cpu start_us=2025107 end_us=2026796 dur_us=1688
UKL-MQTT-BENCH: BUFFULL run_id=try5-c3-cpu start_us=2029186 end_us=2031791 dur_us=2605
UKL-MQTT-BENCH: BUFFULL run_id=try5-c3-cpu start_us=2034177 end_us=2037555 dur_us=3377
UKL-MQTT-BENCH: BUFFULL run_id=try5-c3-cpu start_us=2039946 end_us=2042833 dur_us=2887
UKL-MQTT-BENCH: BUFFULL run_id=try5-c3-cpu start_us=2045884 end_us=2047776 dur_us=1892
UKL-MQTT-BENCH: BUFFULL run_id=try5-c3-cpu start_us=2050215 end_us=2053784 dur_us=3569
UKL-MQTT-BENCH: BUFFULL run_id=try5-c3-cpu start_us=2056194 end_us=2059800 dur_us=3606
UKL-MQTT-BENCH: BUFFULL run_id=try5-c3-cpu start_us=2062830 end_us=2064819 dur_us=1989
UKL-MQTT-BENCH: BUFFULL run_id=try5-c3-cpu start_us=2067857 end_us=2071143 dur_us=3286
UKL-MQTT-BENCH: BUFFULL run_id=try5-c3-cpu start_us=2074180 end_us=2078839 dur_us=4659
UKL-MQTT-BENCH: BUFFULL run_id=try5-c3-cpu start_us=2082472 end_us=2084831 dur_us=2358
UKL-MQTT-BENCH: BUFFULL run_id=try5-c3-cpu start_us=2089850 end_us=2093110 dur_us=3260
UKL-MQTT-BENCH: BUFFULL run_id=try5-c3-cpu start_us=2095503 end_us=2099077 dur_us=3574
UKL-MQTT-BENCH: BUFFULL run_id=try5-c3-cpu start_us=2102092 end_us=2104780 dur_us=2688
UKL-MQTT-BENCH: BUFFULL run_id=try5-c3-cpu start_us=2107179 end_us=2109768 dur_us=2588
UKL-MQTT-BENCH: BUFFULL run_id=try5-c3-cpu start_us=2112154 end_us=2114832 dur_us=2678
UKL-MQTT-BENCH: BUFFULL run_id=try5-c3-cpu start_us=2117852 end_us=2119809 dur_us=1956
UKL-MQTT-BENCH: BUFFULL run_id=try5-c3-cpu start_us=2122199 end_us=2125029 dur_us=2830
UKL-MQTT-BENCH: BUFFULL run_id=try5-c3-cpu start_us=2127427 end_us=2131033 dur_us=3605
UKL-MQTT-BENCH: BUFFULL run_id=try5-c3-cpu start_us=2134132 end_us=2136832 dur_us=2700
UKL-MQTT-BENCH: BUFFULL run_id=try5-c3-cpu start_us=2139858 end_us=2141768 dur_us=1909
UKL-MQTT-BENCH: BUFFULL run_id=try5-c3-cpu start_us=2144179 end_us=2147773 dur_us=3594
UKL-MQTT-BENCH: BUFFULL run_id=try5-c3-cpu start_us=2150189 end_us=2154124 dur_us=3934
UKL-MQTT-BENCH: BUFFULL run_id=try5-c3-cpu start_us=2157775 end_us=2159059 dur_us=1283
UKL-MQTT-BENCH: BUFFULL run_id=try5-c3-cpu start_us=2161455 end_us=2164029 dur_us=2573
UKL-MQTT-BENCH: BUFFULL run_id=try5-c3-cpu start_us=2166435 end_us=2169817 dur_us=3382
UKL-MQTT-BENCH: BUFFULL run_id=try5-c3-cpu start_us=2172848 end_us=2176103 dur_us=3255
UKL-MQTT-BENCH: BUFFULL run_id=try5-c3-cpu start_us=2179125 end_us=2181060 dur_us=1935
UKL-MQTT-BENCH: BUFFULL run_id=try5-c3-cpu start_us=2183449 end_us=2186825 dur_us=3375
UKL-MQTT-BENCH: BUFFULL run_id=try5-c3-cpu start_us=2189845 end_us=2193160 dur_us=3314
UKL-MQTT-BENCH: BUFFULL run_id=try5-c3-cpu start_us=2196187 end_us=2199099 dur_us=2911
UKL-MQTT-BENCH: BUFFULL run_id=try5-c3-cpu start_us=2202117 end_us=2204018 dur_us=1901
UKL-MQTT-BENCH: BUFFULL run_id=try5-c3-cpu start_us=2206422 end_us=2210100 dur_us=3678
UKL-MQTT-BENCH: BUFFULL run_id=try5-c3-cpu start_us=2213128 end_us=2215076 dur_us=1947
UKL-MQTT-BENCH: BUFFULL run_id=try5-c3-cpu start_us=2217467 end_us=2220058 dur_us=2591
UKL-MQTT-BENCH: BUFFULL run_id=try5-c3-cpu start_us=2222456 end_us=2224799 dur_us=2343
UKL-MQTT-BENCH: BUFFULL run_id=try5-c3-cpu start_us=2227193 end_us=2230799 dur_us=3605
UKL-MQTT-BENCH: BUFFULL run_id=try5-c3-cpu start_us=2233812 end_us=2235814 dur_us=2001
UKL-MQTT-BENCH: BUFFULL run_id=try5-c3-cpu start_us=2238219 end_us=2240689 dur_us=2470
UKL-MQTT-BENCH: BUFFULL run_id=try5-c3-cpu start_us=2243247 end_us=2244738 dur_us=1490
UKL-MQTT-BENCH: BUFFULL run_id=try5-c3-cpu start_us=2246647 end_us=2249809 dur_us=3161
UKL-MQTT-BENCH: BUFFULL run_id=try5-c3-cpu start_us=2252359 end_us=2255073 dur_us=2713
UKL-MQTT-BENCH: BUFFULL run_id=try5-c3-cpu start_us=2257588 end_us=2261833 dur_us=4245
UKL-MQTT-BENCH: BUFFULL run_id=try5-c3-cpu start_us=2264875 end_us=2266823 dur_us=1947
UKL-MQTT-BENCH: BUFFULL run_id=try5-c3-cpu start_us=2269229 end_us=2272069 dur_us=2839
UKL-MQTT-BENCH: BUFFULL run_id=try5-c3-cpu start_us=2275098 end_us=2277809 dur_us=2711
UKL-MQTT-BENCH: BUFFULL run_id=try5-c3-cpu start_us=2280226 end_us=2283881 dur_us=3655
UKL-MQTT-BENCH: BUFFULL run_id=try5-c3-cpu start_us=2286925 end_us=2288837 dur_us=1911
UKL-MQTT-BENCH: BUFFULL run_id=try5-c3-cpu start_us=2291231 end_us=2294083 dur_us=2851
UKL-MQTT-BENCH: BUFFULL run_id=try5-c3-cpu start_us=2297144 end_us=2300869 dur_us=3724
UKL-MQTT-BENCH: BUFFULL run_id=try5-c3-cpu start_us=2303898 end_us=2305807 dur_us=1909
UKL-MQTT-BENCH: BUFFULL run_id=try5-c3-cpu start_us=2308225 end_us=2310810 dur_us=2584
UKL-MQTT-BENCH: BUFFULL run_id=try5-c3-cpu start_us=2313202 end_us=2315778 dur_us=2575
UKL-MQTT-BENCH: BUFFULL run_id=try5-c3-cpu start_us=2318196 end_us=2321823 dur_us=3626
UKL-MQTT-BENCH: BUFFULL run_id=try5-c3-cpu start_us=2324869 end_us=2326834 dur_us=1965
UKL-MQTT-BENCH: BUFFULL run_id=try5-c3-cpu start_us=2329233 end_us=2331826 dur_us=2593
UKL-MQTT-BENCH: BUFFULL run_id=try5-c3-cpu start_us=2334235 end_us=2336808 dur_us=2573
UKL-MQTT-BENCH: BUFFULL run_id=try5-c3-cpu start_us=2339202 end_us=2342811 dur_us=3609
UKL-MQTT-BENCH: BUFFULL run_id=try5-c3-cpu start_us=2345820 end_us=2348817 dur_us=2996
UKL-MQTT-BENCH: BUFFULL run_id=try5-c3-cpu start_us=2351890 end_us=2353055 dur_us=1164
UKL-MQTT-BENCH: BUFFULL run_id=try5-c3-cpu start_us=2355453 end_us=2358065 dur_us=2612
UKL-MQTT-BENCH: BUFFULL run_id=try5-c3-cpu start_us=2360465 end_us=2363800 dur_us=3335
UKL-MQTT-BENCH: BUFFULL run_id=try5-c3-cpu start_us=2366208 end_us=2369042 dur_us=2834
UKL-MQTT-BENCH: BUFFULL run_id=try5-c3-cpu start_us=2371437 end_us=2374798 dur_us=3361
UKL-MQTT-BENCH: BUFFULL run_id=try5-c3-cpu start_us=2377851 end_us=2379793 dur_us=1942
UKL-MQTT-BENCH: BUFFULL run_id=try5-c3-cpu start_us=2382193 end_us=2384811 dur_us=2617
UKL-MQTT-BENCH: BUFFULL run_id=try5-c3-cpu start_us=2387832 end_us=2390814 dur_us=2982
UKL-MQTT-BENCH: BUFFULL run_id=try5-c3-cpu start_us=2393835 end_us=2396825 dur_us=2989
UKL-MQTT-BENCH: BUFFULL run_id=try5-c3-cpu start_us=2399218 end_us=2403865 dur_us=4647
UKL-MQTT-BENCH: BUFFULL run_id=try5-c3-cpu start_us=2407586 end_us=2408797 dur_us=1210
UKL-MQTT-BENCH: BUFFULL run_id=try5-c3-cpu start_us=2411197 end_us=2415839 dur_us=4642
UKL-MQTT-BENCH: BUFFULL run_id=try5-c3-cpu start_us=2419481 end_us=2422091 dur_us=2610
UKL-MQTT-BENCH: BUFFULL run_id=try5-c3-cpu start_us=2425092 end_us=2426790 dur_us=1698
UKL-MQTT-BENCH: BUFFULL run_id=try5-c3-cpu start_us=2429174 end_us=2432818 dur_us=3644
UKL-MQTT-BENCH: BUFFULL run_id=try5-c3-cpu start_us=2435835 end_us=2438836 dur_us=3000
UKL-MQTT-BENCH: BUFFULL run_id=try5-c3-cpu start_us=2441846 end_us=2443792 dur_us=1946
UKL-MQTT-BENCH: BUFFULL run_id=try5-c3-cpu start_us=2446213 end_us=2448776 dur_us=2562
UKL-MQTT-BENCH: BUFFULL run_id=try5-c3-cpu start_us=2451170 end_us=2454817 dur_us=3647
UKL-MQTT-BENCH: BUFFULL run_id=try5-c3-cpu start_us=2457853 end_us=2460830 dur_us=2976
UKL-MQTT-BENCH: BUFFULL run_id=try5-c3-cpu start_us=2463957 end_us=2467136 dur_us=3179
UKL-MQTT-BENCH: BUFFULL run_id=try5-c3-cpu start_us=2470177 end_us=2474910 dur_us=4732
UKL-MQTT-BENCH: BUFFULL run_id=try5-c3-cpu start_us=2478563 end_us=2480826 dur_us=2262
UKL-MQTT-BENCH: BUFFULL run_id=try5-c3-cpu start_us=2483865 end_us=2486832 dur_us=2966
UKL-MQTT-BENCH: BUFFULL run_id=try5-c3-cpu start_us=2492539 end_us=2496040 dur_us=3501
UKL-MQTT-BENCH: BUFFULL run_id=try5-c3-cpu start_us=2498436 end_us=2502038 dur_us=3602
UKL-MQTT-BENCH: BUFFULL run_id=try5-c3-cpu start_us=2505055 end_us=2508038 dur_us=2983
UKL-MQTT-BENCH: BUFFULL run_id=try5-c3-cpu start_us=2511077 end_us=2512759 dur_us=1682
UKL-MQTT-BENCH: BUFFULL run_id=try5-c3-cpu start_us=2515155 end_us=2520874 dur_us=5718
UKL-MQTT-BENCH: BUFFULL run_id=try5-c3-cpu start_us=2525121 end_us=2528974 dur_us=3853
UKL-MQTT-BENCH: BUFFULL run_id=try5-c3-cpu start_us=2532642 end_us=2534850 dur_us=2207
UKL-MQTT-BENCH: BUFFULL run_id=try5-c3-cpu start_us=2537858 end_us=2542856 dur_us=4998
UKL-MQTT-BENCH: BUFFULL run_id=try5-c3-cpu start_us=2547107 end_us=2548778 dur_us=1670
UKL-MQTT-BENCH: BUFFULL run_id=try5-c3-cpu start_us=2552529 end_us=2556079 dur_us=3549
UKL-MQTT-BENCH: BUFFULL run_id=try5-c3-cpu start_us=2559116 end_us=2561814 dur_us=2697
UKL-MQTT-BENCH: BUFFULL run_id=try5-c3-cpu start_us=2564225 end_us=2567811 dur_us=3585
UKL-MQTT-BENCH: BUFFULL run_id=try5-c3-cpu start_us=2570840 end_us=2573831 dur_us=2991
UKL-MQTT-BENCH: BUFFULL run_id=try5-c3-cpu start_us=2576993 end_us=2582257 dur_us=5263
UKL-MQTT-BENCH: BUFFULL run_id=try5-c3-cpu start_us=2585476 end_us=2586887 dur_us=1410
UKL-MQTT-BENCH: BUFFULL run_id=try5-c3-cpu start_us=2590063 end_us=2591820 dur_us=1757
UKL-MQTT-BENCH: BUFFULL run_id=try5-c3-cpu start_us=2594316 end_us=2596860 dur_us=2544
UKL-MQTT-BENCH: BUFFULL run_id=try5-c3-cpu start_us=2599254 end_us=2602827 dur_us=3572
UKL-MQTT-BENCH: BUFFULL run_id=try5-c3-cpu start_us=2605851 end_us=2607805 dur_us=1953
UKL-MQTT-BENCH: BUFFULL run_id=try5-c3-cpu start_us=2610218 end_us=2613085 dur_us=2867
UKL-MQTT-BENCH: BUFFULL run_id=try5-c3-cpu start_us=2615466 end_us=2618763 dur_us=3297
UKL-MQTT-BENCH: BUFFULL run_id=try5-c3-cpu start_us=2621153 end_us=2623780 dur_us=2627
UKL-MQTT-BENCH: BUFFULL run_id=try5-c3-cpu start_us=2627488 end_us=2631139 dur_us=3651
UKL-MQTT-BENCH: BUFFULL run_id=try5-c3-cpu start_us=2634238 end_us=2637865 dur_us=3626
UKL-MQTT-BENCH: BUFFULL run_id=try5-c3-cpu start_us=2640861 end_us=2644840 dur_us=3978
UKL-MQTT-BENCH: BUFFULL run_id=try5-c3-cpu start_us=2648482 end_us=2650862 dur_us=2380
UKL-MQTT-BENCH: BUFFULL run_id=try5-c3-cpu start_us=2656570 end_us=2660834 dur_us=4263
UKL-MQTT-BENCH: BUFFULL run_id=try5-c3-cpu start_us=2663846 end_us=2668123 dur_us=4276
UKL-MQTT-BENCH: BUFFULL run_id=try5-c3-cpu start_us=2671769 end_us=2672810 dur_us=1040
UKL-MQTT-BENCH: BUFFULL run_id=try5-c3-cpu start_us=2675229 end_us=2679137 dur_us=3908
UKL-MQTT-BENCH: BUFFULL run_id=try5-c3-cpu start_us=2682232 end_us=2689100 dur_us=6868
UKL-MQTT-BENCH: BUFFULL run_id=try5-c3-cpu start_us=2695831 end_us=2698828 dur_us=2997
UKL-MQTT-BENCH: BUFFULL run_id=try5-c3-cpu start_us=2701229 end_us=2703776 dur_us=2547
UKL-MQTT-BENCH: BUFFULL run_id=try5-c3-cpu start_us=2706160 end_us=2709838 dur_us=3677
UKL-MQTT-BENCH: BUFFULL run_id=try5-c3-cpu start_us=2712870 end_us=2714860 dur_us=1989
UKL-MQTT-BENCH: BUFFULL run_id=try5-c3-cpu start_us=2717273 end_us=2720081 dur_us=2807
UKL-MQTT-BENCH: BUFFULL run_id=try5-c3-cpu start_us=2723099 end_us=2726872 dur_us=3773
UKL-MQTT-BENCH: BUFFULL run_id=try5-c3-cpu start_us=2729874 end_us=2731861 dur_us=1987
UKL-MQTT-BENCH: BUFFULL run_id=try5-c3-cpu start_us=2734249 end_us=2736809 dur_us=2559
UKL-MQTT-BENCH: BUFFULL run_id=try5-c3-cpu start_us=2739202 end_us=2742071 dur_us=2868
UKL-MQTT-BENCH: BUFFULL run_id=try5-c3-cpu start_us=2745077 end_us=2747824 dur_us=2746
UKL-MQTT-BENCH: BUFFULL run_id=try5-c3-cpu start_us=2750215 end_us=2752824 dur_us=2608
UKL-MQTT-BENCH: BUFFULL run_id=try5-c3-cpu start_us=2758548 end_us=2762720 dur_us=4171
UKL-MQTT-BENCH: BUFFULL run_id=try5-c3-cpu start_us=2765739 end_us=2768077 dur_us=2338
UKL-MQTT-BENCH: BUFFULL run_id=try5-c3-cpu start_us=2770456 end_us=2773809 dur_us=3353
UKL-MQTT-BENCH: BUFFULL run_id=try5-c3-cpu start_us=2776822 end_us=2778837 dur_us=2015
UKL-MQTT-BENCH: BUFFULL run_id=try5-c3-cpu start_us=2781226 end_us=2784843 dur_us=3616
UKL-MQTT-BENCH: BUFFULL run_id=try5-c3-cpu start_us=2787858 end_us=2791093 dur_us=3234
UKL-MQTT-BENCH: BUFFULL run_id=try5-c3-cpu start_us=2794112 end_us=2797116 dur_us=3004
UKL-MQTT-BENCH: BUFFULL run_id=try5-c3-cpu start_us=2800165 end_us=2803826 dur_us=3661
UKL-MQTT-BENCH: BUFFULL run_id=try5-c3-cpu start_us=2808902 end_us=2813106 dur_us=4203
UKL-MQTT-BENCH: BUFFULL run_id=try5-c3-cpu start_us=2816121 end_us=2819123 dur_us=3002
UKL-MQTT-BENCH: BUFFULL run_id=try5-c3-cpu start_us=2822131 end_us=2825128 dur_us=2996
UKL-MQTT-BENCH: BUFFULL run_id=try5-c3-cpu start_us=2830791 end_us=2834815 dur_us=4023
UKL-MQTT-BENCH: BUFFULL run_id=try5-c3-cpu start_us=2837201 end_us=2839869 dur_us=2668
UKL-MQTT-BENCH: BUFFULL run_id=try5-c3-cpu start_us=2842868 end_us=2845784 dur_us=2915
UKL-MQTT-BENCH: BUFFULL run_id=try5-c3-cpu start_us=2848179 end_us=2849757 dur_us=1578
UKL-MQTT-BENCH: BUFFULL run_id=try5-c3-cpu start_us=2852210 end_us=2855850 dur_us=3639
UKL-MQTT-BENCH: BUFFULL run_id=try5-c3-cpu start_us=2858865 end_us=2861015 dur_us=2150
UKL-MQTT-BENCH: BUFFULL run_id=try5-c3-cpu start_us=2864191 end_us=2869888 dur_us=5696
UKL-MQTT-BENCH: BUFFULL run_id=try5-c3-cpu start_us=2873551 end_us=2876830 dur_us=3279
UKL-MQTT-BENCH: BUFFULL run_id=try5-c3-cpu start_us=2880470 end_us=2883874 dur_us=3403
UKL-MQTT-BENCH: BUFFULL run_id=try5-c3-cpu start_us=2886886 end_us=2889803 dur_us=2916
UKL-MQTT-BENCH: BUFFULL run_id=try5-c3-cpu start_us=2892815 end_us=2894021 dur_us=1206
UKL-MQTT-BENCH: BUFFULL run_id=try5-c3-cpu start_us=2896410 end_us=2900835 dur_us=4424
UKL-MQTT-BENCH: BUFFULL run_id=try5-c3-cpu start_us=2903859 end_us=2905818 dur_us=1958
UKL-MQTT-BENCH: BUFFULL run_id=try5-c3-cpu start_us=2908203 end_us=2911801 dur_us=3598
UKL-MQTT-BENCH: BUFFULL run_id=try5-c3-cpu start_us=2914822 end_us=2917898 dur_us=3075
UKL-MQTT-BENCH: BUFFULL run_id=try5-c3-cpu start_us=2920904 end_us=2922835 dur_us=1931
UKL-MQTT-BENCH: BUFFULL run_id=try5-c3-cpu start_us=2925220 end_us=2927764 dur_us=2544
UKL-MQTT-BENCH: BUFFULL run_id=try5-c3-cpu start_us=2930282 end_us=2933850 dur_us=3568
UKL-MQTT-BENCH: BUFFULL run_id=try5-c3-cpu start_us=2936875 end_us=2938815 dur_us=1940
UKL-MQTT-BENCH: BUFFULL run_id=try5-c3-cpu start_us=2941825 end_us=2943799 dur_us=1974
UKL-MQTT-BENCH: BUFFULL run_id=try5-c3-cpu start_us=2945583 end_us=2948024 dur_us=2441
UKL-MQTT-BENCH: BUFFULL run_id=try5-c3-cpu start_us=2950464 end_us=2954837 dur_us=4373
UKL-MQTT-BENCH: BUFFULL run_id=try5-c3-cpu start_us=2957933 end_us=2960855 dur_us=2921
UKL-MQTT-BENCH: BUFFULL run_id=try5-c3-cpu start_us=2963930 end_us=2966086 dur_us=2156
UKL-MQTT-BENCH: BUFFULL run_id=try5-c3-cpu start_us=2968599 end_us=2973924 dur_us=5325
UKL-MQTT-BENCH: BUFFULL run_id=try5-c3-cpu start_us=2979616 end_us=2983904 dur_us=4287
UKL-MQTT-BENCH: BUFFULL run_id=try5-c3-cpu start_us=2987001 end_us=2989865 dur_us=2863
UKL-MQTT-BENCH: BUFFULL run_id=try5-c3-cpu start_us=2992883 end_us=2996146 dur_us=3262
UKL-MQTT-BENCH: BUFFULL run_id=try5-c3-cpu start_us=2999239 end_us=3001059 dur_us=1819
UKL-MQTT-BENCH: BUFFULL run_id=try5-c3-cpu start_us=3003447 end_us=3006094 dur_us=2647
UKL-MQTT-BENCH: BUFFULL run_id=try5-c3-cpu start_us=3008629 end_us=3013900 dur_us=5271
UKL-MQTT-BENCH: BUFFULL run_id=try5-c3-cpu start_us=3017767 end_us=3018893 dur_us=1125
UKL-MQTT-BENCH: BUFFULL run_id=try5-c3-cpu start_us=3021430 end_us=3028182 dur_us=6752
UKL-MQTT-BENCH: BUFFULL run_id=try5-c3-cpu start_us=3035173 end_us=3036765 dur_us=1592
UKL-MQTT-BENCH: BUFFULL run_id=try5-c3-cpu start_us=3038532 end_us=3041815 dur_us=3282
UKL-MQTT-BENCH: BUFFULL run_id=try5-c3-cpu start_us=3044196 end_us=3048827 dur_us=4630
UKL-MQTT-BENCH: BUFFULL run_id=try5-c3-cpu start_us=3054418 end_us=3057829 dur_us=3410
UKL-MQTT-BENCH: BUFFULL run_id=try5-c3-cpu start_us=3060205 end_us=3063084 dur_us=2878
UKL-MQTT-BENCH: BUFFULL run_id=try5-c3-cpu start_us=3066122 end_us=3069864 dur_us=3741
UKL-MQTT-BENCH: BUFFULL run_id=try5-c3-cpu start_us=3075775 end_us=3079823 dur_us=4047
UKL-MQTT-BENCH: BUFFULL run_id=try5-c3-cpu start_us=3082223 end_us=3084771 dur_us=2547
UKL-MQTT-BENCH: BUFFULL run_id=try5-c3-cpu start_us=3087166 end_us=3089822 dur_us=2655
UKL-MQTT-BENCH: BUFFULL run_id=try5-c3-cpu start_us=3093531 end_us=3096083 dur_us=2551
UKL-MQTT-BENCH: BUFFULL run_id=try5-c3-cpu start_us=3098465 end_us=3101016 dur_us=2551
UKL-MQTT-BENCH: BUFFULL run_id=try5-c3-cpu start_us=3103403 end_us=3109555 dur_us=6152
UKL-MQTT-BENCH: BUFFULL run_id=try5-c3-cpu start_us=3115883 end_us=3118803 dur_us=2919
UKL-MQTT-BENCH: BUFFULL run_id=try5-c3-cpu start_us=3121193 end_us=3124056 dur_us=2862
UKL-MQTT-BENCH: BUFFULL run_id=try5-c3-cpu start_us=3127079 end_us=3131044 dur_us=3964
UKL-MQTT-BENCH: BUFFULL run_id=try5-c3-cpu start_us=3134050 end_us=3136819 dur_us=2769
UKL-MQTT-BENCH: BUFFULL run_id=try5-c3-cpu start_us=3139827 end_us=3142845 dur_us=3018
UKL-MQTT-BENCH: BUFFULL run_id=try5-c3-cpu start_us=3145857 end_us=3148813 dur_us=2955
UKL-MQTT-BENCH: BUFFULL run_id=try5-c3-cpu start_us=3151832 end_us=3155865 dur_us=4033
UKL-MQTT-BENCH: BUFFULL run_id=try5-c3-cpu start_us=3159482 end_us=3161872 dur_us=2389
UKL-MQTT-BENCH: BUFFULL run_id=try5-c3-cpu start_us=3164883 end_us=3168088 dur_us=3205
UKL-MQTT-BENCH: BUFFULL run_id=try5-c3-cpu start_us=3171186 end_us=3173055 dur_us=1868
UKL-MQTT-BENCH: BUFFULL run_id=try5-c3-cpu start_us=3175440 end_us=3179121 dur_us=3681
UKL-MQTT-BENCH: BUFFULL run_id=try5-c3-cpu start_us=3182144 end_us=3183844 dur_us=1699
UKL-MQTT-BENCH: BUFFULL run_id=try5-c3-cpu start_us=3186240 end_us=3190043 dur_us=3802
UKL-MQTT-BENCH: BUFFULL run_id=try5-c3-cpu start_us=3195518 end_us=3198788 dur_us=3269
UKL-MQTT-BENCH: BUFFULL run_id=try5-c3-cpu start_us=3202550 end_us=3206018 dur_us=3468
UKL-MQTT-BENCH: BUFFULL run_id=try5-c3-cpu start_us=3208405 end_us=3211843 dur_us=3437
UKL-MQTT-BENCH: BUFFULL run_id=try5-c3-cpu start_us=3214845 end_us=3219848 dur_us=5002
UKL-MQTT-BENCH: BUFFULL run_id=try5-c3-cpu start_us=3225555 end_us=3230864 dur_us=5309
UKL-MQTT-BENCH: BUFFULL run_id=try5-c3-cpu start_us=3236554 end_us=3241083 dur_us=4529
UKL-MQTT-BENCH: BUFFULL run_id=try5-c3-cpu start_us=3244708 end_us=3246088 dur_us=1380
UKL-MQTT-BENCH: BUFFULL run_id=try5-c3-cpu start_us=3248483 end_us=3252818 dur_us=4335
UKL-MQTT-BENCH: BUFFULL run_id=try5-c3-cpu start_us=3255831 end_us=3258859 dur_us=3028
UKL-MQTT-BENCH: BUFFULL run_id=try5-c3-cpu start_us=3261864 end_us=3263048 dur_us=1183
UKL-MQTT-BENCH: BUFFULL run_id=try5-c3-cpu start_us=3265432 end_us=3268817 dur_us=3384
UKL-MQTT-BENCH: BUFFULL run_id=try5-c3-cpu start_us=3271237 end_us=3274832 dur_us=3595
UKL-MQTT-BENCH: BUFFULL run_id=try5-c3-cpu start_us=3277857 end_us=3279770 dur_us=1913
UKL-MQTT-BENCH: BUFFULL run_id=try5-c3-cpu start_us=3282794 end_us=3284769 dur_us=1974
UKL-MQTT-BENCH: BUFFULL run_id=try5-c3-cpu start_us=3287176 end_us=3290056 dur_us=2879
UKL-MQTT-BENCH: BUFFULL run_id=try5-c3-cpu start_us=3292441 end_us=3296818 dur_us=4376
UKL-MQTT-BENCH: BUFFULL run_id=try5-c3-cpu start_us=3299842 end_us=3302819 dur_us=2977
UKL-MQTT-BENCH: BUFFULL run_id=try5-c3-cpu start_us=3305839 end_us=3309833 dur_us=3994
UKL-MQTT-BENCH: BUFFULL run_id=try5-c3-cpu start_us=3313475 end_us=3315796 dur_us=2321
UKL-MQTT-BENCH: BUFFULL run_id=try5-c3-cpu start_us=3321559 end_us=3326827 dur_us=5268
UKL-MQTT-BENCH: BUFFULL run_id=try5-c3-cpu start_us=3330454 end_us=3334174 dur_us=3720
UKL-MQTT-BENCH: BUFFULL run_id=try5-c3-cpu start_us=3337803 end_us=3340848 dur_us=3044
UKL-MQTT-BENCH: BUFFULL run_id=try5-c3-cpu start_us=3343857 end_us=3346905 dur_us=3048
UKL-MQTT-BENCH: BUFFULL run_id=try5-c3-cpu start_us=3349916 end_us=3354115 dur_us=4199
UKL-MQTT-BENCH: BUFFULL run_id=try5-c3-cpu start_us=3359844 end_us=3362887 dur_us=3042
UKL-MQTT-BENCH: BUFFULL run_id=try5-c3-cpu start_us=3365463 end_us=3368912 dur_us=3449
UKL-MQTT-BENCH: BUFFULL run_id=try5-c3-cpu start_us=3372119 end_us=3374111 dur_us=1991
UKL-MQTT-BENCH: BUFFULL run_id=try5-c3-cpu start_us=3378206 end_us=3384879 dur_us=6673
UKL-MQTT-BENCH: BUFFULL run_id=try5-c3-cpu start_us=3388518 end_us=3390791 dur_us=2272
UKL-MQTT-BENCH: BUFFULL run_id=try5-c3-cpu start_us=3393190 end_us=3394767 dur_us=1576
UKL-MQTT-BENCH: BUFFULL run_id=try5-c3-cpu start_us=3400490 end_us=3406875 dur_us=6385
UKL-MQTT-BENCH: BUFFULL run_id=try5-c3-cpu start_us=3410499 end_us=3411776 dur_us=1277
UKL-MQTT-BENCH: BUFFULL run_id=try5-c3-cpu start_us=3414171 end_us=3417845 dur_us=3674
UKL-MQTT-BENCH: BUFFULL run_id=try5-c3-cpu start_us=3420855 end_us=3423847 dur_us=2992
UKL-MQTT-BENCH: BUFFULL run_id=try5-c3-cpu start_us=3426849 end_us=3430076 dur_us=3227
UKL-MQTT-BENCH: BUFFULL run_id=try5-c3-cpu start_us=3433076 end_us=3438844 dur_us=5768
UKL-MQTT-BENCH: BUFFULL run_id=try5-c3-cpu start_us=3447736 end_us=3452076 dur_us=4340
UKL-MQTT-BENCH: BUFFULL run_id=try5-c3-cpu start_us=3455069 end_us=3460070 dur_us=5001
UKL-MQTT-BENCH: BUFFULL run_id=try5-c3-cpu start_us=3464377 end_us=3465822 dur_us=1445
UKL-MQTT-BENCH: BUFFULL run_id=try5-c3-cpu start_us=3468283 end_us=3471827 dur_us=3543
UKL-MQTT-BENCH: BUFFULL run_id=try5-c3-cpu start_us=3477560 end_us=3482854 dur_us=5294
UKL-MQTT-BENCH: BUFFULL run_id=try5-c3-cpu start_us=3486536 end_us=3487825 dur_us=1288
UKL-MQTT-BENCH: BUFFULL run_id=try5-c3-cpu start_us=3490291 end_us=3493150 dur_us=2859
UKL-MQTT-BENCH: BUFFULL run_id=try5-c3-cpu start_us=3495565 end_us=3497774 dur_us=2209
UKL-MQTT-BENCH: BUFFULL run_id=try5-c3-cpu start_us=3500196 end_us=3504933 dur_us=4736
UKL-MQTT-BENCH: BUFFULL run_id=try5-c3-cpu start_us=3508594 end_us=3509835 dur_us=1240
UKL-MQTT-BENCH: BUFFULL run_id=try5-c3-cpu start_us=3512235 end_us=3514804 dur_us=2568
UKL-MQTT-BENCH: BUFFULL run_id=try5-c3-cpu start_us=3517198 end_us=3519815 dur_us=2617
UKL-MQTT-BENCH: BUFFULL run_id=try5-c3-cpu start_us=3522205 end_us=3525837 dur_us=3631
UKL-MQTT-BENCH: BUFFULL run_id=try5-c3-cpu start_us=3528851 end_us=3530766 dur_us=1914
UKL-MQTT-BENCH: BUFFULL run_id=try5-c3-cpu start_us=3533149 end_us=3535763 dur_us=2614
UKL-MQTT-BENCH: BUFFULL run_id=try5-c3-cpu start_us=3538149 end_us=3540804 dur_us=2654
UKL-MQTT-BENCH: BUFFULL run_id=try5-c3-cpu start_us=3543181 end_us=3546831 dur_us=3649
UKL-MQTT-BENCH: BUFFULL run_id=try5-c3-cpu start_us=3549838 end_us=3551793 dur_us=1955
UKL-MQTT-BENCH: BUFFULL run_id=try5-c3-cpu start_us=3554167 end_us=3557853 dur_us=3686
UKL-MQTT-BENCH: BUFFULL run_id=try5-c3-cpu start_us=3560869 end_us=3563791 dur_us=2921
UKL-MQTT-BENCH: BUFFULL run_id=try5-c3-cpu start_us=3566783 end_us=3569832 dur_us=3049
UKL-MQTT-BENCH: BUFFULL run_id=try5-c3-cpu start_us=3572833 end_us=3575792 dur_us=2958
UKL-MQTT-BENCH: BUFFULL run_id=try5-c3-cpu start_us=3578883 end_us=3582108 dur_us=3224
UKL-MQTT-BENCH: BUFFULL run_id=try5-c3-cpu start_us=3585124 end_us=3588807 dur_us=3683
UKL-MQTT-BENCH: BUFFULL run_id=try5-c3-cpu start_us=3593845 end_us=3598076 dur_us=4230
UKL-MQTT-BENCH: BUFFULL run_id=try5-c3-cpu start_us=3601095 end_us=3604824 dur_us=3729
UKL-MQTT-BENCH: BUFFULL run_id=try5-c3-cpu start_us=3607857 end_us=3610871 dur_us=3013
UKL-MQTT-BENCH: BUFFULL run_id=try5-c3-cpu start_us=3613861 end_us=3617917 dur_us=4056
UKL-MQTT-BENCH: BUFFULL run_id=try5-c3-cpu start_us=3623610 end_us=3627828 dur_us=4218
UKL-MQTT-BENCH: BUFFULL run_id=try5-c3-cpu start_us=3630831 end_us=3632805 dur_us=1974
UKL-MQTT-BENCH: BUFFULL run_id=try5-c3-cpu start_us=3635184 end_us=3638842 dur_us=3657
UKL-MQTT-BENCH: BUFFULL run_id=try5-c3-cpu start_us=3645148 end_us=3648824 dur_us=3675
UKL-MQTT-BENCH: BUFFULL run_id=try5-c3-cpu start_us=3651205 end_us=3653023 dur_us=1818
UKL-MQTT-BENCH: BUFFULL run_id=try5-c3-cpu start_us=3655400 end_us=3658799 dur_us=3398
UKL-MQTT-BENCH: BUFFULL run_id=try5-c3-cpu start_us=3661184 end_us=3662753 dur_us=1568
UKL-MQTT-BENCH: BUFFULL run_id=try5-c3-cpu start_us=3665148 end_us=3669113 dur_us=3964
UKL-MQTT-BENCH: BUFFULL run_id=try5-c3-cpu start_us=3672185 end_us=3675125 dur_us=2940
UKL-MQTT-BENCH: BUFFULL run_id=try5-c3-cpu start_us=3678137 end_us=3681044 dur_us=2906
UKL-MQTT-BENCH: BUFFULL run_id=try5-c3-cpu start_us=3683447 end_us=3686810 dur_us=3363
UKL-MQTT-BENCH: BUFFULL run_id=try5-c3-cpu start_us=3689843 end_us=3693884 dur_us=4041
UKL-MQTT-BENCH: BUFFULL run_id=try5-c3-cpu start_us=3699581 end_us=3703838 dur_us=4257
UKL-MQTT-BENCH: BUFFULL run_id=try5-c3-cpu start_us=3706892 end_us=3709841 dur_us=2949
UKL-MQTT-BENCH: BUFFULL run_id=try5-c3-cpu start_us=3712887 end_us=3715862 dur_us=2975
UKL-MQTT-BENCH: BUFFULL run_id=try5-c3-cpu start_us=3718915 end_us=3723093 dur_us=4178
UKL-MQTT-BENCH: BUFFULL run_id=try5-c3-cpu start_us=3726739 end_us=3728048 dur_us=1308
UKL-MQTT-BENCH: BUFFULL run_id=try5-c3-cpu start_us=3730441 end_us=3732860 dur_us=2419
UKL-MQTT-BENCH: BUFFULL run_id=try5-c3-cpu start_us=3735260 end_us=3738852 dur_us=3591
UKL-MQTT-BENCH: BUFFULL run_id=try5-c3-cpu start_us=3741882 end_us=3744878 dur_us=2996
UKL-MQTT-BENCH: BUFFULL run_id=try5-c3-cpu start_us=3747917 end_us=3749841 dur_us=1924
UKL-MQTT-BENCH: BUFFULL run_id=try5-c3-cpu start_us=3752245 end_us=3754818 dur_us=2573
UKL-MQTT-BENCH: BUFFULL run_id=try5-c3-cpu start_us=3757212 end_us=3760827 dur_us=3614
UKL-MQTT-BENCH: BUFFULL run_id=try5-c3-cpu start_us=3763859 end_us=3765787 dur_us=1928
UKL-MQTT-BENCH: BUFFULL run_id=try5-c3-cpu start_us=3768191 end_us=3770812 dur_us=2620
UKL-MQTT-BENCH: BUFFULL run_id=try5-c3-cpu start_us=3773214 end_us=3775791 dur_us=2576
UKL-MQTT-BENCH: BUFFULL run_id=try5-c3-cpu start_us=3778184 end_us=3781031 dur_us=2847
UKL-MQTT-BENCH: BUFFULL run_id=try5-c3-cpu start_us=3784091 end_us=3786827 dur_us=2736
UKL-MQTT-BENCH: BUFFULL run_id=try5-c3-cpu start_us=3789241 end_us=3792801 dur_us=3559
UKL-MQTT-BENCH: BUFFULL run_id=try5-c3-cpu start_us=3796000 end_us=3797865 dur_us=1865
UKL-MQTT-BENCH: BUFFULL run_id=try5-c3-cpu start_us=3800304 end_us=3803793 dur_us=3489
UKL-MQTT-BENCH: BUFFULL run_id=try5-c3-cpu start_us=3806239 end_us=3808823 dur_us=2584
UKL-MQTT-BENCH: BUFFULL run_id=try5-c3-cpu start_us=3811849 end_us=3814851 dur_us=3001
UKL-MQTT-BENCH: BUFFULL run_id=try5-c3-cpu start_us=3817874 end_us=3821070 dur_us=3196
UKL-MQTT-BENCH: BUFFULL run_id=try5-c3-cpu start_us=3824097 end_us=3828432 dur_us=4334
UKL-MQTT-BENCH: BUFFULL run_id=try5-c3-cpu start_us=3832091 end_us=3834818 dur_us=2726
UKL-MQTT-BENCH: BUFFULL run_id=try5-c3-cpu start_us=3837835 end_us=3840839 dur_us=3004
UKL-MQTT-BENCH: BUFFULL run_id=try5-c3-cpu start_us=3843852 end_us=3847891 dur_us=4038
UKL-MQTT-BENCH: BUFFULL run_id=try5-c3-cpu start_us=3851537 end_us=3852823 dur_us=1285
UKL-MQTT-BENCH: BUFFULL run_id=try5-c3-cpu start_us=3855200 end_us=3859069 dur_us=3868
UKL-MQTT-BENCH: BUFFULL run_id=try5-c3-cpu start_us=3864552 end_us=3870118 dur_us=5566
UKL-MQTT-BENCH: BUFFULL run_id=try5-c3-cpu start_us=3877216 end_us=3879804 dur_us=2587
UKL-MQTT-BENCH: BUFFULL run_id=try5-c3-cpu start_us=3882284 end_us=3885836 dur_us=3551
UKL-MQTT-BENCH: BUFFULL run_id=try5-c3-cpu start_us=3888242 end_us=3892880 dur_us=4638
UKL-MQTT-BENCH: BUFFULL run_id=try5-c3-cpu start_us=3896551 end_us=3897856 dur_us=1305
UKL-MQTT-BENCH: BUFFULL run_id=try5-c3-cpu start_us=3900258 end_us=3903861 dur_us=3603
UKL-MQTT-BENCH: BUFFULL run_id=try5-c3-cpu start_us=3906955 end_us=3908828 dur_us=1873
UKL-MQTT-BENCH: BUFFULL run_id=try5-c3-cpu start_us=3911233 end_us=3914854 dur_us=3620
UKL-MQTT-BENCH: BUFFULL run_id=try5-c3-cpu start_us=3917883 end_us=3919803 dur_us=1919
UKL-MQTT-BENCH: BUFFULL run_id=try5-c3-cpu start_us=3922227 end_us=3924807 dur_us=2580
UKL-MQTT-BENCH: BUFFULL run_id=try5-c3-cpu start_us=3927197 end_us=3929793 dur_us=2595
UKL-MQTT-BENCH: BUFFULL run_id=try5-c3-cpu start_us=3932205 end_us=3934040 dur_us=1834
UKL-MQTT-BENCH: BUFFULL run_id=try5-c3-cpu start_us=3936434 end_us=3940809 dur_us=4375
UKL-MQTT-BENCH: BUFFULL run_id=try5-c3-cpu start_us=3943822 end_us=3946814 dur_us=2991
UKL-MQTT-BENCH: BUFFULL run_id=try5-c3-cpu start_us=3949829 end_us=3951840 dur_us=2010
UKL-MQTT-BENCH: BUFFULL run_id=try5-c3-cpu start_us=3954237 end_us=3957897 dur_us=3659
UKL-MQTT-BENCH: BUFFULL run_id=try5-c3-cpu start_us=3960989 end_us=3963849 dur_us=2860
UKL-MQTT-BENCH: BUFFULL run_id=try5-c3-cpu start_us=3966886 end_us=3971112 dur_us=4225
UKL-MQTT-BENCH: BUFFULL run_id=try5-c3-cpu start_us=3976793 end_us=3980882 dur_us=4089
UKL-MQTT-BENCH: BUFFULL run_id=try5-c3-cpu start_us=3983929 end_us=3985821 dur_us=1891
UKL-MQTT-BENCH: BUFFULL run_id=try5-c3-cpu start_us=3988301 end_us=3992854 dur_us=4553
UKL-MQTT-BENCH: BUFFULL run_id=try5-c3-cpu start_us=3996523 end_us=3998072 dur_us=1549
UKL-MQTT-BENCH: BUFFULL run_id=try5-c3-cpu start_us=4000477 end_us=4003793 dur_us=3315
UKL-MQTT-BENCH: BUFFULL run_id=try5-c3-cpu start_us=4006222 end_us=4008009 dur_us=1786
UKL-MQTT-BENCH: BUFFULL run_id=try5-c3-cpu start_us=4010412 end_us=4014056 dur_us=3643
UKL-MQTT-BENCH: BUFFULL run_id=try5-c3-cpu start_us=4017089 end_us=4020823 dur_us=3734
UKL-MQTT-BENCH: BUFFULL run_id=try5-c3-cpu start_us=4023853 end_us=4025800 dur_us=1946
UKL-MQTT-BENCH: BUFFULL run_id=try5-c3-cpu start_us=4028206 end_us=4032848 dur_us=4642
UKL-MQTT-BENCH: BUFFULL run_id=try5-c3-cpu start_us=4036492 end_us=4039848 dur_us=3356
UKL-MQTT-BENCH: BUFFULL run_id=try5-c3-cpu start_us=4043492 end_us=4044803 dur_us=1311
UKL-MQTT-BENCH: BUFFULL run_id=try5-c3-cpu start_us=4047207 end_us=4049806 dur_us=2599
UKL-MQTT-BENCH: BUFFULL run_id=try5-c3-cpu start_us=4052214 end_us=4054798 dur_us=2584
UKL-MQTT-BENCH: BUFFULL run_id=try5-c3-cpu start_us=4057223 end_us=4061819 dur_us=4595
UKL-MQTT-BENCH: BUFFULL run_id=try5-c3-cpu start_us=4065466 end_us=4066810 dur_us=1344
UKL-MQTT-BENCH: BUFFULL run_id=try5-c3-cpu start_us=4069226 end_us=4072827 dur_us=3601
UKL-MQTT-BENCH: BUFFULL run_id=try5-c3-cpu start_us=4075845 end_us=4078826 dur_us=2980
UKL-MQTT-BENCH: BUFFULL run_id=try5-c3-cpu start_us=4081853 end_us=4084808 dur_us=2954
UKL-MQTT-BENCH: BUFFULL run_id=try5-c3-cpu start_us=4087838 end_us=4091073 dur_us=3235
UKL-MQTT-BENCH: BUFFULL run_id=try5-c3-cpu start_us=4094111 end_us=4097092 dur_us=2980
UKL-MQTT-BENCH: BUFFULL run_id=try5-c3-cpu start_us=4100167 end_us=4103088 dur_us=2920
UKL-MQTT-BENCH: BUFFULL run_id=try5-c3-cpu start_us=4106120 end_us=4110861 dur_us=4740
UKL-MQTT-BENCH: BUFFULL run_id=try5-c3-cpu start_us=4114566 end_us=4116813 dur_us=2246
UKL-MQTT-BENCH: BUFFULL run_id=try5-c3-cpu start_us=4122626 end_us=4125857 dur_us=3230
UKL-MQTT-BENCH: BUFFULL run_id=try5-c3-cpu start_us=4128259 end_us=4132890 dur_us=4631
UKL-MQTT-BENCH: BUFFULL run_id=try5-c3-cpu start_us=4136550 end_us=4137821 dur_us=1270
UKL-MQTT-BENCH: BUFFULL run_id=try5-c3-cpu start_us=4140219 end_us=4142807 dur_us=2588
UKL-MQTT-BENCH: BUFFULL run_id=try5-c3-cpu start_us=4145211 end_us=4147042 dur_us=1830
UKL-MQTT-BENCH: BUFFULL run_id=try5-c3-cpu start_us=4149439 end_us=4153817 dur_us=4378
UKL-MQTT-BENCH: BUFFULL run_id=try5-c3-cpu start_us=4160193 end_us=4162825 dur_us=2632
UKL-MQTT-BENCH: BUFFULL run_id=try5-c3-cpu start_us=4165229 end_us=4168850 dur_us=3621
UKL-MQTT-BENCH: BUFFULL run_id=try5-c3-cpu start_us=4171895 end_us=4175078 dur_us=3182
UKL-MQTT-BENCH: BUFFULL run_id=try5-c3-cpu start_us=4178139 end_us=4180054 dur_us=1915
UKL-MQTT-BENCH: BUFFULL run_id=try5-c3-cpu start_us=4182436 end_us=4185060 dur_us=2623
UKL-MQTT-BENCH: BUFFULL run_id=try5-c3-cpu start_us=4187440 end_us=4190558 dur_us=3118
UKL-MQTT-BENCH: BUFFULL run_id=try5-c3-cpu start_us=4193668 end_us=4196790 dur_us=3122
UKL-MQTT-BENCH: BUFFULL run_id=try5-c3-cpu start_us=4199816 end_us=4201768 dur_us=1952
UKL-MQTT-BENCH: BUFFULL run_id=try5-c3-cpu start_us=4204176 end_us=4206830 dur_us=2653
UKL-MQTT-BENCH: BUFFULL run_id=try5-c3-cpu start_us=4209235 end_us=4212776 dur_us=3541
UKL-MQTT-BENCH: BUFFULL run_id=try5-c3-cpu start_us=4215180 end_us=4217015 dur_us=1834
UKL-MQTT-BENCH: BUFFULL run_id=try5-c3-cpu start_us=4219410 end_us=4223841 dur_us=4430
UKL-MQTT-BENCH: BUFFULL run_id=try5-c3-cpu start_us=4227491 end_us=4228840 dur_us=1348
UKL-MQTT-BENCH: BUFFULL run_id=try5-c3-cpu start_us=4231262 end_us=4235841 dur_us=4579
UKL-MQTT-BENCH: BUFFULL run_id=try5-c3-cpu start_us=4239496 end_us=4244885 dur_us=5388
UKL-MQTT-BENCH: BUFFULL run_id=try5-c3-cpu start_us=4252225 end_us=4255835 dur_us=3609
UKL-MQTT-BENCH: BUFFULL run_id=try5-c3-cpu start_us=4258867 end_us=4260812 dur_us=1945
UKL-MQTT-BENCH: BUFFULL run_id=try5-c3-cpu start_us=4263213 end_us=4267852 dur_us=4639
UKL-MQTT-BENCH: BUFFULL run_id=try5-c3-cpu start_us=4271542 end_us=4272778 dur_us=1235
UKL-MQTT-BENCH: BUFFULL run_id=try5-c3-cpu start_us=4275179 end_us=4277864 dur_us=2684
UKL-MQTT-BENCH: BUFFULL run_id=try5-c3-cpu start_us=4280260 end_us=4282767 dur_us=2507
UKL-MQTT-BENCH: BUFFULL run_id=try5-c3-cpu start_us=4285163 end_us=4289883 dur_us=4719
UKL-MQTT-BENCH: BUFFULL run_id=try5-c3-cpu start_us=4293557 end_us=4294832 dur_us=1274
UKL-MQTT-BENCH: BUFFULL run_id=try5-c3-cpu start_us=4297227 end_us=4299812 dur_us=2585
UKL-MQTT-BENCH: BUFFULL run_id=try5-c3-cpu start_us=4302215 end_us=4304764 dur_us=2548
UKL-MQTT-BENCH: BUFFULL run_id=try5-c3-cpu start_us=4307191 end_us=4311864 dur_us=4673
UKL-MQTT-BENCH: BUFFULL run_id=try5-c3-cpu start_us=4315505 end_us=4316874 dur_us=1369
UKL-MQTT-BENCH: BUFFULL run_id=try5-c3-cpu start_us=4319268 end_us=4321844 dur_us=2576
UKL-MQTT-BENCH: BUFFULL run_id=try5-c3-cpu start_us=4324240 end_us=4327818 dur_us=3578
UKL-MQTT-BENCH: BUFFULL run_id=try5-c3-cpu start_us=4330856 end_us=4333830 dur_us=2973
UKL-MQTT-BENCH: BUFFULL run_id=try5-c3-cpu start_us=4336867 end_us=4338035 dur_us=1167
UKL-MQTT-BENCH: BUFFULL run_id=try5-c3-cpu start_us=4340426 end_us=4342767 dur_us=2340
UKL-MQTT-BENCH: BUFFULL run_id=try5-c3-cpu start_us=4344592 end_us=4346771 dur_us=2179
UKL-MQTT-BENCH: BUFFULL run_id=try5-c3-cpu start_us=4349169 end_us=4352846 dur_us=3677
UKL-MQTT-BENCH: BUFFULL run_id=try5-c3-cpu start_us=4355888 end_us=4358798 dur_us=2910
UKL-MQTT-BENCH: BUFFULL run_id=try5-c3-cpu start_us=4361826 end_us=4363776 dur_us=1949
UKL-MQTT-BENCH: BUFFULL run_id=try5-c3-cpu start_us=4366180 end_us=4368815 dur_us=2634
UKL-MQTT-BENCH: BUFFULL run_id=try5-c3-cpu start_us=4371213 end_us=4374912 dur_us=3698
UKL-MQTT-BENCH: BUFFULL run_id=try5-c3-cpu start_us=4377932 end_us=4380833 dur_us=2900
UKL-MQTT-BENCH: BUFFULL run_id=try5-c3-cpu start_us=4383861 end_us=4387072 dur_us=3210
UKL-MQTT-BENCH: BUFFULL run_id=try5-c3-cpu start_us=4392496 end_us=4395820 dur_us=3323
UKL-MQTT-BENCH: BUFFULL run_id=try5-c3-cpu start_us=4398240 end_us=4399745 dur_us=1504
UKL-MQTT-BENCH: BUFFULL run_id=try5-c3-cpu start_us=4401531 end_us=4402759 dur_us=1227
UKL-MQTT-BENCH: BUFFULL run_id=try5-c3-cpu start_us=4404605 end_us=4409074 dur_us=4468
UKL-MQTT-BENCH: BUFFULL run_id=try5-c3-cpu start_us=4412099 end_us=4416890 dur_us=4790
UKL-MQTT-BENCH: BUFFULL run_id=try5-c3-cpu start_us=4420536 end_us=4421805 dur_us=1268
UKL-MQTT-BENCH: BUFFULL run_id=try5-c3-cpu start_us=4424209 end_us=4427820 dur_us=3610
UKL-MQTT-BENCH: BUFFULL run_id=try5-c3-cpu start_us=4430833 end_us=4432043 dur_us=1209
UKL-MQTT-BENCH: BUFFULL run_id=try5-c3-cpu start_us=4434424 end_us=4438861 dur_us=4436
UKL-MQTT-BENCH: BUFFULL run_id=try5-c3-cpu start_us=4441880 end_us=4443075 dur_us=1194
UKL-MQTT-BENCH: BUFFULL run_id=try5-c3-cpu start_us=4445463 end_us=4449038 dur_us=3574
UKL-MQTT-BENCH: BUFFULL run_id=try5-c3-cpu start_us=4452054 end_us=4455082 dur_us=3028
UKL-MQTT-BENCH: BUFFULL run_id=try5-c3-cpu start_us=4458099 end_us=4459802 dur_us=1703
UKL-MQTT-BENCH: BUFFULL run_id=try5-c3-cpu start_us=4462207 end_us=4464825 dur_us=2618
UKL-MQTT-BENCH: BUFFULL run_id=try5-c3-cpu start_us=4467201 end_us=4469813 dur_us=2612
UKL-MQTT-BENCH: BUFFULL run_id=try5-c3-cpu start_us=4472264 end_us=4475788 dur_us=3524
UKL-MQTT-BENCH: BUFFULL run_id=try5-c3-cpu start_us=4478184 end_us=4481780 dur_us=3595
UKL-MQTT-BENCH: BUFFULL run_id=try5-c3-cpu start_us=4488156 end_us=4490817 dur_us=2661
UKL-MQTT-BENCH: BUFFULL run_id=try5-c3-cpu start_us=4493216 end_us=4496838 dur_us=3622
UKL-MQTT-BENCH: BUFFULL run_id=try5-c3-cpu start_us=4499907 end_us=4503893 dur_us=3986
UKL-MQTT-BENCH: BUFFULL run_id=try5-c3-cpu start_us=4507574 end_us=4511065 dur_us=3491
UKL-MQTT-BENCH: BUFFULL run_id=try5-c3-cpu start_us=4516745 end_us=4518749 dur_us=2004
UKL-MQTT-BENCH: BUFFULL run_id=try5-c3-cpu start_us=4520542 end_us=4525843 dur_us=5301
UKL-MQTT-BENCH: BUFFULL run_id=try5-c3-cpu start_us=4529496 end_us=4530820 dur_us=1323
UKL-MQTT-BENCH: BUFFULL run_id=try5-c3-cpu start_us=4533231 end_us=4535820 dur_us=2589
UKL-MQTT-BENCH: BUFFULL run_id=try5-c3-cpu start_us=4538894 end_us=4544207 dur_us=5313
UKL-MQTT-BENCH: BUFFULL run_id=try5-c3-cpu start_us=4547864 end_us=4550817 dur_us=2953
UKL-MQTT-BENCH: BUFFULL run_id=try5-c3-cpu start_us=4553831 end_us=4556860 dur_us=3028
UKL-MQTT-BENCH: BUFFULL run_id=try5-c3-cpu start_us=4559867 end_us=4561072 dur_us=1205
UKL-MQTT-BENCH: BUFFULL run_id=try5-c3-cpu start_us=4563450 end_us=4566041 dur_us=2591
UKL-MQTT-BENCH: BUFFULL run_id=try5-c3-cpu start_us=4568428 end_us=4573842 dur_us=5413
UKL-MQTT-BENCH: BUFFULL run_id=try5-c3-cpu start_us=4580451 end_us=4582796 dur_us=2344
UKL-MQTT-BENCH: BUFFULL run_id=try5-c3-cpu start_us=4585197 end_us=4587801 dur_us=2603
UKL-MQTT-BENCH: BUFFULL run_id=try5-c3-cpu start_us=4590289 end_us=4594844 dur_us=4555
UKL-MQTT-BENCH: BUFFULL run_id=try5-c3-cpu start_us=4598478 end_us=4600064 dur_us=1586
UKL-MQTT-BENCH: BUFFULL run_id=try5-c3-cpu start_us=4602507 end_us=4605054 dur_us=2546
UKL-MQTT-BENCH: BUFFULL run_id=try5-c3-cpu start_us=4607461 end_us=4610042 dur_us=2580
UKL-MQTT-BENCH: BUFFULL run_id=try5-c3-cpu start_us=4612445 end_us=4616813 dur_us=4368
UKL-MQTT-BENCH: BUFFULL run_id=try5-c3-cpu start_us=4619856 end_us=4622815 dur_us=2958
UKL-MQTT-BENCH: BUFFULL run_id=try5-c3-cpu start_us=4625844 end_us=4627006 dur_us=1161
UKL-MQTT-BENCH: BUFFULL run_id=try5-c3-cpu start_us=4629391 end_us=4631986 dur_us=2594
UKL-MQTT-BENCH: BUFFULL run_id=try5-c3-cpu start_us=4634379 end_us=4638790 dur_us=4410
UKL-MQTT-BENCH: BUFFULL run_id=try5-c3-cpu start_us=4641824 end_us=4645112 dur_us=3288
UKL-MQTT-BENCH: BUFFULL run_id=try5-c3-cpu start_us=4648738 end_us=4652850 dur_us=4112
UKL-MQTT-BENCH: BUFFULL run_id=try5-c3-cpu start_us=4656479 end_us=4658894 dur_us=2415
UKL-MQTT-BENCH: BUFFULL run_id=try5-c3-cpu start_us=4661908 end_us=4665852 dur_us=3943
UKL-MQTT-BENCH: BUFFULL run_id=try5-c3-cpu start_us=4669556 end_us=4670838 dur_us=1282
UKL-MQTT-BENCH: BUFFULL run_id=try5-c3-cpu start_us=4673218 end_us=4675815 dur_us=2596
UKL-MQTT-BENCH: BUFFULL run_id=try5-c3-cpu start_us=4678209 end_us=4680775 dur_us=2565
UKL-MQTT-BENCH: BUFFULL run_id=try5-c3-cpu start_us=4683173 end_us=4687839 dur_us=4666
UKL-MQTT-BENCH: BUFFULL run_id=try5-c3-cpu start_us=4691489 end_us=4692800 dur_us=1311
UKL-MQTT-BENCH: BUFFULL run_id=try5-c3-cpu start_us=4695202 end_us=4697012 dur_us=1809
UKL-MQTT-BENCH: BUFFULL run_id=try5-c3-cpu start_us=4699403 end_us=4702780 dur_us=3377
UKL-MQTT-BENCH: BUFFULL run_id=try5-c3-cpu start_us=4705218 end_us=4709081 dur_us=3863
UKL-MQTT-BENCH: BUFFULL run_id=try5-c3-cpu start_us=4712743 end_us=4714068 dur_us=1325
UKL-MQTT-BENCH: BUFFULL run_id=try5-c3-cpu start_us=4716467 end_us=4720115 dur_us=3648
UKL-MQTT-BENCH: BUFFULL run_id=try5-c3-cpu start_us=4723139 end_us=4729890 dur_us=6751
UKL-MQTT-BENCH: BUFFULL run_id=try5-c3-cpu start_us=4740726 end_us=4742088 dur_us=1361
UKL-MQTT-BENCH: BUFFULL run_id=try5-c3-cpu start_us=4744474 end_us=4750849 dur_us=6375
UKL-MQTT-BENCH: BUFFULL run_id=try5-c3-cpu start_us=4754487 end_us=4756850 dur_us=2362
UKL-MQTT-BENCH: BUFFULL run_id=try5-c3-cpu start_us=4762555 end_us=4764017 dur_us=1461
UKL-MQTT-BENCH: BUFFULL run_id=try5-c3-cpu start_us=4765800 end_us=4771828 dur_us=6027
UKL-MQTT-BENCH: BUFFULL run_id=try5-c3-cpu start_us=4775462 end_us=4777817 dur_us=2355
UKL-MQTT-BENCH: BUFFULL run_id=try5-c3-cpu start_us=4784164 end_us=4786813 dur_us=2648
UKL-MQTT-BENCH: BUFFULL run_id=try5-c3-cpu start_us=4789215 end_us=4794106 dur_us=4891
UKL-MQTT-BENCH: BUFFULL run_id=try5-c3-cpu start_us=4797753 end_us=4800031 dur_us=2278
UKL-MQTT-BENCH: BUFFULL run_id=try5-c3-cpu start_us=4802415 end_us=4807860 dur_us=5444
UKL-MQTT-BENCH: BUFFULL run_id=try5-c3-cpu start_us=4811519 end_us=4812793 dur_us=1273
UKL-MQTT-BENCH: BUFFULL run_id=try5-c3-cpu start_us=4817858 end_us=4822053 dur_us=4194
UKL-MQTT-BENCH: BUFFULL run_id=try5-c3-cpu start_us=4825089 end_us=4829877 dur_us=4787
UKL-MQTT-BENCH: BUFFULL run_id=try5-c3-cpu start_us=4833554 end_us=4836860 dur_us=3305
UKL-MQTT-BENCH: BUFFULL run_id=try5-c3-cpu start_us=4840507 end_us=4842806 dur_us=2298
UKL-MQTT-BENCH: BUFFULL run_id=try5-c3-cpu start_us=4845219 end_us=4849078 dur_us=3858
UKL-MQTT-BENCH: BUFFULL run_id=try5-c3-cpu start_us=4854065 end_us=4858876 dur_us=4810
UKL-MQTT-BENCH: BUFFULL run_id=try5-c3-cpu start_us=4862528 end_us=4864801 dur_us=2272
UKL-MQTT-BENCH: BUFFULL run_id=try5-c3-cpu start_us=4867192 end_us=4870869 dur_us=3676
UKL-MQTT-BENCH: BUFFULL run_id=try5-c3-cpu start_us=4874501 end_us=4876857 dur_us=2355
UKL-MQTT-BENCH: BUFFULL run_id=try5-c3-cpu start_us=4882581 end_us=4886802 dur_us=4220
UKL-MQTT-BENCH: BUFFULL run_id=try5-c3-cpu start_us=4889190 end_us=4892853 dur_us=3663
UKL-MQTT-BENCH: BUFFULL run_id=try5-c3-cpu start_us=4896500 end_us=4898896 dur_us=2395
UKL-MQTT-BENCH: BUFFULL run_id=try5-c3-cpu start_us=4901278 end_us=4902771 dur_us=1492
UKL-MQTT-BENCH: BUFFULL run_id=try5-c3-cpu start_us=4905149 end_us=4908833 dur_us=3684
UKL-MQTT-BENCH: BUFFULL run_id=try5-c3-cpu start_us=4911227 end_us=4914395 dur_us=3167
UKL-MQTT-BENCH: BUFFULL run_id=try5-c3-cpu start_us=4917421 end_us=4919829 dur_us=2408
UKL-MQTT-BENCH: BUFFULL run_id=try5-c3-cpu start_us=4925541 end_us=4929816 dur_us=4275
UKL-MQTT-BENCH: BUFFULL run_id=try5-c3-cpu start_us=4933552 end_us=4936815 dur_us=3263
UKL-MQTT-BENCH: BUFFULL run_id=try5-c3-cpu start_us=4939867 end_us=4941772 dur_us=1904
UKL-MQTT-BENCH: BUFFULL run_id=try5-c3-cpu start_us=4944167 end_us=4948868 dur_us=4700
UKL-MQTT-BENCH: BUFFULL run_id=try5-c3-cpu start_us=4952510 end_us=4954849 dur_us=2339
UKL-MQTT-BENCH: BUFFULL run_id=try5-c3-cpu start_us=4957908 end_us=4959831 dur_us=1922
UKL-MQTT-BENCH: BUFFULL run_id=try5-c3-cpu start_us=4962305 end_us=4965830 dur_us=3525
UKL-MQTT-BENCH: BUFFULL run_id=try5-c3-cpu start_us=4968846 end_us=4970820 dur_us=1974
UKL-MQTT-BENCH: BUFFULL run_id=try5-c3-cpu start_us=4973211 end_us=4976828 dur_us=3616
UKL-MQTT-BENCH: BUFFULL run_id=try5-c3-cpu start_us=4979865 end_us=4981788 dur_us=1923
UKL-MQTT-BENCH: BUFFULL run_id=try5-c3-cpu start_us=4984186 end_us=4987819 dur_us=3633
UKL-MQTT-BENCH: BUFFULL run_id=try5-c3-cpu start_us=4990880 end_us=4992817 dur_us=1936
UKL-MQTT-BENCH: BUFFULL run_id=try5-c3-cpu start_us=4995222 end_us=4998818 dur_us=3596
UKL-MQTT-BENCH: BUFFULL run_id=try5-c3-cpu start_us=5001216 end_us=5003800 dur_us=2583
UKL-MQTT-BENCH: BUFFULL run_id=try5-c3-cpu start_us=5006194 end_us=5009805 dur_us=3610
UKL-MQTT-BENCH: BUFFULL run_id=try5-c3-cpu start_us=5012882 end_us=5014840 dur_us=1957
UKL-MQTT-BENCH: BUFFULL run_id=try5-c3-cpu start_us=5017871 end_us=5020846 dur_us=2974
UKL-MQTT-BENCH: BUFFULL run_id=try5-c3-cpu start_us=5023879 end_us=5025809 dur_us=1930
UKL-MQTT-BENCH: BUFFULL run_id=try5-c3-cpu start_us=5028218 end_us=5032870 dur_us=4652
UKL-MQTT-BENCH: BUFFULL run_id=try5-c3-cpu start_us=5036522 end_us=5039117 dur_us=2594
UKL-MQTT-BENCH: BUFFULL run_id=try5-c3-cpu start_us=5042145 end_us=5045082 dur_us=2937
UKL-MQTT-BENCH: BUFFULL run_id=try5-c3-cpu start_us=5048124 end_us=5051058 dur_us=2934
UKL-MQTT-BENCH: BUFFULL run_id=try5-c3-cpu start_us=5053451 end_us=5057840 dur_us=4389
UKL-MQTT-BENCH: BUFFULL run_id=try5-c3-cpu start_us=5063461 end_us=5066788 dur_us=3327
UKL-MQTT-BENCH: BUFFULL run_id=try5-c3-cpu start_us=5069216 end_us=5073853 dur_us=4637
UKL-MQTT-BENCH: BUFFULL run_id=try5-c3-cpu start_us=5077494 end_us=5080081 dur_us=2587
UKL-MQTT-BENCH: BUFFULL run_id=try5-c3-cpu start_us=5083134 end_us=5086852 dur_us=3718
UKL-MQTT-BENCH: BUFFULL run_id=try5-c3-cpu start_us=5089906 end_us=5092842 dur_us=2936
UKL-MQTT-BENCH: BUFFULL run_id=try5-c3-cpu start_us=5095875 end_us=5098821 dur_us=2946
UKL-MQTT-BENCH: BUFFULL run_id=try5-c3-cpu start_us=5101848 end_us=5103816 dur_us=1967
UKL-MQTT-BENCH: BUFFULL run_id=try5-c3-cpu start_us=5106218 end_us=5108788 dur_us=2569
UKL-MQTT-BENCH: BUFFULL run_id=try5-c3-cpu start_us=5111175 end_us=5114814 dur_us=3639
UKL-MQTT-BENCH: BUFFULL run_id=try5-c3-cpu start_us=5117220 end_us=5120864 dur_us=3643
UKL-MQTT-BENCH: BUFFULL run_id=try5-c3-cpu start_us=5124516 end_us=5125806 dur_us=1290
UKL-MQTT-BENCH: BUFFULL run_id=try5-c3-cpu start_us=5128207 end_us=5130783 dur_us=2576
UKL-MQTT-BENCH: BUFFULL run_id=try5-c3-cpu start_us=5133184 end_us=5135804 dur_us=2620
UKL-MQTT-BENCH: BUFFULL run_id=try5-c3-cpu start_us=5138213 end_us=5142866 dur_us=4652
UKL-MQTT-BENCH: BUFFULL run_id=try5-c3-cpu start_us=5148577 end_us=5152000 dur_us=3422
UKL-MQTT-BENCH: BUFFULL run_id=try5-c3-cpu start_us=5154399 end_us=5157829 dur_us=3429
UKL-MQTT-BENCH: BUFFULL run_id=try5-c3-cpu start_us=5160851 end_us=5164086 dur_us=3235
UKL-MQTT-BENCH: BUFFULL run_id=try5-c3-cpu start_us=5167723 end_us=5169039 dur_us=1316
UKL-MQTT-BENCH: BUFFULL run_id=try5-c3-cpu start_us=5171437 end_us=5177899 dur_us=6462
UKL-MQTT-BENCH: BUFFULL run_id=try5-c3-cpu start_us=5185173 end_us=5186801 dur_us=1627
UKL-MQTT-BENCH: BUFFULL run_id=try5-c3-cpu start_us=5188593 end_us=5191067 dur_us=2473
UKL-MQTT-BENCH: BUFFULL run_id=try5-c3-cpu start_us=5193469 end_us=5198838 dur_us=5368
UKL-MQTT-BENCH: BUFFULL run_id=try5-c3-cpu start_us=5201851 end_us=5204820 dur_us=2969
UKL-MQTT-BENCH: BUFFULL run_id=try5-c3-cpu start_us=5211143 end_us=5212987 dur_us=1844
UKL-MQTT-BENCH: BUFFULL run_id=try5-c3-cpu start_us=5215429 end_us=5219844 dur_us=4414
UKL-MQTT-BENCH: BUFFULL run_id=try5-c3-cpu start_us=5222873 end_us=5225800 dur_us=2926
UKL-MQTT-BENCH: BUFFULL run_id=try5-c3-cpu start_us=5228877 end_us=5229997 dur_us=1119
UKL-MQTT-BENCH: BUFFULL run_id=try5-c3-cpu start_us=5232394 end_us=5236066 dur_us=3672
UKL-MQTT-BENCH: BUFFULL run_id=try5-c3-cpu start_us=5239094 end_us=5241814 dur_us=2719
UKL-MQTT-BENCH: BUFFULL run_id=try5-c3-cpu start_us=5244211 end_us=5248073 dur_us=3862
UKL-MQTT-BENCH: BUFFULL run_id=try5-c3-cpu start_us=5251717 end_us=5255845 dur_us=4127
UKL-MQTT-BENCH: BUFFULL run_id=try5-c3-cpu start_us=5261495 end_us=5265068 dur_us=3572
UKL-MQTT-BENCH: BUFFULL run_id=try5-c3-cpu start_us=5268087 end_us=5271865 dur_us=3778
UKL-MQTT-BENCH: BUFFULL run_id=try5-c3-cpu start_us=5274880 end_us=5277409 dur_us=2528
UKL-MQTT-BENCH: BUFFULL run_id=try5-c3-cpu start_us=5280465 end_us=5284842 dur_us=4376
UKL-MQTT-BENCH: BUFFULL run_id=try5-c3-cpu start_us=5290531 end_us=5293788 dur_us=3257
UKL-MQTT-BENCH: BUFFULL run_id=try5-c3-cpu start_us=5296210 end_us=5299804 dur_us=3593
UKL-MQTT-BENCH: BUFFULL run_id=try5-c3-cpu start_us=5302835 end_us=5305815 dur_us=2980
UKL-MQTT-BENCH: BUFFULL run_id=try5-c3-cpu start_us=5309517 end_us=5314092 dur_us=4575
UKL-MQTT-BENCH: BUFFULL run_id=try5-c3-cpu start_us=5317844 end_us=5320089 dur_us=2245
UKL-MQTT-BENCH: BUFFULL run_id=try5-c3-cpu start_us=5323116 end_us=5326829 dur_us=3712
UKL-MQTT-BENCH: BUFFULL run_id=try5-c3-cpu start_us=5329864 end_us=5334858 dur_us=4993
UKL-MQTT-BENCH: BUFFULL run_id=try5-c3-cpu start_us=5341185 end_us=5343810 dur_us=2625
UKL-MQTT-BENCH: BUFFULL run_id=try5-c3-cpu start_us=5346206 end_us=5349836 dur_us=3630
UKL-MQTT-BENCH: BUFFULL run_id=try5-c3-cpu start_us=5352857 end_us=5355798 dur_us=2941
UKL-MQTT-BENCH: BUFFULL run_id=try5-c3-cpu start_us=5358823 end_us=5361819 dur_us=2995
UKL-MQTT-BENCH: BUFFULL run_id=try5-c3-cpu start_us=5364824 end_us=5366816 dur_us=1992
UKL-MQTT-BENCH: BUFFULL run_id=try5-c3-cpu start_us=5369197 end_us=5371762 dur_us=2564
UKL-MQTT-BENCH: BUFFULL run_id=try5-c3-cpu start_us=5374159 end_us=5377819 dur_us=3659
UKL-MQTT-BENCH: BUFFULL run_id=try5-c3-cpu start_us=5380829 end_us=5383855 dur_us=3025
UKL-MQTT-BENCH: BUFFULL run_id=try5-c3-cpu start_us=5386863 end_us=5388819 dur_us=1955
UKL-MQTT-BENCH: BUFFULL run_id=try5-c3-cpu start_us=5391198 end_us=5395908 dur_us=4709
UKL-MQTT-BENCH: BUFFULL run_id=try5-c3-cpu start_us=5401778 end_us=5405857 dur_us=4079
UKL-MQTT-BENCH: BUFFULL run_id=try5-c3-cpu start_us=5408935 end_us=5410762 dur_us=1827
UKL-MQTT-BENCH: BUFFULL run_id=try5-c3-cpu start_us=5413161 end_us=5416057 dur_us=2896
UKL-MQTT-BENCH: BUFFULL run_id=try5-c3-cpu start_us=5419089 end_us=5421083 dur_us=1994
UKL-MQTT-BENCH: BUFFULL run_id=try5-c3-cpu start_us=5423482 end_us=5426850 dur_us=3367
UKL-MQTT-BENCH: BUFFULL run_id=try5-c3-cpu start_us=5429260 end_us=5431760 dur_us=2499
UKL-MQTT-BENCH: BUFFULL run_id=try5-c3-cpu start_us=5434171 end_us=5436834 dur_us=2663
UKL-MQTT-BENCH: BUFFULL run_id=try5-c3-cpu start_us=5439870 end_us=5442790 dur_us=2920
UKL-MQTT-BENCH: BUFFULL run_id=try5-c3-cpu start_us=5445207 end_us=5446758 dur_us=1551
UKL-MQTT-BENCH: BUFFULL run_id=try5-c3-cpu start_us=5449182 end_us=5450742 dur_us=1559
UKL-MQTT-BENCH: BUFFULL run_id=try5-c3-cpu start_us=5452551 end_us=5457824 dur_us=5272
UKL-MQTT-BENCH: BUFFULL run_id=try5-c3-cpu start_us=5460858 end_us=5462835 dur_us=1977
UKL-MQTT-BENCH: BUFFULL run_id=try5-c3-cpu start_us=5466061 end_us=5469089 dur_us=3028
UKL-MQTT-BENCH: BUFFULL run_id=try5-c3-cpu start_us=5472210 end_us=5475058 dur_us=2847
UKL-MQTT-BENCH: BUFFULL run_id=try5-c3-cpu start_us=5477456 end_us=5481076 dur_us=3620
UKL-MQTT-BENCH: BUFFULL run_id=try5-c3-cpu start_us=5484121 end_us=5486011 dur_us=1889
UKL-MQTT-BENCH: BUFFULL run_id=try5-c3-cpu start_us=5489055 end_us=5491046 dur_us=1991
UKL-MQTT-BENCH: BUFFULL run_id=try5-c3-cpu start_us=5493447 end_us=5496847 dur_us=3400
UKL-MQTT-BENCH: BUFFULL run_id=try5-c3-cpu start_us=5499878 end_us=5502824 dur_us=2945
UKL-MQTT-BENCH: BUFFULL run_id=try5-c3-cpu start_us=5505859 end_us=5510834 dur_us=4974
UKL-MQTT-BENCH: BUFFULL run_id=try5-c3-cpu start_us=5517442 end_us=5519998 dur_us=2556
UKL-MQTT-BENCH: BUFFULL run_id=try5-c3-cpu start_us=5522452 end_us=5527872 dur_us=5420
UKL-MQTT-BENCH: BUFFULL run_id=try5-c3-cpu start_us=5531548 end_us=5533813 dur_us=2264
UKL-MQTT-BENCH: BUFFULL run_id=try5-c3-cpu start_us=5536231 end_us=5538844 dur_us=2613
UKL-MQTT-BENCH: BUFFULL run_id=try5-c3-cpu start_us=5541896 end_us=5544816 dur_us=2920
UKL-MQTT-BENCH: BUFFULL run_id=try5-c3-cpu start_us=5547234 end_us=5549831 dur_us=2596
UKL-MQTT-BENCH: BUFFULL run_id=try5-c3-cpu start_us=5552888 end_us=5555839 dur_us=2950
UKL-MQTT-BENCH: BUFFULL run_id=try5-c3-cpu start_us=5558896 end_us=5560803 dur_us=1906
UKL-MQTT-BENCH: BUFFULL run_id=try5-c3-cpu start_us=5563226 end_us=5566833 dur_us=3607
UKL-MQTT-BENCH: BUFFULL run_id=try5-c3-cpu start_us=5569886 end_us=5571811 dur_us=1925
UKL-MQTT-BENCH: BUFFULL run_id=try5-c3-cpu start_us=5574228 end_us=5577909 dur_us=3680
UKL-MQTT-BENCH: BUFFULL run_id=try5-c3-cpu start_us=5581195 end_us=5584094 dur_us=2899
UKL-MQTT-BENCH: BUFFULL run_id=try5-c3-cpu start_us=5586643 end_us=5589837 dur_us=3193
UKL-MQTT-BENCH: BUFFULL run_id=try5-c3-cpu start_us=5592907 end_us=5594830 dur_us=1923
UKL-MQTT-BENCH: BUFFULL run_id=try5-c3-cpu start_us=5597268 end_us=5600843 dur_us=3575
UKL-MQTT-BENCH: BUFFULL run_id=try5-c3-cpu start_us=5603850 end_us=5606911 dur_us=3060
UKL-MQTT-BENCH: BUFFULL run_id=try5-c3-cpu start_us=5609926 end_us=5612909 dur_us=2983
UKL-MQTT-BENCH: BUFFULL run_id=try5-c3-cpu start_us=5615930 end_us=5617775 dur_us=1844
UKL-MQTT-BENCH: BUFFULL run_id=try5-c3-cpu start_us=5620162 end_us=5623873 dur_us=3710
UKL-MQTT-BENCH: BUFFULL run_id=try5-c3-cpu start_us=5626945 end_us=5628771 dur_us=1826
UKL-MQTT-BENCH: BUFFULL run_id=try5-c3-cpu start_us=5631174 end_us=5633776 dur_us=2602
UKL-MQTT-BENCH: BUFFULL run_id=try5-c3-cpu start_us=5636184 end_us=5638241 dur_us=2057
UKL-MQTT-BENCH: BUFFULL run_id=try5-c3-cpu start_us=5640698 end_us=5644809 dur_us=4110
UKL-MQTT-BENCH: BUFFULL run_id=try5-c3-cpu start_us=5650394 end_us=5654826 dur_us=4431
UKL-MQTT-BENCH: BUFFULL run_id=try5-c3-cpu start_us=5657221 end_us=5659846 dur_us=2625
UKL-MQTT-BENCH: BUFFULL run_id=try5-c3-cpu start_us=5662879 end_us=5665862 dur_us=2982
UKL-MQTT-BENCH: BUFFULL run_id=try5-c3-cpu start_us=5668281 end_us=5671837 dur_us=3556
UKL-MQTT-BENCH: BUFFULL run_id=try5-c3-cpu start_us=5674897 end_us=5679159 dur_us=4262
UKL-MQTT-BENCH: BUFFULL run_id=try5-c3-cpu start_us=5684730 end_us=5687849 dur_us=3118
UKL-MQTT-BENCH: BUFFULL run_id=try5-c3-cpu start_us=5690243 end_us=5693838 dur_us=3594
UKL-MQTT-BENCH: BUFFULL run_id=try5-c3-cpu start_us=5697476 end_us=5699813 dur_us=2337
UKL-MQTT-BENCH: BUFFULL run_id=try5-c3-cpu start_us=5702198 end_us=5703770 dur_us=1571
UKL-MQTT-BENCH: BUFFULL run_id=try5-c3-cpu start_us=5706151 end_us=5708756 dur_us=2604
UKL-MQTT-BENCH: BUFFULL run_id=try5-c3-cpu start_us=5711158 end_us=5715880 dur_us=4722
UKL-MQTT-BENCH: BUFFULL run_id=try5-c3-cpu start_us=5719509 end_us=5721823 dur_us=2314
UKL-MQTT-BENCH: BUFFULL run_id=try5-c3-cpu start_us=5724205 end_us=5729900 dur_us=5694
UKL-MQTT-BENCH: BUFFULL run_id=try5-c3-cpu start_us=5734201 end_us=5735797 dur_us=1596
UKL-MQTT-BENCH: BUFFULL run_id=try5-c3-cpu start_us=5740814 end_us=5744840 dur_us=4026
UKL-MQTT-BENCH: BUFFULL run_id=try5-c3-cpu start_us=5747905 end_us=5751074 dur_us=3168
UKL-MQTT-BENCH: BUFFULL run_id=try5-c3-cpu start_us=5754108 end_us=5757827 dur_us=3719
UKL-MQTT-BENCH: BUFFULL run_id=try5-c3-cpu start_us=5760857 end_us=5764871 dur_us=4013
UKL-MQTT-BENCH: BUFFULL run_id=try5-c3-cpu start_us=5770593 end_us=5774856 dur_us=4262
UKL-MQTT-BENCH: BUFFULL run_id=try5-c3-cpu start_us=5777893 end_us=5780797 dur_us=2904
UKL-MQTT-BENCH: BUFFULL run_id=try5-c3-cpu start_us=5783194 end_us=5786849 dur_us=3655
UKL-MQTT-BENCH: BUFFULL run_id=try5-c3-cpu start_us=5792929 end_us=5796019 dur_us=3090
UKL-MQTT-BENCH: BUFFULL run_id=try5-c3-cpu start_us=5798442 end_us=5801029 dur_us=2587
UKL-MQTT-BENCH: BUFFULL run_id=try5-c3-cpu start_us=5803467 end_us=5807055 dur_us=3588
UKL-MQTT-BENCH: BUFFULL run_id=try5-c3-cpu start_us=5810087 end_us=5812797 dur_us=2710
UKL-MQTT-BENCH: BUFFULL run_id=try5-c3-cpu start_us=5815814 end_us=5818826 dur_us=3011
UKL-MQTT-BENCH: BUFFULL run_id=try5-c3-cpu start_us=5821843 end_us=5825881 dur_us=4037
UKL-MQTT-BENCH: BUFFULL run_id=try5-c3-cpu start_us=5829594 end_us=5832081 dur_us=2486
UKL-MQTT-BENCH: BUFFULL run_id=try5-c3-cpu start_us=5835100 end_us=5838066 dur_us=2966
UKL-MQTT-BENCH: BUFFULL run_id=try5-c3-cpu start_us=5841093 end_us=5844811 dur_us=3717
UKL-MQTT-BENCH: BUFFULL run_id=try5-c3-cpu start_us=5847221 end_us=5848761 dur_us=1540
UKL-MQTT-BENCH: BUFFULL run_id=try5-c3-cpu start_us=5851159 end_us=5854060 dur_us=2900
UKL-MQTT-BENCH: BUFFULL run_id=try5-c3-cpu start_us=5857089 end_us=5859048 dur_us=1959
UKL-MQTT-BENCH: BUFFULL run_id=try5-c3-cpu start_us=5861444 end_us=5865102 dur_us=3657
UKL-MQTT-BENCH: BUFFULL run_id=try5-c3-cpu start_us=5868115 end_us=5870815 dur_us=2699
UKL-MQTT-BENCH: BUFFULL run_id=try5-c3-cpu start_us=5873250 end_us=5876087 dur_us=2837
UKL-MQTT-BENCH: BUFFULL run_id=try5-c3-cpu start_us=5878468 end_us=5881073 dur_us=2604
UKL-MQTT-BENCH: BUFFULL run_id=try5-c3-cpu start_us=5884111 end_us=5886764 dur_us=2653
UKL-MQTT-BENCH: BUFFULL run_id=try5-c3-cpu start_us=5889161 end_us=5892021 dur_us=2860
UKL-MQTT-BENCH: BUFFULL run_id=try5-c3-cpu start_us=5894431 end_us=5897827 dur_us=3395
UKL-MQTT-BENCH: BUFFULL run_id=try5-c3-cpu start_us=5903584 end_us=5907828 dur_us=4244
UKL-MQTT-BENCH: BUFFULL run_id=try5-c3-cpu start_us=5910841 end_us=5912818 dur_us=1977
UKL-MQTT-BENCH: BUFFULL run_id=try5-c3-cpu start_us=5915198 end_us=5917792 dur_us=2593
UKL-MQTT-BENCH: BUFFULL run_id=try5-c3-cpu start_us=5920190 end_us=5922810 dur_us=2619
UKL-MQTT-BENCH: BUFFULL run_id=try5-c3-cpu start_us=5925816 end_us=5928032 dur_us=2216
UKL-MQTT-BENCH: BUFFULL run_id=try5-c3-cpu start_us=5930447 end_us=5933825 dur_us=3377
UKL-MQTT-BENCH: BUFFULL run_id=try5-c3-cpu start_us=5936851 end_us=5938821 dur_us=1970
UKL-MQTT-BENCH: BUFFULL run_id=try5-c3-cpu start_us=5941223 end_us=5944801 dur_us=3578
UKL-MQTT-BENCH: BUFFULL run_id=try5-c3-cpu start_us=5947209 end_us=5949835 dur_us=2626
UKL-MQTT-BENCH: BUFFULL run_id=try5-c3-cpu start_us=5952846 end_us=5955855 dur_us=3008
UKL-MQTT-BENCH: BUFFULL run_id=try5-c3-cpu start_us=5958879 end_us=5961844 dur_us=2965
UKL-MQTT-BENCH: BUFFULL run_id=try5-c3-cpu start_us=5964864 end_us=5967848 dur_us=2983
UKL-MQTT-BENCH: BUFFULL run_id=try5-c3-cpu start_us=5970853 end_us=5973804 dur_us=2951
UKL-MQTT-BENCH: BUFFULL run_id=try5-c3-cpu start_us=5976198 end_us=5977765 dur_us=1566
UKL-MQTT-BENCH: BUFFULL run_id=try5-c3-cpu start_us=5980155 end_us=5983828 dur_us=3672
UKL-MQTT-BENCH: BUFFULL run_id=try5-c3-cpu start_us=5986873 end_us=5989810 dur_us=2937
UKL-MQTT-BENCH: BUFFULL run_id=try5-c3-cpu start_us=5992414 end_us=5995189 dur_us=2775
UKL-MQTT-BENCH: BUFFULL run_id=try5-c3-cpu start_us=5998227 end_us=6000006 dur_us=1778
UKL-MQTT-BENCH: BUFFULL run_id=try5-c3-cpu start_us=6002402 end_us=6006079 dur_us=3676
UKL-MQTT-BENCH: BUFFULL run_id=try5-c3-cpu start_us=6009077 end_us=6012846 dur_us=3768
UKL-MQTT-BENCH: BUFFULL run_id=try5-c3-cpu start_us=6015867 end_us=6017806 dur_us=1938
UKL-MQTT-BENCH: BUFFULL run_id=try5-c3-cpu start_us=6020207 end_us=6023835 dur_us=3628
UKL-MQTT-BENCH: BUFFULL run_id=try5-c3-cpu start_us=6026870 end_us=6028060 dur_us=1189
UKL-MQTT-BENCH: BUFFULL run_id=try5-c3-cpu start_us=6030443 end_us=6034828 dur_us=4385
UKL-MQTT-BENCH: BUFFULL run_id=try5-c3-cpu start_us=6037228 end_us=6039852 dur_us=2624
UKL-MQTT-BENCH: BUFFULL run_id=try5-c3-cpu start_us=6042883 end_us=6045843 dur_us=2960
UKL-MQTT-BENCH: BUFFULL run_id=try5-c3-cpu start_us=6048243 end_us=6050785 dur_us=2541
UKL-MQTT-BENCH: BUFFULL run_id=try5-c3-cpu start_us=6053812 end_us=6056845 dur_us=3032
UKL-MQTT-BENCH: BUFFULL run_id=try5-c3-cpu start_us=6059241 end_us=6061898 dur_us=2657
UKL-MQTT-BENCH: BUFFULL run_id=try5-c3-cpu start_us=6064979 end_us=6067851 dur_us=2871
UKL-MQTT-BENCH: BUFFULL run_id=try5-c3-cpu start_us=6070243 end_us=6072816 dur_us=2573
UKL-MQTT-BENCH: BUFFULL run_id=try5-c3-cpu start_us=6075865 end_us=6078830 dur_us=2965
UKL-MQTT-BENCH: BUFFULL run_id=try5-c3-cpu start_us=6081219 end_us=6083774 dur_us=2555
UKL-MQTT-BENCH: BUFFULL run_id=try5-c3-cpu start_us=6086162 end_us=6088034 dur_us=1871
UKL-MQTT-BENCH: BUFFULL run_id=try5-c3-cpu start_us=6090429 end_us=6093032 dur_us=2603
UKL-MQTT-BENCH: BUFFULL run_id=try5-c3-cpu start_us=6096050 end_us=6098769 dur_us=2718
UKL-MQTT-BENCH: BUFFULL run_id=try5-c3-cpu start_us=6101152 end_us=6102756 dur_us=1604
UKL-MQTT-BENCH: BUFFULL run_id=try5-c3-cpu start_us=6105143 end_us=6107812 dur_us=2668
UKL-MQTT-BENCH: BUFFULL run_id=try5-c3-cpu start_us=6110198 end_us=6113840 dur_us=3641
UKL-MQTT-BENCH: BUFFULL run_id=try5-c3-cpu start_us=6116852 end_us=6120057 dur_us=3205
UKL-MQTT-BENCH: BUFFULL run_id=try5-c3-cpu start_us=6123066 end_us=6126134 dur_us=3067
UKL-MQTT-BENCH: BUFFULL run_id=try5-c3-cpu start_us=6129155 end_us=6132839 dur_us=3684
UKL-MQTT-BENCH: BUFFULL run_id=try5-c3-cpu start_us=6137909 end_us=6142048 dur_us=4139
UKL-MQTT-BENCH: BUFFULL run_id=try5-c3-cpu start_us=6145077 end_us=6147818 dur_us=2740
UKL-MQTT-BENCH: BUFFULL run_id=try5-c3-cpu start_us=6150223 end_us=6152805 dur_us=2582
UKL-MQTT-BENCH: BUFFULL run_id=try5-c3-cpu start_us=6155206 end_us=6157775 dur_us=2569
UKL-MQTT-BENCH: BUFFULL run_id=try5-c3-cpu start_us=6160179 end_us=6164877 dur_us=4698
UKL-MQTT-BENCH: BUFFULL run_id=try5-c3-cpu start_us=6168501 end_us=6169782 dur_us=1281
UKL-MQTT-BENCH: BUFFULL run_id=try5-c3-cpu start_us=6172159 end_us=6174766 dur_us=2606
UKL-MQTT-BENCH: BUFFULL run_id=try5-c3-cpu start_us=6177178 end_us=6180059 dur_us=2881
UKL-MQTT-BENCH: BUFFULL run_id=try5-c3-cpu start_us=6183168 end_us=6186893 dur_us=3725
UKL-MQTT-BENCH: BUFFULL run_id=try5-c3-cpu start_us=6190110 end_us=6193092 dur_us=2982
UKL-MQTT-BENCH: BUFFULL run_id=try5-c3-cpu start_us=6196309 end_us=6200914 dur_us=4605
UKL-MQTT-BENCH: BUFFULL run_id=try5-c3-cpu start_us=6205027 end_us=6206185 dur_us=1158
UKL-MQTT-BENCH: BUFFULL run_id=try5-c3-cpu start_us=6208990 end_us=6210075 dur_us=1084
UKL-MQTT-BENCH: BUFFULL run_id=try5-c3-cpu start_us=6211997 end_us=6216868 dur_us=4870
UKL-MQTT-BENCH: BUFFULL run_id=try5-c3-cpu start_us=6220125 end_us=6223861 dur_us=3736
UKL-MQTT-BENCH: BUFFULL run_id=try5-c3-cpu start_us=6227091 end_us=6229858 dur_us=2766
UKL-MQTT-BENCH: BUFFULL run_id=try5-c3-cpu start_us=6232996 end_us=6234875 dur_us=1878
UKL-MQTT-BENCH: BUFFULL run_id=try5-c3-cpu start_us=6237301 end_us=6239827 dur_us=2526
UKL-MQTT-BENCH: BUFFULL run_id=try5-c3-cpu start_us=6242389 end_us=6247100 dur_us=4710
UKL-MQTT-BENCH: BUFFULL run_id=try5-c3-cpu start_us=6250330 end_us=6252858 dur_us=2527
UKL-MQTT-BENCH: BUFFULL run_id=try5-c3-cpu start_us=6256091 end_us=6257831 dur_us=1739
UKL-MQTT-BENCH: BUFFULL run_id=try5-c3-cpu start_us=6260403 end_us=6263815 dur_us=3412
UKL-MQTT-BENCH: BUFFULL run_id=try5-c3-cpu start_us=6266386 end_us=6269867 dur_us=3480
UKL-MQTT-BENCH: BUFFULL run_id=try5-c3-cpu start_us=6273458 end_us=6278007 dur_us=4549
UKL-MQTT-BENCH: BUFFULL run_id=try5-c3-cpu start_us=6282112 end_us=6284195 dur_us=2082
UKL-MQTT-BENCH: BUFFULL run_id=try5-c3-cpu start_us=6287881 end_us=6290933 dur_us=3052
UKL-MQTT-BENCH: BUFFULL run_id=try5-c3-cpu start_us=6294228 end_us=6296163 dur_us=1935
UKL-MQTT-BENCH: BUFFULL run_id=try5-c3-cpu start_us=6299001 end_us=6301910 dur_us=2909
UKL-MQTT-BENCH: BUFFULL run_id=try5-c3-cpu start_us=6304493 end_us=6307939 dur_us=3446
UKL-MQTT-BENCH: BUFFULL run_id=try5-c3-cpu start_us=6311173 end_us=6315921 dur_us=4748
UKL-MQTT-BENCH: BUFFULL run_id=try5-c3-cpu start_us=6322363 end_us=6324849 dur_us=2486
UKL-MQTT-BENCH: BUFFULL run_id=try5-c3-cpu start_us=6327414 end_us=6330772 dur_us=3358
UKL-MQTT-BENCH: BUFFULL run_id=try5-c3-cpu start_us=6333185 end_us=6336847 dur_us=3661
UKL-MQTT-BENCH: BUFFULL run_id=try5-c3-cpu start_us=6340663 end_us=6345861 dur_us=5198
UKL-MQTT-BENCH: BUFFULL run_id=try5-c3-cpu start_us=6349598 end_us=6350821 dur_us=1222
UKL-MQTT-BENCH: BUFFULL run_id=try5-c3-cpu start_us=6353234 end_us=6356847 dur_us=3612
UKL-MQTT-BENCH: BUFFULL run_id=try5-c3-cpu start_us=6363175 end_us=6367884 dur_us=4708
UKL-MQTT-BENCH: BUFFULL run_id=try5-c3-cpu start_us=6371603 end_us=6373834 dur_us=2230
UKL-MQTT-BENCH: BUFFULL run_id=try5-c3-cpu start_us=6376884 end_us=6378795 dur_us=1911
UKL-MQTT-BENCH: BUFFULL run_id=try5-c3-cpu start_us=6381211 end_us=6384821 dur_us=3609
UKL-MQTT-BENCH: BUFFULL run_id=try5-c3-cpu start_us=6387872 end_us=6389834 dur_us=1962
UKL-MQTT-BENCH: BUFFULL run_id=try5-c3-cpu start_us=6392249 end_us=6395837 dur_us=3588
UKL-MQTT-BENCH: BUFFULL run_id=try5-c3-cpu start_us=6398894 end_us=6403140 dur_us=4246
UKL-MQTT-BENCH: BUFFULL run_id=try5-c3-cpu start_us=6407877 end_us=6411198 dur_us=3321
UKL-MQTT-BENCH: BUFFULL run_id=try5-c3-cpu start_us=6414282 end_us=6416039 dur_us=1757
UKL-MQTT-BENCH: BUFFULL run_id=try5-c3-cpu start_us=6421700 end_us=6426848 dur_us=5148
UKL-MQTT-BENCH: BUFFULL run_id=try5-c3-cpu start_us=6429906 end_us=6432829 dur_us=2922
UKL-MQTT-BENCH: BUFFULL run_id=try5-c3-cpu start_us=6435255 end_us=6438866 dur_us=3610
UKL-MQTT-BENCH: BUFFULL run_id=try5-c3-cpu start_us=6442589 end_us=6443899 dur_us=1309
UKL-MQTT-BENCH: BUFFULL run_id=try5-c3-cpu start_us=6446322 end_us=6448843 dur_us=2520
UKL-MQTT-BENCH: BUFFULL run_id=try5-c3-cpu start_us=6451304 end_us=6454866 dur_us=3561
UKL-MQTT-BENCH: BUFFULL run_id=try5-c3-cpu start_us=6457917 end_us=6461113 dur_us=3195
UKL-MQTT-BENCH: BUFFULL run_id=try5-c3-cpu start_us=6464254 end_us=6466084 dur_us=1830
UKL-MQTT-BENCH: BUFFULL run_id=try5-c3-cpu start_us=6468659 end_us=6471840 dur_us=3181
UKL-MQTT-BENCH: BUFFULL run_id=try5-c3-cpu start_us=6474503 end_us=6478098 dur_us=3595
UKL-MQTT-BENCH: BUFFULL run_id=try5-c3-cpu start_us=6481350 end_us=6484891 dur_us=3540
UKL-MQTT-BENCH: BUFFULL run_id=try5-c3-cpu start_us=6488139 end_us=6490143 dur_us=2004
UKL-MQTT-BENCH: BUFFULL run_id=try5-c3-cpu start_us=6492755 end_us=6496973 dur_us=4217
UKL-MQTT-BENCH: BUFFULL run_id=try5-c3-cpu start_us=6500242 end_us=6503108 dur_us=2866
UKL-MQTT-BENCH: BUFFULL run_id=try5-c3-cpu start_us=6506376 end_us=6508681 dur_us=2305
UKL-MQTT-BENCH: BUFFULL run_id=try5-c3-cpu start_us=6511263 end_us=6513811 dur_us=2548
UKL-MQTT-BENCH: BUFFULL run_id=try5-c3-cpu start_us=6516308 end_us=6520088 dur_us=3780
UKL-MQTT-BENCH: BUFFULL run_id=try5-c3-cpu start_us=6523157 end_us=6526922 dur_us=3764
UKL-MQTT-BENCH: BUFFULL run_id=try5-c3-cpu start_us=6530000 end_us=6531848 dur_us=1848
UKL-MQTT-BENCH: BUFFULL run_id=try5-c3-cpu start_us=6534260 end_us=6536806 dur_us=2546
UKL-MQTT-BENCH: BUFFULL run_id=try5-c3-cpu start_us=6539268 end_us=6542813 dur_us=3545
UKL-MQTT-BENCH: BUFFULL run_id=try5-c3-cpu start_us=6545288 end_us=6548916 dur_us=3627
UKL-MQTT-BENCH: BUFFULL run_id=try5-c3-cpu start_us=6551968 end_us=6553833 dur_us=1864
UKL-MQTT-BENCH: BUFFULL run_id=try5-c3-cpu start_us=6556346 end_us=6557773 dur_us=1426
UKL-MQTT-BENCH: BUFFULL run_id=try5-c3-cpu start_us=6560201 end_us=6563825 dur_us=3623
UKL-MQTT-BENCH: BUFFULL run_id=try5-c3-cpu start_us=6566246 end_us=6569820 dur_us=3573
UKL-MQTT-BENCH: BUFFULL run_id=try5-c3-cpu start_us=6573558 end_us=6574814 dur_us=1256
UKL-MQTT-BENCH: BUFFULL run_id=try5-c3-cpu start_us=6576626 end_us=6579833 dur_us=3207
UKL-MQTT-BENCH: BUFFULL run_id=try5-c3-cpu start_us=6582873 end_us=6585796 dur_us=2922
UKL-MQTT-BENCH: BUFFULL run_id=try5-c3-cpu start_us=6588255 end_us=6590824 dur_us=2568
UKL-MQTT-BENCH: BUFFULL run_id=try5-c3-cpu start_us=6593905 end_us=6596827 dur_us=2922
UKL-MQTT-BENCH: BUFFULL run_id=try5-c3-cpu start_us=6599261 end_us=6601864 dur_us=2602
UKL-MQTT-BENCH: BUFFULL run_id=try5-c3-cpu start_us=6604956 end_us=6607849 dur_us=2892
UKL-MQTT-BENCH: BUFFULL run_id=try5-c3-cpu start_us=6610301 end_us=6613872 dur_us=3571
UKL-MQTT-BENCH: BUFFULL run_id=try5-c3-cpu start_us=6617739 end_us=6620913 dur_us=3173
UKL-MQTT-BENCH: BUFFULL run_id=try5-c3-cpu start_us=6626660 end_us=6630891 dur_us=4230
UKL-MQTT-BENCH: BUFFULL run_id=try5-c3-cpu start_us=6633925 end_us=6636862 dur_us=2936
UKL-MQTT-BENCH: BUFFULL run_id=try5-c3-cpu start_us=6639269 end_us=6642033 dur_us=2763
UKL-MQTT-BENCH: BUFFULL run_id=try5-c3-cpu start_us=6645284 end_us=6646818 dur_us=1534
UKL-MQTT-BENCH: BUFFULL run_id=try5-c3-cpu start_us=6649317 end_us=6651864 dur_us=2547
UKL-MQTT-BENCH: BUFFULL run_id=try5-c3-cpu start_us=6653744 end_us=6657778 dur_us=4033
UKL-MQTT-BENCH: BUFFULL run_id=try5-c3-cpu start_us=6660946 end_us=6663514 dur_us=2568
UKL-MQTT-BENCH: BUFFULL run_id=try5-c3-cpu start_us=6666784 end_us=6670015 dur_us=3231
UKL-MQTT-BENCH: BUFFULL run_id=try5-c3-cpu start_us=6673180 end_us=6676620 dur_us=3439
UKL-MQTT-BENCH: BUFFULL run_id=try5-c3-cpu start_us=6679744 end_us=6680791 dur_us=1047
UKL-MQTT-BENCH: BUFFULL run_id=try5-c3-cpu start_us=6682630 end_us=6686910 dur_us=4280
UKL-MQTT-BENCH: BUFFULL run_id=try5-c3-cpu start_us=6690037 end_us=6692928 dur_us=2890
UKL-MQTT-BENCH: BUFFULL run_id=try5-c3-cpu start_us=6695991 end_us=6698953 dur_us=2961
UKL-MQTT-BENCH: BUFFULL run_id=try5-c3-cpu start_us=6701991 end_us=6704980 dur_us=2989
UKL-MQTT-BENCH: BUFFULL run_id=try5-c3-cpu start_us=6708062 end_us=6711140 dur_us=3077
UKL-MQTT-BENCH: BUFFULL run_id=try5-c3-cpu start_us=6714167 end_us=6716958 dur_us=2790
UKL-MQTT-BENCH: BUFFULL run_id=try5-c3-cpu start_us=6719345 end_us=6723073 dur_us=3728
UKL-MQTT-BENCH: BUFFULL run_id=try5-c3-cpu start_us=6726120 end_us=6729842 dur_us=3721
UKL-MQTT-BENCH: BUFFULL run_id=try5-c3-cpu start_us=6735567 end_us=6739095 dur_us=3527
UKL-MQTT-BENCH: BUFFULL run_id=try5-c3-cpu start_us=6742126 end_us=6745065 dur_us=2939
UKL-MQTT-BENCH: BUFFULL run_id=try5-c3-cpu start_us=6748118 end_us=6751058 dur_us=2940
UKL-MQTT-BENCH: BUFFULL run_id=try5-c3-cpu start_us=6753474 end_us=6757884 dur_us=4410
UKL-MQTT-BENCH: BUFFULL run_id=try5-c3-cpu start_us=6763629 end_us=6767112 dur_us=3482
UKL-MQTT-BENCH: BUFFULL run_id=try5-c3-cpu start_us=6769511 end_us=6773031 dur_us=3519
UKL-MQTT-BENCH: BUFFULL run_id=try5-c3-cpu start_us=6776074 end_us=6778849 dur_us=2774
UKL-MQTT-BENCH: BUFFULL run_id=try5-c3-cpu start_us=6781895 end_us=6783018 dur_us=1122
UKL-MQTT-BENCH: BUFFULL run_id=try5-c3-cpu start_us=6784810 end_us=6788831 dur_us=4021
UKL-MQTT-BENCH: BUFFULL run_id=try5-c3-cpu start_us=6792669 end_us=6795836 dur_us=3167
UKL-MQTT-BENCH: BUFFULL run_id=try5-c3-cpu start_us=6798251 end_us=6800869 dur_us=2617
UKL-MQTT-BENCH: BUFFULL run_id=try5-c3-cpu start_us=6803914 end_us=6806841 dur_us=2926
UKL-MQTT-BENCH: BUFFULL run_id=try5-c3-cpu start_us=6809336 end_us=6811852 dur_us=2515
UKL-MQTT-BENCH: BUFFULL run_id=try5-c3-cpu start_us=6814893 end_us=6818942 dur_us=4048
UKL-MQTT-BENCH: BUFFULL run_id=try5-c3-cpu start_us=6825227 end_us=6828858 dur_us=3631
UKL-MQTT-BENCH: BUFFULL run_id=try5-c3-cpu start_us=6831258 end_us=6833846 dur_us=2588
UKL-MQTT-BENCH: BUFFULL run_id=try5-c3-cpu start_us=6836895 end_us=6839922 dur_us=3027
UKL-MQTT-BENCH: BUFFULL run_id=try5-c3-cpu start_us=6845665 end_us=6848804 dur_us=3139
UKL-MQTT-BENCH: BUFFULL run_id=try5-c3-cpu start_us=6852780 end_us=6857089 dur_us=4308
UKL-MQTT-BENCH: BUFFULL run_id=try5-c3-cpu start_us=6860136 end_us=6862051 dur_us=1915
UKL-MQTT-BENCH: BUFFULL run_id=try5-c3-cpu start_us=6864455 end_us=6869773 dur_us=5317
UKL-MQTT-BENCH: BUFFULL run_id=try5-c3-cpu start_us=6872821 end_us=6874030 dur_us=1209
UKL-MQTT-BENCH: BUFFULL run_id=try5-c3-cpu start_us=6877110 end_us=6879320 dur_us=2209
UKL-MQTT-BENCH: BUFFULL run_id=try5-c3-cpu start_us=6881746 end_us=6884771 dur_us=3025
UKL-MQTT-BENCH: BUFFULL run_id=try5-c3-cpu start_us=6887187 end_us=6891061 dur_us=3873
UKL-MQTT-BENCH: BUFFULL run_id=try5-c3-cpu start_us=6894107 end_us=6896823 dur_us=2715
UKL-MQTT-BENCH: BUFFULL run_id=try5-c3-cpu start_us=6899869 end_us=6901807 dur_us=1937
UKL-MQTT-BENCH: BUFFULL run_id=try5-c3-cpu start_us=6904212 end_us=6908881 dur_us=4668
UKL-MQTT-BENCH: BUFFULL run_id=try5-c3-cpu start_us=6912549 end_us=6914848 dur_us=2299
UKL-MQTT-BENCH: BUFFULL run_id=try5-c3-cpu start_us=6917925 end_us=6920822 dur_us=2896
UKL-MQTT-BENCH: BUFFULL run_id=try5-c3-cpu start_us=6923886 end_us=6925811 dur_us=1925
UKL-MQTT-BENCH: BUFFULL run_id=try5-c3-cpu start_us=6928229 end_us=6931844 dur_us=3614
UKL-MQTT-BENCH: BUFFULL run_id=try5-c3-cpu start_us=6934888 end_us=6937899 dur_us=3010
UKL-MQTT-BENCH: BUFFULL run_id=try5-c3-cpu start_us=6940955 end_us=6944059 dur_us=3103
UKL-MQTT-BENCH: BUFFULL run_id=try5-c3-cpu start_us=6946500 end_us=6950093 dur_us=3592
UKL-MQTT-BENCH: BUFFULL run_id=try5-c3-cpu start_us=6953169 end_us=6955098 dur_us=1928
UKL-MQTT-BENCH: BUFFULL run_id=try5-c3-cpu start_us=6958157 end_us=6960026 dur_us=1869
UKL-MQTT-BENCH: BUFFULL run_id=try5-c3-cpu start_us=6962444 end_us=6966082 dur_us=3638
UKL-MQTT-BENCH: BUFFULL run_id=try5-c3-cpu start_us=6969137 end_us=6972060 dur_us=2922
UKL-MQTT-BENCH: BUFFULL run_id=try5-c3-cpu start_us=6974479 end_us=6975752 dur_us=1273
UKL-MQTT-BENCH: BUFFULL run_id=try5-c3-cpu start_us=6977645 end_us=6981800 dur_us=4154
UKL-MQTT-BENCH: BUFFULL run_id=try5-c3-cpu start_us=6984993 end_us=6986012 dur_us=1019
UKL-MQTT-BENCH: BUFFULL run_id=try5-c3-cpu start_us=6989937 end_us=6994754 dur_us=4816
UKL-MQTT-BENCH: BUFFULL run_id=try5-c3-cpu start_us=6997915 end_us=7002887 dur_us=4971
UKL-MQTT-BENCH: BUFFULL run_id=try5-c3-cpu start_us=7006714 end_us=7008590 dur_us=1876
UKL-MQTT-BENCH: BUFFULL run_id=try5-c3-cpu start_us=7011164 end_us=7013890 dur_us=2725
UKL-MQTT-BENCH: BUFFULL run_id=try5-c3-cpu start_us=7017031 end_us=7020066 dur_us=3035
UKL-MQTT-BENCH: BUFFULL run_id=try5-c3-cpu start_us=7023169 end_us=7025095 dur_us=1926
UKL-MQTT-BENCH: BUFFULL run_id=try5-c3-cpu start_us=7027604 end_us=7032848 dur_us=5243
UKL-MQTT-BENCH: BUFFULL run_id=try5-c3-cpu start_us=7035912 end_us=7037804 dur_us=1892
UKL-MQTT-BENCH: BUFFULL run_id=try5-c3-cpu start_us=7040854 end_us=7043827 dur_us=2973
UKL-MQTT-BENCH: BUFFULL run_id=try5-c3-cpu start_us=7049550 end_us=7054851 dur_us=5301
UKL-MQTT-BENCH: BUFFULL run_id=try5-c3-cpu start_us=7058583 end_us=7060855 dur_us=2272
UKL-MQTT-BENCH: BUFFULL run_id=try5-c3-cpu start_us=7063906 end_us=7068105 dur_us=4199
UKL-MQTT-BENCH: BUFFULL run_id=try5-c3-cpu start_us=7071773 end_us=7074840 dur_us=3066
UKL-MQTT-BENCH: BUFFULL run_id=try5-c3-cpu start_us=7077257 end_us=7079024 dur_us=1767
UKL-MQTT-BENCH: BUFFULL run_id=try5-c3-cpu start_us=7081437 end_us=7082753 dur_us=1316
UKL-MQTT-BENCH: BUFFULL run_id=try5-c3-cpu start_us=7085169 end_us=7089830 dur_us=4660
UKL-MQTT-BENCH: BUFFULL run_id=try5-c3-cpu start_us=7092928 end_us=7095031 dur_us=2102
UKL-MQTT-BENCH: BUFFULL run_id=try5-c3-cpu start_us=7098074 end_us=7100824 dur_us=2749
UKL-MQTT-BENCH: BUFFULL run_id=try5-c3-cpu start_us=7103234 end_us=7104750 dur_us=1515
UKL-MQTT-BENCH: BUFFULL run_id=try5-c3-cpu start_us=7107159 end_us=7111845 dur_us=4685
UKL-MQTT-BENCH: BUFFULL run_id=try5-c3-cpu start_us=7114883 end_us=7116830 dur_us=1947
UKL-MQTT-BENCH: BUFFULL run_id=try5-c3-cpu start_us=7119879 end_us=7122818 dur_us=2938
UKL-MQTT-BENCH: BUFFULL run_id=try5-c3-cpu start_us=7125218 end_us=7129091 dur_us=3872
UKL-MQTT-BENCH: BUFFULL run_id=try5-c3-cpu start_us=7132778 end_us=7135836 dur_us=3058
UKL-MQTT-BENCH: BUFFULL run_id=try5-c3-cpu start_us=7138899 end_us=7140042 dur_us=1143
UKL-MQTT-BENCH: BUFFULL run_id=try5-c3-cpu start_us=7142435 end_us=7145018 dur_us=2583
UKL-MQTT-BENCH: BUFFULL run_id=try5-c3-cpu start_us=7147489 end_us=7151832 dur_us=4343
UKL-MQTT-BENCH: BUFFULL run_id=try5-c3-cpu start_us=7154885 end_us=7157047 dur_us=2162
UKL-MQTT-BENCH: BUFFULL run_id=try5-c3-cpu start_us=7159580 end_us=7162828 dur_us=3248
UKL-MQTT-BENCH: BUFFULL run_id=try5-c3-cpu start_us=7165874 end_us=7168236 dur_us=2362
UKL-MQTT-BENCH: BUFFULL run_id=try5-c3-cpu start_us=7170653 end_us=7173819 dur_us=3166
UKL-MQTT-BENCH: BUFFULL run_id=try5-c3-cpu start_us=7176877 end_us=7179102 dur_us=2225
UKL-MQTT-BENCH: BUFFULL run_id=try5-c3-cpu start_us=7181516 end_us=7184855 dur_us=3338
UKL-MQTT-BENCH: BUFFULL run_id=try5-c3-cpu start_us=7187266 end_us=7190794 dur_us=3527
UKL-MQTT-BENCH: BUFFULL run_id=try5-c3-cpu start_us=7193835 end_us=7195827 dur_us=1991
UKL-MQTT-BENCH: BUFFULL run_id=try5-c3-cpu start_us=7198261 end_us=7200832 dur_us=2571
UKL-MQTT-BENCH: BUFFULL run_id=try5-c3-cpu start_us=7203872 end_us=7204995 dur_us=1122
UKL-MQTT-BENCH: BUFFULL run_id=try5-c3-cpu start_us=7207410 end_us=7211091 dur_us=3681
UKL-MQTT-BENCH: BUFFULL run_id=try5-c3-cpu start_us=7214129 end_us=7216842 dur_us=2712
UKL-MQTT-BENCH: BUFFULL run_id=try5-c3-cpu start_us=7219247 end_us=7222042 dur_us=2794
UKL-MQTT-BENCH: BUFFULL run_id=try5-c3-cpu start_us=7224444 end_us=7227014 dur_us=2570
UKL-MQTT-BENCH: BUFFULL run_id=try5-c3-cpu start_us=7229453 end_us=7233065 dur_us=3611
UKL-MQTT-BENCH: BUFFULL run_id=try5-c3-cpu start_us=7237470 end_us=7239023 dur_us=1552
UKL-MQTT-BENCH: BUFFULL run_id=try5-c3-cpu start_us=7241432 end_us=7245177 dur_us=3745
UKL-MQTT-BENCH: BUFFULL run_id=try5-c3-cpu start_us=7249298 end_us=7251439 dur_us=2140
UKL-MQTT-BENCH: BUFFULL run_id=try5-c3-cpu start_us=7254023 end_us=7257962 dur_us=3938
UKL-MQTT-BENCH: BUFFULL run_id=try5-c3-cpu start_us=7261696 end_us=7264210 dur_us=2513
UKL-MQTT-BENCH: BUFFULL run_id=try5-c3-cpu start_us=7267504 end_us=7271013 dur_us=3508
UKL-MQTT-BENCH: BUFFULL run_id=try5-c3-cpu start_us=7274259 end_us=7278007 dur_us=3748
UKL-MQTT-BENCH: BUFFULL run_id=try5-c3-cpu start_us=7283693 end_us=7287882 dur_us=4188
UKL-MQTT-BENCH: BUFFULL run_id=try5-c3-cpu start_us=7291130 end_us=7294078 dur_us=2948
UKL-MQTT-BENCH: BUFFULL run_id=try5-c3-cpu start_us=7296653 end_us=7299877 dur_us=3223
UKL-MQTT-BENCH: BUFFULL run_id=try5-c3-cpu start_us=7303094 end_us=7304688 dur_us=1594
UKL-MQTT-BENCH: BUFFULL run_id=try5-c3-cpu start_us=7307245 end_us=7310797 dur_us=3551
UKL-MQTT-BENCH: BUFFULL run_id=try5-c3-cpu start_us=7313352 end_us=7315850 dur_us=2498
UKL-MQTT-BENCH: BUFFULL run_id=try5-c3-cpu start_us=7319054 end_us=7321803 dur_us=2748
UKL-MQTT-BENCH: BUFFULL run_id=try5-c3-cpu start_us=7324360 end_us=7326803 dur_us=2443
UKL-MQTT-BENCH: BUFFULL run_id=try5-c3-cpu start_us=7329361 end_us=7332867 dur_us=3505
UKL-MQTT-BENCH: BUFFULL run_id=try5-c3-cpu start_us=7336087 end_us=7338129 dur_us=2042
UKL-MQTT-BENCH: BUFFULL run_id=try5-c3-cpu start_us=7340692 end_us=7343809 dur_us=3117
UKL-MQTT-BENCH: BUFFULL run_id=try5-c3-cpu start_us=7346379 end_us=7350155 dur_us=3775
UKL-MQTT-BENCH: BUFFULL run_id=try5-c3-cpu start_us=7353421 end_us=7356870 dur_us=3449
UKL-MQTT-BENCH: BUFFULL run_id=try5-c3-cpu start_us=7359428 end_us=7361845 dur_us=2417
UKL-MQTT-BENCH: BUFFULL run_id=try5-c3-cpu start_us=7365068 end_us=7369141 dur_us=4072
UKL-MQTT-BENCH: BUFFULL run_id=try5-c3-cpu start_us=7375682 end_us=7379853 dur_us=4170
UKL-MQTT-BENCH: BUFFULL run_id=try5-c3-cpu start_us=7383077 end_us=7386034 dur_us=2957
UKL-MQTT-BENCH: BUFFULL run_id=try5-c3-cpu start_us=7388598 end_us=7392919 dur_us=4321
UKL-MQTT-BENCH: BUFFULL run_id=try5-c3-cpu start_us=7396818 end_us=7400096 dur_us=3278
UKL-MQTT-BENCH: BUFFULL run_id=try5-c3-cpu start_us=7403325 end_us=7406938 dur_us=3612
UKL-MQTT-BENCH: BUFFULL run_id=try5-c3-cpu start_us=7410857 end_us=7413928 dur_us=3071
UKL-MQTT-BENCH: BUFFULL run_id=try5-c3-cpu start_us=7419736 end_us=7425927 dur_us=6190
UKL-MQTT-BENCH: BUFFULL run_id=try5-c3-cpu start_us=7429150 end_us=7430842 dur_us=1692
UKL-MQTT-BENCH: BUFFULL run_id=try5-c3-cpu start_us=7433400 end_us=7436832 dur_us=3432
UKL-MQTT-BENCH: BUFFULL run_id=try5-c3-cpu start_us=7440056 end_us=7441789 dur_us=1732
UKL-MQTT-BENCH: BUFFULL run_id=try5-c3-cpu start_us=7444348 end_us=7447853 dur_us=3504
UKL-MQTT-BENCH: BUFFULL run_id=try5-c3-cpu start_us=7451093 end_us=7452840 dur_us=1747
UKL-MQTT-BENCH: BUFFULL run_id=try5-c3-cpu start_us=7455392 end_us=7459918 dur_us=4526
UKL-MQTT-BENCH: BUFFULL run_id=try5-c3-cpu start_us=7463137 end_us=7464600 dur_us=1463
UKL-MQTT-BENCH: BUFFULL run_id=try5-c3-cpu start_us=7467163 end_us=7470850 dur_us=3686
UKL-MQTT-BENCH: BUFFULL run_id=try5-c3-cpu start_us=7473416 end_us=7476800 dur_us=3384
UKL-MQTT-BENCH: BUFFULL run_id=try5-c3-cpu start_us=7480035 end_us=7482106 dur_us=2070
UKL-MQTT-BENCH: BUFFULL run_id=try5-c3-cpu start_us=7484678 end_us=7487076 dur_us=2397
UKL-MQTT-BENCH: BUFFULL run_id=try5-c3-cpu start_us=7489641 end_us=7492796 dur_us=3155
UKL-MQTT-BENCH: BUFFULL run_id=try5-c3-cpu start_us=7495347 end_us=7498271 dur_us=2923
UKL-MQTT-BENCH: BUFFULL run_id=try5-c3-cpu start_us=7500837 end_us=7504856 dur_us=4018
UKL-MQTT-BENCH: BUFFULL run_id=try5-c3-cpu start_us=7508088 end_us=7509813 dur_us=1725
UKL-MQTT-BENCH: BUFFULL run_id=try5-c3-cpu start_us=7512372 end_us=7514105 dur_us=1732
UKL-MQTT-BENCH: BUFFULL run_id=try5-c3-cpu start_us=7516660 end_us=7520052 dur_us=3392
UKL-MQTT-BENCH: BUFFULL run_id=try5-c3-cpu start_us=7522609 end_us=7526058 dur_us=3449
UKL-MQTT-BENCH: BUFFULL run_id=try5-c3-cpu start_us=7529295 end_us=7531906 dur_us=2610
UKL-MQTT-BENCH: BUFFULL run_id=try5-c3-cpu start_us=7534469 end_us=7537072 dur_us=2603
UKL-MQTT-BENCH: BUFFULL run_id=try5-c3-cpu start_us=7539640 end_us=7542559 dur_us=2918
UKL-MQTT-BENCH: BUFFULL run_id=try5-c3-cpu start_us=7545113 end_us=7548867 dur_us=3753
UKL-MQTT-BENCH: BUFFULL run_id=try5-c3-cpu start_us=7552089 end_us=7554120 dur_us=2030
UKL-MQTT-BENCH: BUFFULL run_id=try5-c3-cpu start_us=7556711 end_us=7559822 dur_us=3110
UKL-MQTT-BENCH: BUFFULL run_id=try5-c3-cpu start_us=7562382 end_us=7563833 dur_us=1450
UKL-MQTT-BENCH: BUFFULL run_id=try5-c3-cpu start_us=7565731 end_us=7570922 dur_us=5191
UKL-MQTT-BENCH: BUFFULL run_id=try5-c3-cpu start_us=7574811 end_us=7576118 dur_us=1306
UKL-MQTT-BENCH: BUFFULL run_id=try5-c3-cpu start_us=7578560 end_us=7579729 dur_us=1169
UKL-MQTT-BENCH: BUFFULL run_id=try5-c3-cpu start_us=7580885 end_us=7585875 dur_us=4990
UKL-MQTT-BENCH: BUFFULL run_id=try5-c3-cpu start_us=7588955 end_us=7590837 dur_us=1882
UKL-MQTT-BENCH: BUFFULL run_id=try5-c3-cpu start_us=7593245 end_us=7595514 dur_us=2268
UKL-MQTT-BENCH: BUFFULL run_id=try5-c3-cpu start_us=7600799 end_us=7606855 dur_us=6056
UKL-MQTT-BENCH: BUFFULL run_id=try5-c3-cpu start_us=7609916 end_us=7611827 dur_us=1910
UKL-MQTT-BENCH: BUFFULL run_id=try5-c3-cpu start_us=7614853 end_us=7616850 dur_us=1996
UKL-MQTT-BENCH: BUFFULL run_id=try5-c3-cpu start_us=7619897 end_us=7621874 dur_us=1976
UKL-MQTT-BENCH: BUFFULL run_id=try5-c3-cpu start_us=7623788 end_us=7625829 dur_us=2040
UKL-MQTT-BENCH: BUFFULL run_id=try5-c3-cpu start_us=7628391 end_us=7633915 dur_us=5523
UKL-MQTT-BENCH: BUFFULL run_id=try5-c3-cpu start_us=7639552 end_us=7641780 dur_us=2227
UKL-MQTT-BENCH: BUFFULL run_id=try5-c3-cpu start_us=7644316 end_us=7648132 dur_us=3816
UKL-MQTT-BENCH: BUFFULL run_id=try5-c3-cpu start_us=7651246 end_us=7654859 dur_us=3613
UKL-MQTT-BENCH: BUFFULL run_id=try5-c3-cpu start_us=7657257 end_us=7659920 dur_us=2662
UKL-MQTT-BENCH: BUFFULL run_id=try5-c3-cpu start_us=7663016 end_us=7665878 dur_us=2861
UKL-MQTT-BENCH: BUFFULL run_id=try5-c3-cpu start_us=7668354 end_us=7671075 dur_us=2720
UKL-MQTT-BENCH: BUFFULL run_id=try5-c3-cpu start_us=7674116 end_us=7677896 dur_us=3779
UKL-MQTT-BENCH: BUFFULL run_id=try5-c3-cpu start_us=7680950 end_us=7682897 dur_us=1947
UKL-MQTT-BENCH: BUFFULL run_id=try5-c3-cpu start_us=7685290 end_us=7688826 dur_us=3536
UKL-MQTT-BENCH: BUFFULL run_id=try5-c3-cpu start_us=7691280 end_us=7695036 dur_us=3756
UKL-MQTT-BENCH: BUFFULL run_id=try5-c3-cpu start_us=7700349 end_us=7702177 dur_us=1828
UKL-MQTT-BENCH: BUFFULL run_id=try5-c3-cpu start_us=7704742 end_us=7707785 dur_us=3042
UKL-MQTT-BENCH: BUFFULL run_id=try5-c3-cpu start_us=7711889 end_us=7716882 dur_us=4993
UKL-MQTT-BENCH: BUFFULL run_id=try5-c3-cpu start_us=7720548 end_us=7723868 dur_us=3319
UKL-MQTT-BENCH: BUFFULL run_id=try5-c3-cpu start_us=7726954 end_us=7729014 dur_us=2059
UKL-MQTT-BENCH: BUFFULL run_id=try5-c3-cpu start_us=7732136 end_us=7736893 dur_us=4756
UKL-MQTT-BENCH: BUFFULL run_id=try5-c3-cpu start_us=7742617 end_us=7746835 dur_us=4217
UKL-MQTT-BENCH: BUFFULL run_id=try5-c3-cpu start_us=7749876 end_us=7754002 dur_us=4126
UKL-MQTT-BENCH: BUFFULL run_id=try5-c3-cpu start_us=7757066 end_us=7758843 dur_us=1777
UKL-MQTT-BENCH: BUFFULL run_id=try5-c3-cpu start_us=7761896 end_us=7766897 dur_us=5001
UKL-MQTT-BENCH: BUFFULL run_id=try5-c3-cpu start_us=7772616 end_us=7776889 dur_us=4272
UKL-MQTT-BENCH: BUFFULL run_id=try5-c3-cpu start_us=7779970 end_us=7781830 dur_us=1860
UKL-MQTT-BENCH: BUFFULL run_id=try5-c3-cpu start_us=7784239 end_us=7787811 dur_us=3571
UKL-MQTT-BENCH: BUFFULL run_id=try5-c3-cpu start_us=7790222 end_us=7792807 dur_us=2585
UKL-MQTT-BENCH: BUFFULL run_id=try5-c3-cpu start_us=7795887 end_us=7798824 dur_us=2937
UKL-MQTT-BENCH: BUFFULL run_id=try5-c3-cpu start_us=7801861 end_us=7803783 dur_us=1921
UKL-MQTT-BENCH: BUFFULL run_id=try5-c3-cpu start_us=7806199 end_us=7809834 dur_us=3634
UKL-MQTT-BENCH: BUFFULL run_id=try5-c3-cpu start_us=7812881 end_us=7815858 dur_us=2977
UKL-MQTT-BENCH: BUFFULL run_id=try5-c3-cpu start_us=7818894 end_us=7820812 dur_us=1917
UKL-MQTT-BENCH: BUFFULL run_id=try5-c3-cpu start_us=7823216 end_us=7825770 dur_us=2554
UKL-MQTT-BENCH: BUFFULL run_id=try5-c3-cpu start_us=7828185 end_us=7831846 dur_us=3661
UKL-MQTT-BENCH: BUFFULL run_id=try5-c3-cpu start_us=7834892 end_us=7837846 dur_us=2953
UKL-MQTT-BENCH: BUFFULL run_id=try5-c3-cpu start_us=7840881 end_us=7842980 dur_us=2099
UKL-MQTT-BENCH: BUFFULL run_id=try5-c3-cpu start_us=7845386 end_us=7849058 dur_us=3671
UKL-MQTT-BENCH: BUFFULL run_id=try5-c3-cpu start_us=7852103 end_us=7854090 dur_us=1986
UKL-MQTT-BENCH: BUFFULL run_id=try5-c3-cpu start_us=7856490 end_us=7860828 dur_us=4337
UKL-MQTT-BENCH: BUFFULL run_id=try5-c3-cpu start_us=7863861 end_us=7865804 dur_us=1943
UKL-MQTT-BENCH: BUFFULL run_id=try5-c3-cpu start_us=7868209 end_us=7871840 dur_us=3631
UKL-MQTT-BENCH: BUFFULL run_id=try5-c3-cpu start_us=7874266 end_us=7876893 dur_us=2626
UKL-MQTT-BENCH: BUFFULL run_id=try5-c3-cpu start_us=7879937 end_us=7882047 dur_us=2109
UKL-MQTT-BENCH: BUFFULL run_id=try5-c3-cpu start_us=7884492 end_us=7887817 dur_us=3324
UKL-MQTT-BENCH: BUFFULL run_id=try5-c3-cpu start_us=7890217 end_us=7892815 dur_us=2598
UKL-MQTT-BENCH: BUFFULL run_id=try5-c3-cpu start_us=7895214 end_us=7897837 dur_us=2622
UKL-MQTT-BENCH: BUFFULL run_id=try5-c3-cpu start_us=7902217 end_us=7906037 dur_us=3820
UKL-MQTT-BENCH: BUFFULL run_id=try5-c3-cpu start_us=7911497 end_us=7914807 dur_us=3310
UKL-MQTT-BENCH: BUFFULL run_id=try5-c3-cpu start_us=7917205 end_us=7919761 dur_us=2556
UKL-MQTT-BENCH: BUFFULL run_id=try5-c3-cpu start_us=7922168 end_us=7925812 dur_us=3644
UKL-MQTT-BENCH: BUFFULL run_id=try5-c3-cpu start_us=7928216 end_us=7930797 dur_us=2581
UKL-MQTT-BENCH: BUFFULL run_id=try5-c3-cpu start_us=7933822 end_us=7936795 dur_us=2973
UKL-MQTT-BENCH: BUFFULL run_id=try5-c3-cpu start_us=7939815 end_us=7942839 dur_us=3023
UKL-MQTT-BENCH: BUFFULL run_id=try5-c3-cpu start_us=7945881 end_us=7948836 dur_us=2955
UKL-MQTT-BENCH: BUFFULL run_id=try5-c3-cpu start_us=7951867 end_us=7955033 dur_us=3165
UKL-MQTT-BENCH: BUFFULL run_id=try5-c3-cpu start_us=7958074 end_us=7962862 dur_us=4788
UKL-MQTT-BENCH: BUFFULL run_id=try5-c3-cpu start_us=7968504 end_us=7971864 dur_us=3360
UKL-MQTT-BENCH: BUFFULL run_id=try5-c3-cpu start_us=7974259 end_us=7977815 dur_us=3556
UKL-MQTT-BENCH: BUFFULL run_id=try5-c3-cpu start_us=7980215 end_us=7984874 dur_us=4658
UKL-MQTT-BENCH: BUFFULL run_id=try5-c3-cpu start_us=7991170 end_us=7993792 dur_us=2621
UKL-MQTT-BENCH: BUFFULL run_id=try5-c3-cpu start_us=7996279 end_us=7999862 dur_us=3582
UKL-MQTT-BENCH: BUFFULL run_id=try5-c3-cpu start_us=8003088 end_us=8007868 dur_us=4779
UKL-MQTT-BENCH: BUFFULL run_id=try5-c3-cpu start_us=8010900 end_us=8013862 dur_us=2962
UKL-MQTT-BENCH: BUFFULL run_id=try5-c3-cpu start_us=8017511 end_us=8019849 dur_us=2337
UKL-MQTT-BENCH: BUFFULL run_id=try5-c3-cpu start_us=8024906 end_us=8029822 dur_us=4916
UKL-MQTT-BENCH: BUFFULL run_id=try5-c3-cpu start_us=8032854 end_us=8035893 dur_us=3039
UKL-MQTT-BENCH: BUFFULL run_id=try5-c3-cpu start_us=8039554 end_us=8041834 dur_us=2279
UKL-MQTT-BENCH: BUFFULL run_id=try5-c3-cpu start_us=8044853 end_us=8046812 dur_us=1959
UKL-MQTT-BENCH: BUFFULL run_id=try5-c3-cpu start_us=8049212 end_us=8053042 dur_us=3830
UKL-MQTT-BENCH: BUFFULL run_id=try5-c3-cpu start_us=8056067 end_us=8057814 dur_us=1746
UKL-MQTT-BENCH: BUFFULL run_id=try5-c3-cpu start_us=8060210 end_us=8064039 dur_us=3829
UKL-MQTT-BENCH: BUFFULL run_id=try5-c3-cpu start_us=8067063 end_us=8070010 dur_us=2947
UKL-MQTT-BENCH: BUFFULL run_id=try5-c3-cpu start_us=8072414 end_us=8075041 dur_us=2627
UKL-MQTT-BENCH: BUFFULL run_id=try5-c3-cpu start_us=8078065 end_us=8079995 dur_us=1930
UKL-MQTT-BENCH: BUFFULL run_id=try5-c3-cpu start_us=8082446 end_us=8086034 dur_us=3587
UKL-MQTT-BENCH: BUFFULL run_id=try5-c3-cpu start_us=8089098 end_us=8092034 dur_us=2936
UKL-MQTT-BENCH: BUFFULL run_id=try5-c3-cpu start_us=8094427 end_us=8097809 dur_us=3381
UKL-MQTT-BENCH: BUFFULL run_id=try5-c3-cpu start_us=8100857 end_us=8104841 dur_us=3984
UKL-MQTT-BENCH: BUFFULL run_id=try5-c3-cpu start_us=8111176 end_us=8114298 dur_us=3122
UKL-MQTT-BENCH: BUFFULL run_id=try5-c3-cpu start_us=8117325 end_us=8119819 dur_us=2494
UKL-MQTT-BENCH: BUFFULL run_id=try5-c3-cpu start_us=8122215 end_us=8125825 dur_us=3610
UKL-MQTT-BENCH: BUFFULL run_id=try5-c3-cpu start_us=8128855 end_us=8130797 dur_us=1942
UKL-MQTT-BENCH: BUFFULL run_id=try5-c3-cpu start_us=8133188 end_us=8136876 dur_us=3687
UKL-MQTT-BENCH: BUFFULL run_id=try5-c3-cpu start_us=8139904 end_us=8141814 dur_us=1910
UKL-MQTT-BENCH: BUFFULL run_id=try5-c3-cpu start_us=8144215 end_us=8147862 dur_us=3647
UKL-MQTT-BENCH: BUFFULL run_id=try5-c3-cpu start_us=8150893 end_us=8153865 dur_us=2972
UKL-MQTT-BENCH: BUFFULL run_id=try5-c3-cpu start_us=8156264 end_us=8158809 dur_us=2545
UKL-MQTT-BENCH: BUFFULL run_id=try5-c3-cpu start_us=8161218 end_us=8163816 dur_us=2598
UKL-MQTT-BENCH: BUFFULL run_id=try5-c3-cpu start_us=8166850 end_us=8168986 dur_us=2136
UKL-MQTT-BENCH: BUFFULL run_id=try5-c3-cpu start_us=8171383 end_us=8174819 dur_us=3436
UKL-MQTT-BENCH: BUFFULL run_id=try5-c3-cpu start_us=8177216 end_us=8179819 dur_us=2602
UKL-MQTT-BENCH: BUFFULL run_id=try5-c3-cpu start_us=8182916 end_us=8185830 dur_us=2914
UKL-MQTT-BENCH: BUFFULL run_id=try5-c3-cpu start_us=8188865 end_us=8191031 dur_us=2165
UKL-MQTT-BENCH: BUFFULL run_id=try5-c3-cpu start_us=8193437 end_us=8196795 dur_us=3357
UKL-MQTT-BENCH: BUFFULL run_id=try5-c3-cpu start_us=8199214 end_us=8201782 dur_us=2568
UKL-MQTT-BENCH: BUFFULL run_id=try5-c3-cpu start_us=8204813 end_us=8207878 dur_us=3064
UKL-MQTT-BENCH: BUFFULL run_id=try5-c3-cpu start_us=8210916 end_us=8213779 dur_us=2862
UKL-MQTT-BENCH: BUFFULL run_id=try5-c3-cpu start_us=8216187 end_us=8218779 dur_us=2591
UKL-MQTT-BENCH: BUFFULL run_id=try5-c3-cpu start_us=8221190 end_us=8225844 dur_us=4654
UKL-MQTT-BENCH: BUFFULL run_id=try5-c3-cpu start_us=8232158 end_us=8238885 dur_us=6727
UKL-MQTT-BENCH: BUFFULL run_id=try5-c3-cpu start_us=8243143 end_us=8245946 dur_us=2803
UKL-MQTT-BENCH: BUFFULL run_id=try5-c3-cpu start_us=8249581 end_us=8251787 dur_us=2205
UKL-MQTT-BENCH: BUFFULL run_id=try5-c3-cpu start_us=8254180 end_us=8258846 dur_us=4665
UKL-MQTT-BENCH: BUFFULL run_id=try5-c3-cpu start_us=8265216 end_us=8267740 dur_us=2524
UKL-MQTT-BENCH: BUFFULL run_id=try5-c3-cpu start_us=8269517 end_us=8272992 dur_us=3475
UKL-MQTT-BENCH: BUFFULL run_id=try5-c3-cpu start_us=8276017 end_us=8279844 dur_us=3826
UKL-MQTT-BENCH: BUFFULL run_id=try5-c3-cpu start_us=8282884 end_us=8284834 dur_us=1949
UKL-MQTT-BENCH: BUFFULL run_id=try5-c3-cpu start_us=8287871 end_us=8290840 dur_us=2969
UKL-MQTT-BENCH: BUFFULL run_id=try5-c3-cpu start_us=8293880 end_us=8298856 dur_us=4976
UKL-MQTT-BENCH: BUFFULL run_id=try5-c3-cpu start_us=8302509 end_us=8303815 dur_us=1305
UKL-MQTT-BENCH: BUFFULL run_id=try5-c3-cpu start_us=8306219 end_us=8309823 dur_us=3603
UKL-MQTT-BENCH: BUFFULL run_id=try5-c3-cpu start_us=8312225 end_us=8314819 dur_us=2594
UKL-MQTT-BENCH: BUFFULL run_id=try5-c3-cpu start_us=8317845 end_us=8320825 dur_us=2979
UKL-MQTT-BENCH: BUFFULL run_id=try5-c3-cpu start_us=8323220 end_us=8325817 dur_us=2597
UKL-MQTT-BENCH: BUFFULL run_id=try5-c3-cpu start_us=8328840 end_us=8331801 dur_us=2961
UKL-MQTT-BENCH: BUFFULL run_id=try5-c3-cpu start_us=8334191 end_us=8336824 dur_us=2632
UKL-MQTT-BENCH: BUFFULL run_id=try5-c3-cpu start_us=8339857 end_us=8342829 dur_us=2971
UKL-MQTT-BENCH: BUFFULL run_id=try5-c3-cpu start_us=8345220 end_us=8347822 dur_us=2602
UKL-MQTT-BENCH: BUFFULL run_id=try5-c3-cpu start_us=8350842 end_us=8353805 dur_us=2962
UKL-MQTT-BENCH: BUFFULL run_id=try5-c3-cpu start_us=8356205 end_us=8358803 dur_us=2597
UKL-MQTT-BENCH: BUFFULL run_id=try5-c3-cpu start_us=8361826 end_us=8364801 dur_us=2974
UKL-MQTT-BENCH: BUFFULL run_id=try5-c3-cpu start_us=8367197 end_us=8369795 dur_us=2597
UKL-MQTT-BENCH: BUFFULL run_id=try5-c3-cpu start_us=8372825 end_us=8375845 dur_us=3020
UKL-MQTT-BENCH: BUFFULL run_id=try5-c3-cpu start_us=8378872 end_us=8381822 dur_us=2950
UKL-MQTT-BENCH: BUFFULL run_id=try5-c3-cpu start_us=8384852 end_us=8386796 dur_us=1943
UKL-MQTT-BENCH: BUFFULL run_id=try5-c3-cpu start_us=8389249 end_us=8392832 dur_us=3583
UKL-MQTT-BENCH: BUFFULL run_id=try5-c3-cpu start_us=8395861 end_us=8398831 dur_us=2969
UKL-MQTT-BENCH: BUFFULL run_id=try5-c3-cpu start_us=8401863 end_us=8404854 dur_us=2991
UKL-MQTT-BENCH: BUFFULL run_id=try5-c3-cpu start_us=8407923 end_us=8412078 dur_us=4155
UKL-MQTT-BENCH: BUFFULL run_id=try5-c3-cpu start_us=8415733 end_us=8417079 dur_us=1345
UKL-MQTT-BENCH: BUFFULL run_id=try5-c3-cpu start_us=8419480 end_us=8420800 dur_us=1320
UKL-MQTT-BENCH: BUFFULL run_id=try5-c3-cpu start_us=8422584 end_us=8426889 dur_us=4304
UKL-MQTT-BENCH: BUFFULL run_id=try5-c3-cpu start_us=8429262 end_us=8434025 dur_us=4762
UKL-MQTT-BENCH: BUFFULL run_id=try5-c3-cpu start_us=8437656 end_us=8438783 dur_us=1127
UKL-MQTT-BENCH: BUFFULL run_id=try5-c3-cpu start_us=8441177 end_us=8442742 dur_us=1564
UKL-MQTT-BENCH: BUFFULL run_id=try5-c3-cpu start_us=8444522 end_us=8448211 dur_us=3688
UKL-MQTT-BENCH: BUFFULL run_id=try5-c3-cpu start_us=8450633 end_us=8452825 dur_us=2192
UKL-MQTT-BENCH: BUFFULL run_id=try5-c3-cpu start_us=8455869 end_us=8460493 dur_us=4624
UKL-MQTT-BENCH: BUFFULL run_id=try5-c3-cpu start_us=8464185 end_us=8468851 dur_us=4666
UKL-MQTT-BENCH: BUFFULL run_id=try5-c3-cpu start_us=8472503 end_us=8474854 dur_us=2350
UKL-MQTT-BENCH: BUFFULL run_id=try5-c3-cpu start_us=8478488 end_us=8481052 dur_us=2564
UKL-MQTT-BENCH: BUFFULL run_id=try5-c3-cpu start_us=8484056 end_us=8487392 dur_us=3335
UKL-MQTT-BENCH: BUFFULL run_id=try5-c3-cpu start_us=8490464 end_us=8494848 dur_us=4383
UKL-MQTT-BENCH: BUFFULL run_id=try5-c3-cpu start_us=8497878 end_us=8500882 dur_us=3004
UKL-MQTT-BENCH: BUFFULL run_id=try5-c3-cpu start_us=8506515 end_us=8509819 dur_us=3304
UKL-MQTT-BENCH: BUFFULL run_id=try5-c3-cpu start_us=8512235 end_us=8516795 dur_us=4559
UKL-MQTT-BENCH: BUFFULL run_id=try5-c3-cpu start_us=8519827 end_us=8522853 dur_us=3026
UKL-MQTT-BENCH: BUFFULL run_id=try5-c3-cpu start_us=8525923 end_us=8529096 dur_us=3173
UKL-MQTT-BENCH: BUFFULL run_id=try5-c3-cpu start_us=8532734 end_us=8534042 dur_us=1307
UKL-MQTT-BENCH: BUFFULL run_id=try5-c3-cpu start_us=8536433 end_us=8542868 dur_us=6435
UKL-MQTT-BENCH: BUFFULL run_id=try5-c3-cpu start_us=8550201 end_us=8551813 dur_us=1611
UKL-MQTT-BENCH: BUFFULL run_id=try5-c3-cpu start_us=8553593 end_us=8556831 dur_us=3237
UKL-MQTT-BENCH: BUFFULL run_id=try5-c3-cpu start_us=8559220 end_us=8563867 dur_us=4647
UKL-MQTT-BENCH: BUFFULL run_id=try5-c3-cpu start_us=8567493 end_us=8569861 dur_us=2367
UKL-MQTT-BENCH: BUFFULL run_id=try5-c3-cpu start_us=8575564 end_us=8578841 dur_us=3276
UKL-MQTT-BENCH: BUFFULL run_id=try5-c3-cpu start_us=8581231 end_us=8584773 dur_us=3541
UKL-MQTT-BENCH: BUFFULL run_id=try5-c3-cpu start_us=8587163 end_us=8589836 dur_us=2673
UKL-MQTT-BENCH: BUFFULL run_id=try5-c3-cpu start_us=8592256 end_us=8594811 dur_us=2554
UKL-MQTT-BENCH: BUFFULL run_id=try5-c3-cpu start_us=8597843 end_us=8600009 dur_us=2166
UKL-MQTT-BENCH: BUFFULL run_id=try5-c3-cpu start_us=8602406 end_us=8604773 dur_us=2366
UKL-MQTT-BENCH: BUFFULL run_id=try5-c3-cpu start_us=8607176 end_us=8610824 dur_us=3647
UKL-MQTT-BENCH: BUFFULL run_id=try5-c3-cpu start_us=8613225 end_us=8615813 dur_us=2588
UKL-MQTT-BENCH: BUFFULL run_id=try5-c3-cpu start_us=8618844 end_us=8620797 dur_us=1953
UKL-MQTT-BENCH: BUFFULL run_id=try5-c3-cpu start_us=8623195 end_us=8626835 dur_us=3639
UKL-MQTT-BENCH: BUFFULL run_id=try5-c3-cpu start_us=8629846 end_us=8632812 dur_us=2966
UKL-MQTT-BENCH: BUFFULL run_id=try5-c3-cpu start_us=8635356 end_us=8638040 dur_us=2683
UKL-MQTT-BENCH: BUFFULL run_id=try5-c3-cpu start_us=8641056 end_us=8643772 dur_us=2716
UKL-MQTT-BENCH: BUFFULL run_id=try5-c3-cpu start_us=8646175 end_us=8649034 dur_us=2858
UKL-MQTT-BENCH: BUFFULL run_id=try5-c3-cpu start_us=8652053 end_us=8655019 dur_us=2966
UKL-MQTT-BENCH: BUFFULL run_id=try5-c3-cpu start_us=8657410 end_us=8660028 dur_us=2617
UKL-MQTT-BENCH: BUFFULL run_id=try5-c3-cpu start_us=8663046 end_us=8665775 dur_us=2729
UKL-MQTT-BENCH: BUFFULL run_id=try5-c3-cpu start_us=8668170 end_us=8671820 dur_us=3650
UKL-MQTT-BENCH: BUFFULL run_id=try5-c3-cpu start_us=8674863 end_us=8677901 dur_us=3037
UKL-MQTT-BENCH: BUFFULL run_id=try5-c3-cpu start_us=8680936 end_us=8682865 dur_us=1928
UKL-MQTT-BENCH: BUFFULL run_id=try5-c3-cpu start_us=8685257 end_us=8688853 dur_us=3595
UKL-MQTT-BENCH: BUFFULL run_id=try5-c3-cpu start_us=8691880 end_us=8694842 dur_us=2962
UKL-MQTT-BENCH: BUFFULL run_id=try5-c3-cpu start_us=8697882 end_us=8699818 dur_us=1936
UKL-MQTT-BENCH: BUFFULL run_id=try5-c3-cpu start_us=8702225 end_us=8704845 dur_us=2620
UKL-MQTT-BENCH: BUFFULL run_id=try5-c3-cpu start_us=8707248 end_us=8709816 dur_us=2567
UKL-MQTT-BENCH: BUFFULL run_id=try5-c3-cpu start_us=8712224 end_us=8715807 dur_us=3582
UKL-MQTT-BENCH: BUFFULL run_id=try5-c3-cpu start_us=8718847 end_us=8721819 dur_us=2971
UKL-MQTT-BENCH: BUFFULL run_id=try5-c3-cpu start_us=8724847 end_us=8726815 dur_us=1967
UKL-MQTT-BENCH: BUFFULL run_id=try5-c3-cpu start_us=8729216 end_us=8731811 dur_us=2594
UKL-MQTT-BENCH: BUFFULL run_id=try5-c3-cpu start_us=8734202 end_us=8737820 dur_us=3618
UKL-MQTT-BENCH: BUFFULL run_id=try5-c3-cpu start_us=8740209 end_us=8744863 dur_us=4653
UKL-MQTT-BENCH: BUFFULL run_id=try5-c3-cpu start_us=8752254 end_us=8754781 dur_us=2527
UKL-MQTT-BENCH: BUFFULL run_id=try5-c3-cpu start_us=8757172 end_us=8760829 dur_us=3656
UKL-MQTT-BENCH: BUFFULL run_id=try5-c3-cpu start_us=8763915 end_us=8766836 dur_us=2921
UKL-MQTT-BENCH: BUFFULL run_id=try5-c3-cpu start_us=8769858 end_us=8771806 dur_us=1947
UKL-MQTT-BENCH: BUFFULL run_id=try5-c3-cpu start_us=8774205 end_us=8777838 dur_us=3633
UKL-MQTT-BENCH: BUFFULL run_id=try5-c3-cpu start_us=8780853 end_us=8783844 dur_us=2991
UKL-MQTT-BENCH: BUFFULL run_id=try5-c3-cpu start_us=8786876 end_us=8788818 dur_us=1942
UKL-MQTT-BENCH: BUFFULL run_id=try5-c3-cpu start_us=8791213 end_us=8793790 dur_us=2576
UKL-MQTT-BENCH: BUFFULL run_id=try5-c3-cpu start_us=8796216 end_us=8799816 dur_us=3599
UKL-MQTT-BENCH: BUFFULL run_id=try5-c3-cpu start_us=8802242 end_us=8805857 dur_us=3615
UKL-MQTT-BENCH: BUFFULL run_id=try5-c3-cpu start_us=8809509 end_us=8811024 dur_us=1515
UKL-MQTT-BENCH: BUFFULL run_id=try5-c3-cpu start_us=8813427 end_us=8817023 dur_us=3596
UKL-MQTT-BENCH: BUFFULL run_id=try5-c3-cpu start_us=8820057 end_us=8823856 dur_us=3799
UKL-MQTT-BENCH: BUFFULL run_id=try5-c3-cpu start_us=8826885 end_us=8828012 dur_us=1127
UKL-MQTT-BENCH: BUFFULL run_id=try5-c3-cpu start_us=8830409 end_us=8833808 dur_us=3398
UKL-MQTT-BENCH: BUFFULL run_id=try5-c3-cpu start_us=8836197 end_us=8839804 dur_us=3606
UKL-MQTT-BENCH: BUFFULL run_id=try5-c3-cpu start_us=8842837 end_us=8845017 dur_us=2180
UKL-MQTT-BENCH: BUFFULL run_id=try5-c3-cpu start_us=8848050 end_us=8850138 dur_us=2088
UKL-MQTT-BENCH: BUFFULL run_id=try5-c3-cpu start_us=8852516 end_us=8855805 dur_us=3289
UKL-MQTT-BENCH: BUFFULL run_id=try5-c3-cpu start_us=8858204 end_us=8861019 dur_us=2815
UKL-MQTT-BENCH: BUFFULL run_id=try5-c3-cpu start_us=8864049 end_us=8867051 dur_us=3001
UKL-MQTT-BENCH: BUFFULL run_id=try5-c3-cpu start_us=8870074 end_us=8872771 dur_us=2696
UKL-MQTT-BENCH: BUFFULL run_id=try5-c3-cpu start_us=8875165 end_us=8878031 dur_us=2865
UKL-MQTT-BENCH: BUFFULL run_id=try5-c3-cpu start_us=8881055 end_us=8883812 dur_us=2757
UKL-MQTT-BENCH: BUFFULL run_id=try5-c3-cpu start_us=8886210 end_us=8889051 dur_us=2840
UKL-MQTT-BENCH: BUFFULL run_id=try5-c3-cpu start_us=8892068 end_us=8894765 dur_us=2696
UKL-MQTT-BENCH: BUFFULL run_id=try5-c3-cpu start_us=8897161 end_us=8900061 dur_us=2900
UKL-MQTT-BENCH: BUFFULL run_id=try5-c3-cpu start_us=8903097 end_us=8905778 dur_us=2680
UKL-MQTT-BENCH: BUFFULL run_id=try5-c3-cpu start_us=8908185 end_us=8911033 dur_us=2848
UKL-MQTT-BENCH: BUFFULL run_id=try5-c3-cpu start_us=8914072 end_us=8917848 dur_us=3776
UKL-MQTT-BENCH: BUFFULL run_id=try5-c3-cpu start_us=8920881 end_us=8922826 dur_us=1945
UKL-MQTT-BENCH: BUFFULL run_id=try5-c3-cpu start_us=8925227 end_us=8928828 dur_us=3601
UKL-MQTT-BENCH: BUFFULL run_id=try5-c3-cpu start_us=8931889 end_us=8933814 dur_us=1924
UKL-MQTT-BENCH: BUFFULL run_id=try5-c3-cpu start_us=8936232 end_us=8939853 dur_us=3620
UKL-MQTT-BENCH: BUFFULL run_id=try5-c3-cpu start_us=8942899 end_us=8944810 dur_us=1911
UKL-MQTT-BENCH: BUFFULL run_id=try5-c3-cpu start_us=8947220 end_us=8950829 dur_us=3608
UKL-MQTT-BENCH: BUFFULL run_id=try5-c3-cpu start_us=8953885 end_us=8955803 dur_us=1917
UKL-MQTT-BENCH: BUFFULL run_id=try5-c3-cpu start_us=8958209 end_us=8961892 dur_us=3683
UKL-MQTT-BENCH: BUFFULL run_id=try5-c3-cpu start_us=8964919 end_us=8966799 dur_us=1880
UKL-MQTT-BENCH: BUFFULL run_id=try5-c3-cpu start_us=8969227 end_us=8971011 dur_us=1784
UKL-MQTT-BENCH: BUFFULL run_id=try5-c3-cpu start_us=8973426 end_us=8977853 dur_us=4426
UKL-MQTT-BENCH: BUFFULL run_id=try5-c3-cpu start_us=8980881 end_us=8982824 dur_us=1943
UKL-MQTT-BENCH: BUFFULL run_id=try5-c3-cpu start_us=8987522 end_us=8992029 dur_us=4506
UKL-MQTT-BENCH: BUFFULL run_id=try5-c3-cpu start_us=8995085 end_us=8998010 dur_us=2925
UKL-MQTT-BENCH: BUFFULL run_id=try5-c3-cpu start_us=9001133 end_us=9004832 dur_us=3699
UKL-MQTT-BENCH: BUFFULL run_id=try5-c3-cpu start_us=9007898 end_us=9011861 dur_us=3962
UKL-MQTT-BENCH: BUFFULL run_id=try5-c3-cpu start_us=9015501 end_us=9017857 dur_us=2355
UKL-MQTT-BENCH: BUFFULL run_id=try5-c3-cpu start_us=9020921 end_us=9022827 dur_us=1905
UKL-MQTT-BENCH: BUFFULL run_id=try5-c3-cpu start_us=9025227 end_us=9029049 dur_us=3821
UKL-MQTT-BENCH: BUFFULL run_id=try5-c3-cpu start_us=9032068 end_us=9033810 dur_us=1742
UKL-MQTT-BENCH: BUFFULL run_id=try5-c3-cpu start_us=9036200 end_us=9040040 dur_us=3839
UKL-MQTT-BENCH: BUFFULL run_id=try5-c3-cpu start_us=9043067 end_us=9045030 dur_us=1963
UKL-MQTT-BENCH: BUFFULL run_id=try5-c3-cpu start_us=9047417 end_us=9051063 dur_us=3646
UKL-MQTT-BENCH: BUFFULL run_id=try5-c3-cpu start_us=9054175 end_us=9057872 dur_us=3697
UKL-MQTT-BENCH: BUFFULL run_id=try5-c3-cpu start_us=9060907 end_us=9062368 dur_us=1461
UKL-MQTT-BENCH: BUFFULL run_id=try5-c3-cpu start_us=9064770 end_us=9067805 dur_us=3035
UKL-MQTT-BENCH: BUFFULL run_id=try5-c3-cpu start_us=9070212 end_us=9073864 dur_us=3652
UKL-MQTT-BENCH: BUFFULL run_id=try5-c3-cpu start_us=9076262 end_us=9079062 dur_us=2800
UKL-MQTT-BENCH: BUFFULL run_id=try5-c3-cpu start_us=9082089 end_us=9084783 dur_us=2694
UKL-MQTT-BENCH: BUFFULL run_id=try5-c3-cpu start_us=9087187 end_us=9089835 dur_us=2647
UKL-MQTT-BENCH: BUFFULL run_id=try5-c3-cpu start_us=9092859 end_us=9095001 dur_us=2141
UKL-MQTT-BENCH: BUFFULL run_id=try5-c3-cpu start_us=9097384 end_us=9100004 dur_us=2620
UKL-MQTT-BENCH: BUFFULL run_id=try5-c3-cpu start_us=9103086 end_us=9105037 dur_us=1950
UKL-MQTT-BENCH: BUFFULL run_id=try5-c3-cpu start_us=9107434 end_us=9110883 dur_us=3449
UKL-MQTT-BENCH: BUFFULL run_id=try5-c3-cpu start_us=9113280 end_us=9115818 dur_us=2538
UKL-MQTT-BENCH: BUFFULL run_id=try5-c3-cpu start_us=9118233 end_us=9122860 dur_us=4626
UKL-MQTT-BENCH: BUFFULL run_id=try5-c3-cpu start_us=9125910 end_us=9127839 dur_us=1929
UKL-MQTT-BENCH: BUFFULL run_id=try5-c3-cpu start_us=9131029 end_us=9133810 dur_us=2781
UKL-MQTT-BENCH: BUFFULL run_id=try5-c3-cpu start_us=9136363 end_us=9139015 dur_us=2652
UKL-MQTT-BENCH: BUFFULL run_id=try5-c3-cpu start_us=9141610 end_us=9145825 dur_us=4215
UKL-MQTT-BENCH: BUFFULL run_id=try5-c3-cpu start_us=9148863 end_us=9151037 dur_us=2174
UKL-MQTT-BENCH: BUFFULL run_id=try5-c3-cpu start_us=9154067 end_us=9158969 dur_us=4901
UKL-MQTT-BENCH: BUFFULL run_id=try5-c3-cpu start_us=9162605 end_us=9164838 dur_us=2233
UKL-MQTT-BENCH: BUFFULL run_id=try5-c3-cpu start_us=9167234 end_us=9169807 dur_us=2573
UKL-MQTT-BENCH: BUFFULL run_id=try5-c3-cpu start_us=9172970 end_us=9174858 dur_us=1887
UKL-MQTT-BENCH: BUFFULL run_id=try5-c3-cpu start_us=9177252 end_us=9180020 dur_us=2767
UKL-MQTT-BENCH: BUFFULL run_id=try5-c3-cpu start_us=9182420 end_us=9184783 dur_us=2363
UKL-MQTT-BENCH: BUFFULL run_id=try5-c3-cpu start_us=9187188 end_us=9190817 dur_us=3629
UKL-MQTT-BENCH: BUFFULL run_id=try5-c3-cpu start_us=9193840 end_us=9196890 dur_us=3049
UKL-MQTT-BENCH: BUFFULL run_id=try5-c3-cpu start_us=9199275 end_us=9201800 dur_us=2524
UKL-MQTT-BENCH: BUFFULL run_id=try5-c3-cpu start_us=9204188 end_us=9206579 dur_us=2391
UKL-MQTT-BENCH: BUFFULL run_id=try5-c3-cpu start_us=9209607 end_us=9213043 dur_us=3436
UKL-MQTT-BENCH: BUFFULL run_id=try5-c3-cpu start_us=9216073 end_us=9218819 dur_us=2745
UKL-MQTT-BENCH: BUFFULL run_id=try5-c3-cpu start_us=9221224 end_us=9223819 dur_us=2594
UKL-MQTT-BENCH: BUFFULL run_id=try5-c3-cpu start_us=9226222 end_us=9228833 dur_us=2611
UKL-MQTT-BENCH: BUFFULL run_id=try5-c3-cpu start_us=9231863 end_us=9235042 dur_us=3179
UKL-MQTT-BENCH: BUFFULL run_id=try5-c3-cpu start_us=9238064 end_us=9241033 dur_us=2969
UKL-MQTT-BENCH: BUFFULL run_id=try5-c3-cpu start_us=9244059 end_us=9245775 dur_us=1715
UKL-MQTT-BENCH: BUFFULL run_id=try5-c3-cpu start_us=9248177 end_us=9250808 dur_us=2631
UKL-MQTT-BENCH: BUFFULL run_id=try5-c3-cpu start_us=9253243 end_us=9257016 dur_us=3772
UKL-MQTT-BENCH: BUFFULL run_id=try5-c3-cpu start_us=9260042 end_us=9262829 dur_us=2786
UKL-MQTT-BENCH: BUFFULL run_id=try5-c3-cpu start_us=9265236 end_us=9266749 dur_us=1512
UKL-MQTT-BENCH: BUFFULL run_id=try5-c3-cpu start_us=9268529 end_us=9273867 dur_us=5338
UKL-MQTT-BENCH: BUFFULL run_id=try5-c3-cpu start_us=9277498 end_us=9279021 dur_us=1523
UKL-MQTT-BENCH: BUFFULL run_id=try5-c3-cpu start_us=9281408 end_us=9285093 dur_us=3684
UKL-MQTT-BENCH: BUFFULL run_id=try5-c3-cpu start_us=9288114 end_us=9292852 dur_us=4737
UKL-MQTT-BENCH: BUFFULL run_id=try5-c3-cpu start_us=9298526 end_us=9303875 dur_us=5349
UKL-MQTT-BENCH: BUFFULL run_id=try5-c3-cpu start_us=9310204 end_us=9314863 dur_us=4659
UKL-MQTT-BENCH: BUFFULL run_id=try5-c3-cpu start_us=9317893 end_us=9323001 dur_us=5108
UKL-MQTT-BENCH: BUFFULL run_id=try5-c3-cpu start_us=9330227 end_us=9334878 dur_us=4650
UKL-MQTT-BENCH: BUFFULL run_id=try5-c3-cpu start_us=9338519 end_us=9342059 dur_us=3539
UKL-MQTT-BENCH: BUFFULL run_id=try5-c3-cpu start_us=9346424 end_us=9349851 dur_us=3426
UKL-MQTT-BENCH: BUFFULL run_id=try5-c3-cpu start_us=9352881 end_us=9355808 dur_us=2926
UKL-MQTT-BENCH: BUFFULL run_id=try5-c3-cpu start_us=9358195 end_us=9360797 dur_us=2601
UKL-MQTT-BENCH: BUFFULL run_id=try5-c3-cpu start_us=9363811 end_us=9366788 dur_us=2977
UKL-MQTT-BENCH: BUFFULL run_id=try5-c3-cpu start_us=9369179 end_us=9371814 dur_us=2634
UKL-MQTT-BENCH: BUFFULL run_id=try5-c3-cpu start_us=9374833 end_us=9377808 dur_us=2975
UKL-MQTT-BENCH: BUFFULL run_id=try5-c3-cpu start_us=9380834 end_us=9383830 dur_us=2995
UKL-MQTT-BENCH: BUFFULL run_id=try5-c3-cpu start_us=9386850 end_us=9390035 dur_us=3185
UKL-MQTT-BENCH: BUFFULL run_id=try5-c3-cpu start_us=9393063 end_us=9396018 dur_us=2955
UKL-MQTT-BENCH: BUFFULL run_id=try5-c3-cpu start_us=9398407 end_us=9402836 dur_us=4428
UKL-MQTT-BENCH: BUFFULL run_id=try5-c3-cpu start_us=9405900 end_us=9407798 dur_us=1897
UKL-MQTT-BENCH: BUFFULL run_id=try5-c3-cpu start_us=9410241 end_us=9413825 dur_us=3584
UKL-MQTT-BENCH: BUFFULL run_id=try5-c3-cpu start_us=9416872 end_us=9418800 dur_us=1928
UKL-MQTT-BENCH: BUFFULL run_id=try5-c3-cpu start_us=9421261 end_us=9424840 dur_us=3578
UKL-MQTT-BENCH: BUFFULL run_id=try5-c3-cpu start_us=9428487 end_us=9430866 dur_us=2378
UKL-MQTT-BENCH: BUFFULL run_id=try5-c3-cpu start_us=9433882 end_us=9437058 dur_us=3176
UKL-MQTT-BENCH: BUFFULL run_id=try5-c3-cpu start_us=9440074 end_us=9444837 dur_us=4763
UKL-MQTT-BENCH: BUFFULL run_id=try5-c3-cpu start_us=9447860 end_us=9450834 dur_us=2973
UKL-MQTT-BENCH: BUFFULL run_id=try5-c3-cpu start_us=9453886 end_us=9455818 dur_us=1932
UKL-MQTT-BENCH: BUFFULL run_id=try5-c3-cpu start_us=9458212 end_us=9460803 dur_us=2590
UKL-MQTT-BENCH: BUFFULL run_id=try5-c3-cpu start_us=9463216 end_us=9466843 dur_us=3626
UKL-MQTT-BENCH: BUFFULL run_id=try5-c3-cpu start_us=9470532 end_us=9472848 dur_us=2315
UKL-MQTT-BENCH: BUFFULL run_id=try5-c3-cpu start_us=9475876 end_us=9477865 dur_us=1989
UKL-MQTT-BENCH: BUFFULL run_id=try5-c3-cpu start_us=9480249 end_us=9483866 dur_us=3617
UKL-MQTT-BENCH: BUFFULL run_id=try5-c3-cpu start_us=9486263 end_us=9489893 dur_us=3630
UKL-MQTT-BENCH: BUFFULL run_id=try5-c3-cpu start_us=9492920 end_us=9494845 dur_us=1924
UKL-MQTT-BENCH: BUFFULL run_id=try5-c3-cpu start_us=9497233 end_us=9499808 dur_us=2575
UKL-MQTT-BENCH: BUFFULL run_id=try5-c3-cpu start_us=9502844 end_us=9505839 dur_us=2995
UKL-MQTT-BENCH: BUFFULL run_id=try5-c3-cpu start_us=9508239 end_us=9511800 dur_us=3560
UKL-MQTT-BENCH: BUFFULL run_id=try5-c3-cpu start_us=9518181 end_us=9521766 dur_us=3584
UKL-MQTT-BENCH: BUFFULL run_id=try5-c3-cpu start_us=9524169 end_us=9526828 dur_us=2658
UKL-MQTT-BENCH: BUFFULL run_id=try5-c3-cpu start_us=9529875 end_us=9532008 dur_us=2133
UKL-MQTT-BENCH: BUFFULL run_id=try5-c3-cpu start_us=9534408 end_us=9537812 dur_us=3403
UKL-MQTT-BENCH: BUFFULL run_id=try5-c3-cpu start_us=9540848 end_us=9545057 dur_us=4208
UKL-MQTT-BENCH: BUFFULL run_id=try5-c3-cpu start_us=9548719 end_us=9551837 dur_us=3117
UKL-MQTT-BENCH: BUFFULL run_id=try5-c3-cpu start_us=9554878 end_us=9558856 dur_us=3978
UKL-MQTT-BENCH: BUFFULL run_id=try5-c3-cpu start_us=9562503 end_us=9564835 dur_us=2332
UKL-MQTT-BENCH: BUFFULL run_id=try5-c3-cpu start_us=9570518 end_us=9574829 dur_us=4311
UKL-MQTT-BENCH: BUFFULL run_id=try5-c3-cpu start_us=9577924 end_us=9580931 dur_us=3006
UKL-MQTT-BENCH: BUFFULL run_id=try5-c3-cpu start_us=9583960 end_us=9587039 dur_us=3079
UKL-MQTT-BENCH: BUFFULL run_id=try5-c3-cpu start_us=9590094 end_us=9593026 dur_us=2932
UKL-MQTT-BENCH: BUFFULL run_id=try5-c3-cpu start_us=9598576 end_us=9602859 dur_us=4283
UKL-MQTT-BENCH: BUFFULL run_id=try5-c3-cpu start_us=9605885 end_us=9609032 dur_us=3147
UKL-MQTT-BENCH: BUFFULL run_id=try5-c3-cpu start_us=9612066 end_us=9615839 dur_us=3773
UKL-MQTT-BENCH: BUFFULL run_id=try5-c3-cpu start_us=9618234 end_us=9619803 dur_us=1569
UKL-MQTT-BENCH: BUFFULL run_id=try5-c3-cpu start_us=9622229 end_us=9625065 dur_us=2835
UKL-MQTT-BENCH: BUFFULL run_id=try5-c3-cpu start_us=9627459 end_us=9631836 dur_us=4377
UKL-MQTT-BENCH: BUFFULL run_id=try5-c3-cpu start_us=9634910 end_us=9638866 dur_us=3955
UKL-MQTT-BENCH: BUFFULL run_id=try5-c3-cpu start_us=9642513 end_us=9643796 dur_us=1282
UKL-MQTT-BENCH: BUFFULL run_id=try5-c3-cpu start_us=9646826 end_us=9648822 dur_us=1995
UKL-MQTT-BENCH: BUFFULL run_id=try5-c3-cpu start_us=9651694 end_us=9654833 dur_us=3138
UKL-MQTT-BENCH: BUFFULL run_id=try5-c3-cpu start_us=9657867 end_us=9660850 dur_us=2983
UKL-MQTT-BENCH: BUFFULL run_id=try5-c3-cpu start_us=9663905 end_us=9668857 dur_us=4952
UKL-MQTT-BENCH: BUFFULL run_id=try5-c3-cpu start_us=9675437 end_us=9678032 dur_us=2594
UKL-MQTT-BENCH: BUFFULL run_id=try5-c3-cpu start_us=9680436 end_us=9683799 dur_us=3362
UKL-MQTT-BENCH: BUFFULL run_id=try5-c3-cpu start_us=9686189 end_us=9690847 dur_us=4657
UKL-MQTT-BENCH: BUFFULL run_id=try5-c3-cpu start_us=9694515 end_us=9696831 dur_us=2316
UKL-MQTT-BENCH: BUFFULL run_id=try5-c3-cpu start_us=9699862 end_us=9702851 dur_us=2988
UKL-MQTT-BENCH: BUFFULL run_id=try5-c3-cpu start_us=9705875 end_us=9708814 dur_us=2939
UKL-MQTT-BENCH: BUFFULL run_id=try5-c3-cpu start_us=9711219 end_us=9712744 dur_us=1525
UKL-MQTT-BENCH: BUFFULL run_id=try5-c3-cpu start_us=9714531 end_us=9718840 dur_us=4309
UKL-MQTT-BENCH: BUFFULL run_id=try5-c3-cpu start_us=9722487 end_us=9724843 dur_us=2355
UKL-MQTT-BENCH: BUFFULL run_id=try5-c3-cpu start_us=9727872 end_us=9730799 dur_us=2926
UKL-MQTT-BENCH: BUFFULL run_id=try5-c3-cpu start_us=9733238 end_us=9737849 dur_us=4610
UKL-MQTT-BENCH: BUFFULL run_id=try5-c3-cpu start_us=9741488 end_us=9743828 dur_us=2340
UKL-MQTT-BENCH: BUFFULL run_id=try5-c3-cpu start_us=9746263 end_us=9747755 dur_us=1492
UKL-MQTT-BENCH: BUFFULL run_id=try5-c3-cpu start_us=9750161 end_us=9753837 dur_us=3675
UKL-MQTT-BENCH: BUFFULL run_id=try5-c3-cpu start_us=9756887 end_us=9759840 dur_us=2953
UKL-MQTT-BENCH: BUFFULL run_id=try5-c3-cpu start_us=9762876 end_us=9765798 dur_us=2921
UKL-MQTT-BENCH: BUFFULL run_id=try5-c3-cpu start_us=9768831 end_us=9772880 dur_us=4048
UKL-MQTT-BENCH: BUFFULL run_id=try5-c3-cpu start_us=9778526 end_us=9781770 dur_us=3244
UKL-MQTT-BENCH: BUFFULL run_id=try5-c3-cpu start_us=9784153 end_us=9787826 dur_us=3672
UKL-MQTT-BENCH: BUFFULL run_id=try5-c3-cpu start_us=9790847 end_us=9794831 dur_us=3984
UKL-MQTT-BENCH: BUFFULL run_id=try5-c3-cpu start_us=9801179 end_us=9804826 dur_us=3647
UKL-MQTT-BENCH: BUFFULL run_id=try5-c3-cpu start_us=9807863 end_us=9809812 dur_us=1949
UKL-MQTT-BENCH: BUFFULL run_id=try5-c3-cpu start_us=9812209 end_us=9816785 dur_us=4575
UKL-MQTT-BENCH: BUFFULL run_id=try5-c3-cpu start_us=9819840 end_us=9822021 dur_us=2181
UKL-MQTT-BENCH: BUFFULL run_id=try5-c3-cpu start_us=9825063 end_us=9828042 dur_us=2979
UKL-MQTT-BENCH: BUFFULL run_id=try5-c3-cpu start_us=9831075 end_us=9832997 dur_us=1921
UKL-MQTT-BENCH: BUFFULL run_id=try5-c3-cpu start_us=9835395 end_us=9840851 dur_us=5456
UKL-MQTT-BENCH: BUFFULL run_id=try5-c3-cpu start_us=9844509 end_us=9846848 dur_us=2339
UKL-MQTT-BENCH: BUFFULL run_id=try5-c3-cpu start_us=9852531 end_us=9855763 dur_us=3232
UKL-MQTT-BENCH: BUFFULL run_id=try5-c3-cpu start_us=9858165 end_us=9861818 dur_us=3652
UKL-MQTT-BENCH: BUFFULL run_id=try5-c3-cpu start_us=9864842 end_us=9867833 dur_us=2990
UKL-MQTT-BENCH: BUFFULL run_id=try5-c3-cpu start_us=9870233 end_us=9872827 dur_us=2594
UKL-MQTT-BENCH: BUFFULL run_id=try5-c3-cpu start_us=9875853 end_us=9878837 dur_us=2983
UKL-MQTT-BENCH: BUFFULL run_id=try5-c3-cpu start_us=9881866 end_us=9884822 dur_us=2956
UKL-MQTT-BENCH: BUFFULL run_id=try5-c3-cpu start_us=9887845 end_us=9889814 dur_us=1968
UKL-MQTT-BENCH: BUFFULL run_id=try5-c3-cpu start_us=9892214 end_us=9894758 dur_us=2544
UKL-MQTT-BENCH: BUFFULL run_id=try5-c3-cpu start_us=9897152 end_us=9900806 dur_us=3653
UKL-MQTT-BENCH: BUFFULL run_id=try5-c3-cpu start_us=9903219 end_us=9906870 dur_us=3650
UKL-MQTT-BENCH: BUFFULL run_id=try5-c3-cpu start_us=9910500 end_us=9911805 dur_us=1305
UKL-MQTT-BENCH: BUFFULL run_id=try5-c3-cpu start_us=9914205 end_us=9917821 dur_us=3615
UKL-MQTT-BENCH: BUFFULL run_id=try5-c3-cpu start_us=9920838 end_us=9922819 dur_us=1980
UKL-MQTT-BENCH: BUFFULL run_id=try5-c3-cpu start_us=9924605 end_us=9928872 dur_us=4266
UKL-MQTT-BENCH: BUFFULL run_id=try5-c3-cpu start_us=9932543 end_us=9934838 dur_us=2295
UKL-MQTT-BENCH: BUFFULL run_id=try5-c3-cpu start_us=9937883 end_us=9940812 dur_us=2928
UKL-MQTT-BENCH: BUFFULL run_id=try5-c3-cpu start_us=9943847 end_us=9948876 dur_us=5028
UKL-MQTT-BENCH: BUFFULL run_id=try5-c3-cpu start_us=9954728 end_us=9958043 dur_us=3315
UKL-MQTT-BENCH: BUFFULL run_id=try5-c3-cpu start_us=9961069 end_us=9965832 dur_us=4763
UKL-MQTT-BENCH: BUFFULL run_id=try5-c3-cpu start_us=9968857 end_us=9970812 dur_us=1955
UKL-MQTT-BENCH: BUFFULL run_id=try5-c3-cpu start_us=9973835 end_us=9977861 dur_us=4026
UKL-MQTT-BENCH: BUFFULL run_id=try5-c3-cpu start_us=9981507 end_us=9983846 dur_us=2338
UKL-MQTT-BENCH: BUFFULL run_id=try5-c3-cpu start_us=9986876 end_us=9988807 dur_us=1930
UKL-MQTT-BENCH: BUFFULL run_id=try5-c3-cpu start_us=9991243 end_us=9994884 dur_us=3641
UKL-MQTT-BENCH: BUFFULL run_id=try5-c3-cpu start_us=9997275 end_us=9999771 dur_us=2496
UKL-MQTT-BENCH: BUFFULL run_id=try5-c3-cpu start_us=10002175 end_us=10005832 dur_us=3657
UKL-MQTT-BENCH: BUFFULL run_id=try5-c3-cpu start_us=10008846 end_us=10010822 dur_us=1975
UKL-MQTT-BENCH: BUFFULL run_id=try5-c3-cpu start_us=10013220 end_us=10015788 dur_us=2568
UKL-MQTT-BENCH: BUFFULL run_id=try5-c3-cpu start_us=10018202 end_us=10020799 dur_us=2596
UKL-MQTT-BENCH: BUFFULL run_id=try5-c3-cpu start_us=10023192 end_us=10027044 dur_us=3851
UKL-MQTT-BENCH: BUFFULL run_id=try5-c3-cpu start_us=10030078 end_us=10031802 dur_us=1723
UKL-MQTT-BENCH: BUFFULL run_id=try5-c3-cpu start_us=10034840 end_us=10036826 dur_us=1985
UKL-MQTT-BENCH: BUFFULL run_id=try5-c3-cpu start_us=10039231 end_us=10042776 dur_us=3544
UKL-MQTT-BENCH: BUFFULL run_id=try5-c3-cpu start_us=10045188 end_us=10047819 dur_us=2630
UKL-MQTT-BENCH: BUFFULL run_id=try5-c3-cpu start_us=10050852 end_us=10052788 dur_us=1935
UKL-MQTT-BENCH: BUFFULL run_id=try5-c3-cpu start_us=10055193 end_us=10058995 dur_us=3801
UKL-MQTT-BENCH: BUFFULL run_id=try5-c3-cpu start_us=10062026 end_us=10065029 dur_us=3003
UKL-MQTT-BENCH: BUFFULL run_id=try5-c3-cpu start_us=10068053 end_us=10070862 dur_us=2808
UKL-MQTT-BENCH: BUFFULL run_id=try5-c3-cpu start_us=10073259 end_us=10076019 dur_us=2760
UKL-MQTT-BENCH: BUFFULL run_id=try5-c3-cpu start_us=10079084 end_us=10083965 dur_us=4881
UKL-MQTT-BENCH: BUFFULL run_id=try5-c3-cpu start_us=10086996 end_us=10089854 dur_us=2858
UKL-MQTT-BENCH: BUFFULL run_id=try5-c3-cpu start_us=10094870 end_us=10098829 dur_us=3958
UKL-MQTT-BENCH: BUFFULL run_id=try5-c3-cpu start_us=10101226 end_us=10104824 dur_us=3598
UKL-MQTT-BENCH: BUFFULL run_id=try5-c3-cpu start_us=10107845 end_us=10109774 dur_us=1928
UKL-MQTT-BENCH: BUFFULL run_id=try5-c3-cpu start_us=10112798 end_us=10114021 dur_us=1223
UKL-MQTT-BENCH: BUFFULL run_id=try5-c3-cpu start_us=10116416 end_us=10120884 dur_us=4467
UKL-MQTT-BENCH: BUFFULL run_id=try5-c3-cpu start_us=10123918 end_us=10126864 dur_us=2945
UKL-MQTT-BENCH: BUFFULL run_id=try5-c3-cpu start_us=10129960 end_us=10133856 dur_us=3896
UKL-MQTT-BENCH: BUFFULL run_id=try5-c3-cpu start_us=10139527 end_us=10142812 dur_us=3285
UKL-MQTT-BENCH: BUFFULL run_id=try5-c3-cpu start_us=10145228 end_us=10147811 dur_us=2582
UKL-MQTT-BENCH: BUFFULL run_id=try5-c3-cpu start_us=10150219 end_us=10153849 dur_us=3629
UKL-MQTT-BENCH: BUFFULL run_id=try5-c3-cpu start_us=10157496 end_us=10159820 dur_us=2323
UKL-MQTT-BENCH: BUFFULL run_id=try5-c3-cpu start_us=10162858 end_us=10164803 dur_us=1944
UKL-MQTT-BENCH: BUFFULL run_id=try5-c3-cpu start_us=10167203 end_us=10169808 dur_us=2605
UKL-MQTT-BENCH: BUFFULL run_id=try5-c3-cpu start_us=10172210 end_us=10175834 dur_us=3624
UKL-MQTT-BENCH: BUFFULL run_id=try5-c3-cpu start_us=10178875 end_us=10181828 dur_us=2952
UKL-MQTT-BENCH: BUFFULL run_id=try5-c3-cpu start_us=10184849 end_us=10187831 dur_us=2982
UKL-MQTT-BENCH: BUFFULL run_id=try5-c3-cpu start_us=10190863 end_us=10192821 dur_us=1957
UKL-MQTT-BENCH: BUFFULL run_id=try5-c3-cpu start_us=10195209 end_us=10197783 dur_us=2574
UKL-MQTT-BENCH: BUFFULL run_id=try5-c3-cpu start_us=10200181 end_us=10203816 dur_us=3634
UKL-MQTT-BENCH: BUFFULL run_id=try5-c3-cpu start_us=10206839 end_us=10209836 dur_us=2997
UKL-MQTT-BENCH: BUFFULL run_id=try5-c3-cpu start_us=10212873 end_us=10214803 dur_us=1930
UKL-MQTT-BENCH: BUFFULL run_id=try5-c3-cpu start_us=10217201 end_us=10219805 dur_us=2603
UKL-MQTT-BENCH: BUFFULL run_id=try5-c3-cpu start_us=10222198 end_us=10225826 dur_us=3628
UKL-MQTT-BENCH: BUFFULL run_id=try5-c3-cpu start_us=10228295 end_us=10232045 dur_us=3750
UKL-MQTT-BENCH: BUFFULL run_id=try5-c3-cpu start_us=10235781 end_us=10237811 dur_us=2029
UKL-MQTT-BENCH: BUFFULL run_id=try5-c3-cpu start_us=10240223 end_us=10242767 dur_us=2544
UKL-MQTT-BENCH: BUFFULL run_id=try5-c3-cpu start_us=10245216 end_us=10247815 dur_us=2599
UKL-MQTT-BENCH: BUFFULL run_id=try5-c3-cpu start_us=10250308 end_us=10253851 dur_us=3543
UKL-MQTT-BENCH: BUFFULL run_id=try5-c3-cpu start_us=10257076 end_us=10259873 dur_us=2797
UKL-MQTT-BENCH: BUFFULL run_id=try5-c3-cpu start_us=10263088 end_us=10265776 dur_us=2688
UKL-MQTT-BENCH: BUFFULL run_id=try5-c3-cpu start_us=10268224 end_us=10271849 dur_us=3624
UKL-MQTT-BENCH: BUFFULL run_id=try5-c3-cpu start_us=10274879 end_us=10277839 dur_us=2960
UKL-MQTT-BENCH: BUFFULL run_id=try5-c3-cpu start_us=10280867 end_us=10282811 dur_us=1943
UKL-MQTT-BENCH: BUFFULL run_id=try5-c3-cpu start_us=10285209 end_us=10288853 dur_us=3643
UKL-MQTT-BENCH: BUFFULL run_id=try5-c3-cpu start_us=10291877 end_us=10293786 dur_us=1908
UKL-MQTT-BENCH: BUFFULL run_id=try5-c3-cpu start_us=10296178 end_us=10299818 dur_us=3639
UKL-MQTT-BENCH: BUFFULL run_id=try5-c3-cpu start_us=10302841 end_us=10304816 dur_us=1974
UKL-MQTT-BENCH: BUFFULL run_id=try5-c3-cpu start_us=10307211 end_us=10310826 dur_us=3614
UKL-MQTT-BENCH: BUFFULL run_id=try5-c3-cpu start_us=10313852 end_us=10315944 dur_us=2091
UKL-MQTT-BENCH: BUFFULL run_id=try5-c3-cpu start_us=10318329 end_us=10321848 dur_us=3518
UKL-MQTT-BENCH: BUFFULL run_id=try5-c3-cpu start_us=10324882 end_us=10327848 dur_us=2966
UKL-MQTT-BENCH: BUFFULL run_id=try5-c3-cpu start_us=10330897 end_us=10334010 dur_us=3112
UKL-MQTT-BENCH: BUFFULL run_id=try5-c3-cpu start_us=10336401 end_us=10338771 dur_us=2369
UKL-MQTT-BENCH: BUFFULL run_id=try5-c3-cpu start_us=10341177 end_us=10343822 dur_us=2645
UKL-MQTT-BENCH: BUFFULL run_id=try5-c3-cpu start_us=10346226 end_us=10350054 dur_us=3827
UKL-MQTT-BENCH: BUFFULL run_id=try5-c3-cpu start_us=10353699 end_us=10357868 dur_us=4169
UKL-MQTT-BENCH: BUFFULL run_id=try5-c3-cpu start_us=10361512 end_us=10363889 dur_us=2376
UKL-MQTT-BENCH: BUFFULL run_id=try5-c3-cpu start_us=10366911 end_us=10369826 dur_us=2915
UKL-MQTT-BENCH: BUFFULL run_id=try5-c3-cpu start_us=10372225 end_us=10374805 dur_us=2580
UKL-MQTT-BENCH: BUFFULL run_id=try5-c3-cpu start_us=10377204 end_us=10380827 dur_us=3623
UKL-MQTT-BENCH: BUFFULL run_id=try5-c3-cpu start_us=10383855 end_us=10385797 dur_us=1942
UKL-MQTT-BENCH: BUFFULL run_id=try5-c3-cpu start_us=10388819 end_us=10391818 dur_us=2998
UKL-MQTT-BENCH: BUFFULL run_id=try5-c3-cpu start_us=10394836 end_us=10398032 dur_us=3195
UKL-MQTT-BENCH: BUFFULL run_id=try5-c3-cpu start_us=10401127 end_us=10404816 dur_us=3689
UKL-MQTT-BENCH: BUFFULL run_id=try5-c3-cpu start_us=10407881 end_us=10410808 dur_us=2927
UKL-MQTT-BENCH: BUFFULL run_id=try5-c3-cpu start_us=10413197 end_us=10417842 dur_us=4644
UKL-MQTT-BENCH: BUFFULL run_id=try5-c3-cpu start_us=10424154 end_us=10427848 dur_us=3693
UKL-MQTT-BENCH: BUFFULL run_id=try5-c3-cpu start_us=10430869 end_us=10433836 dur_us=2967
UKL-MQTT-BENCH: BUFFULL run_id=try5-c3-cpu start_us=10436960 end_us=10440862 dur_us=3902
UKL-MQTT-BENCH: BUFFULL run_id=try5-c3-cpu start_us=10443886 end_us=10447843 dur_us=3956
UKL-MQTT-BENCH: BUFFULL run_id=try5-c3-cpu start_us=10453568 end_us=10456814 dur_us=3245
UKL-MQTT-BENCH: BUFFULL run_id=try5-c3-cpu start_us=10459209 end_us=10462810 dur_us=3600
UKL-MQTT-BENCH: BUFFULL run_id=try5-c3-cpu start_us=10465197 end_us=10469894 dur_us=4696
UKL-MQTT-BENCH: BUFFULL run_id=try5-c3-cpu start_us=10476300 end_us=10478791 dur_us=2490
UKL-MQTT-BENCH: BUFFULL run_id=try5-c3-cpu start_us=10481208 end_us=10484837 dur_us=3628
UKL-MQTT-BENCH: BUFFULL run_id=try5-c3-cpu start_us=10487853 end_us=10492025 dur_us=4171
UKL-MQTT-BENCH: BUFFULL run_id=try5-c3-cpu start_us=10495052 end_us=10499939 dur_us=4887
UKL-MQTT-BENCH: BUFFULL run_id=try5-c3-cpu start_us=10504196 end_us=10505825 dur_us=1629
UKL-MQTT-BENCH: BUFFULL run_id=try5-c3-cpu start_us=10508843 end_us=10510858 dur_us=2014
UKL-MQTT-BENCH: BUFFULL run_id=try5-c3-cpu start_us=10513241 end_us=10517912 dur_us=4670
UKL-MQTT-BENCH: BUFFULL run_id=try5-c3-cpu start_us=10522905 end_us=10527791 dur_us=4885
UKL-MQTT-BENCH: BUFFULL run_id=try5-c3-cpu start_us=10530805 end_us=10532860 dur_us=2055
UKL-MQTT-BENCH: BUFFULL run_id=try5-c3-cpu start_us=10535921 end_us=10539815 dur_us=3894
UKL-MQTT-BENCH: BUFFULL run_id=try5-c3-cpu start_us=10546169 end_us=10551066 dur_us=4896
UKL-MQTT-BENCH: BUFFULL run_id=try5-c3-cpu start_us=10556765 end_us=10563900 dur_us=7135
UKL-MQTT-BENCH: BUFFULL run_id=try5-c3-cpu start_us=10568150 end_us=10570846 dur_us=2696
UKL-MQTT-BENCH: BUFFULL run_id=try5-c3-cpu start_us=10573856 end_us=10576791 dur_us=2934
UKL-MQTT-BENCH: BUFFULL run_id=try5-c3-cpu start_us=10579858 end_us=10583853 dur_us=3994
UKL-MQTT-BENCH: BUFFULL run_id=try5-c3-cpu start_us=10590366 end_us=10593056 dur_us=2690
UKL-MQTT-BENCH: BUFFULL run_id=try5-c3-cpu start_us=10595453 end_us=10600858 dur_us=5405
UKL-MQTT-BENCH: BUFFULL run_id=try5-c3-cpu start_us=10604498 end_us=10605814 dur_us=1315
UKL-MQTT-BENCH: BUFFULL run_id=try5-c3-cpu start_us=10608207 end_us=10610758 dur_us=2550
UKL-MQTT-BENCH: BUFFULL run_id=try5-c3-cpu start_us=10613202 end_us=10615813 dur_us=2611
UKL-MQTT-BENCH: BUFFULL run_id=try5-c3-cpu start_us=10618206 end_us=10622035 dur_us=3829
UKL-MQTT-BENCH: BUFFULL run_id=try5-c3-cpu start_us=10625061 end_us=10627818 dur_us=2757
UKL-MQTT-BENCH: BUFFULL run_id=try5-c3-cpu start_us=10630825 end_us=10632767 dur_us=1941
UKL-MQTT-BENCH: BUFFULL run_id=try5-c3-cpu start_us=10635157 end_us=10637788 dur_us=2631
UKL-MQTT-BENCH: BUFFULL run_id=try5-c3-cpu start_us=10640215 end_us=10644870 dur_us=4655
UKL-MQTT-BENCH: BUFFULL run_id=try5-c3-cpu start_us=10648625 end_us=10650062 dur_us=1437
UKL-MQTT-BENCH: BUFFULL run_id=try5-c3-cpu start_us=10652459 end_us=10656019 dur_us=3559
UKL-MQTT-BENCH: BUFFULL run_id=try5-c3-cpu start_us=10658433 end_us=10662073 dur_us=3640
UKL-MQTT-BENCH: BUFFULL run_id=try5-c3-cpu start_us=10665131 end_us=10667007 dur_us=1876
UKL-MQTT-BENCH: BUFFULL run_id=try5-c3-cpu start_us=10669429 end_us=10672865 dur_us=3436
UKL-MQTT-BENCH: BUFFULL run_id=try5-c3-cpu start_us=10679267 end_us=10683018 dur_us=3751
UKL-MQTT-BENCH: BUFFULL run_id=try5-c3-cpu start_us=10685405 end_us=10688094 dur_us=2689
UKL-MQTT-BENCH: BUFFULL run_id=try5-c3-cpu start_us=10690483 end_us=10693811 dur_us=3327
UKL-MQTT-BENCH: BUFFULL run_id=try5-c3-cpu start_us=10696839 end_us=10697973 dur_us=1134
UKL-MQTT-BENCH: BUFFULL run_id=try5-c3-cpu start_us=10701884 end_us=10706839 dur_us=4954
UKL-MQTT-BENCH: BUFFULL run_id=try5-c3-cpu start_us=10709853 end_us=10713871 dur_us=4017
UKL-MQTT-BENCH: BUFFULL run_id=try5-c3-cpu start_us=10717482 end_us=10719051 dur_us=1568
UKL-MQTT-BENCH: BUFFULL run_id=try5-c3-cpu start_us=10721440 end_us=10722787 dur_us=1347
UKL-MQTT-BENCH: BUFFULL run_id=try5-c3-cpu start_us=10724564 end_us=10728803 dur_us=4238
UKL-MQTT-BENCH: BUFFULL run_id=try5-c3-cpu start_us=10731190 end_us=10735817 dur_us=4627
UKL-MQTT-BENCH: BUFFULL run_id=try5-c3-cpu start_us=10739451 end_us=10740770 dur_us=1318
UKL-MQTT-BENCH: BUFFULL run_id=try5-c3-cpu start_us=10743225 end_us=10744752 dur_us=1527
UKL-MQTT-BENCH: BUFFULL run_id=try5-c3-cpu start_us=10746546 end_us=10749813 dur_us=3266
UKL-MQTT-BENCH: BUFFULL run_id=try5-c3-cpu start_us=10752853 end_us=10756820 dur_us=3966
UKL-MQTT-BENCH: BUFFULL run_id=try5-c3-cpu start_us=10759847 end_us=10763849 dur_us=4001
UKL-MQTT-BENCH: BUFFULL run_id=try5-c3-cpu start_us=10766868 end_us=10770948 dur_us=4080
UKL-MQTT-BENCH: BUFFULL run_id=try5-c3-cpu start_us=10775210 end_us=10776818 dur_us=1607
UKL-MQTT-BENCH: BUFFULL run_id=try5-c3-cpu start_us=10779221 end_us=10781983 dur_us=2761
UKL-MQTT-BENCH: BUFFULL run_id=try5-c3-cpu start_us=10784377 end_us=10786800 dur_us=2423
UKL-MQTT-BENCH: BUFFULL run_id=try5-c3-cpu start_us=10789200 end_us=10792803 dur_us=3603
UKL-MQTT-BENCH: BUFFULL run_id=try5-c3-cpu start_us=10798559 end_us=10801824 dur_us=3264
UKL-MQTT-BENCH: BUFFULL run_id=try5-c3-cpu start_us=10804864 end_us=10806997 dur_us=2133
UKL-MQTT-BENCH: BUFFULL run_id=try5-c3-cpu start_us=10810082 end_us=10813915 dur_us=3832
UKL-MQTT-BENCH: BUFFULL run_id=try5-c3-cpu start_us=10816944 end_us=10819009 dur_us=2064
UKL-MQTT-BENCH: BUFFULL run_id=try5-c3-cpu start_us=10821412 end_us=10824813 dur_us=3400
UKL-MQTT-BENCH: BUFFULL run_id=try5-c3-cpu start_us=10827851 end_us=10829819 dur_us=1967
UKL-MQTT-BENCH: BUFFULL run_id=try5-c3-cpu start_us=10832233 end_us=10835820 dur_us=3586
UKL-MQTT-BENCH: BUFFULL run_id=try5-c3-cpu start_us=10838854 end_us=10841813 dur_us=2958
UKL-MQTT-BENCH: BUFFULL run_id=try5-c3-cpu start_us=10844282 end_us=10849929 dur_us=5646
UKL-MQTT-BENCH: BUFFULL run_id=try5-c3-cpu start_us=10857668 end_us=10860842 dur_us=3174
UKL-MQTT-BENCH: BUFFULL run_id=try5-c3-cpu start_us=10863875 end_us=10866846 dur_us=2971
UKL-MQTT-BENCH: BUFFULL run_id=try5-c3-cpu start_us=10869868 end_us=10871819 dur_us=1951
UKL-MQTT-BENCH: BUFFULL run_id=try5-c3-cpu start_us=10874234 end_us=10876772 dur_us=2538
UKL-MQTT-BENCH: BUFFULL run_id=try5-c3-cpu start_us=10879183 end_us=10882828 dur_us=3645
UKL-MQTT-BENCH: BUFFULL run_id=try5-c3-cpu start_us=10885875 end_us=10888832 dur_us=2956
UKL-MQTT-BENCH: BUFFULL run_id=try5-c3-cpu start_us=10891880 end_us=10895062 dur_us=3181
UKL-MQTT-BENCH: BUFFULL run_id=try5-c3-cpu start_us=10898088 end_us=10902894 dur_us=4806
UKL-MQTT-BENCH: BUFFULL run_id=try5-c3-cpu start_us=10905923 end_us=10908826 dur_us=2903
UKL-MQTT-BENCH: BUFFULL run_id=try5-c3-cpu start_us=10911850 end_us=10913817 dur_us=1967
UKL-MQTT-BENCH: BUFFULL run_id=try5-c3-cpu start_us=10918703 end_us=10924003 dur_us=5299
UKL-MQTT-BENCH: BUFFULL run_id=try5-c3-cpu start_us=10927653 end_us=10930850 dur_us=3196
UKL-MQTT-BENCH: BUFFULL run_id=try5-c3-cpu start_us=10934496 end_us=10935811 dur_us=1315
UKL-MQTT-BENCH: BUFFULL run_id=try5-c3-cpu start_us=10938207 end_us=10942867 dur_us=4660
UKL-MQTT-BENCH: BUFFULL run_id=try5-c3-cpu start_us=10946550 end_us=10950886 dur_us=4336
UKL-MQTT-BENCH: BUFFULL run_id=try5-c3-cpu start_us=10954530 end_us=10956862 dur_us=2331
UKL-MQTT-BENCH: BUFFULL run_id=try5-c3-cpu start_us=10959906 end_us=10963805 dur_us=3898
UKL-MQTT-BENCH: BUFFULL run_id=try5-c3-cpu start_us=10966833 end_us=10968836 dur_us=2003
UKL-MQTT-BENCH: BUFFULL run_id=try5-c3-cpu start_us=10974537 end_us=10978819 dur_us=4282
UKL-MQTT-BENCH: BUFFULL run_id=try5-c3-cpu start_us=10981842 end_us=10984832 dur_us=2989
UKL-MQTT-BENCH: BUFFULL run_id=try5-c3-cpu start_us=10987860 end_us=10990833 dur_us=2973
UKL-MQTT-BENCH: BUFFULL run_id=try5-c3-cpu start_us=10993238 end_us=10998897 dur_us=5659
UKL-MQTT-BENCH: BUFFULL run_id=try5-c3-cpu start_us=11005168 end_us=11008032 dur_us=2864
UKL-MQTT-BENCH: BUFFULL run_id=try5-c3-cpu start_us=11011058 end_us=11012758 dur_us=1699
UKL-MQTT-BENCH: BUFFULL run_id=try5-c3-cpu start_us=11014539 end_us=11019839 dur_us=5299
UKL-MQTT-BENCH: BUFFULL run_id=try5-c3-cpu start_us=11025527 end_us=11029824 dur_us=4297
UKL-MQTT-BENCH: BUFFULL run_id=try5-c3-cpu start_us=11032864 end_us=11034994 dur_us=2130
UKL-MQTT-BENCH: BUFFULL run_id=try5-c3-cpu start_us=11038070 end_us=11042829 dur_us=4758
UKL-MQTT-BENCH: BUFFULL run_id=try5-c3-cpu start_us=11045861 end_us=11047559 dur_us=1697
UKL-MQTT-BENCH: BUFFULL run_id=try5-c3-cpu start_us=11050594 end_us=11053841 dur_us=3247
UKL-MQTT-BENCH: BUFFULL run_id=try5-c3-cpu start_us=11056874 end_us=11059843 dur_us=2968
UKL-MQTT-BENCH: BUFFULL run_id=try5-c3-cpu start_us=11062926 end_us=11066038 dur_us=3111
UKL-MQTT-BENCH: BUFFULL run_id=try5-c3-cpu start_us=11069080 end_us=11072825 dur_us=3744
UKL-MQTT-BENCH: BUFFULL run_id=try5-c3-cpu start_us=11077937 end_us=11082014 dur_us=4077
UKL-MQTT-BENCH: BUFFULL run_id=try5-c3-cpu start_us=11084419 end_us=11088877 dur_us=4457
UKL-MQTT-BENCH: BUFFULL run_id=try5-c3-cpu start_us=11092527 end_us=11094842 dur_us=2315
UKL-MQTT-BENCH: BUFFULL run_id=try5-c3-cpu start_us=11097874 end_us=11101850 dur_us=3975
UKL-MQTT-BENCH: BUFFULL run_id=try5-c3-cpu start_us=11104910 end_us=11107844 dur_us=2934
UKL-MQTT-BENCH: BUFFULL run_id=try5-c3-cpu start_us=11114184 end_us=11116786 dur_us=2602
UKL-MQTT-BENCH: BUFFULL run_id=try5-c3-cpu start_us=11119195 end_us=11123840 dur_us=4644
UKL-MQTT-BENCH: BUFFULL run_id=try5-c3-cpu start_us=11126877 end_us=11129782 dur_us=2904
UKL-MQTT-BENCH: BUFFULL run_id=try5-c3-cpu start_us=11132831 end_us=11134811 dur_us=1980
UKL-MQTT-BENCH: BUFFULL run_id=try5-c3-cpu start_us=11137848 end_us=11139814 dur_us=1966
UKL-MQTT-BENCH: BUFFULL run_id=try5-c3-cpu start_us=11142254 end_us=11147885 dur_us=5631
UKL-MQTT-BENCH: BUFFULL run_id=try5-c3-cpu start_us=11151620 end_us=11154863 dur_us=3243
UKL-MQTT-BENCH: BUFFULL run_id=try5-c3-cpu start_us=11157924 end_us=11160876 dur_us=2952
UKL-MQTT-BENCH: BUFFULL run_id=try5-c3-cpu start_us=11164525 end_us=11167059 dur_us=2534
UKL-MQTT-BENCH: BUFFULL run_id=try5-c3-cpu start_us=11169462 end_us=11170747 dur_us=1284
UKL-MQTT-BENCH: BUFFULL run_id=try5-c3-cpu start_us=11173137 end_us=11178061 dur_us=4924
UKL-MQTT-BENCH: BUFFULL run_id=try5-c3-cpu start_us=11181690 end_us=11183045 dur_us=1354
UKL-MQTT-BENCH: BUFFULL run_id=try5-c3-cpu start_us=11185422 end_us=11189012 dur_us=3590
UKL-MQTT-BENCH: BUFFULL run_id=try5-c3-cpu start_us=11191399 end_us=11192764 dur_us=1364
UKL-MQTT-BENCH: BUFFULL run_id=try5-c3-cpu start_us=11195143 end_us=11200035 dur_us=4891
UKL-MQTT-BENCH: BUFFULL run_id=try5-c3-cpu start_us=11203044 end_us=11205860 dur_us=2816
UKL-MQTT-BENCH: BUFFULL run_id=try5-c3-cpu start_us=11208862 end_us=11211032 dur_us=2169
UKL-MQTT-BENCH: BUFFULL run_id=try5-c3-cpu start_us=11213416 end_us=11216006 dur_us=2589
UKL-MQTT-BENCH: BUFFULL run_id=try5-c3-cpu start_us=11219104 end_us=11222832 dur_us=3727
UKL-MQTT-BENCH: BUFFULL run_id=try5-c3-cpu start_us=11225862 end_us=11227849 dur_us=1986
UKL-MQTT-BENCH: BUFFULL run_id=try5-c3-cpu start_us=11230245 end_us=11233824 dur_us=3578
UKL-MQTT-BENCH: BUFFULL run_id=try5-c3-cpu start_us=11236212 end_us=11239866 dur_us=3654
UKL-MQTT-BENCH: BUFFULL run_id=try5-c3-cpu start_us=11242869 end_us=11245898 dur_us=3028
UKL-MQTT-BENCH: BUFFULL run_id=try5-c3-cpu start_us=11248927 end_us=11250778 dur_us=1851
UKL-MQTT-BENCH: BUFFULL run_id=try5-c3-cpu start_us=11253256 end_us=11258147 dur_us=4890
UKL-MQTT-BENCH: BUFFULL run_id=try5-c3-cpu start_us=11264482 end_us=11267857 dur_us=3375
UKL-MQTT-BENCH: BUFFULL run_id=try5-c3-cpu start_us=11270257 end_us=11272791 dur_us=2534
UKL-MQTT-BENCH: BUFFULL run_id=try5-c3-cpu start_us=11275189 end_us=11279889 dur_us=4699
UKL-MQTT-BENCH: BUFFULL run_id=try5-c3-cpu start_us=11285578 end_us=11289017 dur_us=3439
UKL-MQTT-BENCH: BUFFULL run_id=try5-c3-cpu start_us=11292045 end_us=11293817 dur_us=1771
UKL-MQTT-BENCH: BUFFULL run_id=try5-c3-cpu start_us=11296217 end_us=11300833 dur_us=4616
UKL-MQTT-BENCH: BUFFULL run_id=try5-c3-cpu start_us=11303873 end_us=11304984 dur_us=1110
UKL-MQTT-BENCH: BUFFULL run_id=try5-c3-cpu start_us=11307372 end_us=11310868 dur_us=3496
UKL-MQTT-BENCH: BUFFULL run_id=try5-c3-cpu start_us=11313256 end_us=11314816 dur_us=1560
UKL-MQTT-BENCH: BUFFULL run_id=try5-c3-cpu start_us=11316590 end_us=11319766 dur_us=3175
UKL-MQTT-BENCH: BUFFULL run_id=try5-c3-cpu start_us=11322172 end_us=11324802 dur_us=2630
UKL-MQTT-BENCH: BUFFULL run_id=try5-c3-cpu start_us=11327191 end_us=11330829 dur_us=3638
UKL-MQTT-BENCH: BUFFULL run_id=try5-c3-cpu start_us=11335189 end_us=11336763 dur_us=1574
UKL-MQTT-BENCH: BUFFULL run_id=try5-c3-cpu start_us=11339144 end_us=11344809 dur_us=5665
UKL-MQTT-BENCH: BUFFULL run_id=try5-c3-cpu start_us=11348447 end_us=11349821 dur_us=1373
UKL-MQTT-BENCH: BUFFULL run_id=try5-c3-cpu start_us=11352204 end_us=11353996 dur_us=1792
UKL-MQTT-BENCH: BUFFULL run_id=try5-c3-cpu start_us=11356418 end_us=11360836 dur_us=4418
UKL-MQTT-BENCH: BUFFULL run_id=try5-c3-cpu start_us=11363871 end_us=11366849 dur_us=2978
UKL-MQTT-BENCH: BUFFULL run_id=try5-c3-cpu start_us=11369878 end_us=11372823 dur_us=2945
UKL-MQTT-BENCH: BUFFULL run_id=try5-c3-cpu start_us=11375223 end_us=11378894 dur_us=3671
UKL-MQTT-BENCH: BUFFULL run_id=try5-c3-cpu start_us=11382537 end_us=11383873 dur_us=1335
UKL-MQTT-BENCH: BUFFULL run_id=try5-c3-cpu start_us=11386270 end_us=11388827 dur_us=2556
UKL-MQTT-BENCH: BUFFULL run_id=try5-c3-cpu start_us=11391221 end_us=11394845 dur_us=3623
UKL-MQTT-BENCH: BUFFULL run_id=try5-c3-cpu start_us=11397866 end_us=11400829 dur_us=2963
UKL-MQTT-BENCH: BUFFULL run_id=try5-c3-cpu start_us=11403877 end_us=11405548 dur_us=1671
UKL-MQTT-BENCH: BUFFULL run_id=try5-c3-cpu start_us=11407335 end_us=11410805 dur_us=3469
UKL-MQTT-BENCH: BUFFULL run_id=try5-c3-cpu start_us=11413821 end_us=11416812 dur_us=2990
UKL-MQTT-BENCH: BUFFULL run_id=try5-c3-cpu start_us=11419844 end_us=11422837 dur_us=2992
UKL-MQTT-BENCH: BUFFULL run_id=try5-c3-cpu start_us=11425853 end_us=11427861 dur_us=2007
UKL-MQTT-BENCH: BUFFULL run_id=try5-c3-cpu start_us=11430253 end_us=11435017 dur_us=4763
UKL-MQTT-BENCH: BUFFULL run_id=try5-c3-cpu start_us=11438045 end_us=11442838 dur_us=4792
UKL-MQTT-BENCH: BUFFULL run_id=try5-c3-cpu start_us=11446470 end_us=11448816 dur_us=2346
UKL-MQTT-BENCH: BUFFULL run_id=try5-c3-cpu start_us=11455613 end_us=11458857 dur_us=3244
UKL-MQTT-BENCH: BUFFULL run_id=try5-c3-cpu start_us=11461916 end_us=11466080 dur_us=4164
UKL-MQTT-BENCH: BUFFULL run_id=try5-c3-cpu start_us=11469756 end_us=11470826 dur_us=1069
UKL-MQTT-BENCH: BUFFULL run_id=try5-c3-cpu start_us=11473244 end_us=11476986 dur_us=3742
UKL-MQTT-BENCH: BUFFULL run_id=try5-c3-cpu start_us=11479393 end_us=11483047 dur_us=3653
UKL-MQTT-BENCH: BUFFULL run_id=try5-c3-cpu start_us=11486703 end_us=11489846 dur_us=3143
UKL-MQTT-BENCH: BUFFULL run_id=try5-c3-cpu start_us=11492875 end_us=11493982 dur_us=1107
UKL-MQTT-BENCH: BUFFULL run_id=try5-c3-cpu start_us=11496380 end_us=11500833 dur_us=4453
UKL-MQTT-BENCH: BUFFULL run_id=try5-c3-cpu start_us=11503868 end_us=11506821 dur_us=2952
UKL-MQTT-BENCH: BUFFULL run_id=try5-c3-cpu start_us=11509856 end_us=11511817 dur_us=1960
UKL-MQTT-BENCH: BUFFULL run_id=try5-c3-cpu start_us=11514219 end_us=11516805 dur_us=2586
UKL-MQTT-BENCH: BUFFULL run_id=try5-c3-cpu start_us=11519203 end_us=11521817 dur_us=2613
UKL-MQTT-BENCH: BUFFULL run_id=try5-c3-cpu start_us=11524220 end_us=11528028 dur_us=3808
UKL-MQTT-BENCH: BUFFULL run_id=try5-c3-cpu start_us=11531061 end_us=11533803 dur_us=2741
UKL-MQTT-BENCH: BUFFULL run_id=try5-c3-cpu start_us=11536841 end_us=11538796 dur_us=1954
UKL-MQTT-BENCH: BUFFULL run_id=try5-c3-cpu start_us=11541193 end_us=11543993 dur_us=2799
UKL-MQTT-BENCH: BUFFULL run_id=try5-c3-cpu start_us=11546386 end_us=11550832 dur_us=4445
UKL-MQTT-BENCH: BUFFULL run_id=try5-c3-cpu start_us=11554471 end_us=11556821 dur_us=2349
UKL-MQTT-BENCH: BUFFULL run_id=try5-c3-cpu start_us=11559961 end_us=11562854 dur_us=2893
UKL-MQTT-BENCH: BUFFULL run_id=try5-c3-cpu start_us=11565895 end_us=11568840 dur_us=2944
UKL-MQTT-BENCH: BUFFULL run_id=try5-c3-cpu start_us=11571878 end_us=11575003 dur_us=3124
UKL-MQTT-BENCH: BUFFULL run_id=try5-c3-cpu start_us=11578031 end_us=11580020 dur_us=1989
UKL-MQTT-BENCH: BUFFULL run_id=try5-c3-cpu start_us=11582416 end_us=11584996 dur_us=2580
UKL-MQTT-BENCH: BUFFULL run_id=try5-c3-cpu start_us=11587397 end_us=11591012 dur_us=3615
UKL-MQTT-BENCH: BUFFULL run_id=try5-c3-cpu start_us=11593408 end_us=11598906 dur_us=5498
UKL-MQTT-BENCH: BUFFULL run_id=try5-c3-cpu start_us=11602551 end_us=11603840 dur_us=1288
UKL-MQTT-BENCH: BUFFULL run_id=try5-c3-cpu start_us=11606868 end_us=11609859 dur_us=2990
UKL-MQTT-BENCH: BUFFULL run_id=try5-c3-cpu start_us=11612887 end_us=11616920 dur_us=4033
UKL-MQTT-BENCH: BUFFULL run_id=try5-c3-cpu start_us=11622558 end_us=11625803 dur_us=3245
UKL-MQTT-BENCH: BUFFULL run_id=try5-c3-cpu start_us=11628204 end_us=11631815 dur_us=3611
UKL-MQTT-BENCH: BUFFULL run_id=try5-c3-cpu start_us=11634899 end_us=11637788 dur_us=2889
UKL-MQTT-BENCH: BUFFULL run_id=try5-c3-cpu start_us=11642120 end_us=11646843 dur_us=4723
UKL-MQTT-BENCH: BUFFULL run_id=try5-c3-cpu start_us=11650486 end_us=11652851 dur_us=2365
UKL-MQTT-BENCH: BUFFULL run_id=try5-c3-cpu start_us=11655896 end_us=11657782 dur_us=1885
UKL-MQTT-BENCH: BUFFULL run_id=try5-c3-cpu start_us=11660184 end_us=11664884 dur_us=4700
UKL-MQTT-BENCH: BUFFULL run_id=try5-c3-cpu start_us=11668528 end_us=11669820 dur_us=1291
UKL-MQTT-BENCH: BUFFULL run_id=try5-c3-cpu start_us=11672233 end_us=11674760 dur_us=2527
UKL-MQTT-BENCH: BUFFULL run_id=try5-c3-cpu start_us=11677168 end_us=11682308 dur_us=5140
UKL-MQTT-BENCH: BUFFULL run_id=try5-c3-cpu start_us=11686589 end_us=11687914 dur_us=1325
UKL-MQTT-BENCH: BUFFULL run_id=try5-c3-cpu start_us=11690460 end_us=11692972 dur_us=2512
UKL-MQTT-BENCH: BUFFULL run_id=try5-c3-cpu start_us=11695517 end_us=11699838 dur_us=4321
UKL-MQTT-BENCH: BUFFULL run_id=try5-c3-cpu start_us=11702901 end_us=11705841 dur_us=2939
UKL-MQTT-BENCH: BUFFULL run_id=try5-c3-cpu start_us=11708892 end_us=11710826 dur_us=1933
UKL-MQTT-BENCH: BUFFULL run_id=try5-c3-cpu start_us=11713227 end_us=11717898 dur_us=4670
UKL-MQTT-BENCH: BUFFULL run_id=try5-c3-cpu start_us=11723525 end_us=11727854 dur_us=4329
UKL-MQTT-BENCH: BUFFULL run_id=try5-c3-cpu start_us=11730877 end_us=11732811 dur_us=1934
UKL-MQTT-BENCH: BUFFULL run_id=try5-c3-cpu start_us=11735212 end_us=11739866 dur_us=4654
UKL-MQTT-BENCH: BUFFULL run_id=try5-c3-cpu start_us=11743511 end_us=11744790 dur_us=1279
UKL-MQTT-BENCH: BUFFULL run_id=try5-c3-cpu start_us=11747179 end_us=11750900 dur_us=3720
UKL-MQTT-BENCH: BUFFULL run_id=try5-c3-cpu start_us=11753914 end_us=11757818 dur_us=3903
UKL-MQTT-BENCH: BUFFULL run_id=try5-c3-cpu start_us=11763556 end_us=11767891 dur_us=4334
UKL-MQTT-BENCH: BUFFULL run_id=try5-c3-cpu start_us=11770923 end_us=11772794 dur_us=1870
UKL-MQTT-BENCH: BUFFULL run_id=try5-c3-cpu start_us=11774580 end_us=11778944 dur_us=4363
UKL-MQTT-BENCH: BUFFULL run_id=try5-c3-cpu start_us=11782595 end_us=11784005 dur_us=1410
UKL-MQTT-BENCH: BUFFULL run_id=try5-c3-cpu start_us=11786391 end_us=11789059 dur_us=2668
UKL-MQTT-BENCH: BUFFULL run_id=try5-c3-cpu start_us=11791454 end_us=11793806 dur_us=2351
UKL-MQTT-BENCH: BUFFULL run_id=try5-c3-cpu start_us=11796200 end_us=11799832 dur_us=3632
UKL-MQTT-BENCH: BUFFULL run_id=try5-c3-cpu start_us=11802227 end_us=11805819 dur_us=3592
UKL-MQTT-BENCH: BUFFULL run_id=try5-c3-cpu start_us=11808866 end_us=11810881 dur_us=2015
UKL-MQTT-BENCH: BUFFULL run_id=try5-c3-cpu start_us=11813272 end_us=11815822 dur_us=2550
UKL-MQTT-BENCH: BUFFULL run_id=try5-c3-cpu start_us=11818220 end_us=11821845 dur_us=3624
UKL-MQTT-BENCH: BUFFULL run_id=try5-c3-cpu start_us=11824879 end_us=11826766 dur_us=1887
UKL-MQTT-BENCH: BUFFULL run_id=try5-c3-cpu start_us=11829164 end_us=11831808 dur_us=2643
UKL-MQTT-BENCH: BUFFULL run_id=try5-c3-cpu start_us=11834214 end_us=11836773 dur_us=2558
UKL-MQTT-BENCH: BUFFULL run_id=try5-c3-cpu start_us=11839182 end_us=11841813 dur_us=2631
UKL-MQTT-BENCH: BUFFULL run_id=try5-c3-cpu start_us=11844831 end_us=11847793 dur_us=2961
UKL-MQTT-BENCH: BUFFULL run_id=try5-c3-cpu start_us=11850177 end_us=11852802 dur_us=2625
UKL-MQTT-BENCH: BUFFULL run_id=try5-c3-cpu start_us=11855202 end_us=11858794 dur_us=3592
UKL-MQTT-BENCH: BUFFULL run_id=try5-c3-cpu start_us=11861826 end_us=11863816 dur_us=1990
UKL-MQTT-BENCH: BUFFULL run_id=try5-c3-cpu start_us=11866929 end_us=11869911 dur_us=2982
UKL-MQTT-BENCH: BUFFULL run_id=try5-c3-cpu start_us=11872953 end_us=11876039 dur_us=3085
UKL-MQTT-BENCH: BUFFULL run_id=try5-c3-cpu start_us=11879075 end_us=11883884 dur_us=4809
UKL-MQTT-BENCH: BUFFULL run_id=try5-c3-cpu start_us=11887528 end_us=11888808 dur_us=1280
UKL-MQTT-BENCH: BUFFULL run_id=try5-c3-cpu start_us=11891212 end_us=11892745 dur_us=1532
UKL-MQTT-BENCH: BUFFULL run_id=try5-c3-cpu start_us=11894532 end_us=11898838 dur_us=4305
UKL-MQTT-BENCH: BUFFULL run_id=try5-c3-cpu start_us=11901871 end_us=11905831 dur_us=3960
UKL-MQTT-BENCH: BUFFULL run_id=try5-c3-cpu start_us=11908863 end_us=11910817 dur_us=1954
UKL-MQTT-BENCH: BUFFULL run_id=try5-c3-cpu start_us=11913841 end_us=11916821 dur_us=2979
UKL-MQTT-BENCH: BUFFULL run_id=try5-c3-cpu start_us=11919844 end_us=11923097 dur_us=3253
UKL-MQTT-BENCH: BUFFULL run_id=try5-c3-cpu start_us=11926128 end_us=11927815 dur_us=1687
UKL-MQTT-BENCH: BUFFULL run_id=try5-c3-cpu start_us=11930213 end_us=11934011 dur_us=3798
UKL-MQTT-BENCH: BUFFULL run_id=try5-c3-cpu start_us=11937061 end_us=11940818 dur_us=3757
UKL-MQTT-BENCH: BUFFULL run_id=try5-c3-cpu start_us=11943849 end_us=11945810 dur_us=1961
UKL-MQTT-BENCH: BUFFULL run_id=try5-c3-cpu start_us=11948222 end_us=11949994 dur_us=1772
UKL-MQTT-BENCH: BUFFULL run_id=try5-c3-cpu start_us=11952396 end_us=11956850 dur_us=4453
UKL-MQTT-BENCH: BUFFULL run_id=try5-c3-cpu start_us=11959889 end_us=11961979 dur_us=2090
UKL-MQTT-BENCH: BUFFULL run_id=try5-c3-cpu start_us=11964387 end_us=11967818 dur_us=3431
UKL-MQTT-BENCH: BUFFULL run_id=try5-c3-cpu start_us=11970891 end_us=11972830 dur_us=1938
UKL-MQTT-BENCH: BUFFULL run_id=try5-c3-cpu start_us=11975236 end_us=11978854 dur_us=3618
UKL-MQTT-BENCH: BUFFULL run_id=try5-c3-cpu start_us=11981903 end_us=11985887 dur_us=3983
UKL-MQTT-BENCH: BUFFULL run_id=try5-c3-cpu start_us=11989543 end_us=11991839 dur_us=2296
UKL-MQTT-BENCH: BUFFULL run_id=try5-c3-cpu start_us=11994243 end_us=11996831 dur_us=2587
UKL-MQTT-BENCH: BUFFULL run_id=try5-c3-cpu start_us=11999864 end_us=12003029 dur_us=3165
UKL-MQTT-BENCH: BUFFULL run_id=try5-c3-cpu start_us=12006060 end_us=12007997 dur_us=1936
UKL-MQTT-BENCH: BUFFULL run_id=try5-c3-cpu start_us=12010390 end_us=12013848 dur_us=3458
UKL-MQTT-BENCH: BUFFULL run_id=try5-c3-cpu start_us=12016884 end_us=12018818 dur_us=1933
UKL-MQTT-BENCH: BUFFULL run_id=try5-c3-cpu start_us=12021221 end_us=12024816 dur_us=3594
UKL-MQTT-BENCH: BUFFULL run_id=try5-c3-cpu start_us=12027843 end_us=12029982 dur_us=2139
UKL-MQTT-BENCH: BUFFULL run_id=try5-c3-cpu start_us=12032379 end_us=12035824 dur_us=3444
UKL-MQTT-BENCH: BUFFULL run_id=try5-c3-cpu start_us=12038920 end_us=12040998 dur_us=2077
UKL-MQTT-BENCH: BUFFULL run_id=try5-c3-cpu start_us=12043392 end_us=12046815 dur_us=3422
UKL-MQTT-BENCH: BUFFULL run_id=try5-c3-cpu start_us=12049225 end_us=12052802 dur_us=3577
UKL-MQTT-BENCH: BUFFULL run_id=try5-c3-cpu start_us=12056284 end_us=12058004 dur_us=1719
UKL-MQTT-BENCH: BUFFULL run_id=try5-c3-cpu start_us=12061068 end_us=12063810 dur_us=2741
UKL-MQTT-BENCH: BUFFULL run_id=try5-c3-cpu start_us=12066228 end_us=12069836 dur_us=3608
UKL-MQTT-BENCH: BUFFULL run_id=try5-c3-cpu start_us=12072881 end_us=12075855 dur_us=2973
UKL-MQTT-BENCH: BUFFULL run_id=try5-c3-cpu start_us=12078895 end_us=12081836 dur_us=2941
UKL-MQTT-BENCH: BUFFULL run_id=try5-c3-cpu start_us=12084241 end_us=12086806 dur_us=2565
UKL-MQTT-BENCH: BUFFULL run_id=try5-c3-cpu start_us=12089840 end_us=12093847 dur_us=4007
UKL-MQTT-BENCH: BUFFULL run_id=try5-c3-cpu start_us=12099545 end_us=12103829 dur_us=4284
UKL-MQTT-BENCH: BUFFULL run_id=try5-c3-cpu start_us=12106870 end_us=12108819 dur_us=1949
UKL-MQTT-BENCH: BUFFULL run_id=try5-c3-cpu start_us=12111221 end_us=12115841 dur_us=4620
UKL-MQTT-BENCH: BUFFULL run_id=try5-c3-cpu start_us=12118868 end_us=12123888 dur_us=5020
UKL-MQTT-BENCH: BUFFULL run_id=try5-c3-cpu start_us=12128151 end_us=12129816 dur_us=1665
UKL-MQTT-BENCH: BUFFULL run_id=try5-c3-cpu start_us=12132851 end_us=12135833 dur_us=2982
UKL-MQTT-BENCH: BUFFULL run_id=try5-c3-cpu start_us=12138868 end_us=12141801 dur_us=2932
UKL-MQTT-BENCH: BUFFULL run_id=try5-c3-cpu start_us=12144203 end_us=12145578 dur_us=1374
UKL-MQTT-BENCH: BUFFULL run_id=try5-c3-cpu start_us=12147986 end_us=12151812 dur_us=3825
UKL-MQTT-BENCH: BUFFULL run_id=try5-c3-cpu start_us=12154840 end_us=12157838 dur_us=2997
UKL-MQTT-BENCH: BUFFULL run_id=try5-c3-cpu start_us=12160857 end_us=12163837 dur_us=2979
UKL-MQTT-BENCH: BUFFULL run_id=try5-c3-cpu start_us=12166857 end_us=12169825 dur_us=2967
UKL-MQTT-BENCH: BUFFULL run_id=try5-c3-cpu start_us=12172874 end_us=12174812 dur_us=1937
UKL-MQTT-BENCH: BUFFULL run_id=try5-c3-cpu start_us=12177219 end_us=12180007 dur_us=2788
UKL-MQTT-BENCH: BUFFULL run_id=try5-c3-cpu start_us=12182407 end_us=12186026 dur_us=3619
UKL-MQTT-BENCH: BUFFULL run_id=try5-c3-cpu start_us=12189060 end_us=12191819 dur_us=2758
UKL-MQTT-BENCH: BUFFULL run_id=try5-c3-cpu start_us=12194239 end_us=12195771 dur_us=1531
UKL-MQTT-BENCH: BUFFULL run_id=try5-c3-cpu start_us=12198177 end_us=12200991 dur_us=2813
UKL-MQTT-BENCH: BUFFULL run_id=try5-c3-cpu start_us=12203385 end_us=12205786 dur_us=2400
UKL-MQTT-BENCH: BUFFULL run_id=try5-c3-cpu start_us=12207566 end_us=12209759 dur_us=2192
UKL-MQTT-BENCH: BUFFULL run_id=try5-c3-cpu start_us=12212160 end_us=12214816 dur_us=2655
UKL-MQTT-BENCH: BUFFULL run_id=try5-c3-cpu start_us=12217206 end_us=12220816 dur_us=3609
UKL-MQTT-BENCH: BUFFULL run_id=try5-c3-cpu start_us=12223215 end_us=12226801 dur_us=3585
UKL-MQTT-BENCH: BUFFULL run_id=try5-c3-cpu start_us=12229867 end_us=12231840 dur_us=1972
UKL-MQTT-BENCH: BUFFULL run_id=try5-c3-cpu start_us=12234894 end_us=12236831 dur_us=1937
UKL-MQTT-BENCH: BUFFULL run_id=try5-c3-cpu start_us=12239229 end_us=12242834 dur_us=3604
UKL-MQTT-BENCH: BUFFULL run_id=try5-c3-cpu start_us=12245868 end_us=12249830 dur_us=3961
UKL-MQTT-BENCH: BUFFULL run_id=try5-c3-cpu start_us=12256164 end_us=12258826 dur_us=2661
UKL-MQTT-BENCH: BUFFULL run_id=try5-c3-cpu start_us=12261230 end_us=12264776 dur_us=3546
UKL-MQTT-BENCH: BUFFULL run_id=try5-c3-cpu start_us=12267178 end_us=12271809 dur_us=4631
UKL-MQTT-BENCH: BUFFULL run_id=try5-c3-cpu start_us=12275509 end_us=12277037 dur_us=1528
UKL-MQTT-BENCH: BUFFULL run_id=try5-c3-cpu start_us=12282529 end_us=12286841 dur_us=4311
UKL-MQTT-BENCH: BUFFULL run_id=try5-c3-cpu start_us=12289880 end_us=12295873 dur_us=5992
UKL-MQTT-BENCH: BUFFULL run_id=try5-c3-cpu start_us=12303214 end_us=12307847 dur_us=4632
UKL-MQTT-BENCH: BUFFULL run_id=try5-c3-cpu start_us=12314156 end_us=12317843 dur_us=3687
UKL-MQTT-BENCH: BUFFULL run_id=try5-c3-cpu start_us=12320873 end_us=12323842 dur_us=2969
UKL-MQTT-BENCH: BUFFULL run_id=try5-c3-cpu start_us=12326904 end_us=12329827 dur_us=2922
UKL-MQTT-BENCH: BUFFULL run_id=try5-c3-cpu start_us=12332844 end_us=12335818 dur_us=2974
UKL-MQTT-BENCH: BUFFULL run_id=try5-c3-cpu start_us=12338209 end_us=12339756 dur_us=1546
UKL-MQTT-BENCH: BUFFULL run_id=try5-c3-cpu start_us=12342149 end_us=12345834 dur_us=3685
UKL-MQTT-BENCH: BUFFULL run_id=try5-c3-cpu start_us=12348872 end_us=12351827 dur_us=2955
UKL-MQTT-BENCH: BUFFULL run_id=try5-c3-cpu start_us=12354848 end_us=12358007 dur_us=3159
UKL-MQTT-BENCH: BUFFULL run_id=try5-c3-cpu start_us=12361062 end_us=12365844 dur_us=4781
UKL-MQTT-BENCH: BUFFULL run_id=try5-c3-cpu start_us=12368870 end_us=12371872 dur_us=3001
UKL-MQTT-BENCH: BUFFULL run_id=try5-c3-cpu start_us=12377592 end_us=12381852 dur_us=4260
UKL-MQTT-BENCH: BUFFULL run_id=try5-c3-cpu start_us=12384887 end_us=12387845 dur_us=2958
UKL-MQTT-BENCH: BUFFULL run_id=try5-c3-cpu start_us=12390886 end_us=12393818 dur_us=2932
UKL-MQTT-BENCH: BUFFULL run_id=try5-c3-cpu start_us=12396855 end_us=12398763 dur_us=1907
UKL-MQTT-BENCH: BUFFULL run_id=try5-c3-cpu start_us=12401176 end_us=12403769 dur_us=2592
UKL-MQTT-BENCH: BUFFULL run_id=try5-c3-cpu start_us=12406274 end_us=12409834 dur_us=3560
UKL-MQTT-BENCH: BUFFULL run_id=try5-c3-cpu start_us=12412879 end_us=12417857 dur_us=4978
UKL-MQTT-BENCH: BUFFULL run_id=try5-c3-cpu start_us=12421499 end_us=12424951 dur_us=3451
UKL-MQTT-BENCH: BUFFULL run_id=try5-c3-cpu start_us=12428604 end_us=12430866 dur_us=2261
UKL-MQTT-BENCH: BUFFULL run_id=try5-c3-cpu start_us=12433255 end_us=12437003 dur_us=3748
UKL-MQTT-BENCH: BUFFULL run_id=try5-c3-cpu start_us=12440051 end_us=12441988 dur_us=1937
UKL-MQTT-BENCH: BUFFULL run_id=try5-c3-cpu start_us=12444384 end_us=12446767 dur_us=2382
UKL-MQTT-BENCH: BUFFULL run_id=try5-c3-cpu start_us=12449164 end_us=12451801 dur_us=2636
UKL-MQTT-BENCH: BUFFULL run_id=try5-c3-cpu start_us=12455510 end_us=12459854 dur_us=4343
UKL-MQTT-BENCH: BUFFULL run_id=try5-c3-cpu start_us=12462895 end_us=12463971 dur_us=1075
UKL-MQTT-BENCH: BUFFULL run_id=try5-c3-cpu start_us=12466361 end_us=12471842 dur_us=5481
UKL-MQTT-BENCH: BUFFULL run_id=try5-c3-cpu start_us=12477449 end_us=12481854 dur_us=4404
UKL-MQTT-BENCH: BUFFULL run_id=try5-c3-cpu start_us=12484890 end_us=12486810 dur_us=1919
UKL-MQTT-BENCH: BUFFULL run_id=try5-c3-cpu start_us=12489216 end_us=12493853 dur_us=4636
UKL-MQTT-BENCH: BUFFULL run_id=try5-c3-cpu start_us=12497508 end_us=12501039 dur_us=3531
UKL-MQTT-BENCH: BUFFULL run_id=try5-c3-cpu start_us=12504694 end_us=12505808 dur_us=1113
UKL-MQTT-BENCH: BUFFULL run_id=try5-c3-cpu start_us=12508213 end_us=12512151 dur_us=3937
UKL-MQTT-BENCH: BUFFULL run_id=try5-c3-cpu start_us=12517527 end_us=12522797 dur_us=5270
UKL-MQTT-BENCH: BUFFULL run_id=try5-c3-cpu start_us=12525833 end_us=12527991 dur_us=2158
UKL-MQTT-BENCH: BUFFULL run_id=try5-c3-cpu start_us=12531020 end_us=12534823 dur_us=3803
UKL-MQTT-BENCH: BUFFULL run_id=try5-c3-cpu start_us=12537858 end_us=12540844 dur_us=2986
UKL-MQTT-BENCH: BUFFULL run_id=try5-c3-cpu start_us=12543877 end_us=12547861 dur_us=3984
UKL-MQTT-BENCH: BUFFULL run_id=try5-c3-cpu start_us=12551512 end_us=12553981 dur_us=2469
UKL-MQTT-BENCH: BUFFULL run_id=try5-c3-cpu start_us=12557016 end_us=12560823 dur_us=3807
UKL-MQTT-BENCH: BUFFULL run_id=try5-c3-cpu start_us=12563859 end_us=12566820 dur_us=2961
UKL-MQTT-BENCH: BUFFULL run_id=try5-c3-cpu start_us=12569856 end_us=12571802 dur_us=1945
UKL-MQTT-BENCH: BUFFULL run_id=try5-c3-cpu start_us=12574214 end_us=12577825 dur_us=3611
UKL-MQTT-BENCH: BUFFULL run_id=try5-c3-cpu start_us=12580876 end_us=12582816 dur_us=1940
UKL-MQTT-BENCH: BUFFULL run_id=try5-c3-cpu start_us=12585238 end_us=12588829 dur_us=3590
UKL-MQTT-BENCH: BUFFULL run_id=try5-c3-cpu start_us=12591904 end_us=12593778 dur_us=1873
UKL-MQTT-BENCH: BUFFULL run_id=try5-c3-cpu start_us=12596208 end_us=12598803 dur_us=2594
UKL-MQTT-BENCH: BUFFULL run_id=try5-c3-cpu start_us=12601223 end_us=12604864 dur_us=3640
UKL-MQTT-BENCH: BUFFULL run_id=try5-c3-cpu start_us=12607279 end_us=12609833 dur_us=2554
UKL-MQTT-BENCH: BUFFULL run_id=try5-c3-cpu start_us=12612884 end_us=12614817 dur_us=1933
UKL-MQTT-BENCH: BUFFULL run_id=try5-c3-cpu start_us=12617229 end_us=12620810 dur_us=3580
UKL-MQTT-BENCH: BUFFULL run_id=try5-c3-cpu start_us=12623230 end_us=12626866 dur_us=3635
UKL-MQTT-BENCH: BUFFULL run_id=try5-c3-cpu start_us=12629910 end_us=12631827 dur_us=1916
UKL-MQTT-BENCH: BUFFULL run_id=try5-c3-cpu start_us=12634895 end_us=12636843 dur_us=1948
UKL-MQTT-BENCH: BUFFULL run_id=try5-c3-cpu start_us=12639248 end_us=12642860 dur_us=3611
UKL-MQTT-BENCH: BUFFULL run_id=try5-c3-cpu start_us=12645275 end_us=12648874 dur_us=3598
UKL-MQTT-BENCH: BUFFULL run_id=try5-c3-cpu start_us=12651935 end_us=12653836 dur_us=1900
UKL-MQTT-BENCH: BUFFULL run_id=try5-c3-cpu start_us=12657321 end_us=12658827 dur_us=1505
UKL-MQTT-BENCH: BUFFULL run_id=try5-c3-cpu start_us=12661279 end_us=12663830 dur_us=2550
UKL-MQTT-BENCH: BUFFULL run_id=try5-c3-cpu start_us=12666253 end_us=12669880 dur_us=3626
UKL-MQTT-BENCH: BUFFULL run_id=try5-c3-cpu start_us=12673904 end_us=12677786 dur_us=3881
UKL-MQTT-BENCH: BUFFULL run_id=try5-c3-cpu start_us=12680202 end_us=12682834 dur_us=2632
UKL-MQTT-BENCH: BUFFULL run_id=try5-c3-cpu start_us=12685309 end_us=12687819 dur_us=2510
UKL-MQTT-BENCH: BUFFULL run_id=try5-c3-cpu start_us=12690248 end_us=12691780 dur_us=1532
UKL-MQTT-BENCH: BUFFULL run_id=try5-c3-cpu start_us=12695548 end_us=12699827 dur_us=4279
UKL-MQTT-BENCH: BUFFULL run_id=try5-c3-cpu start_us=12704099 end_us=12706368 dur_us=2269
UKL-MQTT-BENCH: BUFFULL run_id=try5-c3-cpu start_us=12711460 end_us=12712970 dur_us=1510
UKL-MQTT-BENCH: BUFFULL run_id=try5-c3-cpu start_us=12716037 end_us=12718860 dur_us=2822
UKL-MQTT-BENCH: BUFFULL run_id=try5-c3-cpu start_us=12721914 end_us=12723822 dur_us=1907
UKL-MQTT-BENCH: BUFFULL run_id=try5-c3-cpu start_us=12726238 end_us=12728869 dur_us=2631
UKL-MQTT-BENCH: BUFFULL run_id=try5-c3-cpu start_us=12731267 end_us=12734876 dur_us=3608
UKL-MQTT-BENCH: BUFFULL run_id=try5-c3-cpu start_us=12737915 end_us=12740835 dur_us=2919
UKL-MQTT-BENCH: BUFFULL run_id=try5-c3-cpu start_us=12743234 end_us=12745792 dur_us=2557
UKL-MQTT-BENCH: BUFFULL run_id=try5-c3-cpu start_us=12748832 end_us=12750798 dur_us=1965
UKL-MQTT-BENCH: BUFFULL run_id=try5-c3-cpu start_us=12753200 end_us=12756833 dur_us=3632
UKL-MQTT-BENCH: BUFFULL run_id=try5-c3-cpu start_us=12759231 end_us=12761825 dur_us=2593
UKL-MQTT-BENCH: BUFFULL run_id=try5-c3-cpu start_us=12764852 end_us=12767832 dur_us=2979
UKL-MQTT-BENCH: BUFFULL run_id=try5-c3-cpu start_us=12770228 end_us=12774008 dur_us=3779
UKL-MQTT-BENCH: BUFFULL run_id=try5-c3-cpu start_us=12777039 end_us=12778799 dur_us=1759
UKL-MQTT-BENCH: BUFFULL run_id=try5-c3-cpu start_us=12781824 end_us=12783814 dur_us=1989
UKL-MQTT-BENCH: BUFFULL run_id=try5-c3-cpu start_us=12786226 end_us=12789850 dur_us=3624
UKL-MQTT-BENCH: BUFFULL run_id=try5-c3-cpu start_us=12792885 end_us=12795832 dur_us=2946
UKL-MQTT-BENCH: BUFFULL run_id=try5-c3-cpu start_us=12798231 end_us=12802851 dur_us=4620
UKL-MQTT-BENCH: BUFFULL run_id=try5-c3-cpu start_us=12805887 end_us=12808822 dur_us=2935
UKL-MQTT-BENCH: BUFFULL run_id=try5-c3-cpu start_us=12815163 end_us=12817983 dur_us=2820
UKL-MQTT-BENCH: BUFFULL run_id=try5-c3-cpu start_us=12820377 end_us=12823836 dur_us=3459
UKL-MQTT-BENCH: BUFFULL run_id=try5-c3-cpu start_us=12826866 end_us=12829810 dur_us=2943
UKL-MQTT-BENCH: BUFFULL run_id=try5-c3-cpu start_us=12832870 end_us=12834822 dur_us=1951
UKL-MQTT-BENCH: BUFFULL run_id=try5-c3-cpu start_us=12837224 end_us=12840833 dur_us=3609
UKL-MQTT-BENCH: BUFFULL run_id=try5-c3-cpu start_us=12843226 end_us=12846880 dur_us=3654
UKL-MQTT-BENCH: BUFFULL run_id=try5-c3-cpu start_us=12850516 end_us=12851815 dur_us=1299
UKL-MQTT-BENCH: BUFFULL run_id=try5-c3-cpu start_us=12854214 end_us=12856801 dur_us=2586
UKL-MQTT-BENCH: BUFFULL run_id=try5-c3-cpu start_us=12859206 end_us=12862843 dur_us=3636
UKL-MQTT-BENCH: BUFFULL run_id=try5-c3-cpu start_us=12865245 end_us=12868366 dur_us=3121
UKL-MQTT-BENCH: BUFFULL run_id=try5-c3-cpu start_us=12871385 end_us=12873837 dur_us=2452
UKL-MQTT-BENCH: BUFFULL run_id=try5-c3-cpu start_us=12876236 end_us=12878834 dur_us=2598
UKL-MQTT-BENCH: BUFFULL run_id=try5-c3-cpu start_us=12881853 end_us=12884820 dur_us=2967
UKL-MQTT-BENCH: BUFFULL run_id=try5-c3-cpu start_us=12887217 end_us=12889850 dur_us=2633
UKL-MQTT-BENCH: BUFFULL run_id=try5-c3-cpu start_us=12892907 end_us=12894856 dur_us=1949
UKL-MQTT-BENCH: BUFFULL run_id=try5-c3-cpu start_us=12896784 end_us=12900008 dur_us=3224
UKL-MQTT-BENCH: BUFFULL run_id=try5-c3-cpu start_us=12903042 end_us=12905009 dur_us=1966
UKL-MQTT-BENCH: BUFFULL run_id=try5-c3-cpu start_us=12907418 end_us=12910006 dur_us=2588
UKL-MQTT-BENCH: BUFFULL run_id=try5-c3-cpu start_us=12912434 end_us=12913743 dur_us=1309
UKL-MQTT-BENCH: BUFFULL run_id=try5-c3-cpu start_us=12915530 end_us=12919983 dur_us=4452
UKL-MQTT-BENCH: BUFFULL run_id=try5-c3-cpu start_us=12923020 end_us=12926832 dur_us=3812
UKL-MQTT-BENCH: BUFFULL run_id=try5-c3-cpu start_us=12929866 end_us=12931813 dur_us=1946
UKL-MQTT-BENCH: BUFFULL run_id=try5-c3-cpu start_us=12934215 end_us=12936771 dur_us=2555
UKL-MQTT-BENCH: BUFFULL run_id=try5-c3-cpu start_us=12939208 end_us=12943860 dur_us=4652
UKL-MQTT-BENCH: BUFFULL run_id=try5-c3-cpu start_us=12947518 end_us=12951064 dur_us=3545
UKL-MQTT-BENCH: BUFFULL run_id=try5-c3-cpu start_us=12954712 end_us=12955986 dur_us=1274
UKL-MQTT-BENCH: BUFFULL run_id=try5-c3-cpu start_us=12958392 end_us=12963845 dur_us=5453
UKL-MQTT-BENCH: BUFFULL run_id=try5-c3-cpu start_us=12967482 end_us=12969815 dur_us=2332
UKL-MQTT-BENCH: BUFFULL run_id=try5-c3-cpu start_us=12975518 end_us=12978775 dur_us=3257
UKL-MQTT-BENCH: BUFFULL run_id=try5-c3-cpu start_us=12981176 end_us=12985840 dur_us=4663
UKL-MQTT-BENCH: BUFFULL run_id=try5-c3-cpu start_us=12988930 end_us=12991911 dur_us=2980
UKL-MQTT-BENCH: BUFFULL run_id=try5-c3-cpu start_us=12994944 end_us=12997998 dur_us=3053
UKL-MQTT-BENCH: BUFFULL run_id=try5-c3-cpu start_us=13001032 end_us=13006077 dur_us=5044
UKL-MQTT-BENCH: BUFFULL run_id=try5-c3-cpu start_us=13010346 end_us=13012801 dur_us=2455
UKL-MQTT-BENCH: BUFFULL run_id=try5-c3-cpu start_us=13017833 end_us=13021838 dur_us=4004
UKL-MQTT-BENCH: BUFFULL run_id=try5-c3-cpu start_us=13024856 end_us=13027874 dur_us=3018
UKL-MQTT-BENCH: BUFFULL run_id=try5-c3-cpu start_us=13030904 end_us=13033997 dur_us=3093
UKL-MQTT-BENCH: BUFFULL run_id=try5-c3-cpu start_us=13037039 end_us=13039816 dur_us=2777
UKL-MQTT-BENCH: BUFFULL run_id=try5-c3-cpu start_us=13042858 end_us=13044817 dur_us=1958
UKL-MQTT-BENCH: BUFFULL run_id=try5-c3-cpu start_us=13047221 end_us=13049775 dur_us=2553
UKL-MQTT-BENCH: BUFFULL run_id=try5-c3-cpu start_us=13052173 end_us=13056848 dur_us=4674
UKL-MQTT-BENCH: BUFFULL run_id=try5-c3-cpu start_us=13059877 end_us=13063874 dur_us=3997
UKL-MQTT-BENCH: BUFFULL run_id=try5-c3-cpu start_us=13067518 end_us=13068810 dur_us=1292
UKL-MQTT-BENCH: BUFFULL run_id=try5-c3-cpu start_us=13071237 end_us=13075888 dur_us=4650
UKL-MQTT-BENCH: BUFFULL run_id=try5-c3-cpu start_us=13079518 end_us=13080825 dur_us=1306
UKL-MQTT-BENCH: BUFFULL run_id=try5-c3-cpu start_us=13083227 end_us=13086797 dur_us=3570
UKL-MQTT-BENCH: BUFFULL run_id=try5-c3-cpu start_us=13089852 end_us=13092821 dur_us=2969
UKL-MQTT-BENCH: BUFFULL run_id=try5-c3-cpu start_us=13095235 end_us=13099064 dur_us=3828
UKL-MQTT-BENCH: BUFFULL run_id=try5-c3-cpu start_us=13102711 end_us=13103779 dur_us=1067
UKL-MQTT-BENCH: BUFFULL run_id=try5-c3-cpu start_us=13106191 end_us=13111852 dur_us=5660
UKL-MQTT-BENCH: BUFFULL run_id=try5-c3-cpu start_us=13114890 end_us=13118852 dur_us=3962
UKL-MQTT-BENCH: BUFFULL run_id=try5-c3-cpu start_us=13125158 end_us=13129893 dur_us=4734
UKL-MQTT-BENCH: BUFFULL run_id=try5-c3-cpu start_us=13133553 end_us=13134803 dur_us=1250
UKL-MQTT-BENCH: BUFFULL run_id=try5-c3-cpu start_us=13137210 end_us=13140796 dur_us=3585
UKL-MQTT-BENCH: BUFFULL run_id=try5-c3-cpu start_us=13143197 end_us=13148098 dur_us=4900
UKL-MQTT-BENCH: BUFFULL run_id=try5-c3-cpu start_us=13154375 end_us=13156816 dur_us=2441
UKL-MQTT-BENCH: BUFFULL run_id=try5-c3-cpu start_us=13159219 end_us=13162825 dur_us=3606
UKL-MQTT-BENCH: BUFFULL run_id=try5-c3-cpu start_us=13165228 end_us=13169869 dur_us=4641
UKL-MQTT-BENCH: BUFFULL run_id=try5-c3-cpu start_us=13175599 end_us=13178840 dur_us=3240
UKL-MQTT-BENCH: BUFFULL run_id=try5-c3-cpu start_us=13181225 end_us=13184834 dur_us=3609
UKL-MQTT-BENCH: BUFFULL run_id=try5-c3-cpu start_us=13187868 end_us=13190810 dur_us=2941
UKL-MQTT-BENCH: BUFFULL run_id=try5-c3-cpu start_us=13196603 end_us=13198744 dur_us=2140
UKL-MQTT-BENCH: BUFFULL run_id=try5-c3-cpu start_us=13200529 end_us=13202748 dur_us=2218
UKL-MQTT-BENCH: BUFFULL run_id=try5-c3-cpu start_us=13204538 end_us=13206990 dur_us=2452
UKL-MQTT-BENCH: BUFFULL run_id=try5-c3-cpu start_us=13210030 end_us=13212791 dur_us=2760
UKL-MQTT-BENCH: BUFFULL run_id=try5-c3-cpu start_us=13215196 end_us=13216748 dur_us=1551
UKL-MQTT-BENCH: BUFFULL run_id=try5-c3-cpu start_us=13219150 end_us=13220754 dur_us=1604
UKL-MQTT-BENCH: BUFFULL run_id=try5-c3-cpu start_us=13222527 end_us=13228016 dur_us=5488
UKL-MQTT-BENCH: BUFFULL run_id=try5-c3-cpu start_us=13231652 end_us=13233143 dur_us=1490
UKL-MQTT-BENCH: BUFFULL run_id=try5-c3-cpu start_us=13235565 end_us=13238792 dur_us=3226
UKL-MQTT-BENCH: BUFFULL run_id=try5-c3-cpu start_us=13241827 end_us=13246864 dur_us=5037
UKL-MQTT-BENCH: BUFFULL run_id=try5-c3-cpu start_us=13250539 end_us=13252902 dur_us=2362
UKL-MQTT-BENCH: BUFFULL run_id=try5-c3-cpu start_us=13255934 end_us=13258676 dur_us=2741
UKL-MQTT-BENCH: BUFFULL run_id=try5-c3-cpu start_us=13261774 end_us=13266025 dur_us=4251
UKL-MQTT-BENCH: BUFFULL run_id=try5-c3-cpu start_us=13269054 end_us=13270881 dur_us=1826
UKL-MQTT-BENCH: BUFFULL run_id=try5-c3-cpu start_us=13273270 end_us=13274764 dur_us=1494
UKL-MQTT-BENCH: BUFFULL run_id=try5-c3-cpu start_us=13277162 end_us=13280815 dur_us=3652
UKL-MQTT-BENCH: BUFFULL run_id=try5-c3-cpu start_us=13283236 end_us=13285814 dur_us=2578
UKL-MQTT-BENCH: BUFFULL run_id=try5-c3-cpu start_us=13288214 end_us=13290805 dur_us=2590
UKL-MQTT-BENCH: BUFFULL run_id=try5-c3-cpu start_us=13293197 end_us=13295787 dur_us=2589
UKL-MQTT-BENCH: BUFFULL run_id=try5-c3-cpu start_us=13298223 end_us=13301795 dur_us=3571
UKL-MQTT-BENCH: BUFFULL run_id=try5-c3-cpu start_us=13308197 end_us=13311848 dur_us=3650
UKL-MQTT-BENCH: BUFFULL run_id=try5-c3-cpu start_us=13314878 end_us=13317837 dur_us=2958
UKL-MQTT-BENCH: BUFFULL run_id=try5-c3-cpu start_us=13320245 end_us=13323790 dur_us=3544
UKL-MQTT-BENCH: BUFFULL run_id=try5-c3-cpu start_us=13326826 end_us=13329019 dur_us=2192
UKL-MQTT-BENCH: BUFFULL run_id=try5-c3-cpu start_us=13332059 end_us=13333995 dur_us=1936
UKL-MQTT-BENCH: BUFFULL run_id=try5-c3-cpu start_us=13336395 end_us=13339798 dur_us=3402
UKL-MQTT-BENCH: BUFFULL run_id=try5-c3-cpu start_us=13342194 end_us=13346818 dur_us=4623
UKL-MQTT-BENCH: BUFFULL run_id=try5-c3-cpu start_us=13349836 end_us=13351828 dur_us=1991
UKL-MQTT-BENCH: BUFFULL run_id=try5-c3-cpu start_us=13354844 end_us=13356805 dur_us=1961
UKL-MQTT-BENCH: BUFFULL run_id=try5-c3-cpu start_us=13359212 end_us=13361982 dur_us=2770
UKL-MQTT-BENCH: BUFFULL run_id=try5-c3-cpu start_us=13364366 end_us=13368002 dur_us=3636
UKL-MQTT-BENCH: BUFFULL run_id=try5-c3-cpu start_us=13371012 end_us=13373821 dur_us=2808
UKL-MQTT-BENCH: BUFFULL run_id=try5-c3-cpu start_us=13376842 end_us=13378762 dur_us=1920
UKL-MQTT-BENCH: BUFFULL run_id=try5-c3-cpu start_us=13381154 end_us=13384863 dur_us=3709
UKL-MQTT-BENCH: BUFFULL run_id=try5-c3-cpu start_us=13387884 end_us=13390847 dur_us=2962
UKL-MQTT-BENCH: BUFFULL run_id=try5-c3-cpu start_us=13393874 end_us=13395816 dur_us=1942
UKL-MQTT-BENCH: BUFFULL run_id=try5-c3-cpu start_us=13398206 end_us=13401862 dur_us=3656
UKL-MQTT-BENCH: BUFFULL run_id=try5-c3-cpu start_us=13404967 end_us=13406791 dur_us=1824
UKL-MQTT-BENCH: BUFFULL run_id=try5-c3-cpu start_us=13409211 end_us=13412809 dur_us=3598
UKL-MQTT-BENCH: BUFFULL run_id=try5-c3-cpu start_us=13415230 end_us=13417836 dur_us=2606
UKL-MQTT-BENCH: BUFFULL run_id=try5-c3-cpu start_us=13420872 end_us=13422811 dur_us=1939
UKL-MQTT-BENCH: BUFFULL run_id=try5-c3-cpu start_us=13425210 end_us=13427783 dur_us=2573
UKL-MQTT-BENCH: BUFFULL run_id=try5-c3-cpu start_us=13430207 end_us=13433839 dur_us=3632
UKL-MQTT-BENCH: BUFFULL run_id=try5-c3-cpu start_us=13436879 end_us=13439806 dur_us=2926
UKL-MQTT-BENCH: BUFFULL run_id=try5-c3-cpu start_us=13442209 end_us=13444816 dur_us=2606
UKL-MQTT-BENCH: BUFFULL run_id=try5-c3-cpu start_us=13447216 end_us=13449817 dur_us=2601
UKL-MQTT-BENCH: BUFFULL run_id=try5-c3-cpu start_us=13452855 end_us=13455882 dur_us=3027
UKL-MQTT-BENCH: BUFFULL run_id=try5-c3-cpu start_us=13458915 end_us=13463887 dur_us=4972
UKL-MQTT-BENCH: BUFFULL run_id=try5-c3-cpu start_us=13466917 end_us=13468811 dur_us=1894
UKL-MQTT-BENCH: BUFFULL run_id=try5-c3-cpu start_us=13471204 end_us=13472982 dur_us=1777
UKL-MQTT-BENCH: BUFFULL run_id=try5-c3-cpu start_us=13475375 end_us=13477972 dur_us=2596
UKL-MQTT-BENCH: BUFFULL run_id=try5-c3-cpu start_us=13480367 end_us=13484010 dur_us=3642
UKL-MQTT-BENCH: BUFFULL run_id=try5-c3-cpu start_us=13487719 end_us=13490804 dur_us=3085
UKL-MQTT-BENCH: BUFFULL run_id=try5-c3-cpu start_us=13493204 end_us=13496838 dur_us=3634
UKL-MQTT-BENCH: BUFFULL run_id=try5-c3-cpu start_us=13499872 end_us=13501791 dur_us=1919
UKL-MQTT-BENCH: BUFFULL run_id=try5-c3-cpu start_us=13504286 end_us=13506804 dur_us=2518
UKL-MQTT-BENCH: BUFFULL run_id=try5-c3-cpu start_us=13509854 end_us=13511975 dur_us=2120
UKL-MQTT-BENCH: BUFFULL run_id=try5-c3-cpu start_us=13514371 end_us=13517817 dur_us=3446
UKL-MQTT-BENCH: BUFFULL run_id=try5-c3-cpu start_us=13520851 end_us=13522957 dur_us=2106
UKL-MQTT-BENCH: BUFFULL run_id=try5-c3-cpu start_us=13525352 end_us=13528810 dur_us=3457
UKL-MQTT-BENCH: BUFFULL run_id=try5-c3-cpu start_us=13531846 end_us=13535901 dur_us=4054
UKL-MQTT-BENCH: BUFFULL run_id=try5-c3-cpu start_us=13539555 end_us=13541981 dur_us=2425
UKL-MQTT-BENCH: BUFFULL run_id=try5-c3-cpu start_us=13544372 end_us=13549925 dur_us=5552
UKL-MQTT-BENCH: BUFFULL run_id=try5-c3-cpu start_us=13553568 end_us=13554792 dur_us=1223
UKL-MQTT-BENCH: BUFFULL run_id=try5-c3-cpu start_us=13560325 end_us=13564011 dur_us=3685
UKL-MQTT-BENCH: BUFFULL run_id=try5-c3-cpu start_us=13566399 end_us=13570878 dur_us=4479
UKL-MQTT-BENCH: BUFFULL run_id=try5-c3-cpu start_us=13577220 end_us=13579975 dur_us=2755
UKL-MQTT-BENCH: BUFFULL run_id=try5-c3-cpu start_us=13582363 end_us=13586849 dur_us=4485
UKL-MQTT-BENCH: BUFFULL run_id=try5-c3-cpu start_us=13590489 end_us=13591826 dur_us=1336
UKL-MQTT-BENCH: BUFFULL run_id=try5-c3-cpu start_us=13594263 end_us=13596764 dur_us=2500
UKL-MQTT-BENCH: BUFFULL run_id=try5-c3-cpu start_us=13599156 end_us=13601828 dur_us=2671
UKL-MQTT-BENCH: BUFFULL run_id=try5-c3-cpu start_us=13604230 end_us=13607805 dur_us=3575
UKL-MQTT-BENCH: BUFFULL run_id=try5-c3-cpu start_us=13610875 end_us=13613833 dur_us=2958
UKL-MQTT-BENCH: BUFFULL run_id=try5-c3-cpu start_us=13616864 end_us=13618870 dur_us=2006
UKL-MQTT-BENCH: BUFFULL run_id=try5-c3-cpu start_us=13621270 end_us=13624836 dur_us=3566
UKL-MQTT-BENCH: BUFFULL run_id=try5-c3-cpu start_us=13627240 end_us=13629799 dur_us=2558
UKL-MQTT-BENCH: BUFFULL run_id=try5-c3-cpu start_us=13632205 end_us=13635860 dur_us=3654
UKL-MQTT-BENCH: BUFFULL run_id=try5-c3-cpu start_us=13639491 end_us=13640859 dur_us=1367
UKL-MQTT-BENCH: BUFFULL run_id=try5-c3-cpu start_us=13643257 end_us=13646055 dur_us=2798
UKL-MQTT-BENCH: BUFFULL run_id=try5-c3-cpu start_us=13648457 end_us=13651826 dur_us=3369
UKL-MQTT-BENCH: BUFFULL run_id=try5-c3-cpu start_us=13654214 end_us=13657840 dur_us=3625
UKL-MQTT-BENCH: BUFFULL run_id=try5-c3-cpu start_us=13660885 end_us=13662824 dur_us=1938
UKL-MQTT-BENCH: BUFFULL run_id=try5-c3-cpu start_us=13665892 end_us=13667795 dur_us=1903
UKL-MQTT-BENCH: BUFFULL run_id=try5-c3-cpu start_us=13669580 end_us=13672764 dur_us=3184
UKL-MQTT-BENCH: BUFFULL run_id=try5-c3-cpu start_us=13675215 end_us=13677970 dur_us=2754
UKL-MQTT-BENCH: BUFFULL run_id=try5-c3-cpu start_us=13680985 end_us=13683891 dur_us=2905
UKL-MQTT-BENCH: BUFFULL run_id=try5-c3-cpu start_us=13687110 end_us=13688809 dur_us=1698
UKL-MQTT-BENCH: BUFFULL run_id=try5-c3-cpu start_us=13691210 end_us=13694803 dur_us=3593
UKL-MQTT-BENCH: BUFFULL run_id=try5-c3-cpu start_us=13697198 end_us=13701005 dur_us=3806
UKL-MQTT-BENCH: BUFFULL run_id=try5-c3-cpu start_us=13704655 end_us=13705968 dur_us=1313
UKL-MQTT-BENCH: BUFFULL run_id=try5-c3-cpu start_us=13708400 end_us=13710985 dur_us=2584
UKL-MQTT-BENCH: BUFFULL run_id=try5-c3-cpu start_us=13713383 end_us=13717024 dur_us=3641
UKL-MQTT-BENCH: BUFFULL run_id=try5-c3-cpu start_us=13720059 end_us=13723851 dur_us=3792
UKL-MQTT-BENCH: BUFFULL run_id=try5-c3-cpu start_us=13726888 end_us=13728775 dur_us=1887
UKL-MQTT-BENCH: BUFFULL run_id=try5-c3-cpu start_us=13731181 end_us=13733781 dur_us=2599
UKL-MQTT-BENCH: BUFFULL run_id=try5-c3-cpu start_us=13736187 end_us=13738966 dur_us=2779
UKL-MQTT-BENCH: BUFFULL run_id=try5-c3-cpu start_us=13742005 end_us=13745857 dur_us=3852
UKL-MQTT-BENCH: BUFFULL run_id=try5-c3-cpu start_us=13748886 end_us=13750767 dur_us=1881
UKL-MQTT-BENCH: BUFFULL run_id=try5-c3-cpu start_us=13753161 end_us=13757856 dur_us=4695
UKL-MQTT-BENCH: BUFFULL run_id=try5-c3-cpu start_us=13761430 end_us=13763797 dur_us=2367
UKL-MQTT-BENCH: BUFFULL run_id=try5-c3-cpu start_us=13766152 end_us=13767756 dur_us=1603
UKL-MQTT-BENCH: BUFFULL run_id=try5-c3-cpu start_us=13770110 end_us=13772771 dur_us=2660
UKL-MQTT-BENCH: BUFFULL run_id=try5-c3-cpu start_us=13775124 end_us=13779844 dur_us=4719
UKL-MQTT-BENCH: BUFFULL run_id=try5-c3-cpu start_us=13783412 end_us=13785811 dur_us=2398
UKL-MQTT-BENCH: BUFFULL run_id=try5-c3-cpu start_us=13788776 end_us=13793826 dur_us=5050
UKL-MQTT-BENCH: BUFFULL run_id=try5-c3-cpu start_us=13797576 end_us=13800891 dur_us=3314
UKL-MQTT-BENCH: BUFFULL run_id=try5-c3-cpu start_us=13804467 end_us=13806899 dur_us=2431
UKL-MQTT-BENCH: BUFFULL run_id=try5-c3-cpu start_us=13809281 end_us=13813004 dur_us=3722
UKL-MQTT-BENCH: BUFFULL run_id=try5-c3-cpu start_us=13815978 end_us=13819852 dur_us=3874
UKL-MQTT-BENCH: BUFFULL run_id=try5-c3-cpu start_us=13823444 end_us=13825832 dur_us=2388
UKL-MQTT-BENCH: BUFFULL run_id=try5-c3-cpu start_us=13830772 end_us=13834855 dur_us=4082
UKL-MQTT-BENCH: BUFFULL run_id=try5-c3-cpu start_us=13837841 end_us=13841008 dur_us=3167
UKL-MQTT-BENCH: BUFFULL run_id=try5-c3-cpu start_us=13843988 end_us=13847027 dur_us=3038
UKL-MQTT-BENCH: BUFFULL run_id=try5-c3-cpu start_us=13849996 end_us=13854881 dur_us=4885
UKL-MQTT-BENCH: BUFFULL run_id=try5-c3-cpu start_us=13857854 end_us=13860847 dur_us=2992
UKL-MQTT-BENCH: BUFFULL run_id=try5-c3-cpu start_us=13863921 end_us=13866850 dur_us=2929
UKL-MQTT-BENCH: BUFFULL run_id=try5-c3-cpu start_us=13869815 end_us=13871807 dur_us=1991
UKL-MQTT-BENCH: BUFFULL run_id=try5-c3-cpu start_us=13874178 end_us=13876805 dur_us=2626
UKL-MQTT-BENCH: BUFFULL run_id=try5-c3-cpu start_us=13879785 end_us=13882812 dur_us=3027
UKL-MQTT-BENCH: BUFFULL run_id=try5-c3-cpu start_us=13885174 end_us=13888829 dur_us=3654
UKL-MQTT-BENCH: BUFFULL run_id=try5-c3-cpu start_us=13891806 end_us=13893818 dur_us=2012
UKL-MQTT-BENCH: BUFFULL run_id=try5-c3-cpu start_us=13896782 end_us=13900872 dur_us=4089
UKL-MQTT-BENCH: BUFFULL run_id=try5-c3-cpu start_us=13906519 end_us=13910870 dur_us=4351
UKL-MQTT-BENCH: BUFFULL run_id=try5-c3-cpu start_us=13913909 end_us=13916871 dur_us=2961
UKL-MQTT-BENCH: BUFFULL run_id=try5-c3-cpu start_us=13919909 end_us=13922852 dur_us=2942
UKL-MQTT-BENCH: BUFFULL run_id=try5-c3-cpu start_us=13925818 end_us=13928840 dur_us=3021
UKL-MQTT-BENCH: BUFFULL run_id=try5-c3-cpu start_us=13931815 end_us=13933849 dur_us=2033
UKL-MQTT-BENCH: BUFFULL run_id=try5-c3-cpu start_us=13936203 end_us=13939841 dur_us=3637
UKL-MQTT-BENCH: BUFFULL run_id=try5-c3-cpu start_us=13942189 end_us=13945881 dur_us=3691
UKL-MQTT-BENCH: BUFFULL run_id=try5-c3-cpu start_us=13948850 end_us=13951873 dur_us=3022
UKL-MQTT-BENCH: BUFFULL run_id=try5-c3-cpu start_us=13958172 end_us=13961476 dur_us=3304
UKL-MQTT-BENCH: BUFFULL run_id=try5-c3-cpu start_us=13963839 end_us=13966965 dur_us=3125
UKL-MQTT-BENCH: BUFFULL run_id=try5-c3-cpu start_us=13969938 end_us=13972805 dur_us=2866
UKL-MQTT-BENCH: BUFFULL run_id=try5-c3-cpu start_us=13975165 end_us=13976764 dur_us=1599
UKL-MQTT-BENCH: BUFFULL run_id=try5-c3-cpu start_us=13979121 end_us=13981807 dur_us=2686
UKL-MQTT-BENCH: BUFFULL run_id=try5-c3-cpu start_us=13984179 end_us=13985766 dur_us=1587
UKL-MQTT-BENCH: BUFFULL run_id=try5-c3-cpu start_us=13988127 end_us=13992843 dur_us=4716
UKL-MQTT-BENCH: BUFFULL run_id=try5-c3-cpu start_us=13995826 end_us=13997795 dur_us=1968
UKL-MQTT-BENCH: BUFFULL run_id=try5-c3-cpu start_us=14000149 end_us=14003836 dur_us=3686
UKL-MQTT-BENCH: BUFFULL run_id=try5-c3-cpu start_us=14006869 end_us=14008826 dur_us=1957
UKL-MQTT-BENCH: BUFFULL run_id=try5-c3-cpu start_us=14011801 end_us=14014833 dur_us=3031
UKL-MQTT-BENCH: BUFFULL run_id=try5-c3-cpu start_us=14017816 end_us=14019798 dur_us=1982
UKL-MQTT-BENCH: BUFFULL run_id=try5-c3-cpu start_us=14022170 end_us=14025832 dur_us=3662
UKL-MQTT-BENCH: BUFFULL run_id=try5-c3-cpu start_us=14028798 end_us=14030822 dur_us=2023
UKL-MQTT-BENCH: BUFFULL run_id=try5-c3-cpu start_us=14033172 end_us=14036843 dur_us=3671
UKL-MQTT-BENCH: BUFFULL run_id=try5-c3-cpu start_us=14039835 end_us=14042904 dur_us=3068
UKL-MQTT-BENCH: BUFFULL run_id=try5-c3-cpu start_us=14045911 end_us=14048836 dur_us=2924
UKL-MQTT-BENCH: BUFFULL run_id=try5-c3-cpu start_us=14051181 end_us=14053808 dur_us=2626
UKL-MQTT-BENCH: BUFFULL run_id=try5-c3-cpu start_us=14056777 end_us=14058827 dur_us=2049
UKL-MQTT-BENCH: BUFFULL run_id=try5-c3-cpu start_us=14061178 end_us=14064839 dur_us=3660
UKL-MQTT-BENCH: BUFFULL run_id=try5-c3-cpu start_us=14067169 end_us=14069773 dur_us=2604
UKL-MQTT-BENCH: BUFFULL run_id=try5-c3-cpu start_us=14072130 end_us=14076827 dur_us=4697
UKL-MQTT-BENCH: BUFFULL run_id=try5-c3-cpu start_us=14079805 end_us=14082889 dur_us=3083
UKL-MQTT-BENCH: BUFFULL run_id=try5-c3-cpu start_us=14085242 end_us=14087858 dur_us=2616
UKL-MQTT-BENCH: BUFFULL run_id=try5-c3-cpu start_us=14090208 end_us=14091921 dur_us=1713
UKL-MQTT-BENCH: BUFFULL run_id=try5-c3-cpu start_us=14093662 end_us=14098814 dur_us=5151
UKL-MQTT-BENCH: BUFFULL run_id=try5-c3-cpu start_us=14101791 end_us=14103811 dur_us=2020
UKL-MQTT-BENCH: BUFFULL run_id=try5-c3-cpu start_us=14106786 end_us=14108766 dur_us=1979
UKL-MQTT-BENCH: BUFFULL run_id=try5-c3-cpu start_us=14111111 end_us=14112781 dur_us=1669
UKL-MQTT-BENCH: BUFFULL run_id=try5-c3-cpu start_us=14115118 end_us=14119018 dur_us=3900
UKL-MQTT-BENCH: BUFFULL run_id=try5-c3-cpu start_us=14121998 end_us=14125823 dur_us=3824
UKL-MQTT-BENCH: BUFFULL run_id=try5-c3-cpu start_us=14128171 end_us=14131875 dur_us=3704
UKL-MQTT-BENCH: BUFFULL run_id=try5-c3-cpu start_us=14134873 end_us=14138930 dur_us=4057
UKL-MQTT-BENCH: BUFFULL run_id=try5-c3-cpu start_us=14145145 end_us=14149944 dur_us=4798
UKL-MQTT-BENCH: BUFFULL run_id=try5-c3-cpu start_us=14153518 end_us=14154829 dur_us=1310
UKL-MQTT-BENCH: BUFFULL run_id=try5-c3-cpu start_us=14157172 end_us=14159834 dur_us=2661
UKL-MQTT-BENCH: BUFFULL run_id=try5-c3-cpu start_us=14162196 end_us=14166872 dur_us=4676
UKL-MQTT-BENCH: BUFFULL run_id=try5-c3-cpu start_us=14169833 end_us=14171758 dur_us=1924
UKL-MQTT-BENCH: BUFFULL run_id=try5-c3-cpu start_us=14174105 end_us=14175745 dur_us=1640
UKL-MQTT-BENCH: BUFFULL run_id=try5-c3-cpu start_us=14177494 end_us=14178736 dur_us=1241
UKL-MQTT-BENCH: BUFFULL run_id=try5-c3-cpu start_us=14180509 end_us=14183796 dur_us=3286
UKL-MQTT-BENCH: BUFFULL run_id=try5-c3-cpu start_us=14186764 end_us=14188846 dur_us=2081
UKL-MQTT-BENCH: BUFFULL run_id=try5-c3-cpu start_us=14191185 end_us=14195875 dur_us=4690
UKL-MQTT-BENCH: BUFFULL run_id=try5-c3-cpu start_us=14199436 end_us=14200752 dur_us=1316
UKL-MQTT-BENCH: BUFFULL run_id=try5-c3-cpu start_us=14202559 end_us=14208061 dur_us=5502
UKL-MQTT-BENCH: BUFFULL run_id=try5-c3-cpu start_us=14214155 end_us=14217820 dur_us=3665
UKL-MQTT-BENCH: BUFFULL run_id=try5-c3-cpu start_us=14220851 end_us=14226900 dur_us=6049
UKL-MQTT-BENCH: BUFFULL run_id=try5-c3-cpu start_us=14233798 end_us=14238003 dur_us=4205
UKL-MQTT-BENCH: BUFFULL run_id=try5-c3-cpu start_us=14240996 end_us=14243838 dur_us=2842
UKL-MQTT-BENCH: BUFFULL run_id=try5-c3-cpu start_us=14246823 end_us=14249857 dur_us=3033
UKL-MQTT-BENCH: BUFFULL run_id=try5-c3-cpu start_us=14255629 end_us=14260863 dur_us=5234
UKL-MQTT-BENCH: BUFFULL run_id=try5-c3-cpu start_us=14264670 end_us=14265835 dur_us=1165
UKL-MQTT-BENCH: BUFFULL run_id=try5-c3-cpu start_us=14268333 end_us=14272040 dur_us=3707
UKL-MQTT-BENCH: BUFFULL run_id=try5-c3-cpu start_us=14275004 end_us=14278802 dur_us=3797
UKL-MQTT-BENCH: BUFFULL run_id=try5-c3-cpu start_us=14281768 end_us=14282991 dur_us=1222
UKL-MQTT-BENCH: BUFFULL run_id=try5-c3-cpu start_us=14285316 end_us=14287984 dur_us=2668
UKL-MQTT-BENCH: BUFFULL run_id=try5-c3-cpu start_us=14290331 end_us=14293763 dur_us=3432
UKL-MQTT-BENCH: BUFFULL run_id=try5-c3-cpu start_us=14296119 end_us=14298782 dur_us=2662
UKL-MQTT-BENCH: BUFFULL run_id=try5-c3-cpu start_us=14301116 end_us=14304853 dur_us=3737
UKL-MQTT-BENCH: BUFFULL run_id=try5-c3-cpu start_us=14308421 end_us=14309627 dur_us=1205
UKL-MQTT-BENCH: BUFFULL run_id=try5-c3-cpu start_us=14311983 end_us=14315816 dur_us=3833
UKL-MQTT-BENCH: BUFFULL run_id=try5-c3-cpu start_us=14318159 end_us=14320815 dur_us=2656
UKL-MQTT-BENCH: BUFFULL run_id=try5-c3-cpu start_us=14323801 end_us=14326836 dur_us=3034
UKL-MQTT-BENCH: BUFFULL run_id=try5-c3-cpu start_us=14329814 end_us=14333845 dur_us=4031
UKL-MQTT-BENCH: BUFFULL run_id=try5-c3-cpu start_us=14336818 end_us=14338758 dur_us=1939
UKL-MQTT-BENCH: BUFFULL run_id=try5-c3-cpu start_us=14341114 end_us=14344891 dur_us=3776
UKL-MQTT-BENCH: BUFFULL run_id=try5-c3-cpu start_us=14350563 end_us=14355838 dur_us=5274
UKL-MQTT-BENCH: BUFFULL run_id=try5-c3-cpu start_us=14358807 end_us=14363044 dur_us=4237
UKL-MQTT-BENCH: BUFFULL run_id=try5-c3-cpu start_us=14369263 end_us=14370779 dur_us=1515
UKL-MQTT-BENCH: BUFFULL run_id=try5-c3-cpu start_us=14372524 end_us=14376878 dur_us=4353
UKL-MQTT-BENCH: BUFFULL run_id=try5-c3-cpu start_us=14379222 end_us=14383029 dur_us=3807
UKL-MQTT-BENCH: BUFFULL run_id=try5-c3-cpu start_us=14386611 end_us=14387861 dur_us=1249
UKL-MQTT-BENCH: BUFFULL run_id=try5-c3-cpu start_us=14390209 end_us=14391957 dur_us=1748
UKL-MQTT-BENCH: BUFFULL run_id=try5-c3-cpu start_us=14393700 end_us=14397812 dur_us=4112
UKL-MQTT-BENCH: BUFFULL run_id=try5-c3-cpu start_us=14400158 end_us=14402947 dur_us=2789
UKL-MQTT-BENCH: BUFFULL run_id=try5-c3-cpu start_us=14405993 end_us=14408811 dur_us=2817
UKL-MQTT-BENCH: BUFFULL run_id=try5-c3-cpu start_us=14414524 end_us=14418000 dur_us=3475
UKL-MQTT-BENCH: BUFFULL run_id=try5-c3-cpu start_us=14420969 end_us=14423784 dur_us=2814
UKL-MQTT-BENCH: BUFFULL run_id=try5-c3-cpu start_us=14426180 end_us=14430018 dur_us=3837
UKL-MQTT-BENCH: BUFFULL run_id=try5-c3-cpu start_us=14432994 end_us=14434772 dur_us=1777
UKL-MQTT-BENCH: BUFFULL run_id=try5-c3-cpu start_us=14437140 end_us=14440821 dur_us=3680
UKL-MQTT-BENCH: BUFFULL run_id=try5-c3-cpu start_us=14443802 end_us=14446829 dur_us=3027
UKL-MQTT-BENCH: BUFFULL run_id=try5-c3-cpu start_us=14449176 end_us=14452037 dur_us=2860
UKL-MQTT-BENCH: BUFFULL run_id=try5-c3-cpu start_us=14455057 end_us=14458870 dur_us=3813
UKL-MQTT-BENCH: BUFFULL run_id=try5-c3-cpu start_us=14462318 end_us=14464891 dur_us=2572
UKL-MQTT-BENCH: BUFFULL run_id=try5-c3-cpu start_us=14468006 end_us=14472906 dur_us=4900
UKL-MQTT-BENCH: BUFFULL run_id=try5-c3-cpu start_us=14478822 end_us=14481906 dur_us=3083
UKL-MQTT-BENCH: BUFFULL run_id=try5-c3-cpu start_us=14485071 end_us=14487806 dur_us=2734
UKL-MQTT-BENCH: BUFFULL run_id=try5-c3-cpu start_us=14490326 end_us=14493871 dur_us=3545
UKL-MQTT-BENCH: BUFFULL run_id=try5-c3-cpu start_us=14497041 end_us=14498822 dur_us=1781
UKL-MQTT-BENCH: BUFFULL run_id=try5-c3-cpu start_us=14501327 end_us=14504868 dur_us=3540
UKL-MQTT-BENCH: BUFFULL run_id=try5-c3-cpu start_us=14508051 end_us=14511885 dur_us=3833
UKL-MQTT-BENCH: BUFFULL run_id=try5-c3-cpu start_us=14515047 end_us=14517882 dur_us=2835
UKL-MQTT-BENCH: BUFFULL run_id=try5-c3-cpu start_us=14521042 end_us=14525883 dur_us=4841
UKL-MQTT-BENCH: BUFFULL run_id=try5-c3-cpu start_us=14531517 end_us=14534856 dur_us=3338
UKL-MQTT-BENCH: BUFFULL run_id=try5-c3-cpu start_us=14538032 end_us=14540856 dur_us=2823
UKL-MQTT-BENCH: BUFFULL run_id=try5-c3-cpu start_us=14544037 end_us=14547866 dur_us=3829
UKL-MQTT-BENCH: BUFFULL run_id=try5-c3-cpu start_us=14551688 end_us=14556906 dur_us=5218
UKL-MQTT-BENCH: BUFFULL run_id=try5-c3-cpu start_us=14560753 end_us=14561892 dur_us=1139
UKL-MQTT-BENCH: BUFFULL run_id=try5-c3-cpu start_us=14564411 end_us=14568878 dur_us=4466
UKL-MQTT-BENCH: BUFFULL run_id=try5-c3-cpu start_us=14573966 end_us=14579880 dur_us=5914
UKL-MQTT-BENCH: BUFFULL run_id=try5-c3-cpu start_us=14583450 end_us=14584826 dur_us=1376
UKL-MQTT-BENCH: BUFFULL run_id=try5-c3-cpu start_us=14587230 end_us=14590823 dur_us=3593
UKL-MQTT-BENCH: BUFFULL run_id=try5-c3-cpu start_us=14593176 end_us=14597876 dur_us=4700
UKL-MQTT-BENCH: BUFFULL run_id=try5-c3-cpu start_us=14604112 end_us=14606799 dur_us=2687
UKL-MQTT-BENCH: BUFFULL run_id=try5-c3-cpu start_us=14609161 end_us=14611987 dur_us=2826
UKL-MQTT-BENCH: BUFFULL run_id=try5-c3-cpu start_us=14614485 end_us=14619868 dur_us=5382
UKL-MQTT-BENCH: BUFFULL run_id=try5-c3-cpu start_us=14623672 end_us=14627938 dur_us=4266
UKL-MQTT-BENCH: BUFFULL run_id=try5-c3-cpu start_us=14635558 end_us=14639863 dur_us=4305
UKL-MQTT-BENCH: BUFFULL run_id=try5-c3-cpu start_us=14643034 end_us=14646026 dur_us=2992
UKL-MQTT-BENCH: BUFFULL run_id=try5-c3-cpu start_us=14649218 end_us=14651826 dur_us=2607
UKL-MQTT-BENCH: BUFFULL run_id=try5-c3-cpu start_us=14654178 end_us=14655970 dur_us=1792
UKL-MQTT-BENCH: BUFFULL run_id=try5-c3-cpu start_us=14658391 end_us=14662061 dur_us=3669
UKL-MQTT-BENCH: BUFFULL run_id=try5-c3-cpu start_us=14665039 end_us=14668840 dur_us=3801
UKL-MQTT-BENCH: BUFFULL run_id=try5-c3-cpu start_us=14671809 end_us=14674860 dur_us=3050
UKL-MQTT-BENCH: BUFFULL run_id=try5-c3-cpu start_us=14677835 end_us=14681612 dur_us=3777
UKL-MQTT-BENCH: BUFFULL run_id=try5-c3-cpu start_us=14686917 end_us=14690878 dur_us=3961
UKL-MQTT-BENCH: BUFFULL run_id=try5-c3-cpu start_us=14693843 end_us=14696845 dur_us=3002
UKL-MQTT-BENCH: BUFFULL run_id=try5-c3-cpu start_us=14699837 end_us=14703856 dur_us=4019
UKL-MQTT-BENCH: BUFFULL run_id=try5-c3-cpu start_us=14710131 end_us=14712774 dur_us=2642
UKL-MQTT-BENCH: BUFFULL run_id=try5-c3-cpu start_us=14715126 end_us=14718835 dur_us=3709
UKL-MQTT-BENCH: BUFFULL run_id=try5-c3-cpu start_us=14721796 end_us=14724991 dur_us=3195
UKL-MQTT-BENCH: BUFFULL run_id=try5-c3-cpu start_us=14727985 end_us=14732875 dur_us=4890
UKL-MQTT-BENCH: BUFFULL run_id=try5-c3-cpu start_us=14737073 end_us=14738845 dur_us=1771
UKL-MQTT-BENCH: BUFFULL run_id=try5-c3-cpu start_us=14741200 end_us=14744993 dur_us=3792
UKL-MQTT-BENCH: BUFFULL run_id=try5-c3-cpu start_us=14747980 end_us=14751032 dur_us=3051
UKL-MQTT-BENCH: BUFFULL run_id=try5-c3-cpu start_us=14754611 end_us=14757833 dur_us=3222
UKL-MQTT-BENCH: BUFFULL run_id=try5-c3-cpu start_us=14760803 end_us=14762045 dur_us=1242
UKL-MQTT-BENCH: BUFFULL run_id=try5-c3-cpu start_us=14764391 end_us=14767974 dur_us=3583
UKL-MQTT-BENCH: BUFFULL run_id=try5-c3-cpu start_us=14770942 end_us=14772877 dur_us=1935
UKL-MQTT-BENCH: BUFFULL run_id=try5-c3-cpu start_us=14775217 end_us=14779051 dur_us=3834
UKL-MQTT-BENCH: BUFFULL run_id=try5-c3-cpu start_us=14782034 end_us=14783985 dur_us=1950
UKL-MQTT-BENCH: BUFFULL run_id=try5-c3-cpu start_us=14786338 end_us=14789831 dur_us=3493
UKL-MQTT-BENCH: BUFFULL run_id=try5-c3-cpu start_us=14792231 end_us=14794824 dur_us=2592
UKL-MQTT-BENCH: BUFFULL run_id=try5-c3-cpu start_us=14797169 end_us=14798735 dur_us=1566
UKL-MQTT-BENCH: BUFFULL run_id=try5-c3-cpu start_us=14802482 end_us=14805978 dur_us=3496
UKL-MQTT-BENCH: BUFFULL run_id=try5-c3-cpu start_us=14808357 end_us=14811817 dur_us=3460
UKL-MQTT-BENCH: BUFFULL run_id=try5-c3-cpu start_us=14814165 end_us=14816825 dur_us=2659
UKL-MQTT-BENCH: BUFFULL run_id=try5-c3-cpu start_us=14819792 end_us=14822834 dur_us=3041
UKL-MQTT-BENCH: BUFFULL run_id=try5-c3-cpu start_us=14825797 end_us=14827803 dur_us=2006
UKL-MQTT-BENCH: BUFFULL run_id=try5-c3-cpu start_us=14830153 end_us=14833829 dur_us=3675
UKL-MQTT-BENCH: BUFFULL run_id=try5-c3-cpu start_us=14836172 end_us=14838821 dur_us=2648
UKL-MQTT-BENCH: BUFFULL run_id=try5-c3-cpu start_us=14841798 end_us=14844817 dur_us=3019
UKL-MQTT-BENCH: BUFFULL run_id=try5-c3-cpu start_us=14847798 end_us=14850850 dur_us=3052
UKL-MQTT-BENCH: BUFFULL run_id=try5-c3-cpu start_us=14853824 end_us=14855818 dur_us=1994
UKL-MQTT-BENCH: BUFFULL run_id=try5-c3-cpu start_us=14858174 end_us=14861825 dur_us=3651
UKL-MQTT-BENCH: BUFFULL run_id=try5-c3-cpu start_us=14864179 end_us=14866794 dur_us=2615
UKL-MQTT-BENCH: BUFFULL run_id=try5-c3-cpu start_us=14869145 end_us=14872846 dur_us=3700
UKL-MQTT-BENCH: BUFFULL run_id=try5-c3-cpu start_us=14875826 end_us=14877788 dur_us=1961
UKL-MQTT-BENCH: BUFFULL run_id=try5-c3-cpu start_us=14880141 end_us=14883005 dur_us=2864
UKL-MQTT-BENCH: BUFFULL run_id=try5-c3-cpu start_us=14885983 end_us=14888801 dur_us=2817
UKL-MQTT-BENCH: BUFFULL run_id=try5-c3-cpu start_us=14891154 end_us=14894840 dur_us=3686
UKL-MQTT-BENCH: BUFFULL run_id=try5-c3-cpu start_us=14898404 end_us=14900821 dur_us=2417
UKL-MQTT-BENCH: BUFFULL run_id=try5-c3-cpu start_us=14903827 end_us=14905801 dur_us=1974
UKL-MQTT-BENCH: BUFFULL run_id=try5-c3-cpu start_us=14908155 end_us=14909980 dur_us=1824
UKL-MQTT-BENCH: BUFFULL run_id=try5-c3-cpu start_us=14912357 end_us=14916853 dur_us=4496
UKL-MQTT-BENCH: BUFFULL run_id=try5-c3-cpu start_us=14919832 end_us=14923823 dur_us=3991
UKL-MQTT-BENCH: BUFFULL run_id=try5-c3-cpu start_us=14926877 end_us=14928817 dur_us=1940
UKL-MQTT-BENCH: BUFFULL run_id=try5-c3-cpu start_us=14931812 end_us=14932966 dur_us=1154
UKL-MQTT-BENCH: BUFFULL run_id=try5-c3-cpu start_us=14935371 end_us=14939835 dur_us=4463
UKL-MQTT-BENCH: BUFFULL run_id=try5-c3-cpu start_us=14942808 end_us=14945836 dur_us=3028
UKL-MQTT-BENCH: BUFFULL run_id=try5-c3-cpu start_us=14948216 end_us=14951884 dur_us=3667
UKL-MQTT-BENCH: BUFFULL run_id=try5-c3-cpu start_us=14955459 end_us=14957862 dur_us=2403
UKL-MQTT-BENCH: BUFFULL run_id=try5-c3-cpu start_us=14960838 end_us=14962819 dur_us=1980
UKL-MQTT-BENCH: BUFFULL run_id=try5-c3-cpu start_us=14965176 end_us=14968820 dur_us=3644
UKL-MQTT-BENCH: BUFFULL run_id=try5-c3-cpu start_us=14971177 end_us=14973828 dur_us=2651
UKL-MQTT-BENCH: BUFFULL run_id=try5-c3-cpu start_us=14976800 end_us=14979039 dur_us=2238
UKL-MQTT-BENCH: BUFFULL run_id=try5-c3-cpu start_us=14981380 end_us=14984828 dur_us=3448
UKL-MQTT-BENCH: BUFFULL run_id=try5-c3-cpu start_us=14987177 end_us=14990842 dur_us=3665
UKL-MQTT-BENCH: BUFFULL run_id=try5-c3-cpu start_us=14993826 end_us=14994951 dur_us=1125
UKL-MQTT-BENCH: BUFFULL run_id=try5-c3-cpu start_us=14997940 end_us=14999987 dur_us=2047
UKL-MQTT-BENCH: BUFFULL run_id=try5-c3-cpu start_us=15002326 end_us=15004800 dur_us=2473
UKL-MQTT-BENCH: BUFFULL run_id=try5-c3-cpu start_us=15006548 end_us=15010778 dur_us=4229
UKL-MQTT-BENCH: BUFFULL run_id=try5-c3-cpu start_us=15013751 end_us=15015788 dur_us=2036
UKL-MQTT-BENCH: BUFFULL run_id=try5-c3-cpu start_us=15018752 end_us=15021843 dur_us=3091
UKL-MQTT-BENCH: BUFFULL run_id=try5-c3-cpu start_us=15024815 end_us=15026809 dur_us=1993
UKL-MQTT-BENCH: BUFFULL run_id=try5-c3-cpu start_us=15029152 end_us=15033898 dur_us=4745
UKL-MQTT-BENCH: BUFFULL run_id=try5-c3-cpu start_us=15036891 end_us=15041945 dur_us=5053
UKL-MQTT-BENCH: BUFFULL run_id=try5-c3-cpu start_us=15048198 end_us=15049861 dur_us=1663
UKL-MQTT-BENCH: BUFFULL run_id=try5-c3-cpu start_us=15052218 end_us=15055813 dur_us=3595
UKL-MQTT-BENCH: BUFFULL run_id=try5-c3-cpu start_us=15058177 end_us=15062962 dur_us=4785
UKL-MQTT-BENCH: BUFFULL run_id=try5-c3-cpu start_us=15068560 end_us=15071810 dur_us=3250
UKL-MQTT-BENCH: BUFFULL run_id=try5-c3-cpu start_us=15074167 end_us=15077858 dur_us=3690
UKL-MQTT-BENCH: BUFFULL run_id=try5-c3-cpu start_us=15080840 end_us=15083806 dur_us=2965
UKL-MQTT-BENCH: BUFFULL run_id=try5-c3-cpu start_us=15090167 end_us=15093807 dur_us=3639
UKL-MQTT-BENCH: BUFFULL run_id=try5-c3-cpu start_us=15096161 end_us=15098821 dur_us=2659
UKL-MQTT-BENCH: BUFFULL run_id=try5-c3-cpu start_us=15102451 end_us=15108891 dur_us=6440
UKL-MQTT-BENCH: BUFFULL run_id=try5-c3-cpu start_us=15113051 end_us=15114857 dur_us=1806
UKL-MQTT-BENCH: BUFFULL run_id=try5-c3-cpu start_us=15117821 end_us=15120868 dur_us=3047
UKL-MQTT-BENCH: BUFFULL run_id=try5-c3-cpu start_us=15123212 end_us=15127862 dur_us=4649
UKL-MQTT-BENCH: BUFFULL run_id=try5-c3-cpu start_us=15131441 end_us=15132779 dur_us=1338
UKL-MQTT-BENCH: BUFFULL run_id=try5-c3-cpu start_us=15135732 end_us=15136819 dur_us=1087
UKL-MQTT-BENCH: BUFFULL run_id=try5-c3-cpu start_us=15138567 end_us=15142831 dur_us=4264
UKL-MQTT-BENCH: BUFFULL run_id=try5-c3-cpu start_us=15145806 end_us=15148865 dur_us=3059
UKL-MQTT-BENCH: BUFFULL run_id=try5-c3-cpu start_us=15151840 end_us=15154838 dur_us=2997
UKL-MQTT-BENCH: BUFFULL run_id=try5-c3-cpu start_us=15160556 end_us=15164853 dur_us=4297
UKL-MQTT-BENCH: BUFFULL run_id=try5-c3-cpu start_us=15167821 end_us=15170870 dur_us=3048
UKL-MQTT-BENCH: BUFFULL run_id=try5-c3-cpu start_us=15173846 end_us=15176839 dur_us=2993
UKL-MQTT-BENCH: BUFFULL run_id=try5-c3-cpu start_us=15182501 end_us=15186830 dur_us=4329
UKL-MQTT-BENCH: BUFFULL run_id=try5-c3-cpu start_us=15189791 end_us=15191780 dur_us=1988
UKL-MQTT-BENCH: BUFFULL run_id=try5-c3-cpu start_us=15194126 end_us=15197796 dur_us=3670
UKL-MQTT-BENCH: BUFFULL run_id=try5-c3-cpu start_us=15200142 end_us=15201986 dur_us=1843
UKL-MQTT-BENCH: BUFFULL run_id=try5-c3-cpu start_us=15204949 end_us=15206792 dur_us=1842
UKL-MQTT-BENCH: BUFFULL run_id=try5-c3-cpu start_us=15209150 end_us=15212801 dur_us=3651
UKL-MQTT-BENCH: BUFFULL run_id=try5-c3-cpu start_us=15215773 end_us=15218800 dur_us=3026
UKL-MQTT-BENCH: BUFFULL run_id=try5-c3-cpu start_us=15221140 end_us=15223842 dur_us=2701
UKL-MQTT-BENCH: BUFFULL run_id=try5-c3-cpu start_us=15226798 end_us=15228801 dur_us=2003
UKL-MQTT-BENCH: BUFFULL run_id=try5-c3-cpu start_us=15231130 end_us=15235839 dur_us=4708
UKL-MQTT-BENCH: BUFFULL run_id=try5-c3-cpu start_us=15239390 end_us=15243864 dur_us=4473
UKL-MQTT-BENCH: BUFFULL run_id=try5-c3-cpu start_us=15249415 end_us=15251819 dur_us=2404
UKL-MQTT-BENCH: BUFFULL run_id=try5-c3-cpu start_us=15254176 end_us=15257845 dur_us=3668
UKL-MQTT-BENCH: BUFFULL run_id=try5-c3-cpu start_us=15260833 end_us=15264851 dur_us=4018
UKL-MQTT-BENCH: BUFFULL run_id=try5-c3-cpu start_us=15271125 end_us=15273758 dur_us=2632
UKL-MQTT-BENCH: BUFFULL run_id=try5-c3-cpu start_us=15276105 end_us=15279833 dur_us=3727
UKL-MQTT-BENCH: BUFFULL run_id=try5-c3-cpu start_us=15282813 end_us=15285825 dur_us=3011
UKL-MQTT-BENCH: BUFFULL run_id=try5-c3-cpu start_us=15288176 end_us=15291855 dur_us=3679
UKL-MQTT-BENCH: BUFFULL run_id=try5-c3-cpu start_us=15295416 end_us=15297867 dur_us=2451
UKL-MQTT-BENCH: BUFFULL run_id=try5-c3-cpu start_us=15303560 end_us=15307811 dur_us=4251
UKL-MQTT-BENCH: BUFFULL run_id=try5-c3-cpu start_us=15310173 end_us=15313826 dur_us=3652
UKL-MQTT-BENCH: BUFFULL run_id=try5-c3-cpu start_us=15316791 end_us=15318939 dur_us=2147
UKL-MQTT-BENCH: BUFFULL run_id=try5-c3-cpu start_us=15321901 end_us=15323764 dur_us=1862
UKL-MQTT-BENCH: BUFFULL run_id=try5-c3-cpu start_us=15326119 end_us=15329003 dur_us=2884
UKL-MQTT-BENCH: BUFFULL run_id=try5-c3-cpu start_us=15331980 end_us=15334796 dur_us=2816
UKL-MQTT-BENCH: BUFFULL run_id=try5-c3-cpu start_us=15337131 end_us=15340785 dur_us=3654
UKL-MQTT-BENCH: BUFFULL run_id=try5-c3-cpu start_us=15343744 end_us=15347846 dur_us=4102
UKL-MQTT-BENCH: BUFFULL run_id=try5-c3-cpu start_us=15351438 end_us=15353831 dur_us=2392
UKL-MQTT-BENCH: BUFFULL run_id=try5-c3-cpu start_us=15356810 end_us=15359833 dur_us=3022
UKL-MQTT-BENCH: BUFFULL run_id=try5-c3-cpu start_us=15362810 end_us=15365820 dur_us=3009
UKL-MQTT-BENCH: BUFFULL run_id=try5-c3-cpu start_us=15368168 end_us=15370835 dur_us=2666
UKL-MQTT-BENCH: BUFFULL run_id=try5-c3-cpu start_us=15373806 end_us=15376848 dur_us=3042
UKL-MQTT-BENCH: BUFFULL run_id=try5-c3-cpu start_us=15379809 end_us=15382801 dur_us=2991
UKL-MQTT-BENCH: BUFFULL run_id=try5-c3-cpu start_us=15385754 end_us=15387812 dur_us=2058
UKL-MQTT-BENCH: BUFFULL run_id=try5-c3-cpu start_us=15390154 end_us=15392250 dur_us=2095
UKL-MQTT-BENCH: BUFFULL run_id=try5-c3-cpu start_us=15394624 end_us=15398786 dur_us=4161
UKL-MQTT-BENCH: BUFFULL run_id=try5-c3-cpu start_us=15401141 end_us=15404866 dur_us=3725
UKL-MQTT-BENCH: BUFFULL run_id=try5-c3-cpu start_us=15408455 end_us=15409815 dur_us=1359
UKL-MQTT-BENCH: BUFFULL run_id=try5-c3-cpu start_us=15412168 end_us=15413962 dur_us=1794
UKL-MQTT-BENCH: BUFFULL run_id=try5-c3-cpu start_us=15416320 end_us=15419830 dur_us=3510
UKL-MQTT-BENCH: BUFFULL run_id=try5-c3-cpu start_us=15422170 end_us=15425998 dur_us=3827
UKL-MQTT-BENCH: BUFFULL run_id=try5-c3-cpu start_us=15428970 end_us=15430994 dur_us=2023
UKL-MQTT-BENCH: BUFFULL run_id=try5-c3-cpu start_us=15433958 end_us=15435803 dur_us=1844
UKL-MQTT-BENCH: BUFFULL run_id=try5-c3-cpu start_us=15438141 end_us=15441826 dur_us=3684
UKL-MQTT-BENCH: BUFFULL run_id=try5-c3-cpu start_us=15444791 end_us=15447817 dur_us=3026
UKL-MQTT-BENCH: BUFFULL run_id=try5-c3-cpu start_us=15450185 end_us=15452874 dur_us=2689
UKL-MQTT-BENCH: BUFFULL run_id=try5-c3-cpu start_us=15455860 end_us=15457825 dur_us=1965
UKL-MQTT-BENCH: BUFFULL run_id=try5-c3-cpu start_us=15460179 end_us=15463845 dur_us=3665
UKL-MQTT-BENCH: BUFFULL run_id=try5-c3-cpu start_us=15466825 end_us=15469831 dur_us=3005
UKL-MQTT-BENCH: BUFFULL run_id=try5-c3-cpu start_us=15472864 end_us=15474919 dur_us=2055
UKL-MQTT-BENCH: BUFFULL run_id=try5-c3-cpu start_us=15477347 end_us=15479783 dur_us=2436
UKL-MQTT-BENCH: BUFFULL run_id=try5-c3-cpu start_us=15482126 end_us=15485839 dur_us=3713
UKL-MQTT-BENCH: BUFFULL run_id=try5-c3-cpu start_us=15488812 end_us=15491821 dur_us=3008
UKL-MQTT-BENCH: BUFFULL run_id=try5-c3-cpu start_us=15494788 end_us=15496804 dur_us=2016
UKL-MQTT-BENCH: BUFFULL run_id=try5-c3-cpu start_us=15499144 end_us=15503867 dur_us=4723
UKL-MQTT-BENCH: BUFFULL run_id=try5-c3-cpu start_us=15507438 end_us=15509836 dur_us=2398
UKL-MQTT-BENCH: BUFFULL run_id=try5-c3-cpu start_us=15512803 end_us=15515852 dur_us=3049
UKL-MQTT-BENCH: BUFFULL run_id=try5-c3-cpu start_us=15518826 end_us=15523016 dur_us=4190
UKL-MQTT-BENCH: BUFFULL run_id=try5-c3-cpu start_us=15528585 end_us=15531862 dur_us=3276
UKL-MQTT-BENCH: BUFFULL run_id=try5-c3-cpu start_us=15534196 end_us=15537810 dur_us=3613
UKL-MQTT-BENCH: BUFFULL run_id=try5-c3-cpu start_us=15540148 end_us=15544798 dur_us=4650
UKL-MQTT-BENCH: BUFFULL run_id=try5-c3-cpu start_us=15551135 end_us=15553776 dur_us=2641
UKL-MQTT-BENCH: BUFFULL run_id=try5-c3-cpu start_us=15556129 end_us=15558817 dur_us=2687
UKL-MQTT-BENCH: BUFFULL run_id=try5-c3-cpu start_us=15561168 end_us=15565895 dur_us=4727
UKL-MQTT-BENCH: BUFFULL run_id=try5-c3-cpu start_us=15569470 end_us=15571851 dur_us=2380
UKL-MQTT-BENCH: BUFFULL run_id=try5-c3-cpu start_us=15574822 end_us=15578885 dur_us=4063
UKL-MQTT-BENCH: BUFFULL run_id=try5-c3-cpu start_us=15582465 end_us=15583783 dur_us=1318
UKL-MQTT-BENCH: BUFFULL run_id=try5-c3-cpu start_us=15588695 end_us=15592984 dur_us=4289
UKL-MQTT-BENCH: BUFFULL run_id=try5-c3-cpu start_us=15595972 end_us=15598992 dur_us=3020
UKL-MQTT-BENCH: BUFFULL run_id=try5-c3-cpu start_us=15601324 end_us=15603998 dur_us=2673
UKL-MQTT-BENCH: BUFFULL run_id=try5-c3-cpu start_us=15606950 end_us=15608841 dur_us=1890
UKL-MQTT-BENCH: BUFFULL run_id=try5-c3-cpu start_us=15611202 end_us=15614858 dur_us=3655
UKL-MQTT-BENCH: BUFFULL run_id=try5-c3-cpu start_us=15617208 end_us=15620784 dur_us=3575
UKL-MQTT-BENCH: BUFFULL run_id=try5-c3-cpu start_us=15623747 end_us=15625805 dur_us=2057
UKL-MQTT-BENCH: BUFFULL run_id=try5-c3-cpu start_us=15628157 end_us=15630820 dur_us=2663
UKL-MQTT-BENCH: BUFFULL run_id=try5-c3-cpu start_us=15633780 end_us=15635772 dur_us=1992
UKL-MQTT-BENCH: BUFFULL run_id=try5-c3-cpu start_us=15638113 end_us=15642847 dur_us=4734
UKL-MQTT-BENCH: BUFFULL run_id=try5-c3-cpu start_us=15646398 end_us=15647842 dur_us=1443
UKL-MQTT-BENCH: BUFFULL run_id=try5-c3-cpu start_us=15650219 end_us=15652849 dur_us=2629
UKL-MQTT-BENCH: BUFFULL run_id=try5-c3-cpu start_us=15655196 end_us=15658831 dur_us=3635
UKL-MQTT-BENCH: BUFFULL run_id=try5-c3-cpu start_us=15661815 end_us=15664824 dur_us=3009
UKL-MQTT-BENCH: BUFFULL run_id=try5-c3-cpu start_us=15667178 end_us=15669417 dur_us=2239
UKL-MQTT-BENCH: BUFFULL run_id=try5-c3-cpu start_us=15672388 end_us=15674808 dur_us=2419
UKL-MQTT-BENCH: BUFFULL run_id=try5-c3-cpu start_us=15677175 end_us=15679813 dur_us=2637
UKL-MQTT-BENCH: BUFFULL run_id=try5-c3-cpu start_us=15682186 end_us=15685838 dur_us=3652
UKL-MQTT-BENCH: BUFFULL run_id=try5-c3-cpu start_us=15688947 end_us=15691875 dur_us=2927
UKL-MQTT-BENCH: BUFFULL run_id=try5-c3-cpu start_us=15694842 end_us=15696818 dur_us=1975
UKL-MQTT-BENCH: BUFFULL run_id=try5-c3-cpu start_us=15701649 end_us=15704908 dur_us=3258
UKL-MQTT-BENCH: BUFFULL run_id=try5-c3-cpu start_us=15706654 end_us=15707712 dur_us=1058
UKL-MQTT-BENCH: BUFFULL run_id=try5-c3-cpu start_us=15709465 end_us=15712831 dur_us=3366
UKL-MQTT-BENCH: BUFFULL run_id=try5-c3-cpu start_us=15715183 end_us=15717800 dur_us=2616
UKL-MQTT-BENCH: BUFFULL run_id=try5-c3-cpu start_us=15720194 end_us=15721950 dur_us=1756
UKL-MQTT-BENCH: BUFFULL run_id=try5-c3-cpu start_us=15724282 end_us=15729841 dur_us=5559
UKL-MQTT-BENCH: BUFFULL run_id=try5-c3-cpu start_us=15733442 end_us=15734798 dur_us=1355
UKL-MQTT-BENCH: BUFFULL run_id=try5-c3-cpu start_us=15737149 end_us=15740302 dur_us=3152
UKL-MQTT-BENCH: BUFFULL run_id=try5-c3-cpu start_us=15742655 end_us=15746833 dur_us=4177
UKL-MQTT-BENCH: BUFFULL run_id=try5-c3-cpu start_us=15750411 end_us=15751819 dur_us=1408
UKL-MQTT-BENCH: BUFFULL run_id=try5-c3-cpu start_us=15754222 end_us=15756782 dur_us=2559
UKL-MQTT-BENCH: BUFFULL run_id=try5-c3-cpu start_us=15759132 end_us=15762844 dur_us=3712
UKL-MQTT-BENCH: BUFFULL run_id=try5-c3-cpu start_us=15765829 end_us=15768834 dur_us=3004
UKL-MQTT-BENCH: BUFFULL run_id=try5-c3-cpu start_us=15771796 end_us=15773803 dur_us=2007
UKL-MQTT-BENCH: BUFFULL run_id=try5-c3-cpu start_us=15776158 end_us=15780933 dur_us=4774
UKL-MQTT-BENCH: BUFFULL run_id=try5-c3-cpu start_us=15783905 end_us=15785820 dur_us=1914
UKL-MQTT-BENCH: BUFFULL run_id=try5-c3-cpu start_us=15788155 end_us=15790808 dur_us=2653
UKL-MQTT-BENCH: BUFFULL run_id=try5-c3-cpu start_us=15793153 end_us=15795835 dur_us=2682
UKL-MQTT-BENCH: BUFFULL run_id=try5-c3-cpu start_us=15798803 end_us=15801839 dur_us=3035
UKL-MQTT-BENCH: BUFFULL run_id=try5-c3-cpu start_us=15804801 end_us=15806804 dur_us=2003
UKL-MQTT-BENCH: BUFFULL run_id=try5-c3-cpu start_us=15809200 end_us=15811797 dur_us=2596
UKL-MQTT-BENCH: BUFFULL run_id=try5-c3-cpu start_us=15814147 end_us=15816991 dur_us=2843
UKL-MQTT-BENCH: BUFFULL run_id=try5-c3-cpu start_us=15819963 end_us=15821824 dur_us=1861
UKL-MQTT-BENCH: BUFFULL run_id=try5-c3-cpu start_us=15824175 end_us=15826954 dur_us=2779
UKL-MQTT-BENCH: BUFFULL run_id=try5-c3-cpu start_us=15829302 end_us=15831959 dur_us=2656
UKL-MQTT-BENCH: BUFFULL run_id=try5-c3-cpu start_us=15834307 end_us=15837799 dur_us=3491
UKL-MQTT-BENCH: BUFFULL run_id=try5-c3-cpu start_us=15840162 end_us=15843830 dur_us=3668
UKL-MQTT-BENCH: BUFFULL run_id=try5-c3-cpu start_us=15846807 end_us=15848798 dur_us=1991
UKL-MQTT-BENCH: BUFFULL run_id=try5-c3-cpu start_us=15851771 end_us=15854822 dur_us=3051
UKL-MQTT-BENCH: BUFFULL run_id=try5-c3-cpu start_us=15857845 end_us=15861007 dur_us=3162
UKL-MQTT-BENCH: BUFFULL run_id=try5-c3-cpu start_us=15863977 end_us=15865767 dur_us=1789
UKL-MQTT-BENCH: BUFFULL run_id=try5-c3-cpu start_us=15868129 end_us=15871870 dur_us=3740
UKL-MQTT-BENCH: BUFFULL run_id=try5-c3-cpu start_us=15874848 end_us=15876813 dur_us=1965
UKL-MQTT-BENCH: BUFFULL run_id=try5-c3-cpu start_us=15879162 end_us=15882830 dur_us=3667
UKL-MQTT-BENCH: BUFFULL run_id=try5-c3-cpu start_us=15885880 end_us=15887809 dur_us=1928
UKL-MQTT-BENCH: BUFFULL run_id=try5-c3-cpu start_us=15890164 end_us=15893868 dur_us=3704
UKL-MQTT-BENCH: BUFFULL run_id=try5-c3-cpu start_us=15896849 end_us=15898794 dur_us=1945
UKL-MQTT-BENCH: BUFFULL run_id=try5-c3-cpu start_us=15901140 end_us=15904855 dur_us=3714
UKL-MQTT-BENCH: BUFFULL run_id=try5-c3-cpu start_us=15907193 end_us=15909805 dur_us=2612
UKL-MQTT-BENCH: BUFFULL run_id=try5-c3-cpu start_us=15912783 end_us=15915830 dur_us=3046
UKL-MQTT-BENCH: BUFFULL run_id=try5-c3-cpu start_us=15918175 end_us=15920839 dur_us=2663
UKL-MQTT-BENCH: BUFFULL run_id=try5-c3-cpu start_us=15923800 end_us=15926832 dur_us=3032
UKL-MQTT-BENCH: BUFFULL run_id=try5-c3-cpu start_us=15929188 end_us=15931819 dur_us=2630
UKL-MQTT-BENCH: BUFFULL run_id=try5-c3-cpu start_us=15934794 end_us=15937863 dur_us=3069
UKL-MQTT-BENCH: BUFFULL run_id=try5-c3-cpu start_us=15940224 end_us=15942796 dur_us=2571
UKL-MQTT-BENCH: BUFFULL run_id=try5-c3-cpu start_us=15945877 end_us=15948811 dur_us=2934
UKL-MQTT-BENCH: BUFFULL run_id=try5-c3-cpu start_us=15951161 end_us=15953837 dur_us=2675
UKL-MQTT-BENCH: BUFFULL run_id=try5-c3-cpu start_us=15956796 end_us=15959827 dur_us=3031
UKL-MQTT-BENCH: BUFFULL run_id=try5-c3-cpu start_us=15962177 end_us=15964815 dur_us=2638
UKL-MQTT-BENCH: BUFFULL run_id=try5-c3-cpu start_us=15967805 end_us=15970827 dur_us=3022
UKL-MQTT-BENCH: BUFFULL run_id=try5-c3-cpu start_us=15973174 end_us=15975856 dur_us=2681
UKL-MQTT-BENCH: BUFFULL run_id=try5-c3-cpu start_us=15978830 end_us=15981846 dur_us=3015
UKL-MQTT-BENCH: BUFFULL run_id=try5-c3-cpu start_us=15984824 end_us=15987831 dur_us=3007
UKL-MQTT-BENCH: BUFFULL run_id=try5-c3-cpu start_us=15990183 end_us=15993813 dur_us=3629
UKL-MQTT-BENCH: BUFFULL run_id=try5-c3-cpu start_us=16000135 end_us=16002860 dur_us=2724
UKL-MQTT-BENCH: BUFFULL run_id=try5-c3-cpu start_us=16005207 end_us=16008829 dur_us=3621
UKL-MQTT-BENCH: BUFFULL run_id=try5-c3-cpu start_us=16011792 end_us=16014820 dur_us=3027
UKL-MQTT-BENCH: BUFFULL run_id=try5-c3-cpu start_us=16017793 end_us=16019835 dur_us=2041
UKL-MQTT-BENCH: BUFFULL run_id=try5-c3-cpu start_us=16022799 end_us=16024803 dur_us=2004
UKL-MQTT-BENCH: BUFFULL run_id=try5-c3-cpu start_us=16027143 end_us=16030833 dur_us=3689
UKL-MQTT-BENCH: BUFFULL run_id=try5-c3-cpu start_us=16033807 end_us=16036884 dur_us=3076
UKL-MQTT-BENCH: BUFFULL run_id=try5-c3-cpu start_us=16039856 end_us=16041855 dur_us=1999
UKL-MQTT-BENCH: BUFFULL run_id=try5-c3-cpu start_us=16044195 end_us=16046769 dur_us=2573
UKL-MQTT-BENCH: BUFFULL run_id=try5-c3-cpu start_us=16049123 end_us=16052825 dur_us=3702
UKL-MQTT-BENCH: BUFFULL run_id=try5-c3-cpu start_us=16055789 end_us=16057937 dur_us=2148
UKL-MQTT-BENCH: BUFFULL run_id=try5-c3-cpu start_us=16060285 end_us=16063822 dur_us=3537
UKL-MQTT-BENCH: BUFFULL run_id=try5-c3-cpu start_us=16066790 end_us=16068786 dur_us=1995
UKL-MQTT-BENCH: BUFFULL run_id=try5-c3-cpu start_us=16071139 end_us=16074832 dur_us=3692
UKL-MQTT-BENCH: BUFFULL run_id=try5-c3-cpu start_us=16077796 end_us=16081888 dur_us=4092
UKL-MQTT-BENCH: BUFFULL run_id=try5-c3-cpu start_us=16085459 end_us=16087817 dur_us=2357
UKL-MQTT-BENCH: BUFFULL run_id=try5-c3-cpu start_us=16090785 end_us=16093809 dur_us=3023
UKL-MQTT-BENCH: BUFFULL run_id=try5-c3-cpu start_us=16099009 end_us=16103847 dur_us=4838
UKL-MQTT-BENCH: BUFFULL run_id=try5-c3-cpu start_us=16106826 end_us=16109842 dur_us=3016
UKL-MQTT-BENCH: BUFFULL run_id=try5-c3-cpu start_us=16112801 end_us=16115782 dur_us=2981
UKL-MQTT-BENCH: BUFFULL run_id=try5-c3-cpu start_us=16118131 end_us=16119776 dur_us=1645
UKL-MQTT-BENCH: BUFFULL run_id=try5-c3-cpu start_us=16122118 end_us=16124952 dur_us=2833
UKL-MQTT-BENCH: BUFFULL run_id=try5-c3-cpu start_us=16127291 end_us=16130817 dur_us=3525
UKL-MQTT-BENCH: BUFFULL run_id=try5-c3-cpu start_us=16133788 end_us=16136880 dur_us=3092
UKL-MQTT-BENCH: BUFFULL run_id=try5-c3-cpu start_us=16139835 end_us=16141803 dur_us=1968
UKL-MQTT-BENCH: BUFFULL run_id=try5-c3-cpu start_us=16144139 end_us=16147024 dur_us=2885
UKL-MQTT-BENCH: BUFFULL run_id=try5-c3-cpu start_us=16149358 end_us=16150746 dur_us=1388
UKL-MQTT-BENCH: BUFFULL run_id=try5-c3-cpu start_us=16152482 end_us=16156789 dur_us=4307
UKL-MQTT-BENCH: BUFFULL run_id=try5-c3-cpu start_us=16161111 end_us=16164836 dur_us=3725
UKL-MQTT-BENCH: BUFFULL run_id=try5-c3-cpu start_us=16170523 end_us=16175002 dur_us=4478
UKL-MQTT-BENCH: BUFFULL run_id=try5-c3-cpu start_us=16178577 end_us=16182881 dur_us=4304
UKL-MQTT-BENCH: BUFFULL run_id=try5-c3-cpu start_us=16189285 end_us=16194894 dur_us=5608
UKL-MQTT-BENCH: BUFFULL run_id=try5-c3-cpu start_us=16197885 end_us=16199818 dur_us=1932
UKL-MQTT-BENCH: BUFFULL run_id=try5-c3-cpu start_us=16202165 end_us=16203957 dur_us=1791
UKL-MQTT-BENCH: BUFFULL run_id=try5-c3-cpu start_us=16206304 end_us=16211835 dur_us=5530
UKL-MQTT-BENCH: BUFFULL run_id=try5-c3-cpu start_us=16218118 end_us=16220769 dur_us=2651
UKL-MQTT-BENCH: BUFFULL run_id=try5-c3-cpu start_us=16223117 end_us=16225767 dur_us=2650
UKL-MQTT-BENCH: BUFFULL run_id=try5-c3-cpu start_us=16228148 end_us=16231851 dur_us=3702
UKL-MQTT-BENCH: BUFFULL run_id=try5-c3-cpu start_us=16235433 end_us=16237818 dur_us=2385
UKL-MQTT-BENCH: BUFFULL run_id=try5-c3-cpu start_us=16240156 end_us=16243844 dur_us=3688
UKL-MQTT-BENCH: BUFFULL run_id=try5-c3-cpu start_us=16247412 end_us=16251017 dur_us=3605
UKL-MQTT-BENCH: BUFFULL run_id=try5-c3-cpu start_us=16254578 end_us=16255783 dur_us=1205
UKL-MQTT-BENCH: BUFFULL run_id=try5-c3-cpu start_us=16258137 end_us=16260825 dur_us=2688
UKL-MQTT-BENCH: BUFFULL run_id=try5-c3-cpu start_us=16263164 end_us=16265835 dur_us=2670
UKL-MQTT-BENCH: BUFFULL run_id=try5-c3-cpu start_us=16268181 end_us=16272950 dur_us=4769
UKL-MQTT-BENCH: BUFFULL run_id=try5-c3-cpu start_us=16275922 end_us=16277794 dur_us=1871
UKL-MQTT-BENCH: BUFFULL run_id=try5-c3-cpu start_us=16280148 end_us=16282834 dur_us=2686
UKL-MQTT-BENCH: BUFFULL run_id=try5-c3-cpu start_us=16285814 end_us=16287855 dur_us=2040
UKL-MQTT-BENCH: BUFFULL run_id=try5-c3-cpu start_us=16290216 end_us=16293857 dur_us=3640
UKL-MQTT-BENCH: BUFFULL run_id=try5-c3-cpu start_us=16296899 end_us=16300814 dur_us=3915
UKL-MQTT-BENCH: BUFFULL run_id=try5-c3-cpu start_us=16303779 end_us=16305817 dur_us=2037
UKL-MQTT-BENCH: BUFFULL run_id=try5-c3-cpu start_us=16308161 end_us=16310806 dur_us=2645
UKL-MQTT-BENCH: BUFFULL run_id=try5-c3-cpu start_us=16313151 end_us=16315805 dur_us=2654
UKL-MQTT-BENCH: BUFFULL run_id=try5-c3-cpu start_us=16318149 end_us=16321817 dur_us=3668
UKL-MQTT-BENCH: BUFFULL run_id=try5-c3-cpu start_us=16325380 end_us=16326762 dur_us=1382
UKL-MQTT-BENCH: BUFFULL run_id=try5-c3-cpu start_us=16329104 end_us=16331776 dur_us=2671
UKL-MQTT-BENCH: BUFFULL run_id=try5-c3-cpu start_us=16334127 end_us=16336810 dur_us=2682
UKL-MQTT-BENCH: BUFFULL run_id=try5-c3-cpu start_us=16339152 end_us=16342984 dur_us=3832
UKL-MQTT-BENCH: BUFFULL run_id=try5-c3-cpu start_us=16346571 end_us=16348985 dur_us=2413
UKL-MQTT-BENCH: BUFFULL run_id=try5-c3-cpu start_us=16351946 end_us=16356859 dur_us=4913
UKL-MQTT-BENCH: BUFFULL run_id=try5-c3-cpu start_us=16360411 end_us=16362848 dur_us=2437
UKL-MQTT-BENCH: BUFFULL run_id=try5-c3-cpu start_us=16365812 end_us=16367874 dur_us=2062
UKL-MQTT-BENCH: BUFFULL run_id=try5-c3-cpu start_us=16370218 end_us=16371970 dur_us=1752
UKL-MQTT-BENCH: BUFFULL run_id=try5-c3-cpu start_us=16374316 end_us=16378841 dur_us=4524
UKL-MQTT-BENCH: BUFFULL run_id=try5-c3-cpu start_us=16381825 end_us=16383764 dur_us=1939
UKL-MQTT-BENCH: BUFFULL run_id=try5-c3-cpu start_us=16386118 end_us=16388802 dur_us=2683
UKL-MQTT-BENCH: BUFFULL run_id=try5-c3-cpu start_us=16391155 end_us=16392769 dur_us=1614
UKL-MQTT-BENCH: BUFFULL run_id=try5-c3-cpu start_us=16395127 end_us=16397752 dur_us=2625
UKL-MQTT-BENCH: BUFFULL run_id=try5-c3-cpu start_us=16399501 end_us=16401756 dur_us=2255
UKL-MQTT-BENCH: BUFFULL run_id=try5-c3-cpu start_us=16404108 end_us=16408866 dur_us=4757
UKL-MQTT-BENCH: BUFFULL run_id=try5-c3-cpu start_us=16412430 end_us=16413815 dur_us=1384
UKL-MQTT-BENCH: BUFFULL run_id=try5-c3-cpu start_us=16416161 end_us=16418811 dur_us=2649
UKL-MQTT-BENCH: BUFFULL run_id=try5-c3-cpu start_us=16421146 end_us=16422957 dur_us=1810
UKL-MQTT-BENCH: BUFFULL run_id=try5-c3-cpu start_us=16425287 end_us=16429987 dur_us=4700
UKL-MQTT-BENCH: BUFFULL run_id=try5-c3-cpu start_us=16436096 end_us=16438810 dur_us=2714
UKL-MQTT-BENCH: BUFFULL run_id=try5-c3-cpu start_us=16441182 end_us=16443693 dur_us=2511
UKL-MQTT-BENCH: BUFFULL run_id=try5-c3-cpu start_us=16446041 end_us=16449823 dur_us=3781
UKL-MQTT-BENCH: BUFFULL run_id=try5-c3-cpu start_us=16452778 end_us=16454809 dur_us=2031
UKL-MQTT-BENCH: BUFFULL run_id=try5-c3-cpu start_us=16457842 end_us=16460760 dur_us=2917
UKL-MQTT-BENCH: BUFFULL run_id=try5-c3-cpu start_us=16463109 end_us=16466833 dur_us=3723
UKL-MQTT-BENCH: BUFFULL run_id=try5-c3-cpu start_us=16469812 end_us=16472848 dur_us=3036
UKL-MQTT-BENCH: BUFFULL run_id=try5-c3-cpu start_us=16476503 end_us=16478759 dur_us=2255
UKL-MQTT-BENCH: BUFFULL run_id=try5-c3-cpu start_us=16481121 end_us=16485863 dur_us=4742
UKL-MQTT-BENCH: BUFFULL run_id=try5-c3-cpu start_us=16491511 end_us=16494804 dur_us=3292
UKL-MQTT-BENCH: BUFFULL run_id=try5-c3-cpu start_us=16497135 end_us=16499774 dur_us=2639
UKL-MQTT-BENCH: BUFFULL run_id=try5-c3-cpu start_us=16502118 end_us=16507877 dur_us=5759
UKL-MQTT-BENCH: BUFFULL run_id=try5-c3-cpu start_us=16512048 end_us=16513848 dur_us=1799
UKL-MQTT-BENCH: BUFFULL run_id=try5-c3-cpu start_us=16516183 end_us=16518822 dur_us=2638
UKL-MQTT-BENCH: BUFFULL run_id=try5-c3-cpu start_us=16521777 end_us=16524833 dur_us=3056
UKL-MQTT-BENCH: BUFFULL run_id=try5-c3-cpu start_us=16527162 end_us=16529778 dur_us=2616
UKL-MQTT-BENCH: BUFFULL run_id=try5-c3-cpu start_us=16532737 end_us=16535878 dur_us=3141
UKL-MQTT-BENCH: BUFFULL run_id=try5-c3-cpu start_us=16538833 end_us=16539950 dur_us=1117
UKL-MQTT-BENCH: BUFFULL run_id=try5-c3-cpu start_us=16542293 end_us=16546028 dur_us=3735
UKL-MQTT-BENCH: BUFFULL run_id=try5-c3-cpu start_us=16548989 end_us=16553878 dur_us=4888
UKL-MQTT-BENCH: BUFFULL run_id=try5-c3-cpu start_us=16558807 end_us=16561836 dur_us=3028
UKL-MQTT-BENCH: BUFFULL run_id=try5-c3-cpu start_us=16564792 end_us=16566773 dur_us=1981
UKL-MQTT-BENCH: BUFFULL run_id=try5-c3-cpu start_us=16569111 end_us=16572982 dur_us=3870
UKL-MQTT-BENCH: BUFFULL run_id=try5-c3-cpu start_us=16575960 end_us=16577801 dur_us=1840
UKL-MQTT-BENCH: BUFFULL run_id=try5-c3-cpu start_us=16580158 end_us=16583845 dur_us=3687
UKL-MQTT-BENCH: BUFFULL run_id=try5-c3-cpu start_us=16586826 end_us=16588777 dur_us=1950
UKL-MQTT-BENCH: BUFFULL run_id=try5-c3-cpu start_us=16591126 end_us=16594829 dur_us=3703
UKL-MQTT-BENCH: BUFFULL run_id=try5-c3-cpu start_us=16597804 end_us=16600827 dur_us=3023
UKL-MQTT-BENCH: BUFFULL run_id=try5-c3-cpu start_us=16603792 end_us=16606847 dur_us=3054
UKL-MQTT-BENCH: BUFFULL run_id=try5-c3-cpu start_us=16609822 end_us=16612838 dur_us=3016
UKL-MQTT-BENCH: BUFFULL run_id=try5-c3-cpu start_us=16615797 end_us=16617818 dur_us=2020
UKL-MQTT-BENCH: BUFFULL run_id=try5-c3-cpu start_us=16620158 end_us=16622825 dur_us=2667
UKL-MQTT-BENCH: BUFFULL run_id=try5-c3-cpu start_us=16625167 end_us=16627816 dur_us=2648
UKL-MQTT-BENCH: BUFFULL run_id=try5-c3-cpu start_us=16630153 end_us=16632800 dur_us=2647
UKL-MQTT-BENCH: BUFFULL run_id=try5-c3-cpu start_us=16635750 end_us=16637871 dur_us=2121
UKL-MQTT-BENCH: BUFFULL run_id=try5-c3-cpu start_us=16640206 end_us=16642799 dur_us=2592
UKL-MQTT-BENCH: BUFFULL run_id=try5-c3-cpu start_us=16645146 end_us=16648864 dur_us=3718
UKL-MQTT-BENCH: BUFFULL run_id=try5-c3-cpu start_us=16651207 end_us=16653852 dur_us=2645
UKL-MQTT-BENCH: BUFFULL run_id=try5-c3-cpu start_us=16656190 end_us=16658811 dur_us=2621
UKL-MQTT-BENCH: BUFFULL run_id=try5-c3-cpu start_us=16661158 end_us=16663759 dur_us=2600
UKL-MQTT-BENCH: BUFFULL run_id=try5-c3-cpu start_us=16666100 end_us=16667949 dur_us=1848
UKL-MQTT-BENCH: BUFFULL run_id=try5-c3-cpu start_us=16671843 end_us=16674965 dur_us=3122
UKL-MQTT-BENCH: BUFFULL run_id=try5-c3-cpu start_us=16677373 end_us=16679993 dur_us=2620
UKL-MQTT-BENCH: BUFFULL run_id=try5-c3-cpu start_us=16682967 end_us=16688017 dur_us=5049
UKL-MQTT-BENCH: BUFFULL run_id=try5-c3-cpu start_us=16691666 end_us=16692792 dur_us=1126
UKL-MQTT-BENCH: BUFFULL run_id=try5-c3-cpu start_us=16694541 end_us=16698852 dur_us=4311
UKL-MQTT-BENCH: BUFFULL run_id=try5-c3-cpu start_us=16702430 end_us=16703795 dur_us=1364
UKL-MQTT-BENCH: BUFFULL run_id=try5-c3-cpu start_us=16705542 end_us=16709000 dur_us=3457
UKL-MQTT-BENCH: BUFFULL run_id=try5-c3-cpu start_us=16711975 end_us=16713917 dur_us=1941
UKL-MQTT-BENCH: BUFFULL run_id=try5-c3-cpu start_us=16716946 end_us=16720837 dur_us=3891
UKL-MQTT-BENCH: BUFFULL run_id=try5-c3-cpu start_us=16726544 end_us=16730858 dur_us=4313
UKL-MQTT-BENCH: BUFFULL run_id=try5-c3-cpu start_us=16734453 end_us=16739857 dur_us=5404
UKL-MQTT-BENCH: BUFFULL run_id=try5-c3-cpu start_us=16746044 end_us=16750848 dur_us=4803
UKL-MQTT-BENCH: BUFFULL run_id=try5-c3-cpu start_us=16753821 end_us=16756855 dur_us=3034
UKL-MQTT-BENCH: BUFFULL run_id=try5-c3-cpu start_us=16760424 end_us=16762814 dur_us=2390
UKL-MQTT-BENCH: BUFFULL run_id=try5-c3-cpu start_us=16765154 end_us=16767813 dur_us=2658
UKL-MQTT-BENCH: BUFFULL run_id=try5-c3-cpu start_us=16770772 end_us=16771919 dur_us=1147
UKL-MQTT-BENCH: BUFFULL run_id=try5-c3-cpu start_us=16774263 end_us=16778845 dur_us=4581
UKL-MQTT-BENCH: BUFFULL run_id=try5-c3-cpu start_us=16781822 end_us=16785577 dur_us=3755
UKL-MQTT-BENCH: BUFFULL run_id=try5-c3-cpu start_us=16789228 end_us=16791861 dur_us=2633
UKL-MQTT-BENCH: BUFFULL run_id=try5-c3-cpu start_us=16794868 end_us=16797845 dur_us=2977
UKL-MQTT-BENCH: BUFFULL run_id=try5-c3-cpu start_us=16800198 end_us=16801778 dur_us=1580
UKL-MQTT-BENCH: BUFFULL run_id=try5-c3-cpu start_us=16804134 end_us=16807853 dur_us=3719
UKL-MQTT-BENCH: BUFFULL run_id=try5-c3-cpu start_us=16810832 end_us=16813850 dur_us=3017
UKL-MQTT-BENCH: BUFFULL run_id=try5-c3-cpu start_us=16816826 end_us=16819894 dur_us=3067
UKL-MQTT-BENCH: BUFFULL run_id=try5-c3-cpu start_us=16822862 end_us=16826938 dur_us=4075
UKL-MQTT-BENCH: BUFFULL run_id=try5-c3-cpu start_us=16830518 end_us=16831799 dur_us=1281
UKL-MQTT-BENCH: BUFFULL run_id=try5-c3-cpu start_us=16833543 end_us=16837814 dur_us=4270
UKL-MQTT-BENCH: BUFFULL run_id=try5-c3-cpu start_us=16840798 end_us=16841829 dur_us=1031
UKL-MQTT-BENCH: BUFFULL run_id=try5-c3-cpu start_us=16844217 end_us=16847862 dur_us=3644
UKL-MQTT-BENCH: BUFFULL run_id=try5-c3-cpu start_us=16850831 end_us=16852777 dur_us=1946
UKL-MQTT-BENCH: BUFFULL run_id=try5-c3-cpu start_us=16854525 end_us=16858791 dur_us=4265
UKL-MQTT-BENCH: BUFFULL run_id=try5-c3-cpu start_us=16861765 end_us=16863811 dur_us=2046
UKL-MQTT-BENCH: BUFFULL run_id=try5-c3-cpu start_us=16867330 end_us=16868823 dur_us=1492
UKL-MQTT-BENCH: BUFFULL run_id=try5-c3-cpu start_us=16871162 end_us=16873788 dur_us=2626
UKL-MQTT-BENCH: BUFFULL run_id=try5-c3-cpu start_us=16876132 end_us=16879821 dur_us=3689
UKL-MQTT-BENCH: BUFFULL run_id=try5-c3-cpu start_us=16882787 end_us=16885809 dur_us=3022
UKL-MQTT-BENCH: BUFFULL run_id=try5-c3-cpu start_us=16888158 end_us=16890820 dur_us=2662
UKL-MQTT-BENCH: BUFFULL run_id=try5-c3-cpu start_us=16893807 end_us=16897903 dur_us=4095
UKL-MQTT-BENCH: BUFFULL run_id=try5-c3-cpu start_us=16901477 end_us=16904846 dur_us=3368
UKL-MQTT-BENCH: BUFFULL run_id=try5-c3-cpu start_us=16907827 end_us=16911024 dur_us=3196
UKL-MQTT-BENCH: BUFFULL run_id=try5-c3-cpu start_us=16914606 end_us=16916824 dur_us=2217
UKL-MQTT-BENCH: BUFFULL run_id=try5-c3-cpu start_us=16919171 end_us=16920748 dur_us=1576
UKL-MQTT-BENCH: BUFFULL run_id=try5-c3-cpu start_us=16922490 end_us=16926825 dur_us=4335
UKL-MQTT-BENCH: BUFFULL run_id=try5-c3-cpu start_us=16929788 end_us=16932841 dur_us=3053
UKL-MQTT-BENCH: BUFFULL run_id=try5-c3-cpu start_us=16936423 end_us=16938802 dur_us=2379
UKL-MQTT-BENCH: BUFFULL run_id=try5-c3-cpu start_us=16941144 end_us=16945876 dur_us=4732
UKL-MQTT-BENCH: BUFFULL run_id=try5-c3-cpu start_us=16953139 end_us=16956825 dur_us=3686
UKL-MQTT-BENCH: BUFFULL run_id=try5-c3-cpu start_us=16959823 end_us=16961821 dur_us=1998
UKL-MQTT-BENCH: BUFFULL run_id=try5-c3-cpu start_us=16964162 end_us=16967824 dur_us=3662
UKL-MQTT-BENCH: BUFFULL run_id=try5-c3-cpu start_us=16970790 end_us=16973842 dur_us=3051
UKL-MQTT-BENCH: BUFFULL run_id=try5-c3-cpu start_us=16976794 end_us=16978801 dur_us=2006
UKL-MQTT-BENCH: BUFFULL run_id=try5-c3-cpu start_us=16981174 end_us=16983774 dur_us=2599
UKL-MQTT-BENCH: BUFFULL run_id=try5-c3-cpu start_us=16986141 end_us=16989816 dur_us=3674
UKL-MQTT-BENCH: BUFFULL run_id=try5-c3-cpu start_us=16992168 end_us=16995858 dur_us=3689
UKL-MQTT-BENCH: BUFFULL run_id=try5-c3-cpu start_us=16999429 end_us=17000801 dur_us=1371
UKL-MQTT-BENCH: BUFFULL run_id=try5-c3-cpu start_us=17003153 end_us=17006831 dur_us=3678
UKL-MQTT-BENCH: BUFFULL run_id=try5-c3-cpu start_us=17009801 end_us=17012828 dur_us=3026
UKL-MQTT-BENCH: BUFFULL run_id=try5-c3-cpu start_us=17015166 end_us=17017844 dur_us=2678
UKL-MQTT-BENCH: BUFFULL run_id=try5-c3-cpu start_us=17020804 end_us=17022832 dur_us=2028
UKL-MQTT-BENCH: BUFFULL run_id=try5-c3-cpu start_us=17025173 end_us=17027979 dur_us=2806
UKL-MQTT-BENCH: BUFFULL run_id=try5-c3-cpu start_us=17030328 end_us=17035846 dur_us=5518
UKL-MQTT-BENCH: BUFFULL run_id=try5-c3-cpu start_us=17042015 end_us=17043848 dur_us=1832
UKL-MQTT-BENCH: BUFFULL run_id=try5-c3-cpu start_us=17046195 end_us=17049771 dur_us=3576
UKL-MQTT-BENCH: BUFFULL run_id=try5-c3-cpu start_us=17052113 end_us=17054815 dur_us=2701
UKL-MQTT-BENCH: BUFFULL run_id=try5-c3-cpu start_us=17057773 end_us=17060828 dur_us=3054
UKL-MQTT-BENCH: BUFFULL run_id=try5-c3-cpu start_us=17063813 end_us=17065766 dur_us=1952
UKL-MQTT-BENCH: BUFFULL run_id=try5-c3-cpu start_us=17068103 end_us=17072884 dur_us=4780
UKL-MQTT-BENCH: BUFFULL run_id=try5-c3-cpu start_us=17076441 end_us=17078829 dur_us=2388
UKL-MQTT-BENCH: BUFFULL run_id=try5-c3-cpu start_us=17081814 end_us=17083864 dur_us=2050
UKL-MQTT-BENCH: BUFFULL run_id=try5-c3-cpu start_us=17086222 end_us=17090852 dur_us=4629
UKL-MQTT-BENCH: BUFFULL run_id=try5-c3-cpu start_us=17097131 end_us=17100829 dur_us=3697
UKL-MQTT-BENCH: BUFFULL run_id=try5-c3-cpu start_us=17103788 end_us=17105804 dur_us=2016
UKL-MQTT-BENCH: BUFFULL run_id=try5-c3-cpu start_us=17108164 end_us=17112854 dur_us=4690
UKL-MQTT-BENCH: BUFFULL run_id=try5-c3-cpu start_us=17115858 end_us=17117831 dur_us=1973
UKL-MQTT-BENCH: BUFFULL run_id=try5-c3-cpu start_us=17120816 end_us=17123980 dur_us=3164
UKL-MQTT-BENCH: BUFFULL run_id=try5-c3-cpu start_us=17126949 end_us=17131832 dur_us=4883
UKL-MQTT-BENCH: BUFFULL run_id=try5-c3-cpu start_us=17134792 end_us=17137845 dur_us=3053
UKL-MQTT-BENCH: BUFFULL run_id=try5-c3-cpu start_us=17140812 end_us=17143801 dur_us=2989
UKL-MQTT-BENCH: BUFFULL run_id=try5-c3-cpu start_us=17146767 end_us=17149837 dur_us=3070
UKL-MQTT-BENCH: BUFFULL run_id=try5-c3-cpu start_us=17153391 end_us=17154398 dur_us=1006
UKL-MQTT-BENCH: BUFFULL run_id=try5-c3-cpu start_us=17156741 end_us=17158913 dur_us=2172
UKL-MQTT-BENCH: BUFFULL run_id=try5-c3-cpu start_us=17161259 end_us=17165009 dur_us=3750
UKL-MQTT-BENCH: BUFFULL run_id=try5-c3-cpu start_us=17167972 end_us=17170963 dur_us=2991
UKL-MQTT-BENCH: BUFFULL run_id=try5-c3-cpu start_us=17173937 end_us=17176856 dur_us=2919
UKL-MQTT-BENCH: BUFFULL run_id=try5-c3-cpu start_us=17179189 end_us=17181811 dur_us=2621
UKL-MQTT-BENCH: BUFFULL run_id=try5-c3-cpu start_us=17184171 end_us=17186983 dur_us=2811
UKL-MQTT-BENCH: BUFFULL run_id=try5-c3-cpu start_us=17189967 end_us=17192976 dur_us=3009
UKL-MQTT-BENCH: BUFFULL run_id=try5-c3-cpu start_us=17195326 end_us=17198839 dur_us=3513
UKL-MQTT-BENCH: BUFFULL run_id=try5-c3-cpu start_us=17201803 end_us=17203846 dur_us=2042
UKL-MQTT-BENCH: BUFFULL run_id=try5-c3-cpu start_us=17206822 end_us=17208878 dur_us=2056
UKL-MQTT-BENCH: BUFFULL run_id=try5-c3-cpu start_us=17211227 end_us=17214849 dur_us=3622
UKL-MQTT-BENCH: BUFFULL run_id=try5-c3-cpu start_us=17217807 end_us=17220779 dur_us=2972
UKL-MQTT-BENCH: BUFFULL run_id=try5-c3-cpu start_us=17223129 end_us=17225806 dur_us=2676
UKL-MQTT-BENCH: BUFFULL run_id=try5-c3-cpu start_us=17228803 end_us=17230810 dur_us=2006
UKL-MQTT-BENCH: BUFFULL run_id=try5-c3-cpu start_us=17233158 end_us=17236828 dur_us=3669
UKL-MQTT-BENCH: BUFFULL run_id=try5-c3-cpu start_us=17239164 end_us=17240755 dur_us=1590
UKL-MQTT-BENCH: BUFFULL run_id=try5-c3-cpu start_us=17243098 end_us=17246930 dur_us=3832
UKL-MQTT-BENCH: BUFFULL run_id=try5-c3-cpu start_us=17249907 end_us=17252812 dur_us=2904
UKL-MQTT-BENCH: BUFFULL run_id=try5-c3-cpu start_us=17255780 end_us=17257951 dur_us=2171
UKL-MQTT-BENCH: BUFFULL run_id=try5-c3-cpu start_us=17260291 end_us=17264834 dur_us=4543
UKL-MQTT-BENCH: BUFFULL run_id=try5-c3-cpu start_us=17267789 end_us=17272933 dur_us=5144
UKL-MQTT-BENCH: BUFFULL run_id=try5-c3-cpu start_us=17277107 end_us=17278777 dur_us=1669
UKL-MQTT-BENCH: BUFFULL run_id=try5-c3-cpu start_us=17281760 end_us=17284845 dur_us=3084
UKL-MQTT-BENCH: BUFFULL run_id=try5-c3-cpu start_us=17287859 end_us=17292869 dur_us=5009
UKL-MQTT-BENCH: BUFFULL run_id=try5-c3-cpu start_us=17298385 end_us=17302019 dur_us=3634
UKL-MQTT-BENCH: BUFFULL run_id=try5-c3-cpu start_us=17305597 end_us=17306825 dur_us=1227
UKL-MQTT-BENCH: BUFFULL run_id=try5-c3-cpu start_us=17308578 end_us=17312878 dur_us=4299
UKL-MQTT-BENCH: BUFFULL run_id=try5-c3-cpu start_us=17315845 end_us=17317783 dur_us=1938
UKL-MQTT-BENCH: BUFFULL run_id=try5-c3-cpu start_us=17320119 end_us=17323854 dur_us=3734
UKL-MQTT-BENCH: BUFFULL run_id=try5-c3-cpu start_us=17327430 end_us=17328787 dur_us=1357
UKL-MQTT-BENCH: BUFFULL run_id=try5-c3-cpu start_us=17330537 end_us=17334847 dur_us=4310
UKL-MQTT-BENCH: BUFFULL run_id=try5-c3-cpu start_us=17337806 end_us=17341851 dur_us=4045
UKL-MQTT-BENCH: BUFFULL run_id=try5-c3-cpu start_us=17345425 end_us=17347990 dur_us=2564
UKL-MQTT-BENCH: BUFFULL run_id=try5-c3-cpu start_us=17350970 end_us=17354813 dur_us=3843
UKL-MQTT-BENCH: BUFFULL run_id=try5-c3-cpu start_us=17357809 end_us=17358937 dur_us=1127
UKL-MQTT-BENCH: BUFFULL run_id=try5-c3-cpu start_us=17361274 end_us=17364972 dur_us=3697
UKL-MQTT-BENCH: BUFFULL run_id=try5-c3-cpu start_us=17368548 end_us=17369812 dur_us=1264
UKL-MQTT-BENCH: BUFFULL run_id=try5-c3-cpu start_us=17372152 end_us=17375852 dur_us=3700
UKL-MQTT-BENCH: BUFFULL run_id=try5-c3-cpu start_us=17378825 end_us=17381839 dur_us=3013
UKL-MQTT-BENCH: BUFFULL run_id=try5-c3-cpu start_us=17384808 end_us=17386799 dur_us=1990
UKL-MQTT-BENCH: BUFFULL run_id=try5-c3-cpu start_us=17389146 end_us=17391777 dur_us=2631
UKL-MQTT-BENCH: BUFFULL run_id=try5-c3-cpu start_us=17394133 end_us=17397845 dur_us=3712
UKL-MQTT-BENCH: BUFFULL run_id=try5-c3-cpu start_us=17400825 end_us=17403848 dur_us=3022
UKL-MQTT-BENCH: BUFFULL run_id=try5-c3-cpu start_us=17406891 end_us=17408822 dur_us=1931
UKL-MQTT-BENCH: BUFFULL run_id=try5-c3-cpu start_us=17411171 end_us=17414838 dur_us=3667
UKL-MQTT-BENCH: BUFFULL run_id=try5-c3-cpu start_us=17417816 end_us=17419856 dur_us=2040
UKL-MQTT-BENCH: BUFFULL run_id=try5-c3-cpu start_us=17422204 end_us=17425807 dur_us=3602
UKL-MQTT-BENCH: BUFFULL run_id=try5-c3-cpu start_us=17428161 end_us=17430803 dur_us=2641
UKL-MQTT-BENCH: BUFFULL run_id=try5-c3-cpu start_us=17433156 end_us=17436781 dur_us=3624
UKL-MQTT-BENCH: BUFFULL run_id=try5-c3-cpu start_us=17439801 end_us=17441827 dur_us=2025
UKL-MQTT-BENCH: BUFFULL run_id=try5-c3-cpu start_us=17444173 end_us=17446823 dur_us=2649
UKL-MQTT-BENCH: BUFFULL run_id=try5-c3-cpu start_us=17449802 end_us=17452813 dur_us=3010
UKL-MQTT-BENCH: BUFFULL run_id=try5-c3-cpu start_us=17455203 end_us=17458783 dur_us=3579
UKL-MQTT-BENCH: BUFFULL run_id=try5-c3-cpu start_us=17461758 end_us=17463822 dur_us=2064
UKL-MQTT-BENCH: BUFFULL run_id=try5-c3-cpu start_us=17466169 end_us=17468852 dur_us=2683
UKL-MQTT-BENCH: BUFFULL run_id=try5-c3-cpu start_us=17471825 end_us=17474846 dur_us=3021
UKL-MQTT-BENCH: BUFFULL run_id=try5-c3-cpu start_us=17477830 end_us=17480859 dur_us=3029
UKL-MQTT-BENCH: BUFFULL run_id=try5-c3-cpu start_us=17483821 end_us=17486895 dur_us=3074
UKL-MQTT-BENCH: BUFFULL run_id=try5-c3-cpu start_us=17489276 end_us=17490821 dur_us=1544
UKL-MQTT-BENCH: BUFFULL run_id=try5-c3-cpu start_us=17493201 end_us=17496827 dur_us=3626
UKL-MQTT-BENCH: BUFFULL run_id=try5-c3-cpu start_us=17499172 end_us=17501846 dur_us=2674
UKL-MQTT-BENCH: BUFFULL run_id=try5-c3-cpu start_us=17504831 end_us=17506924 dur_us=2092
UKL-MQTT-BENCH: BUFFULL run_id=try5-c3-cpu start_us=17511545 end_us=17514802 dur_us=3257
UKL-MQTT-BENCH: BUFFULL run_id=try5-c3-cpu start_us=17517161 end_us=17521974 dur_us=4812
UKL-MQTT-BENCH: BUFFULL run_id=try5-c3-cpu start_us=17525563 end_us=17527824 dur_us=2260
UKL-MQTT-BENCH: BUFFULL run_id=try5-c3-cpu start_us=17530172 end_us=17531768 dur_us=1595
UKL-MQTT-BENCH: BUFFULL run_id=try5-c3-cpu start_us=17534114 end_us=17536775 dur_us=2660
UKL-MQTT-BENCH: BUFFULL run_id=try5-c3-cpu start_us=17539118 end_us=17543856 dur_us=4738
UKL-MQTT-BENCH: BUFFULL run_id=try5-c3-cpu start_us=17546817 end_us=17549783 dur_us=2965
UKL-MQTT-BENCH: BUFFULL run_id=try5-c3-cpu start_us=17552742 end_us=17554821 dur_us=2078
UKL-MQTT-BENCH: BUFFULL run_id=try5-c3-cpu start_us=17557782 end_us=17561882 dur_us=4100
UKL-MQTT-BENCH: BUFFULL run_id=try5-c3-cpu start_us=17565433 end_us=17567833 dur_us=2399
UKL-MQTT-BENCH: BUFFULL run_id=try5-c3-cpu start_us=17570785 end_us=17575912 dur_us=5126
UKL-MQTT-BENCH: BUFFULL run_id=try5-c3-cpu start_us=17578861 end_us=17581909 dur_us=3047
UKL-MQTT-BENCH: BUFFULL run_id=try5-c3-cpu start_us=17586800 end_us=17590819 dur_us=4019
UKL-MQTT-BENCH: BUFFULL run_id=try5-c3-cpu start_us=17593780 end_us=17596792 dur_us=3012
UKL-MQTT-BENCH: BUFFULL run_id=try5-c3-cpu start_us=17599779 end_us=17601797 dur_us=2018
UKL-MQTT-BENCH: BUFFULL run_id=try5-c3-cpu start_us=17604159 end_us=17605820 dur_us=1660
UKL-MQTT-BENCH: BUFFULL run_id=try5-c3-cpu start_us=17608182 end_us=17612875 dur_us=4693
UKL-MQTT-BENCH: BUFFULL run_id=try5-c3-cpu start_us=17615856 end_us=17618796 dur_us=2939
UKL-MQTT-BENCH: BUFFULL run_id=try5-c3-cpu start_us=17621764 end_us=17623842 dur_us=2077
UKL-MQTT-BENCH: BUFFULL run_id=try5-c3-cpu start_us=17629473 end_us=17633818 dur_us=4345
UKL-MQTT-BENCH: BUFFULL run_id=try5-c3-cpu start_us=17636754 end_us=17638864 dur_us=2109
UKL-MQTT-BENCH: BUFFULL run_id=try5-c3-cpu start_us=17641213 end_us=17645804 dur_us=4590
UKL-MQTT-BENCH: BUFFULL run_id=try5-c3-cpu start_us=17648798 end_us=17650798 dur_us=1999
UKL-MQTT-BENCH: BUFFULL run_id=try5-c3-cpu start_us=17653127 end_us=17656884 dur_us=3756
UKL-MQTT-BENCH: BUFFULL run_id=try5-c3-cpu start_us=17662515 end_us=17667875 dur_us=5359
UKL-MQTT-BENCH: BUFFULL run_id=try5-c3-cpu start_us=17671443 end_us=17673815 dur_us=2371
UKL-MQTT-BENCH: BUFFULL run_id=try5-c3-cpu start_us=17676151 end_us=17678816 dur_us=2664
UKL-MQTT-BENCH: BUFFULL run_id=try5-c3-cpu start_us=17684474 end_us=17688859 dur_us=4385
UKL-MQTT-BENCH: BUFFULL run_id=try5-c3-cpu start_us=17691882 end_us=17693839 dur_us=1956
UKL-MQTT-BENCH: BUFFULL run_id=try5-c3-cpu start_us=17696186 end_us=17699846 dur_us=3660
UKL-MQTT-BENCH: BUFFULL run_id=try5-c3-cpu start_us=17702822 end_us=17704806 dur_us=1983
UKL-MQTT-BENCH: BUFFULL run_id=try5-c3-cpu start_us=17707248 end_us=17711884 dur_us=4635
UKL-MQTT-BENCH: BUFFULL run_id=try5-c3-cpu start_us=17715454 end_us=17717821 dur_us=2366
UKL-MQTT-BENCH: BUFFULL run_id=try5-c3-cpu start_us=17720178 end_us=17723866 dur_us=3688
UKL-MQTT-BENCH: BUFFULL run_id=try5-c3-cpu start_us=17727442 end_us=17729857 dur_us=2414
UKL-MQTT-BENCH: BUFFULL run_id=try5-c3-cpu start_us=17735497 end_us=17739825 dur_us=4327
UKL-MQTT-BENCH: BUFFULL run_id=try5-c3-cpu start_us=17742794 end_us=17745816 dur_us=3021
UKL-MQTT-BENCH: BUFFULL run_id=try5-c3-cpu start_us=17748763 end_us=17751846 dur_us=3082
UKL-MQTT-BENCH: BUFFULL run_id=try5-c3-cpu start_us=17754802 end_us=17758925 dur_us=4123
UKL-MQTT-BENCH: BUFFULL run_id=try5-c3-cpu start_us=17761898 end_us=17764791 dur_us=2893
UKL-MQTT-BENCH: BUFFULL run_id=try5-c3-cpu start_us=17767763 end_us=17770913 dur_us=3150
UKL-MQTT-BENCH: BUFFULL run_id=try5-c3-cpu start_us=17773868 end_us=17776836 dur_us=2968
UKL-MQTT-BENCH: BUFFULL run_id=try5-c3-cpu start_us=17782484 end_us=17785982 dur_us=3497
UKL-MQTT-BENCH: BUFFULL run_id=try5-c3-cpu start_us=17788923 end_us=17790949 dur_us=2026
UKL-MQTT-BENCH: BUFFULL run_id=try5-c3-cpu start_us=17793285 end_us=17795940 dur_us=2655
UKL-MQTT-BENCH: BUFFULL run_id=try5-c3-cpu start_us=17798922 end_us=17800827 dur_us=1905
UKL-MQTT-BENCH: BUFFULL run_id=try5-c3-cpu start_us=17803189 end_us=17807837 dur_us=4648
UKL-MQTT-BENCH: BUFFULL run_id=try5-c3-cpu start_us=17810810 end_us=17812815 dur_us=2004
UKL-MQTT-BENCH: BUFFULL run_id=try5-c3-cpu start_us=17815162 end_us=17817811 dur_us=2649
UKL-MQTT-BENCH: BUFFULL run_id=try5-c3-cpu start_us=17820787 end_us=17822939 dur_us=2151
UKL-MQTT-BENCH: BUFFULL run_id=try5-c3-cpu start_us=17825293 end_us=17829794 dur_us=4501
UKL-MQTT-BENCH: BUFFULL run_id=try5-c3-cpu start_us=17832767 end_us=17834830 dur_us=2062
UKL-MQTT-BENCH: BUFFULL run_id=try5-c3-cpu start_us=17837800 end_us=17840858 dur_us=3058
UKL-MQTT-BENCH: BUFFULL run_id=try5-c3-cpu start_us=17843835 end_us=17846978 dur_us=3142
UKL-MQTT-BENCH: BUFFULL run_id=try5-c3-cpu start_us=17849976 end_us=17854872 dur_us=4896
UKL-MQTT-BENCH: BUFFULL run_id=try5-c3-cpu start_us=17861280 end_us=17862746 dur_us=1465
UKL-MQTT-BENCH: BUFFULL run_id=try5-c3-cpu start_us=17864497 end_us=17868838 dur_us=4341
UKL-MQTT-BENCH: BUFFULL run_id=try5-c3-cpu start_us=17871805 end_us=17875636 dur_us=3830
UKL-MQTT-BENCH: BUFFULL run_id=try5-c3-cpu start_us=17878584 end_us=17880823 dur_us=2239
UKL-MQTT-BENCH: BUFFULL run_id=try5-c3-cpu start_us=17883808 end_us=17885807 dur_us=1998
UKL-MQTT-BENCH: BUFFULL run_id=try5-c3-cpu start_us=17888151 end_us=17890771 dur_us=2619
UKL-MQTT-BENCH: BUFFULL run_id=try5-c3-cpu start_us=17893102 end_us=17897847 dur_us=4745
UKL-MQTT-BENCH: BUFFULL run_id=try5-c3-cpu start_us=17901432 end_us=17902840 dur_us=1408
UKL-MQTT-BENCH: BUFFULL run_id=try5-c3-cpu start_us=17905191 end_us=17907775 dur_us=2583
UKL-MQTT-BENCH: BUFFULL run_id=try5-c3-cpu start_us=17910132 end_us=17914865 dur_us=4733
UKL-MQTT-BENCH: BUFFULL run_id=try5-c3-cpu start_us=17918450 end_us=17920840 dur_us=2389
UKL-MQTT-BENCH: BUFFULL run_id=try5-c3-cpu start_us=17926557 end_us=17931904 dur_us=5347
UKL-MQTT-BENCH: BUFFULL run_id=try5-c3-cpu start_us=17934871 end_us=17936797 dur_us=1926
UKL-MQTT-BENCH: BUFFULL run_id=try5-c3-cpu start_us=17939755 end_us=17942836 dur_us=3081
UKL-MQTT-BENCH: BUFFULL run_id=try5-c3-cpu start_us=17945229 end_us=17946761 dur_us=1532
UKL-MQTT-BENCH: BUFFULL run_id=try5-c3-cpu start_us=17949094 end_us=17952806 dur_us=3712
UKL-MQTT-BENCH: BUFFULL run_id=try5-c3-cpu start_us=17955771 end_us=17957965 dur_us=2193
UKL-MQTT-BENCH: BUFFULL run_id=try5-c3-cpu start_us=17960343 end_us=17963839 dur_us=3495
UKL-MQTT-BENCH: BUFFULL run_id=try5-c3-cpu start_us=17970119 end_us=17973806 dur_us=3686
UKL-MQTT-BENCH: BUFFULL run_id=try5-c3-cpu start_us=17976189 end_us=17979829 dur_us=3640
UKL-MQTT-BENCH: BUFFULL run_id=try5-c3-cpu start_us=17982787 end_us=17985867 dur_us=3079
UKL-MQTT-BENCH: BUFFULL run_id=try5-c3-cpu start_us=17989420 end_us=17993870 dur_us=4450
UKL-MQTT-BENCH: BUFFULL run_id=try5-c3-cpu start_us=17998113 end_us=18001827 dur_us=3713
UKL-MQTT-BENCH: BUFFULL run_id=try5-c3-cpu start_us=18004894 end_us=18007844 dur_us=2950
UKL-MQTT-BENCH: BUFFULL run_id=try5-c3-cpu start_us=18010822 end_us=18013829 dur_us=3007
UKL-MQTT-BENCH: BUFFULL run_id=try5-c3-cpu start_us=18020122 end_us=18023835 dur_us=3713
UKL-MQTT-BENCH: BUFFULL run_id=try5-c3-cpu start_us=18026838 end_us=18029868 dur_us=3029
UKL-MQTT-BENCH: BUFFULL run_id=try5-c3-cpu start_us=18032844 end_us=18035821 dur_us=2976
UKL-MQTT-BENCH: BUFFULL run_id=try5-c3-cpu start_us=18038175 end_us=18041871 dur_us=3696
UKL-MQTT-BENCH: BUFFULL run_id=try5-c3-cpu start_us=18047507 end_us=18051831 dur_us=4324
UKL-MQTT-BENCH: BUFFULL run_id=try5-c3-cpu start_us=18054801 end_us=18056782 dur_us=1980
UKL-MQTT-BENCH: BUFFULL run_id=try5-c3-cpu start_us=18059133 end_us=18062846 dur_us=3712
UKL-MQTT-BENCH: BUFFULL run_id=try5-c3-cpu start_us=18065821 end_us=18067773 dur_us=1951
UKL-MQTT-BENCH: BUFFULL run_id=try5-c3-cpu start_us=18070573 end_us=18072995 dur_us=2421
UKL-MQTT-BENCH: BUFFULL run_id=try5-c3-cpu start_us=18075961 end_us=18078781 dur_us=2819
UKL-MQTT-BENCH: BUFFULL run_id=try5-c3-cpu start_us=18081130 end_us=18084794 dur_us=3664
UKL-MQTT-BENCH: BUFFULL run_id=try5-c3-cpu start_us=18087773 end_us=18089776 dur_us=2003
UKL-MQTT-BENCH: BUFFULL run_id=try5-c3-cpu start_us=18092132 end_us=18094833 dur_us=2700
UKL-MQTT-BENCH: BUFFULL run_id=try5-c3-cpu start_us=18097847 end_us=18102870 dur_us=5023
UKL-MQTT-BENCH: BUFFULL run_id=try5-c3-cpu start_us=18106476 end_us=18110856 dur_us=4380
UKL-MQTT-BENCH: BUFFULL run_id=try5-c3-cpu start_us=18114425 end_us=18116995 dur_us=2569
UKL-MQTT-BENCH: BUFFULL run_id=try5-c3-cpu start_us=18120578 end_us=18122969 dur_us=2391
UKL-MQTT-BENCH: BUFFULL run_id=try5-c3-cpu start_us=18125948 end_us=18127964 dur_us=2015
UKL-MQTT-BENCH: BUFFULL run_id=try5-c3-cpu start_us=18130312 end_us=18133971 dur_us=3658
UKL-MQTT-BENCH: BUFFULL run_id=try5-c3-cpu start_us=18136942 end_us=18140027 dur_us=3085
UKL-MQTT-BENCH: BUFFULL run_id=try5-c3-cpu start_us=18142994 end_us=18146839 dur_us=3845
UKL-MQTT-BENCH: BUFFULL run_id=try5-c3-cpu start_us=18149801 end_us=18152829 dur_us=3028
UKL-MQTT-BENCH: BUFFULL run_id=try5-c3-cpu start_us=18155166 end_us=18158852 dur_us=3685
UKL-MQTT-BENCH: BUFFULL run_id=try5-c3-cpu start_us=18164388 end_us=18167876 dur_us=3488
UKL-MQTT-BENCH: BUFFULL run_id=try5-c3-cpu start_us=18170848 end_us=18173793 dur_us=2944
UKL-MQTT-BENCH: BUFFULL run_id=try5-c3-cpu start_us=18176763 end_us=18179964 dur_us=3200
UKL-MQTT-BENCH: BUFFULL run_id=try5-c3-cpu start_us=18182933 end_us=18184814 dur_us=1881
UKL-MQTT-BENCH: BUFFULL run_id=try5-c3-cpu start_us=18187150 end_us=18189790 dur_us=2640
UKL-MQTT-BENCH: BUFFULL run_id=try5-c3-cpu start_us=18192139 end_us=18196834 dur_us=4695
UKL-MQTT-BENCH: BUFFULL run_id=try5-c3-cpu start_us=18200396 end_us=18201805 dur_us=1408
UKL-MQTT-BENCH: BUFFULL run_id=try5-c3-cpu start_us=18204138 end_us=18206773 dur_us=2635
UKL-MQTT-BENCH: BUFFULL run_id=try5-c3-cpu start_us=18209196 end_us=18211782 dur_us=2585
UKL-MQTT-BENCH: BUFFULL run_id=try5-c3-cpu start_us=18214134 end_us=18218865 dur_us=4731
UKL-MQTT-BENCH: BUFFULL run_id=try5-c3-cpu start_us=18222441 end_us=18224842 dur_us=2400
UKL-MQTT-BENCH: BUFFULL run_id=try5-c3-cpu start_us=18227846 end_us=18230855 dur_us=3009
UKL-MQTT-BENCH: BUFFULL run_id=try5-c3-cpu start_us=18233831 end_us=18236830 dur_us=2998
UKL-MQTT-BENCH: BUFFULL run_id=try5-c3-cpu start_us=18242274 end_us=18246824 dur_us=4550
UKL-MQTT-BENCH: BUFFULL run_id=try5-c3-cpu start_us=18249792 end_us=18252821 dur_us=3028
UKL-MQTT-BENCH: BUFFULL run_id=try5-c3-cpu start_us=18255794 end_us=18258592 dur_us=2798
UKL-MQTT-BENCH: BUFFULL run_id=try5-c3-cpu start_us=18261098 end_us=18262770 dur_us=1672
UKL-MQTT-BENCH: BUFFULL run_id=try5-c3-cpu start_us=18265281 end_us=18268853 dur_us=3571
UKL-MQTT-BENCH: BUFFULL run_id=try5-c3-cpu start_us=18272014 end_us=18274961 dur_us=2946
UKL-MQTT-BENCH: BUFFULL run_id=try5-c3-cpu start_us=18277921 end_us=18282843 dur_us=4921
UKL-MQTT-BENCH: BUFFULL run_id=try5-c3-cpu start_us=18286400 end_us=18289881 dur_us=3480
UKL-MQTT-BENCH: BUFFULL run_id=try5-c3-cpu start_us=18293444 end_us=18294766 dur_us=1322
UKL-MQTT-BENCH: BUFFULL run_id=try5-c3-cpu start_us=18296508 end_us=18299831 dur_us=3322
UKL-MQTT-BENCH: BUFFULL run_id=try5-c3-cpu start_us=18302802 end_us=18303949 dur_us=1146
UKL-MQTT-BENCH: BUFFULL run_id=try5-c3-cpu start_us=18306306 end_us=18311890 dur_us=5584
UKL-MQTT-BENCH: BUFFULL run_id=try5-c3-cpu start_us=18315467 end_us=18316838 dur_us=1370
UKL-MQTT-BENCH: BUFFULL run_id=try5-c3-cpu start_us=18319194 end_us=18320955 dur_us=1761
UKL-MQTT-BENCH: BUFFULL run_id=try5-c3-cpu start_us=18323302 end_us=18325840 dur_us=2538
UKL-MQTT-BENCH: BUFFULL run_id=try5-c3-cpu start_us=18328225 end_us=18332910 dur_us=4684
UKL-MQTT-BENCH: BUFFULL run_id=try5-c3-cpu start_us=18335891 end_us=18337809 dur_us=1918
UKL-MQTT-BENCH: BUFFULL run_id=try5-c3-cpu start_us=18340167 end_us=18342774 dur_us=2606
UKL-MQTT-BENCH: BUFFULL run_id=try5-c3-cpu start_us=18345125 end_us=18347799 dur_us=2674
UKL-MQTT-BENCH: BUFFULL run_id=try5-c3-cpu start_us=18350162 end_us=18353819 dur_us=3657
UKL-MQTT-BENCH: BUFFULL run_id=try5-c3-cpu start_us=18359507 end_us=18363832 dur_us=4324
UKL-MQTT-BENCH: BUFFULL run_id=try5-c3-cpu start_us=18366807 end_us=18369840 dur_us=3032
UKL-MQTT-BENCH: BUFFULL run_id=try5-c3-cpu start_us=18372816 end_us=18374839 dur_us=2022
UKL-MQTT-BENCH: BUFFULL run_id=try5-c3-cpu start_us=18377814 end_us=18379772 dur_us=1958
UKL-MQTT-BENCH: BUFFULL run_id=try5-c3-cpu start_us=18382122 end_us=18384951 dur_us=2829
UKL-MQTT-BENCH: BUFFULL run_id=try5-c3-cpu start_us=18387920 end_us=18391819 dur_us=3899
UKL-MQTT-BENCH: BUFFULL run_id=try5-c3-cpu start_us=18394794 end_us=18397822 dur_us=3027
UKL-MQTT-BENCH: BUFFULL run_id=try5-c3-cpu start_us=18400807 end_us=18404860 dur_us=4052
UKL-MQTT-BENCH: BUFFULL run_id=try5-c3-cpu start_us=18408478 end_us=18410874 dur_us=2395
UKL-MQTT-BENCH: BUFFULL run_id=try5-c3-cpu start_us=18413864 end_us=18415797 dur_us=1933
UKL-MQTT-BENCH: BUFFULL run_id=try5-c3-cpu start_us=18418150 end_us=18420810 dur_us=2659
UKL-MQTT-BENCH: BUFFULL run_id=try5-c3-cpu start_us=18423161 end_us=18426846 dur_us=3685
UKL-MQTT-BENCH: BUFFULL run_id=try5-c3-cpu start_us=18429823 end_us=18432837 dur_us=3014
UKL-MQTT-BENCH: BUFFULL run_id=try5-c3-cpu start_us=18435803 end_us=18437833 dur_us=2030
UKL-MQTT-BENCH: BUFFULL run_id=try5-c3-cpu start_us=18440207 end_us=18442810 dur_us=2603
UKL-MQTT-BENCH: BUFFULL run_id=try5-c3-cpu start_us=18445157 end_us=18448839 dur_us=3682
UKL-MQTT-BENCH: BUFFULL run_id=try5-c3-cpu start_us=18451810 end_us=18454848 dur_us=3038
UKL-MQTT-BENCH: BUFFULL run_id=try5-c3-cpu start_us=18457863 end_us=18459842 dur_us=1979
UKL-MQTT-BENCH: BUFFULL run_id=try5-c3-cpu start_us=18462204 end_us=18463810 dur_us=1606
UKL-MQTT-BENCH: BUFFULL run_id=try5-c3-cpu start_us=18466145 end_us=18469814 dur_us=3669
UKL-MQTT-BENCH: BUFFULL run_id=try5-c3-cpu start_us=18472164 end_us=18474811 dur_us=2647
UKL-MQTT-BENCH: BUFFULL run_id=try5-c3-cpu start_us=18477773 end_us=18480760 dur_us=2987
UKL-MQTT-BENCH: BUFFULL run_id=try5-c3-cpu start_us=18483107 end_us=18484757 dur_us=1650
UKL-MQTT-BENCH: BUFFULL run_id=try5-c3-cpu start_us=18487110 end_us=18490810 dur_us=3700
UKL-MQTT-BENCH: BUFFULL run_id=try5-c3-cpu start_us=18493148 end_us=18495788 dur_us=2639
UKL-MQTT-BENCH: BUFFULL run_id=try5-c3-cpu start_us=18498762 end_us=18500781 dur_us=2019
UKL-MQTT-BENCH: BUFFULL run_id=try5-c3-cpu start_us=18503179 end_us=18506836 dur_us=3656
UKL-MQTT-BENCH: BUFFULL run_id=try5-c3-cpu start_us=18509808 end_us=18512837 dur_us=3028
UKL-MQTT-BENCH: BUFFULL run_id=try5-c3-cpu start_us=18515871 end_us=18519951 dur_us=4079
UKL-MQTT-BENCH: BUFFULL run_id=try5-c3-cpu start_us=18523523 end_us=18525859 dur_us=2336
UKL-MQTT-BENCH: BUFFULL run_id=try5-c3-cpu start_us=18528204 end_us=18530823 dur_us=2619
UKL-MQTT-BENCH: BUFFULL run_id=try5-c3-cpu start_us=18533180 end_us=18536845 dur_us=3665
UKL-MQTT-BENCH: BUFFULL run_id=try5-c3-cpu start_us=18539823 end_us=18541759 dur_us=1935
UKL-MQTT-BENCH: BUFFULL run_id=try5-c3-cpu start_us=18544115 end_us=18545743 dur_us=1627
UKL-MQTT-BENCH: BUFFULL run_id=try5-c3-cpu start_us=18547509 end_us=18548750 dur_us=1240
UKL-MQTT-BENCH: BUFFULL run_id=try5-c3-cpu start_us=18551106 end_us=18554816 dur_us=3709
UKL-MQTT-BENCH: BUFFULL run_id=try5-c3-cpu start_us=18557162 end_us=18559820 dur_us=2657
UKL-MQTT-BENCH: BUFFULL run_id=try5-c3-cpu start_us=18562788 end_us=18566012 dur_us=3224
UKL-MQTT-BENCH: BUFFULL run_id=try5-c3-cpu start_us=18568984 end_us=18571839 dur_us=2854
UKL-MQTT-BENCH: BUFFULL run_id=try5-c3-cpu start_us=18574825 end_us=18579872 dur_us=5047
UKL-MQTT-BENCH: BUFFULL run_id=try5-c3-cpu start_us=18586158 end_us=18587759 dur_us=1600
UKL-MQTT-BENCH: BUFFULL run_id=try5-c3-cpu start_us=18590099 end_us=18593810 dur_us=3711
UKL-MQTT-BENCH: BUFFULL run_id=try5-c3-cpu start_us=18596168 end_us=18599650 dur_us=3482
UKL-MQTT-BENCH: BUFFULL run_id=try5-c3-cpu start_us=18602616 end_us=18604801 dur_us=2184
UKL-MQTT-BENCH: BUFFULL run_id=try5-c3-cpu start_us=18607149 end_us=18609767 dur_us=2617
UKL-MQTT-BENCH: BUFFULL run_id=try5-c3-cpu start_us=18612145 end_us=18615881 dur_us=3736
UKL-MQTT-BENCH: BUFFULL run_id=try5-c3-cpu start_us=18619505 end_us=18621807 dur_us=2302
UKL-MQTT-BENCH: BUFFULL run_id=try5-c3-cpu start_us=18624183 end_us=18627872 dur_us=3689
UKL-MQTT-BENCH: BUFFULL run_id=try5-c3-cpu start_us=18631503 end_us=18634857 dur_us=3353
UKL-MQTT-BENCH: BUFFULL run_id=try5-c3-cpu start_us=18641116 end_us=18644866 dur_us=3750
UKL-MQTT-BENCH: BUFFULL run_id=try5-c3-cpu start_us=18648024 end_us=18649843 dur_us=1819
UKL-MQTT-BENCH: BUFFULL run_id=try5-c3-cpu start_us=18652339 end_us=18656862 dur_us=4522
UKL-MQTT-BENCH: BUFFULL run_id=try5-c3-cpu start_us=18659369 end_us=18661822 dur_us=2452
UKL-MQTT-BENCH: BUFFULL run_id=try5-c3-cpu start_us=18664320 end_us=18667867 dur_us=3547
UKL-MQTT-BENCH: BUFFULL run_id=try5-c3-cpu start_us=18671677 end_us=18672944 dur_us=1267
UKL-MQTT-BENCH: BUFFULL run_id=try5-c3-cpu start_us=18675443 end_us=18679848 dur_us=4405
UKL-MQTT-BENCH: BUFFULL run_id=try5-c3-cpu start_us=18683006 end_us=18685865 dur_us=2858
UKL-MQTT-BENCH: BUFFULL run_id=try5-c3-cpu start_us=18689041 end_us=18690918 dur_us=1877
UKL-MQTT-BENCH: BUFFULL run_id=try5-c3-cpu start_us=18693442 end_us=18696876 dur_us=3433
UKL-MQTT-BENCH: BUFFULL run_id=try5-c3-cpu start_us=18699384 end_us=18703884 dur_us=4500
UKL-MQTT-BENCH: BUFFULL run_id=try5-c3-cpu start_us=18707094 end_us=18709877 dur_us=2782
UKL-MQTT-BENCH: BUFFULL run_id=try5-c3-cpu start_us=18712974 end_us=18714848 dur_us=1874
UKL-MQTT-BENCH: BUFFULL run_id=try5-c3-cpu start_us=18717361 end_us=18719862 dur_us=2500
UKL-MQTT-BENCH: BUFFULL run_id=try5-c3-cpu start_us=18721773 end_us=18725931 dur_us=4157
UKL-MQTT-BENCH: BUFFULL run_id=try5-c3-cpu start_us=18729066 end_us=18730851 dur_us=1784
UKL-MQTT-BENCH: BUFFULL run_id=try5-c3-cpu start_us=18733876 end_us=18735806 dur_us=1930
UKL-MQTT-BENCH: BUFFULL run_id=try5-c3-cpu start_us=18738221 end_us=18740828 dur_us=2607
UKL-MQTT-BENCH: BUFFULL run_id=try5-c3-cpu start_us=18743176 end_us=18746790 dur_us=3614
UKL-MQTT-BENCH: BUFFULL run_id=try5-c3-cpu start_us=18749158 end_us=18751833 dur_us=2674
UKL-MQTT-BENCH: BUFFULL run_id=try5-c3-cpu start_us=18754940 end_us=18756830 dur_us=1889
UKL-MQTT-BENCH: BUFFULL run_id=try5-c3-cpu start_us=18759194 end_us=18762875 dur_us=3680
UKL-MQTT-BENCH: BUFFULL run_id=try5-c3-cpu start_us=18765220 end_us=18767836 dur_us=2616
UKL-MQTT-BENCH: BUFFULL run_id=try5-c3-cpu start_us=18770179 end_us=18773825 dur_us=3645
UKL-MQTT-BENCH: BUFFULL run_id=try5-c3-cpu start_us=18776809 end_us=18778851 dur_us=2042
UKL-MQTT-BENCH: BUFFULL run_id=try5-c3-cpu start_us=18781193 end_us=18783834 dur_us=2640
UKL-MQTT-BENCH: BUFFULL run_id=try5-c3-cpu start_us=18786822 end_us=18788770 dur_us=1947
UKL-MQTT-BENCH: BUFFULL run_id=try5-c3-cpu start_us=18791166 end_us=18793789 dur_us=2623
UKL-MQTT-BENCH: BUFFULL run_id=try5-c3-cpu start_us=18796141 end_us=18798974 dur_us=2833
UKL-MQTT-BENCH: BUFFULL run_id=try5-c3-cpu start_us=18801959 end_us=18805832 dur_us=3872
UKL-MQTT-BENCH: BUFFULL run_id=try5-c3-cpu start_us=18808183 end_us=18810814 dur_us=2631
UKL-MQTT-BENCH: BUFFULL run_id=try5-c3-cpu start_us=18813809 end_us=18815967 dur_us=2157
UKL-MQTT-BENCH: BUFFULL run_id=try5-c3-cpu start_us=18818943 end_us=18820915 dur_us=1972
UKL-MQTT-BENCH: BUFFULL run_id=try5-c3-cpu start_us=18823265 end_us=18826880 dur_us=3615
UKL-MQTT-BENCH: BUFFULL run_id=try5-c3-cpu start_us=18829869 end_us=18832977 dur_us=3108
UKL-MQTT-BENCH: BUFFULL run_id=try5-c3-cpu start_us=18835312 end_us=18839016 dur_us=3703
UKL-MQTT-BENCH: BUFFULL run_id=try5-c3-cpu start_us=18843291 end_us=18847999 dur_us=4707
UKL-MQTT-BENCH: BUFFULL run_id=try5-c3-cpu start_us=18851612 end_us=18853825 dur_us=2212
UKL-MQTT-BENCH: BUFFULL run_id=try5-c3-cpu start_us=18856791 end_us=18859831 dur_us=3039
UKL-MQTT-BENCH: BUFFULL run_id=try5-c3-cpu start_us=18865488 end_us=18869812 dur_us=4324
UKL-MQTT-BENCH: BUFFULL run_id=try5-c3-cpu start_us=18872782 end_us=18875878 dur_us=3095
UKL-MQTT-BENCH: BUFFULL run_id=try5-c3-cpu start_us=18878854 end_us=18881903 dur_us=3048
UKL-MQTT-BENCH: BUFFULL run_id=try5-c3-cpu start_us=18884896 end_us=18887823 dur_us=2927
UKL-MQTT-BENCH: BUFFULL run_id=try5-c3-cpu start_us=18890176 end_us=18893841 dur_us=3664
UKL-MQTT-BENCH: BUFFULL run_id=try5-c3-cpu start_us=18899514 end_us=18902797 dur_us=3283
UKL-MQTT-BENCH: BUFFULL run_id=try5-c3-cpu start_us=18905154 end_us=18907806 dur_us=2652
UKL-MQTT-BENCH: BUFFULL run_id=try5-c3-cpu start_us=18910152 end_us=18912825 dur_us=2672
UKL-MQTT-BENCH: BUFFULL run_id=try5-c3-cpu start_us=18915807 end_us=18918793 dur_us=2986
UKL-MQTT-BENCH: BUFFULL run_id=try5-c3-cpu start_us=18921151 end_us=18923790 dur_us=2639
UKL-MQTT-BENCH: BUFFULL run_id=try5-c3-cpu start_us=18926815 end_us=18929778 dur_us=2962
UKL-MQTT-BENCH: BUFFULL run_id=try5-c3-cpu start_us=18932134 end_us=18934825 dur_us=2691
UKL-MQTT-BENCH: BUFFULL run_id=try5-c3-cpu start_us=18937804 end_us=18940890 dur_us=3086
UKL-MQTT-BENCH: BUFFULL run_id=try5-c3-cpu start_us=18943229 end_us=18945890 dur_us=2660
UKL-MQTT-BENCH: BUFFULL run_id=try5-c3-cpu start_us=18948900 end_us=18952881 dur_us=3981
UKL-MQTT-BENCH: BUFFULL run_id=try5-c3-cpu start_us=18956484 end_us=18957619 dur_us=1134
UKL-MQTT-BENCH: BUFFULL run_id=try5-c3-cpu start_us=18959356 end_us=18962808 dur_us=3451
UKL-MQTT-BENCH: BUFFULL run_id=try5-c3-cpu start_us=18965152 end_us=18967807 dur_us=2654
UKL-MQTT-BENCH: BUFFULL run_id=try5-c3-cpu start_us=18970150 end_us=18972787 dur_us=2636
UKL-MQTT-BENCH: BUFFULL run_id=try5-c3-cpu start_us=18975761 end_us=18976767 dur_us=1006
UKL-MQTT-BENCH: BUFFULL run_id=try5-c3-cpu start_us=18979115 end_us=18981811 dur_us=2696
UKL-MQTT-BENCH: BUFFULL run_id=try5-c3-cpu start_us=18984146 end_us=18986804 dur_us=2658
UKL-MQTT-BENCH: BUFFULL run_id=try5-c3-cpu start_us=18989156 end_us=18992807 dur_us=3651
UKL-MQTT-BENCH: BUFFULL run_id=try5-c3-cpu start_us=18995217 end_us=18998882 dur_us=3664
UKL-MQTT-BENCH: BUFFULL run_id=try5-c3-cpu start_us=19002438 end_us=19003835 dur_us=1396
UKL-MQTT-BENCH: BUFFULL run_id=try5-c3-cpu start_us=19006169 end_us=19008798 dur_us=2628
UKL-MQTT-BENCH: BUFFULL run_id=try5-c3-cpu start_us=19011136 end_us=19015833 dur_us=4696
UKL-MQTT-BENCH: BUFFULL run_id=try5-c3-cpu start_us=19018802 end_us=19020794 dur_us=1992
UKL-MQTT-BENCH: BUFFULL run_id=try5-c3-cpu start_us=19023141 end_us=19025821 dur_us=2679
UKL-MQTT-BENCH: BUFFULL run_id=try5-c3-cpu start_us=19028788 end_us=19030951 dur_us=2163
UKL-MQTT-BENCH: BUFFULL run_id=try5-c3-cpu start_us=19033942 end_us=19036980 dur_us=3037
UKL-MQTT-BENCH: BUFFULL run_id=try5-c3-cpu start_us=19039946 end_us=19042960 dur_us=3013
UKL-MQTT-BENCH: BUFFULL run_id=try5-c3-cpu start_us=19045344 end_us=19046771 dur_us=1427
UKL-MQTT-BENCH: BUFFULL run_id=try5-c3-cpu start_us=19049126 end_us=19052818 dur_us=3691
UKL-MQTT-BENCH: BUFFULL run_id=try5-c3-cpu start_us=19055794 end_us=19058844 dur_us=3049
UKL-MQTT-BENCH: BUFFULL run_id=try5-c3-cpu start_us=19061829 end_us=19064815 dur_us=2986
UKL-MQTT-BENCH: BUFFULL run_id=try5-c3-cpu start_us=19070494 end_us=19073796 dur_us=3302
UKL-MQTT-BENCH: BUFFULL run_id=try5-c3-cpu start_us=19076152 end_us=19078972 dur_us=2820
UKL-MQTT-BENCH: BUFFULL run_id=try5-c3-cpu start_us=19081932 end_us=19084808 dur_us=2875
UKL-MQTT-BENCH: BUFFULL run_id=try5-c3-cpu start_us=19087154 end_us=19089964 dur_us=2810
UKL-MQTT-BENCH: BUFFULL run_id=try5-c3-cpu start_us=19092924 end_us=19095823 dur_us=2899
UKL-MQTT-BENCH: BUFFULL run_id=try5-c3-cpu start_us=19098195 end_us=19100847 dur_us=2651
UKL-MQTT-BENCH: BUFFULL run_id=try5-c3-cpu start_us=19103837 end_us=19106827 dur_us=2990
UKL-MQTT-BENCH: BUFFULL run_id=try5-c3-cpu start_us=19109174 end_us=19111842 dur_us=2667
UKL-MQTT-BENCH: BUFFULL run_id=try5-c3-cpu start_us=19114814 end_us=19117838 dur_us=3023
UKL-MQTT-BENCH: BUFFULL run_id=try5-c3-cpu start_us=19120185 end_us=19122834 dur_us=2648
UKL-MQTT-BENCH: BUFFULL run_id=try5-c3-cpu start_us=19125809 end_us=19128841 dur_us=3031
UKL-MQTT-BENCH: BUFFULL run_id=try5-c3-cpu start_us=19131826 end_us=19133834 dur_us=2008
UKL-MQTT-BENCH: BUFFULL run_id=try5-c3-cpu start_us=19136191 end_us=19139823 dur_us=3631
UKL-MQTT-BENCH: BUFFULL run_id=try5-c3-cpu start_us=19142168 end_us=19144823 dur_us=2654
UKL-MQTT-BENCH: BUFFULL run_id=try5-c3-cpu start_us=19147786 end_us=19150819 dur_us=3033
UKL-MQTT-BENCH: BUFFULL run_id=try5-c3-cpu start_us=19153782 end_us=19156886 dur_us=3103
UKL-MQTT-BENCH: BUFFULL run_id=try5-c3-cpu start_us=19159855 end_us=19162846 dur_us=2990
UKL-MQTT-BENCH: BUFFULL run_id=try5-c3-cpu start_us=19165811 end_us=19167781 dur_us=1969
UKL-MQTT-BENCH: BUFFULL run_id=try5-c3-cpu start_us=19169516 end_us=19174931 dur_us=5415
UKL-MQTT-BENCH: BUFFULL run_id=try5-c3-cpu start_us=19181117 end_us=19184803 dur_us=3686
UKL-MQTT-BENCH: BUFFULL run_id=try5-c3-cpu start_us=19187146 end_us=19191930 dur_us=4783
UKL-MQTT-BENCH: BUFFULL run_id=try5-c3-cpu start_us=19195484 end_us=19196802 dur_us=1318
UKL-MQTT-BENCH: BUFFULL run_id=try5-c3-cpu start_us=19199148 end_us=19200749 dur_us=1600
UKL-MQTT-BENCH: BUFFULL run_id=try5-c3-cpu start_us=19202487 end_us=19207843 dur_us=5356
UKL-MQTT-BENCH: BUFFULL run_id=try5-c3-cpu start_us=19211406 end_us=19212831 dur_us=1425
UKL-MQTT-BENCH: BUFFULL run_id=try5-c3-cpu start_us=19215803 end_us=19217769 dur_us=1965
UKL-MQTT-BENCH: BUFFULL run_id=try5-c3-cpu start_us=19220118 end_us=19222966 dur_us=2848
UKL-MQTT-BENCH: BUFFULL run_id=try5-c3-cpu start_us=19225920 end_us=19229841 dur_us=3920
UKL-MQTT-BENCH: BUFFULL run_id=try5-c3-cpu start_us=19232835 end_us=19234817 dur_us=1981
UKL-MQTT-BENCH: BUFFULL run_id=try5-c3-cpu start_us=19237156 end_us=19241842 dur_us=4686
UKL-MQTT-BENCH: BUFFULL run_id=try5-c3-cpu start_us=19247404 end_us=19250898 dur_us=3494
UKL-MQTT-BENCH: BUFFULL run_id=try5-c3-cpu start_us=19253853 end_us=19255938 dur_us=2084
UKL-MQTT-BENCH: BUFFULL run_id=try5-c3-cpu start_us=19258276 end_us=19262926 dur_us=4649
UKL-MQTT-BENCH: BUFFULL run_id=try5-c3-cpu start_us=19265880 end_us=19267841 dur_us=1960
UKL-MQTT-BENCH: BUFFULL run_id=try5-c3-cpu start_us=19270170 end_us=19272803 dur_us=2633
UKL-MQTT-BENCH: BUFFULL run_id=try5-c3-cpu start_us=19275771 end_us=19277849 dur_us=2077
UKL-MQTT-BENCH: BUFFULL run_id=try5-c3-cpu start_us=19280208 end_us=19283856 dur_us=3648
UKL-MQTT-BENCH: BUFFULL run_id=try5-c3-cpu start_us=19286832 end_us=19288772 dur_us=1939
UKL-MQTT-BENCH: BUFFULL run_id=try5-c3-cpu start_us=19290508 end_us=19294788 dur_us=4280
UKL-MQTT-BENCH: BUFFULL run_id=try5-c3-cpu start_us=19297776 end_us=19299822 dur_us=2045
UKL-MQTT-BENCH: BUFFULL run_id=try5-c3-cpu start_us=19304613 end_us=19306655 dur_us=2041
UKL-MQTT-BENCH: BUFFULL run_id=try5-c3-cpu start_us=19309013 end_us=19312830 dur_us=3816
UKL-MQTT-BENCH: BUFFULL run_id=try5-c3-cpu start_us=19315811 end_us=19319816 dur_us=4005
UKL-MQTT-BENCH: BUFFULL run_id=try5-c3-cpu start_us=19322796 end_us=19324832 dur_us=2035
UKL-MQTT-BENCH: BUFFULL run_id=try5-c3-cpu start_us=19327790 end_us=19330822 dur_us=3031
UKL-MQTT-BENCH: BUFFULL run_id=try5-c3-cpu start_us=19333796 end_us=19335816 dur_us=2019
UKL-MQTT-BENCH: BUFFULL run_id=try5-c3-cpu start_us=19338156 end_us=19342854 dur_us=4698
UKL-MQTT-BENCH: BUFFULL run_id=try5-c3-cpu start_us=19348512 end_us=19352798 dur_us=4286
UKL-MQTT-BENCH: BUFFULL run_id=try5-c3-cpu start_us=19355152 end_us=19357827 dur_us=2675
UKL-MQTT-BENCH: BUFFULL run_id=try5-c3-cpu start_us=19360799 end_us=19364847 dur_us=4048
UKL-MQTT-BENCH: BUFFULL run_id=try5-c3-cpu start_us=19371094 end_us=19374831 dur_us=3736
UKL-MQTT-BENCH: BUFFULL run_id=try5-c3-cpu start_us=19377804 end_us=19379774 dur_us=1970
UKL-MQTT-BENCH: BUFFULL run_id=try5-c3-cpu start_us=19382126 end_us=19385954 dur_us=3828
UKL-MQTT-BENCH: BUFFULL run_id=try5-c3-cpu start_us=19388924 end_us=19392815 dur_us=3891
UKL-MQTT-BENCH: BUFFULL run_id=try5-c3-cpu start_us=19398364 end_us=19401829 dur_us=3465
UKL-MQTT-BENCH: BUFFULL run_id=try5-c3-cpu start_us=19404815 end_us=19407838 dur_us=3022
UKL-MQTT-BENCH: BUFFULL run_id=try5-c3-cpu start_us=19410818 end_us=19413795 dur_us=2976
UKL-MQTT-BENCH: BUFFULL run_id=try5-c3-cpu start_us=19416150 end_us=19421847 dur_us=5696
UKL-MQTT-BENCH: BUFFULL run_id=try5-c3-cpu start_us=19428046 end_us=19429809 dur_us=1762
UKL-MQTT-BENCH: BUFFULL run_id=try5-c3-cpu start_us=19432161 end_us=19435849 dur_us=3688
UKL-MQTT-BENCH: BUFFULL run_id=try5-c3-cpu start_us=19438196 end_us=19442878 dur_us=4682
UKL-MQTT-BENCH: BUFFULL run_id=try5-c3-cpu start_us=19449151 end_us=19451807 dur_us=2655
UKL-MQTT-BENCH: BUFFULL run_id=try5-c3-cpu start_us=19454161 end_us=19456788 dur_us=2626
UKL-MQTT-BENCH: BUFFULL run_id=try5-c3-cpu start_us=19459139 end_us=19462819 dur_us=3679
UKL-MQTT-BENCH: BUFFULL run_id=try5-c3-cpu start_us=19465791 end_us=19467763 dur_us=1971
UKL-MQTT-BENCH: BUFFULL run_id=try5-c3-cpu start_us=19470114 end_us=19473837 dur_us=3723
UKL-MQTT-BENCH: BUFFULL run_id=try5-c3-cpu start_us=19476799 end_us=19479828 dur_us=3029
UKL-MQTT-BENCH: BUFFULL run_id=try5-c3-cpu start_us=19482775 end_us=19486877 dur_us=4101
UKL-MQTT-BENCH: BUFFULL run_id=try5-c3-cpu start_us=19490441 end_us=19492821 dur_us=2380
UKL-MQTT-BENCH: BUFFULL run_id=try5-c3-cpu start_us=19497606 end_us=19500964 dur_us=3357
UKL-MQTT-BENCH: BUFFULL run_id=try5-c3-cpu start_us=19503968 end_us=19507972 dur_us=4003
UKL-MQTT-BENCH: BUFFULL run_id=try5-c3-cpu start_us=19510939 end_us=19512756 dur_us=1817
UKL-MQTT-BENCH: BUFFULL run_id=try5-c3-cpu start_us=19515081 end_us=19517818 dur_us=2737
UKL-MQTT-BENCH: BUFFULL run_id=try5-c3-cpu start_us=19520160 end_us=19522807 dur_us=2647
UKL-MQTT-BENCH: BUFFULL run_id=try5-c3-cpu start_us=19525782 end_us=19529793 dur_us=4011
UKL-MQTT-BENCH: BUFFULL run_id=try5-c3-cpu start_us=19532753 end_us=19534818 dur_us=2064
UKL-MQTT-BENCH: BUFFULL run_id=try5-c3-cpu start_us=19537154 end_us=19539828 dur_us=2673
UKL-MQTT-BENCH: BUFFULL run_id=try5-c3-cpu start_us=19542804 end_us=19544809 dur_us=2004
UKL-MQTT-BENCH: BUFFULL run_id=try5-c3-cpu start_us=19547158 end_us=19550870 dur_us=3712
UKL-MQTT-BENCH: BUFFULL run_id=try5-c3-cpu start_us=19553847 end_us=19556873 dur_us=3026
UKL-MQTT-BENCH: BUFFULL run_id=try5-c3-cpu start_us=19559208 end_us=19561861 dur_us=2652
UKL-MQTT-BENCH: BUFFULL run_id=try5-c3-cpu start_us=19564827 end_us=19566794 dur_us=1966
UKL-MQTT-BENCH: BUFFULL run_id=try5-c3-cpu start_us=19569155 end_us=19571993 dur_us=2837
UKL-MQTT-BENCH: BUFFULL run_id=try5-c3-cpu start_us=19574338 end_us=19577822 dur_us=3483
UKL-MQTT-BENCH: BUFFULL run_id=try5-c3-cpu start_us=19580157 end_us=19582781 dur_us=2624
UKL-MQTT-BENCH: BUFFULL run_id=try5-c3-cpu start_us=19585147 end_us=19586921 dur_us=1774
UKL-MQTT-BENCH: BUFFULL run_id=try5-c3-cpu start_us=19589272 end_us=19591800 dur_us=2528
UKL-MQTT-BENCH: BUFFULL run_id=try5-c3-cpu start_us=19595453 end_us=19598790 dur_us=3337
UKL-MQTT-BENCH: BUFFULL run_id=try5-c3-cpu start_us=19601130 end_us=19603817 dur_us=2686
UKL-MQTT-BENCH: BUFFULL run_id=try5-c3-cpu start_us=19606778 end_us=19609807 dur_us=3029
UKL-MQTT-BENCH: BUFFULL run_id=try5-c3-cpu start_us=19612148 end_us=19615827 dur_us=3679
UKL-MQTT-BENCH: BUFFULL run_id=try5-c3-cpu start_us=19618788 end_us=19620801 dur_us=2013
UKL-MQTT-BENCH: BUFFULL run_id=try5-c3-cpu start_us=19623148 end_us=19625820 dur_us=2672
UKL-MQTT-BENCH: BUFFULL run_id=try5-c3-cpu start_us=19628790 end_us=19631826 dur_us=3036
UKL-MQTT-BENCH: BUFFULL run_id=try5-c3-cpu start_us=19634773 end_us=19637789 dur_us=3015
UKL-MQTT-BENCH: BUFFULL run_id=try5-c3-cpu start_us=19640134 end_us=19643884 dur_us=3749
UKL-MQTT-BENCH: BUFFULL run_id=try5-c3-cpu start_us=19649493 end_us=19653820 dur_us=4327
UKL-MQTT-BENCH: BUFFULL run_id=try5-c3-cpu start_us=19656779 end_us=19658799 dur_us=2020
UKL-MQTT-BENCH: BUFFULL run_id=try5-c3-cpu start_us=19661154 end_us=19665865 dur_us=4711
UKL-MQTT-BENCH: BUFFULL run_id=try5-c3-cpu start_us=19671489 end_us=19674967 dur_us=3478
UKL-MQTT-BENCH: BUFFULL run_id=try5-c3-cpu start_us=19677943 end_us=19680971 dur_us=3027
UKL-MQTT-BENCH: BUFFULL run_id=try5-c3-cpu start_us=19683297 end_us=19686994 dur_us=3696
UKL-MQTT-BENCH: BUFFULL run_id=try5-c3-cpu start_us=19690819 end_us=19693750 dur_us=2931
UKL-MQTT-BENCH: BUFFULL run_id=try5-c3-cpu start_us=19701714 end_us=19702985 dur_us=1271
UKL-MQTT-BENCH: BUFFULL run_id=try5-c3-cpu start_us=19705333 end_us=19708835 dur_us=3501
UKL-MQTT-BENCH: BUFFULL run_id=try5-c3-cpu start_us=19711813 end_us=19713782 dur_us=1969
UKL-MQTT-BENCH: BUFFULL run_id=try5-c3-cpu start_us=19716145 end_us=19718819 dur_us=2673
UKL-MQTT-BENCH: BUFFULL run_id=try5-c3-cpu start_us=19721169 end_us=19724840 dur_us=3670
UKL-MQTT-BENCH: BUFFULL run_id=try5-c3-cpu start_us=19727827 end_us=19730807 dur_us=2979
UKL-MQTT-BENCH: BUFFULL run_id=try5-c3-cpu start_us=19733824 end_us=19737892 dur_us=4067
UKL-MQTT-BENCH: BUFFULL run_id=try5-c3-cpu start_us=19741469 end_us=19744899 dur_us=3430
UKL-MQTT-BENCH: BUFFULL run_id=try5-c3-cpu start_us=19748484 end_us=19750814 dur_us=2330
UKL-MQTT-BENCH: BUFFULL run_id=try5-c3-cpu start_us=19753155 end_us=19756839 dur_us=3684
UKL-MQTT-BENCH: BUFFULL run_id=try5-c3-cpu start_us=19759810 end_us=19761834 dur_us=2023
UKL-MQTT-BENCH: BUFFULL run_id=try5-c3-cpu start_us=19764817 end_us=19766826 dur_us=2008
UKL-MQTT-BENCH: BUFFULL run_id=try5-c3-cpu start_us=19769187 end_us=19772837 dur_us=3649
UKL-MQTT-BENCH: BUFFULL run_id=try5-c3-cpu start_us=19775818 end_us=19778842 dur_us=3023
UKL-MQTT-BENCH: BUFFULL run_id=try5-c3-cpu start_us=19781821 end_us=19783806 dur_us=1984
UKL-MQTT-BENCH: BUFFULL run_id=try5-c3-cpu start_us=19786163 end_us=19789824 dur_us=3660
UKL-MQTT-BENCH: BUFFULL run_id=try5-c3-cpu start_us=19792796 end_us=19794804 dur_us=2008
UKL-MQTT-BENCH: BUFFULL run_id=try5-c3-cpu start_us=19797164 end_us=19800806 dur_us=3641
UKL-MQTT-BENCH: BUFFULL run_id=try5-c3-cpu start_us=19803162 end_us=19806816 dur_us=3654
UKL-MQTT-BENCH: BUFFULL run_id=try5-c3-cpu start_us=19810419 end_us=19812832 dur_us=2412
UKL-MQTT-BENCH: BUFFULL run_id=try5-c3-cpu start_us=19815817 end_us=19818828 dur_us=3011
UKL-MQTT-BENCH: BUFFULL run_id=try5-c3-cpu start_us=19821824 end_us=19824834 dur_us=3009
UKL-MQTT-BENCH: BUFFULL run_id=try5-c3-cpu start_us=19827827 end_us=19831882 dur_us=4054
UKL-MQTT-BENCH: BUFFULL run_id=try5-c3-cpu start_us=19836847 end_us=19840038 dur_us=3190
UKL-MQTT-BENCH: BUFFULL run_id=try5-c3-cpu start_us=19843024 end_us=19846862 dur_us=3838
UKL-MQTT-BENCH: BUFFULL run_id=try5-c3-cpu start_us=19849847 end_us=19853841 dur_us=3994
UKL-MQTT-BENCH: BUFFULL run_id=try5-c3-cpu start_us=19856828 end_us=19858797 dur_us=1969
UKL-MQTT-BENCH: BUFFULL run_id=try5-c3-cpu start_us=19864238 end_us=19866777 dur_us=2539
UKL-MQTT-BENCH: BUFFULL run_id=try5-c3-cpu start_us=19869128 end_us=19871819 dur_us=2690
UKL-MQTT-BENCH: BUFFULL run_id=try5-c3-cpu start_us=19874193 end_us=19877825 dur_us=3631
UKL-MQTT-BENCH: BUFFULL run_id=try5-c3-cpu start_us=19880824 end_us=19883856 dur_us=3032
UKL-MQTT-BENCH: BUFFULL run_id=try5-c3-cpu start_us=19886224 end_us=19889833 dur_us=3609
UKL-MQTT-BENCH: BUFFULL run_id=try5-c3-cpu start_us=19892841 end_us=19894855 dur_us=2013
UKL-MQTT-BENCH: BUFFULL run_id=try5-c3-cpu start_us=19897853 end_us=19902010 dur_us=4156
UKL-MQTT-BENCH: BUFFULL run_id=try5-c3-cpu start_us=19905024 end_us=19906829 dur_us=1805
UKL-MQTT-BENCH: BUFFULL run_id=try5-c3-cpu start_us=19909820 end_us=19911840 dur_us=2020
UKL-MQTT-BENCH: BUFFULL run_id=try5-c3-cpu start_us=19914212 end_us=19915761 dur_us=1549
UKL-MQTT-BENCH: BUFFULL run_id=try5-c3-cpu start_us=19916893 end_us=19918865 dur_us=1972
UKL-MQTT-BENCH: BUFFULL run_id=try5-c3-cpu start_us=19921213 end_us=19924976 dur_us=3762
UKL-MQTT-BENCH: BUFFULL run_id=try5-c3-cpu start_us=19930530 end_us=19933848 dur_us=3318
UKL-MQTT-BENCH: BUFFULL run_id=try5-c3-cpu start_us=19936206 end_us=19937741 dur_us=1535
UKL-MQTT-BENCH: BUFFULL run_id=try5-c3-cpu start_us=19938876 end_us=19944917 dur_us=6041
UKL-MQTT-BENCH: BUFFULL run_id=try5-c3-cpu start_us=19950507 end_us=19952780 dur_us=2273
UKL-MQTT-BENCH: BUFFULL run_id=try5-c3-cpu start_us=19955134 end_us=19956755 dur_us=1620
UKL-MQTT-BENCH: BUFFULL run_id=try5-c3-cpu start_us=19958509 end_us=19963869 dur_us=5359
UKL-MQTT-BENCH: BUFFULL run_id=try5-c3-cpu start_us=19969421 end_us=19972867 dur_us=3446
UKL-MQTT-BENCH: BUFFULL run_id=try5-c3-cpu start_us=19975866 end_us=19977868 dur_us=2002
UKL-MQTT-BENCH: BUFFULL run_id=try5-c3-cpu start_us=19980238 end_us=19984841 dur_us=4602
UKL-MQTT-BENCH: BUFFULL run_id=try5-c3-cpu start_us=19990488 end_us=19993968 dur_us=3480
UKL-MQTT-BENCH: BUFFULL run_id=try5-c3-cpu start_us=19996961 end_us=19998818 dur_us=1857
UKL-MQTT-BENCH: BUFFULL run_id=try5-c3-cpu start_us=20001186 end_us=20004792 dur_us=3606
UKL-MQTT-BENCH: BUFFULL run_id=try5-c3-cpu start_us=20007769 end_us=20009022 dur_us=1253
UKL-MQTT-BENCH: BUFFULL run_id=try5-c3-cpu start_us=20011422 end_us=20014819 dur_us=3397
UKL-MQTT-BENCH: BUFFULL run_id=try5-c3-cpu start_us=20018455 end_us=20020798 dur_us=2343
UKL-MQTT-BENCH: BUFFULL run_id=try5-c3-cpu start_us=20023149 end_us=20027969 dur_us=4820
UKL-MQTT-BENCH: BUFFULL run_id=try5-c3-cpu start_us=20031548 end_us=20033961 dur_us=2412
UKL-MQTT-BENCH: BUFFULL run_id=try5-c3-cpu start_us=20036942 end_us=20040803 dur_us=3861
UKL-MQTT-BENCH: BUFFULL run_id=try5-c3-cpu start_us=20043151 end_us=20046854 dur_us=3702
UKL-MQTT-BENCH: BUFFULL run_id=try5-c3-cpu start_us=20050417 end_us=20052810 dur_us=2393
UKL-MQTT-BENCH: BUFFULL run_id=try5-c3-cpu start_us=20055169 end_us=20058843 dur_us=3673
UKL-MQTT-BENCH: BUFFULL run_id=try5-c3-cpu start_us=20062409 end_us=20064846 dur_us=2437
UKL-MQTT-BENCH: BUFFULL run_id=try5-c3-cpu start_us=20067826 end_us=20070909 dur_us=3082
UKL-MQTT-BENCH: BUFFULL run_id=try5-c3-cpu start_us=20073883 end_us=20075803 dur_us=1920
UKL-MQTT-BENCH: BUFFULL run_id=try5-c3-cpu start_us=20078157 end_us=20081879 dur_us=3721
UKL-MQTT-BENCH: BUFFULL run_id=try5-c3-cpu start_us=20084850 end_us=20087908 dur_us=3057
UKL-MQTT-BENCH: BUFFULL run_id=try5-c3-cpu start_us=20090898 end_us=20092794 dur_us=1896
UKL-MQTT-BENCH: BUFFULL run_id=try5-c3-cpu start_us=20095153 end_us=20097823 dur_us=2670
UKL-MQTT-BENCH: BUFFULL run_id=try5-c3-cpu start_us=20100177 end_us=20102860 dur_us=2683
UKL-MQTT-BENCH: BUFFULL run_id=try5-c3-cpu start_us=20105229 end_us=20107837 dur_us=2608
UKL-MQTT-BENCH: BUFFULL run_id=try5-c3-cpu start_us=20111859 end_us=20114741 dur_us=2882
UKL-MQTT-BENCH: BUFFULL run_id=try5-c3-cpu start_us=20116488 end_us=20119943 dur_us=3454
UKL-MQTT-BENCH: BUFFULL run_id=try5-c3-cpu start_us=20122294 end_us=20127831 dur_us=5536
UKL-MQTT-BENCH: BUFFULL run_id=try5-c3-cpu start_us=20130179 end_us=20131841 dur_us=1662
UKL-MQTT-BENCH: BUFFULL run_id=try5-c3-cpu start_us=20134197 end_us=20135752 dur_us=1555
UKL-MQTT-BENCH: BUFFULL run_id=try5-c3-cpu start_us=20137509 end_us=20141854 dur_us=4345
UKL-MQTT-BENCH: BUFFULL run_id=try5-c3-cpu start_us=20144848 end_us=20147865 dur_us=3017
UKL-MQTT-BENCH: BUFFULL run_id=try5-c3-cpu start_us=20151452 end_us=20152833 dur_us=1380
UKL-MQTT-BENCH: BUFFULL run_id=try5-c3-cpu start_us=20155198 end_us=20157802 dur_us=2604
UKL-MQTT-BENCH: BUFFULL run_id=try5-c3-cpu start_us=20160194 end_us=20163828 dur_us=3634
UKL-MQTT-BENCH: BUFFULL run_id=try5-c3-cpu start_us=20166195 end_us=20169896 dur_us=3701
UKL-MQTT-BENCH: BUFFULL run_id=try5-c3-cpu start_us=20173475 end_us=20174845 dur_us=1370
UKL-MQTT-BENCH: BUFFULL run_id=try5-c3-cpu start_us=20177209 end_us=20179775 dur_us=2565
UKL-MQTT-BENCH: BUFFULL run_id=try5-c3-cpu start_us=20182140 end_us=20185821 dur_us=3680
UKL-MQTT-BENCH: BUFFULL run_id=try5-c3-cpu start_us=20188836 end_us=20191853 dur_us=3017
UKL-MQTT-BENCH: BUFFULL run_id=try5-c3-cpu start_us=20194861 end_us=20196807 dur_us=1945
UKL-MQTT-BENCH: BUFFULL run_id=try5-c3-cpu start_us=20199162 end_us=20201861 dur_us=2698
UKL-MQTT-BENCH: BUFFULL run_id=try5-c3-cpu start_us=20204227 end_us=20207817 dur_us=3589
UKL-MQTT-BENCH: BUFFULL run_id=try5-c3-cpu start_us=20210173 end_us=20213835 dur_us=3661
UKL-MQTT-BENCH: BUFFULL run_id=try5-c3-cpu start_us=20216822 end_us=20218826 dur_us=2003
UKL-MQTT-BENCH: BUFFULL run_id=try5-c3-cpu start_us=20221822 end_us=20222828 dur_us=1005
UKL-MQTT-BENCH: BUFFULL run_id=try5-c3-cpu start_us=20225190 end_us=20227804 dur_us=2613
UKL-MQTT-BENCH: BUFFULL run_id=try5-c3-cpu start_us=20230163 end_us=20233821 dur_us=3657
UKL-MQTT-BENCH: BUFFULL run_id=try5-c3-cpu start_us=20236823 end_us=20238806 dur_us=1983
UKL-MQTT-BENCH: BUFFULL run_id=try5-c3-cpu start_us=20240559 end_us=20243847 dur_us=3287
UKL-MQTT-BENCH: BUFFULL run_id=try5-c3-cpu start_us=20246829 end_us=20248756 dur_us=1926
UKL-MQTT-BENCH: BUFFULL run_id=try5-c3-cpu start_us=20251181 end_us=20257049 dur_us=5868
UKL-MQTT-BENCH: BUFFULL run_id=try5-c3-cpu start_us=20261257 end_us=20263840 dur_us=2583
UKL-MQTT-BENCH: BUFFULL run_id=try5-c3-cpu start_us=20268848 end_us=20273967 dur_us=5118
UKL-MQTT-BENCH: BUFFULL run_id=try5-c3-cpu start_us=20277559 end_us=20279869 dur_us=2310
UKL-MQTT-BENCH: BUFFULL run_id=try5-c3-cpu start_us=20282244 end_us=20284992 dur_us=2747
UKL-MQTT-BENCH: BUFFULL run_id=try5-c3-cpu start_us=20287973 end_us=20291817 dur_us=3843
UKL-MQTT-BENCH: BUFFULL run_id=try5-c3-cpu start_us=20294832 end_us=20298837 dur_us=4004
UKL-MQTT-BENCH: BUFFULL run_id=try5-c3-cpu start_us=20303804 end_us=20306963 dur_us=3158
UKL-MQTT-BENCH: BUFFULL run_id=try5-c3-cpu start_us=20309943 end_us=20312960 dur_us=3017
UKL-MQTT-BENCH: BUFFULL run_id=try5-c3-cpu start_us=20315960 end_us=20320858 dur_us=4898
UKL-MQTT-BENCH: BUFFULL run_id=try5-c3-cpu start_us=20324462 end_us=20327932 dur_us=3470
UKL-MQTT-BENCH: BUFFULL run_id=try5-c3-cpu start_us=20331525 end_us=20333827 dur_us=2302
UKL-MQTT-BENCH: BUFFULL run_id=try5-c3-cpu start_us=20336171 end_us=20338811 dur_us=2640
UKL-MQTT-BENCH: BUFFULL run_id=try5-c3-cpu start_us=20341165 end_us=20344812 dur_us=3646
UKL-MQTT-BENCH: BUFFULL run_id=try5-c3-cpu start_us=20347816 end_us=20349828 dur_us=2011
UKL-MQTT-BENCH: BUFFULL run_id=try5-c3-cpu start_us=20352822 end_us=20355893 dur_us=3070
UKL-MQTT-BENCH: BUFFULL run_id=try5-c3-cpu start_us=20358252 end_us=20360416 dur_us=2163
UKL-MQTT-BENCH: BUFFULL run_id=try5-c3-cpu start_us=20362784 end_us=20366853 dur_us=4069
UKL-MQTT-BENCH: BUFFULL run_id=try5-c3-cpu start_us=20370435 end_us=20371821 dur_us=1385
UKL-MQTT-BENCH: BUFFULL run_id=try5-c3-cpu start_us=20374177 end_us=20376783 dur_us=2605
UKL-MQTT-BENCH: BUFFULL run_id=try5-c3-cpu start_us=20379142 end_us=20382839 dur_us=3697
UKL-MQTT-BENCH: BUFFULL run_id=try5-c3-cpu start_us=20385820 end_us=20388841 dur_us=3020
UKL-MQTT-BENCH: BUFFULL run_id=try5-c3-cpu start_us=20391829 end_us=20393835 dur_us=2005
UKL-MQTT-BENCH: BUFFULL run_id=try5-c3-cpu start_us=20396210 end_us=20399874 dur_us=3663
UKL-MQTT-BENCH: BUFFULL run_id=try5-c3-cpu start_us=20402868 end_us=20404840 dur_us=1972
UKL-MQTT-BENCH: BUFFULL run_id=try5-c3-cpu start_us=20407348 end_us=20410856 dur_us=3507
UKL-MQTT-BENCH: BUFFULL run_id=try5-c3-cpu start_us=20414029 end_us=20416826 dur_us=2796
UKL-MQTT-BENCH: BUFFULL run_id=try5-c3-cpu start_us=20419332 end_us=20422814 dur_us=3481
UKL-MQTT-BENCH: BUFFULL run_id=try5-c3-cpu start_us=20425172 end_us=20428873 dur_us=3700
UKL-MQTT-BENCH: BUFFULL run_id=try5-c3-cpu start_us=20432465 end_us=20433865 dur_us=1399
UKL-MQTT-BENCH: BUFFULL run_id=try5-c3-cpu start_us=20436215 end_us=20437808 dur_us=1593
UKL-MQTT-BENCH: BUFFULL run_id=try5-c3-cpu start_us=20439550 end_us=20443797 dur_us=4246
UKL-MQTT-BENCH: BUFFULL run_id=try5-c3-cpu start_us=20446798 end_us=20449842 dur_us=3044
UKL-MQTT-BENCH: BUFFULL run_id=try5-c3-cpu start_us=20452820 end_us=20454827 dur_us=2007
UKL-MQTT-BENCH: BUFFULL run_id=try5-c3-cpu start_us=20457815 end_us=20459813 dur_us=1997
UKL-MQTT-BENCH: BUFFULL run_id=try5-c3-cpu start_us=20462184 end_us=20465886 dur_us=3701
UKL-MQTT-BENCH: BUFFULL run_id=try5-c3-cpu start_us=20468863 end_us=20471813 dur_us=2949
UKL-MQTT-BENCH: BUFFULL run_id=try5-c3-cpu start_us=20474177 end_us=20476817 dur_us=2640
UKL-MQTT-BENCH: BUFFULL run_id=try5-c3-cpu start_us=20479791 end_us=20481837 dur_us=2045
UKL-MQTT-BENCH: BUFFULL run_id=try5-c3-cpu start_us=20484197 end_us=20487826 dur_us=3628
UKL-MQTT-BENCH: BUFFULL run_id=try5-c3-cpu start_us=20490825 end_us=20493822 dur_us=2997
UKL-MQTT-BENCH: BUFFULL run_id=try5-c3-cpu start_us=20496189 end_us=20499925 dur_us=3735
UKL-MQTT-BENCH: BUFFULL run_id=try5-c3-cpu start_us=20503545 end_us=20504803 dur_us=1257
UKL-MQTT-BENCH: BUFFULL run_id=try5-c3-cpu start_us=20507148 end_us=20510841 dur_us=3692
UKL-MQTT-BENCH: BUFFULL run_id=try5-c3-cpu start_us=20513823 end_us=20516843 dur_us=3020
UKL-MQTT-BENCH: BUFFULL run_id=try5-c3-cpu start_us=20519845 end_us=20521812 dur_us=1966
UKL-MQTT-BENCH: BUFFULL run_id=try5-c3-cpu start_us=20524168 end_us=20526806 dur_us=2638
UKL-MQTT-BENCH: BUFFULL run_id=try5-c3-cpu start_us=20528562 end_us=20530838 dur_us=2275
UKL-MQTT-BENCH: BUFFULL run_id=try5-c3-cpu start_us=20533191 end_us=20536830 dur_us=3638
UKL-MQTT-BENCH: BUFFULL run_id=try5-c3-cpu start_us=20539805 end_us=20541826 dur_us=2020
UKL-MQTT-BENCH: BUFFULL run_id=try5-c3-cpu start_us=20544817 end_us=20546891 dur_us=2074
UKL-MQTT-BENCH: BUFFULL run_id=try5-c3-cpu start_us=20549256 end_us=20551808 dur_us=2551
UKL-MQTT-BENCH: BUFFULL run_id=try5-c3-cpu start_us=20554163 end_us=20557814 dur_us=3651
UKL-MQTT-BENCH: BUFFULL run_id=try5-c3-cpu start_us=20560166 end_us=20562845 dur_us=2678
UKL-MQTT-BENCH: BUFFULL run_id=try5-c3-cpu start_us=20565834 end_us=20567775 dur_us=1940
UKL-MQTT-BENCH: BUFFULL run_id=try5-c3-cpu start_us=20570126 end_us=20573842 dur_us=3715
UKL-MQTT-BENCH: BUFFULL run_id=try5-c3-cpu start_us=20576839 end_us=20579862 dur_us=3023
UKL-MQTT-BENCH: BUFFULL run_id=try5-c3-cpu start_us=20582842 end_us=20584812 dur_us=1969
UKL-MQTT-BENCH: BUFFULL run_id=try5-c3-cpu start_us=20587165 end_us=20589954 dur_us=2788
UKL-MQTT-BENCH: BUFFULL run_id=try5-c3-cpu start_us=20592945 end_us=20594940 dur_us=1994
UKL-MQTT-BENCH: BUFFULL run_id=try5-c3-cpu start_us=20597296 end_us=20600818 dur_us=3522
UKL-MQTT-BENCH: BUFFULL run_id=try5-c3-cpu start_us=20603166 end_us=20605789 dur_us=2623
UKL-MQTT-BENCH: BUFFULL run_id=try5-c3-cpu start_us=20608760 end_us=20610795 dur_us=2035
UKL-MQTT-BENCH: BUFFULL run_id=try5-c3-cpu start_us=20613153 end_us=20615818 dur_us=2664
UKL-MQTT-BENCH: BUFFULL run_id=try5-c3-cpu start_us=20618177 end_us=20620773 dur_us=2595
UKL-MQTT-BENCH: BUFFULL run_id=try5-c3-cpu start_us=20623121 end_us=20626835 dur_us=3714
UKL-MQTT-BENCH: BUFFULL run_id=try5-c3-cpu start_us=20629825 end_us=20631801 dur_us=1976
UKL-MQTT-BENCH: BUFFULL run_id=try5-c3-cpu start_us=20634172 end_us=20636892 dur_us=2720
UKL-MQTT-BENCH: BUFFULL run_id=try5-c3-cpu start_us=20639252 end_us=20641807 dur_us=2555
UKL-MQTT-BENCH: BUFFULL run_id=try5-c3-cpu start_us=20644791 end_us=20647810 dur_us=3018
UKL-MQTT-BENCH: BUFFULL run_id=try5-c3-cpu start_us=20650165 end_us=20652764 dur_us=2599
UKL-MQTT-BENCH: BUFFULL run_id=try5-c3-cpu start_us=20655117 end_us=20657832 dur_us=2714
UKL-MQTT-BENCH: BUFFULL run_id=try5-c3-cpu start_us=20660798 end_us=20663821 dur_us=3022
UKL-MQTT-BENCH: BUFFULL run_id=try5-c3-cpu start_us=20666796 end_us=20669847 dur_us=3051
UKL-MQTT-BENCH: BUFFULL run_id=try5-c3-cpu start_us=20672827 end_us=20676994 dur_us=4167
UKL-MQTT-BENCH: BUFFULL run_id=try5-c3-cpu start_us=20680576 end_us=20681780 dur_us=1204
UKL-MQTT-BENCH: BUFFULL run_id=try5-c3-cpu start_us=20684138 end_us=20685753 dur_us=1615
UKL-MQTT-BENCH: BUFFULL run_id=try5-c3-cpu start_us=20687491 end_us=20691863 dur_us=4372
UKL-MQTT-BENCH: BUFFULL run_id=try5-c3-cpu start_us=20694297 end_us=20697846 dur_us=3548
UKL-MQTT-BENCH: BUFFULL run_id=try5-c3-cpu start_us=20700819 end_us=20702832 dur_us=2012
UKL-MQTT-BENCH: BUFFULL run_id=try5-c3-cpu start_us=20705850 end_us=20708835 dur_us=2984
UKL-MQTT-BENCH: BUFFULL run_id=try5-c3-cpu start_us=20711820 end_us=20713297 dur_us=1476
UKL-MQTT-BENCH: BUFFULL run_id=try5-c3-cpu start_us=20715643 end_us=20719875 dur_us=4232
UKL-MQTT-BENCH: BUFFULL run_id=try5-c3-cpu start_us=20722853 end_us=20724825 dur_us=1971
UKL-MQTT-BENCH: BUFFULL run_id=try5-c3-cpu start_us=20727178 end_us=20730813 dur_us=3635
UKL-MQTT-BENCH: BUFFULL run_id=try5-c3-cpu start_us=20733213 end_us=20735833 dur_us=2620
UKL-MQTT-BENCH: BUFFULL run_id=try5-c3-cpu start_us=20738812 end_us=20741849 dur_us=3037
UKL-MQTT-BENCH: BUFFULL run_id=try5-c3-cpu start_us=20744216 end_us=20745915 dur_us=1698
UKL-MQTT-BENCH: BUFFULL run_id=try5-c3-cpu start_us=20748908 end_us=20751955 dur_us=3047
UKL-MQTT-BENCH: BUFFULL run_id=try5-c3-cpu start_us=20754325 end_us=20756962 dur_us=2636
UKL-MQTT-BENCH: BUFFULL run_id=try5-c3-cpu start_us=20759949 end_us=20761799 dur_us=1849
UKL-MQTT-BENCH: BUFFULL run_id=try5-c3-cpu start_us=20764149 end_us=20767794 dur_us=3645
UKL-MQTT-BENCH: BUFFULL run_id=try5-c3-cpu start_us=20770158 end_us=20772825 dur_us=2667
UKL-MQTT-BENCH: BUFFULL run_id=try5-c3-cpu start_us=20775809 end_us=20778824 dur_us=3014
UKL-MQTT-BENCH: BUFFULL run_id=try5-c3-cpu start_us=20781182 end_us=20783830 dur_us=2647
UKL-MQTT-BENCH: BUFFULL run_id=try5-c3-cpu start_us=20786800 end_us=20789832 dur_us=3031
UKL-MQTT-BENCH: BUFFULL run_id=try5-c3-cpu start_us=20792949 end_us=20795989 dur_us=3040
UKL-MQTT-BENCH: BUFFULL run_id=try5-c3-cpu start_us=20799138 end_us=20802838 dur_us=3700
UKL-MQTT-BENCH: BUFFULL run_id=try5-c3-cpu start_us=20805831 end_us=20809004 dur_us=3172
UKL-MQTT-BENCH: BUFFULL run_id=try5-c3-cpu start_us=20815163 end_us=20818848 dur_us=3684
UKL-MQTT-BENCH: BUFFULL run_id=try5-c3-cpu start_us=20821828 end_us=20824812 dur_us=2984
UKL-MQTT-BENCH: BUFFULL run_id=try5-c3-cpu start_us=20827808 end_us=20830853 dur_us=3045
UKL-MQTT-BENCH: BUFFULL run_id=try5-c3-cpu start_us=20833920 end_us=20837952 dur_us=4031
UKL-MQTT-BENCH: BUFFULL run_id=try5-c3-cpu start_us=20843594 end_us=20846782 dur_us=3187
UKL-MQTT-BENCH: BUFFULL run_id=try5-c3-cpu start_us=20848571 end_us=20852851 dur_us=4280
UKL-MQTT-BENCH: BUFFULL run_id=try5-c3-cpu start_us=20856444 end_us=20858860 dur_us=2416
UKL-MQTT-BENCH: BUFFULL run_id=try5-c3-cpu start_us=20863827 end_us=20865766 dur_us=1938
UKL-MQTT-BENCH: BUFFULL run_id=try5-c3-cpu start_us=20867517 end_us=20871832 dur_us=4315
UKL-MQTT-BENCH: BUFFULL run_id=try5-c3-cpu start_us=20874817 end_us=20877840 dur_us=3023
UKL-MQTT-BENCH: BUFFULL run_id=try5-c3-cpu start_us=20882136 end_us=20886842 dur_us=4706
UKL-MQTT-BENCH: BUFFULL run_id=try5-c3-cpu start_us=20889825 end_us=20892816 dur_us=2990
UKL-MQTT-BENCH: BUFFULL run_id=try5-c3-cpu start_us=20895189 end_us=20898820 dur_us=3630
UKL-MQTT-BENCH: BUFFULL run_id=try5-c3-cpu start_us=20905171 end_us=20908865 dur_us=3694
UKL-MQTT-BENCH: BUFFULL run_id=try5-c3-cpu start_us=20911855 end_us=20914849 dur_us=2994
UKL-MQTT-BENCH: BUFFULL run_id=try5-c3-cpu start_us=20917221 end_us=20920849 dur_us=3628
UKL-MQTT-BENCH: BUFFULL run_id=try5-c3-cpu start_us=20923835 end_us=20926856 dur_us=3020
UKL-MQTT-BENCH: BUFFULL run_id=try5-c3-cpu start_us=20933277 end_us=20936858 dur_us=3580
UKL-MQTT-BENCH: BUFFULL run_id=try5-c3-cpu start_us=20939882 end_us=20942851 dur_us=2969
UKL-MQTT-BENCH: BUFFULL run_id=try5-c3-cpu start_us=20945207 end_us=20948986 dur_us=3779
UKL-MQTT-BENCH: BUFFULL run_id=try5-c3-cpu start_us=20952172 end_us=20954825 dur_us=2653
UKL-MQTT-BENCH: BUFFULL run_id=try5-c3-cpu start_us=20957823 end_us=20960897 dur_us=3074
UKL-MQTT-BENCH: BUFFULL run_id=try5-c3-cpu start_us=20963880 end_us=20966857 dur_us=2977
UKL-MQTT-BENCH: BUFFULL run_id=try5-c3-cpu start_us=20969840 end_us=20971810 dur_us=1970
UKL-MQTT-BENCH: BUFFULL run_id=try5-c3-cpu start_us=20974168 end_us=20977845 dur_us=3677
UKL-MQTT-BENCH: BUFFULL run_id=try5-c3-cpu start_us=20980828 end_us=20982808 dur_us=1979
UKL-MQTT-BENCH: BUFFULL run_id=try5-c3-cpu start_us=20985172 end_us=20987947 dur_us=2775
UKL-MQTT-BENCH: BUFFULL run_id=try5-c3-cpu start_us=20990306 end_us=20993788 dur_us=3481
UKL-MQTT-BENCH: BUFFULL run_id=try5-c3-cpu start_us=20996853 end_us=21000186 dur_us=3333
UKL-MQTT-BENCH: BUFFULL run_id=try5-c3-cpu start_us=21003717 end_us=21004873 dur_us=1155
UKL-MQTT-BENCH: BUFFULL run_id=try5-c3-cpu start_us=21007236 end_us=21010883 dur_us=3646
UKL-MQTT-BENCH: BUFFULL run_id=try5-c3-cpu start_us=21013226 end_us=21015857 dur_us=2631
UKL-MQTT-BENCH: BUFFULL run_id=try5-c3-cpu start_us=21018201 end_us=21021804 dur_us=3603
UKL-MQTT-BENCH: BUFFULL run_id=try5-c3-cpu start_us=21024780 end_us=21026778 dur_us=1997
UKL-MQTT-BENCH: BUFFULL run_id=try5-c3-cpu start_us=21029113 end_us=21031825 dur_us=2712
UKL-MQTT-BENCH: BUFFULL run_id=try5-c3-cpu start_us=21034861 end_us=21036799 dur_us=1938
UKL-MQTT-BENCH: BUFFULL run_id=try5-c3-cpu start_us=21039825 end_us=21044978 dur_us=5152
UKL-MQTT-BENCH: BUFFULL run_id=try5-c3-cpu start_us=21048567 end_us=21052881 dur_us=4313
UKL-MQTT-BENCH: BUFFULL run_id=try5-c3-cpu start_us=21056456 end_us=21057826 dur_us=1369
UKL-MQTT-BENCH: BUFFULL run_id=try5-c3-cpu start_us=21061479 end_us=21066894 dur_us=5415
UKL-MQTT-BENCH: BUFFULL run_id=try5-c3-cpu start_us=21069861 end_us=21073949 dur_us=4088
UKL-MQTT-BENCH: BUFFULL run_id=try5-c3-cpu start_us=21080320 end_us=21082771 dur_us=2450
UKL-MQTT-BENCH: BUFFULL run_id=try5-c3-cpu start_us=21084525 end_us=21088833 dur_us=4308
UKL-MQTT-BENCH: BUFFULL run_id=try5-c3-cpu start_us=21091810 end_us=21094848 dur_us=3038
UKL-MQTT-BENCH: BUFFULL run_id=try5-c3-cpu start_us=21101135 end_us=21103768 dur_us=2633
UKL-MQTT-BENCH: BUFFULL run_id=try5-c3-cpu start_us=21106114 end_us=21109839 dur_us=3725
UKL-MQTT-BENCH: BUFFULL run_id=try5-c3-cpu start_us=21112807 end_us=21114995 dur_us=2187
UKL-MQTT-BENCH: BUFFULL run_id=try5-c3-cpu start_us=21117336 end_us=21119775 dur_us=2438
UKL-MQTT-BENCH: BUFFULL run_id=try5-c3-cpu start_us=21122126 end_us=21125865 dur_us=3739
UKL-MQTT-BENCH: BUFFULL run_id=try5-c3-cpu start_us=21128844 end_us=21131820 dur_us=2976
UKL-MQTT-BENCH: BUFFULL run_id=try5-c3-cpu start_us=21134176 end_us=21136786 dur_us=2609
UKL-MQTT-BENCH: BUFFULL run_id=try5-c3-cpu start_us=21139783 end_us=21142840 dur_us=3056
UKL-MQTT-BENCH: BUFFULL run_id=try5-c3-cpu start_us=21145807 end_us=21147777 dur_us=1970
UKL-MQTT-BENCH: BUFFULL run_id=try5-c3-cpu start_us=21150142 end_us=21152959 dur_us=2817
UKL-MQTT-BENCH: BUFFULL run_id=try5-c3-cpu start_us=21155940 end_us=21160875 dur_us=4935
UKL-MQTT-BENCH: BUFFULL run_id=try5-c3-cpu start_us=21167267 end_us=21172838 dur_us=5571
UKL-MQTT-BENCH: BUFFULL run_id=try5-c3-cpu start_us=21178392 end_us=21182844 dur_us=4452
UKL-MQTT-BENCH: BUFFULL run_id=try5-c3-cpu start_us=21185829 end_us=21186928 dur_us=1098
UKL-MQTT-BENCH: BUFFULL run_id=try5-c3-cpu start_us=21189275 end_us=21194858 dur_us=5582
UKL-MQTT-BENCH: BUFFULL run_id=try5-c3-cpu start_us=21201286 end_us=21203931 dur_us=2644
UKL-MQTT-BENCH: BUFFULL run_id=try5-c3-cpu start_us=21206275 end_us=21208761 dur_us=2485
UKL-MQTT-BENCH: BUFFULL run_id=try5-c3-cpu start_us=21211119 end_us=21215825 dur_us=4705
UKL-MQTT-BENCH: BUFFULL run_id=try5-c3-cpu start_us=21219408 end_us=21220766 dur_us=1357
UKL-MQTT-BENCH: BUFFULL run_id=try5-c3-cpu start_us=21223121 end_us=21225774 dur_us=2652
UKL-MQTT-BENCH: BUFFULL run_id=try5-c3-cpu start_us=21228165 end_us=21231848 dur_us=3682
UKL-MQTT-BENCH: BUFFULL run_id=try5-c3-cpu start_us=21234842 end_us=21237830 dur_us=2988
UKL-MQTT-BENCH: BUFFULL run_id=try5-c3-cpu start_us=21240795 end_us=21242770 dur_us=1974
UKL-MQTT-BENCH: BUFFULL run_id=try5-c3-cpu start_us=21245130 end_us=21250878 dur_us=5748
UKL-MQTT-BENCH: BUFFULL run_id=try5-c3-cpu start_us=21255065 end_us=21256968 dur_us=1902
UKL-MQTT-BENCH: BUFFULL run_id=try5-c3-cpu start_us=21259941 end_us=21261814 dur_us=1872
UKL-MQTT-BENCH: BUFFULL run_id=try5-c3-cpu start_us=21264167 end_us=21269844 dur_us=5677
UKL-MQTT-BENCH: BUFFULL run_id=try5-c3-cpu start_us=21272819 end_us=21273831 dur_us=1012
UKL-MQTT-BENCH: BUFFULL run_id=try5-c3-cpu start_us=21276856 end_us=21279939 dur_us=3083
UKL-MQTT-BENCH: BUFFULL run_id=try5-c3-cpu start_us=21282325 end_us=21285990 dur_us=3664
UKL-MQTT-BENCH: BUFFULL run_id=try5-c3-cpu start_us=21288976 end_us=21290776 dur_us=1800
UKL-MQTT-BENCH: BUFFULL run_id=try5-c3-cpu start_us=21293135 end_us=21295849 dur_us=2713
UKL-MQTT-BENCH: BUFFULL run_id=try5-c3-cpu start_us=21298830 end_us=21301843 dur_us=3013
UKL-MQTT-BENCH: BUFFULL run_id=try5-c3-cpu start_us=21304817 end_us=21307800 dur_us=2982
UKL-MQTT-BENCH: BUFFULL run_id=try5-c3-cpu start_us=21310156 end_us=21311762 dur_us=1606
UKL-MQTT-BENCH: BUFFULL run_id=try5-c3-cpu start_us=21314121 end_us=21317844 dur_us=3723
UKL-MQTT-BENCH: BUFFULL run_id=try5-c3-cpu start_us=21320810 end_us=21323842 dur_us=3031
UKL-MQTT-BENCH: BUFFULL run_id=try5-c3-cpu start_us=21326807 end_us=21329821 dur_us=3014
UKL-MQTT-BENCH: BUFFULL run_id=try5-c3-cpu start_us=21332814 end_us=21336872 dur_us=4057
UKL-MQTT-BENCH: BUFFULL run_id=try5-c3-cpu start_us=21342480 end_us=21346843 dur_us=4362
UKL-MQTT-BENCH: BUFFULL run_id=try5-c3-cpu start_us=21349822 end_us=21352844 dur_us=3022
UKL-MQTT-BENCH: BUFFULL run_id=try5-c3-cpu start_us=21355822 end_us=21358836 dur_us=3013
UKL-MQTT-BENCH: BUFFULL run_id=try5-c3-cpu start_us=21361816 end_us=21364825 dur_us=3009
UKL-MQTT-BENCH: BUFFULL run_id=try5-c3-cpu start_us=21367813 end_us=21370814 dur_us=3000
UKL-MQTT-BENCH: BUFFULL run_id=try5-c3-cpu start_us=21373157 end_us=21376826 dur_us=3669
UKL-MQTT-BENCH: BUFFULL run_id=try5-c3-cpu start_us=21379901 end_us=21382863 dur_us=2962
UKL-MQTT-BENCH: BUFFULL run_id=try5-c3-cpu start_us=21385850 end_us=21388878 dur_us=3027
UKL-MQTT-BENCH: BUFFULL run_id=try5-c3-cpu start_us=21392468 end_us=21394828 dur_us=2359
UKL-MQTT-BENCH: BUFFULL run_id=try5-c3-cpu start_us=21397183 end_us=21402869 dur_us=5685
UKL-MQTT-BENCH: BUFFULL run_id=try5-c3-cpu start_us=21409714 end_us=21411818 dur_us=2104
UKL-MQTT-BENCH: BUFFULL run_id=try5-c3-cpu start_us=21414159 end_us=21417826 dur_us=3667
UKL-MQTT-BENCH: BUFFULL run_id=try5-c3-cpu start_us=21420795 end_us=21423807 dur_us=3012
UKL-MQTT-BENCH: BUFFULL run_id=try5-c3-cpu start_us=21426789 end_us=21428804 dur_us=2015
UKL-MQTT-BENCH: BUFFULL run_id=try5-c3-cpu start_us=21431167 end_us=21433652 dur_us=2485
UKL-MQTT-BENCH: BUFFULL run_id=try5-c3-cpu start_us=21436017 end_us=21439834 dur_us=3816
UKL-MQTT-BENCH: BUFFULL run_id=try5-c3-cpu start_us=21442821 end_us=21446931 dur_us=4110
UKL-MQTT-BENCH: BUFFULL run_id=try5-c3-cpu start_us=21450517 end_us=21452836 dur_us=2318
UKL-MQTT-BENCH: BUFFULL run_id=try5-c3-cpu start_us=21455204 end_us=21459816 dur_us=4611
UKL-MQTT-BENCH: BUFFULL run_id=try5-c3-cpu start_us=21465492 end_us=21468795 dur_us=3302
UKL-MQTT-BENCH: BUFFULL run_id=try5-c3-cpu start_us=21471150 end_us=21472891 dur_us=1741
UKL-MQTT-BENCH: BUFFULL run_id=try5-c3-cpu start_us=21475248 end_us=21478825 dur_us=3577
UKL-MQTT-BENCH: BUFFULL run_id=try5-c3-cpu start_us=21481790 end_us=21484837 dur_us=3046
UKL-MQTT-BENCH: BUFFULL run_id=try5-c3-cpu start_us=21487822 end_us=21490854 dur_us=3031
UKL-MQTT-BENCH: BUFFULL run_id=try5-c3-cpu start_us=21493194 end_us=21496863 dur_us=3668
UKL-MQTT-BENCH: BUFFULL run_id=try5-c3-cpu start_us=21500448 end_us=21502851 dur_us=2403
UKL-MQTT-BENCH: BUFFULL run_id=try5-c3-cpu start_us=21505833 end_us=21508831 dur_us=2998
UKL-MQTT-BENCH: BUFFULL run_id=try5-c3-cpu start_us=21511187 end_us=21513808 dur_us=2621
UKL-MQTT-BENCH: BUFFULL run_id=try5-c3-cpu start_us=21516798 end_us=21518838 dur_us=2040
UKL-MQTT-BENCH: BUFFULL run_id=try5-c3-cpu start_us=21521187 end_us=21524825 dur_us=3638
UKL-MQTT-BENCH: BUFFULL run_id=try5-c3-cpu start_us=21527800 end_us=21530816 dur_us=3016
UKL-MQTT-BENCH: BUFFULL run_id=try5-c3-cpu start_us=21533811 end_us=21536839 dur_us=3027
UKL-MQTT-BENCH: BUFFULL run_id=try5-c3-cpu start_us=21541803 end_us=21545859 dur_us=4056
UKL-MQTT-BENCH: BUFFULL run_id=try5-c3-cpu start_us=21548205 end_us=21551875 dur_us=3669
UKL-MQTT-BENCH: BUFFULL run_id=try5-c3-cpu start_us=21554850 end_us=21557831 dur_us=2981
UKL-MQTT-BENCH: BUFFULL run_id=try5-c3-cpu start_us=21561400 end_us=21563835 dur_us=2435
UKL-MQTT-BENCH: BUFFULL run_id=try5-c3-cpu start_us=21566174 end_us=21567757 dur_us=1583
UKL-MQTT-BENCH: BUFFULL run_id=try5-c3-cpu start_us=21570112 end_us=21573829 dur_us=3717
UKL-MQTT-BENCH: BUFFULL run_id=try5-c3-cpu start_us=21576798 end_us=21579818 dur_us=3019
UKL-MQTT-BENCH: BUFFULL run_id=try5-c3-cpu start_us=21582773 end_us=21585840 dur_us=3066
UKL-MQTT-BENCH: BUFFULL run_id=try5-c3-cpu start_us=21588810 end_us=21592876 dur_us=4066
UKL-MQTT-BENCH: BUFFULL run_id=try5-c3-cpu start_us=21596455 end_us=21598841 dur_us=2386
UKL-MQTT-BENCH: BUFFULL run_id=try5-c3-cpu start_us=21601818 end_us=21604800 dur_us=2981
UKL-MQTT-BENCH: BUFFULL run_id=try5-c3-cpu start_us=21607145 end_us=21609809 dur_us=2664
UKL-MQTT-BENCH: BUFFULL run_id=try5-c3-cpu start_us=21612788 end_us=21614815 dur_us=2027
UKL-MQTT-BENCH: BUFFULL run_id=try5-c3-cpu start_us=21617170 end_us=21620828 dur_us=3657
UKL-MQTT-BENCH: BUFFULL run_id=try5-c3-cpu start_us=21623797 end_us=21626829 dur_us=3032
UKL-MQTT-BENCH: BUFFULL run_id=try5-c3-cpu start_us=21629806 end_us=21632814 dur_us=3007
UKL-MQTT-BENCH: BUFFULL run_id=try5-c3-cpu start_us=21635176 end_us=21638853 dur_us=3677
UKL-MQTT-BENCH: BUFFULL run_id=try5-c3-cpu start_us=21644511 end_us=21648810 dur_us=4299
UKL-MQTT-BENCH: BUFFULL run_id=try5-c3-cpu start_us=21651172 end_us=21653978 dur_us=2805
UKL-MQTT-BENCH: BUFFULL run_id=try5-c3-cpu start_us=21656947 end_us=21660820 dur_us=3873
UKL-MQTT-BENCH: BUFFULL run_id=try5-c3-cpu start_us=21663796 end_us=21666888 dur_us=3091
UKL-MQTT-BENCH: BUFFULL run_id=try5-c3-cpu start_us=21670446 end_us=21673863 dur_us=3417
UKL-MQTT-BENCH: BUFFULL run_id=try5-c3-cpu start_us=21678775 end_us=21682847 dur_us=4072
UKL-MQTT-BENCH: BUFFULL run_id=try5-c3-cpu start_us=21685817 end_us=21688874 dur_us=3057
UKL-MQTT-BENCH: BUFFULL run_id=try5-c3-cpu start_us=21691849 end_us=21695949 dur_us=4100
UKL-MQTT-BENCH: BUFFULL run_id=try5-c3-cpu start_us=21701419 end_us=21704822 dur_us=3402
UKL-MQTT-BENCH: BUFFULL run_id=try5-c3-cpu start_us=21707179 end_us=21709836 dur_us=2656
UKL-MQTT-BENCH: BUFFULL run_id=try5-c3-cpu start_us=21712855 end_us=21715845 dur_us=2989
UKL-MQTT-BENCH: BUFFULL run_id=try5-c3-cpu start_us=21718832 end_us=21720779 dur_us=1947
UKL-MQTT-BENCH: BUFFULL run_id=try5-c3-cpu start_us=21723133 end_us=21726887 dur_us=3753
UKL-MQTT-BENCH: BUFFULL run_id=try5-c3-cpu start_us=21729886 end_us=21731819 dur_us=1933
UKL-MQTT-BENCH: BUFFULL run_id=try5-c3-cpu start_us=21734177 end_us=21738852 dur_us=4674
UKL-MQTT-BENCH: BUFFULL run_id=try5-c3-cpu start_us=21742423 end_us=21745843 dur_us=3420
UKL-MQTT-BENCH: BUFFULL run_id=try5-c3-cpu start_us=21750787 end_us=21753773 dur_us=2986
UKL-MQTT-BENCH: BUFFULL run_id=try5-c3-cpu start_us=21756150 end_us=21759971 dur_us=3821
UKL-MQTT-BENCH: BUFFULL run_id=try5-c3-cpu start_us=21762954 end_us=21766849 dur_us=3894
UKL-MQTT-BENCH: BUFFULL run_id=try5-c3-cpu start_us=21770493 end_us=21773866 dur_us=3372
UKL-MQTT-BENCH: BUFFULL run_id=try5-c3-cpu start_us=21777447 end_us=21780823 dur_us=3375
UKL-MQTT-BENCH: BUFFULL run_id=try5-c3-cpu start_us=21783794 end_us=21786476 dur_us=2682
UKL-MQTT-BENCH: BUFFULL run_id=try5-c3-cpu start_us=21791470 end_us=21795836 dur_us=4365
UKL-MQTT-BENCH: BUFFULL run_id=try5-c3-cpu start_us=21798803 end_us=21801821 dur_us=3018
UKL-MQTT-BENCH: BUFFULL run_id=try5-c3-cpu start_us=21804175 end_us=21807897 dur_us=3722
UKL-MQTT-BENCH: BUFFULL run_id=try5-c3-cpu start_us=21811489 end_us=21814948 dur_us=3458
UKL-MQTT-BENCH: BUFFULL run_id=try5-c3-cpu start_us=21817912 end_us=21819817 dur_us=1905
UKL-MQTT-BENCH: BUFFULL run_id=try5-c3-cpu start_us=21822158 end_us=21827864 dur_us=5706
UKL-MQTT-BENCH: BUFFULL run_id=try5-c3-cpu start_us=21833356 end_us=21836798 dur_us=3441
UKL-MQTT-BENCH: BUFFULL run_id=try5-c3-cpu start_us=21839770 end_us=21841838 dur_us=2067
UKL-MQTT-BENCH: BUFFULL run_id=try5-c3-cpu start_us=21844811 end_us=21848864 dur_us=4052
UKL-MQTT-BENCH: BUFFULL run_id=try5-c3-cpu start_us=21852456 end_us=21855817 dur_us=3360
UKL-MQTT-BENCH: BUFFULL run_id=try5-c3-cpu start_us=21858790 end_us=21862848 dur_us=4058
UKL-MQTT-BENCH: BUFFULL run_id=try5-c3-cpu start_us=21865807 end_us=21867829 dur_us=2022
UKL-MQTT-BENCH: BUFFULL run_id=try5-c3-cpu start_us=21870787 end_us=21873843 dur_us=3056
UKL-MQTT-BENCH: BUFFULL run_id=try5-c3-cpu start_us=21876811 end_us=21878814 dur_us=2002
UKL-MQTT-BENCH: BUFFULL run_id=try5-c3-cpu start_us=21881150 end_us=21883918 dur_us=2767
UKL-MQTT-BENCH: BUFFULL run_id=try5-c3-cpu start_us=21886256 end_us=21889833 dur_us=3576
UKL-MQTT-BENCH: BUFFULL run_id=try5-c3-cpu start_us=21892804 end_us=21895833 dur_us=3028
UKL-MQTT-BENCH: BUFFULL run_id=try5-c3-cpu start_us=21898807 end_us=21900808 dur_us=2000
UKL-MQTT-BENCH: BUFFULL run_id=try5-c3-cpu start_us=21903167 end_us=21904933 dur_us=1765
UKL-MQTT-BENCH: BUFFULL run_id=try5-c3-cpu start_us=21907281 end_us=21910827 dur_us=3546
UKL-MQTT-BENCH: BUFFULL run_id=try5-c3-cpu start_us=21913172 end_us=21915797 dur_us=2625
UKL-MQTT-BENCH: BUFFULL run_id=try5-c3-cpu start_us=21918145 end_us=21920866 dur_us=2720
UKL-MQTT-BENCH: BUFFULL run_id=try5-c3-cpu start_us=21923239 end_us=21925813 dur_us=2574
UKL-MQTT-BENCH: BUFFULL run_id=try5-c3-cpu start_us=21928161 end_us=21929748 dur_us=1586
UKL-MQTT-BENCH: BUFFULL run_id=try5-c3-cpu start_us=21931492 end_us=21932861 dur_us=1368
UKL-MQTT-BENCH: BUFFULL run_id=try5-c3-cpu start_us=21935216 end_us=21940864 dur_us=5648
UKL-MQTT-BENCH: BUFFULL run_id=try5-c3-cpu start_us=21944440 end_us=21945827 dur_us=1386
UKL-MQTT-BENCH: BUFFULL run_id=try5-c3-cpu start_us=21948176 end_us=21949921 dur_us=1744
UKL-MQTT-BENCH: BUFFULL run_id=try5-c3-cpu start_us=21952267 end_us=21954800 dur_us=2533
UKL-MQTT-BENCH: BUFFULL run_id=try5-c3-cpu start_us=21957137 end_us=21962927 dur_us=5789
UKL-MQTT-BENCH: BUFFULL run_id=try5-c3-cpu start_us=21965902 end_us=21966918 dur_us=1016
UKL-MQTT-BENCH: BUFFULL run_id=try5-c3-cpu start_us=21969267 end_us=21971860 dur_us=2592
UKL-MQTT-BENCH: BUFFULL run_id=try5-c3-cpu start_us=21974829 end_us=21976798 dur_us=1969
UKL-MQTT-BENCH: BUFFULL run_id=try5-c3-cpu start_us=21979144 end_us=21983001 dur_us=3856
UKL-MQTT-BENCH: BUFFULL run_id=try5-c3-cpu start_us=21986013 end_us=21987826 dur_us=1812
UKL-MQTT-BENCH: BUFFULL run_id=try5-c3-cpu start_us=21990169 end_us=21993782 dur_us=3613
UKL-MQTT-BENCH: BUFFULL run_id=try5-c3-cpu start_us=21996133 end_us=21997778 dur_us=1644
UKL-MQTT-BENCH: BUFFULL run_id=try5-c3-cpu start_us=21999538 end_us=22003842 dur_us=4304
UKL-MQTT-BENCH: BUFFULL run_id=try5-c3-cpu start_us=22008756 end_us=22010827 dur_us=2071
UKL-MQTT-BENCH: BUFFULL run_id=try5-c3-cpu start_us=22013172 end_us=22018001 dur_us=4828
UKL-MQTT-BENCH: BUFFULL run_id=try5-c3-cpu start_us=22021594 end_us=22023931 dur_us=2337
UKL-MQTT-BENCH: BUFFULL run_id=try5-c3-cpu start_us=22026273 end_us=22027748 dur_us=1474
UKL-MQTT-BENCH: BUFFULL run_id=try5-c3-cpu start_us=22029502 end_us=22032839 dur_us=3336
UKL-MQTT-BENCH: BUFFULL run_id=try5-c3-cpu start_us=22035826 end_us=22039843 dur_us=4016
UKL-MQTT-BENCH: BUFFULL run_id=try5-c3-cpu start_us=22043497 end_us=22044802 dur_us=1305
UKL-MQTT-BENCH: BUFFULL run_id=try5-c3-cpu start_us=22047158 end_us=22049870 dur_us=2711
UKL-MQTT-BENCH: BUFFULL run_id=try5-c3-cpu start_us=22052217 end_us=22054811 dur_us=2594
UKL-MQTT-BENCH: BUFFULL run_id=try5-c3-cpu start_us=22057151 end_us=22061797 dur_us=4645
UKL-MQTT-BENCH: BUFFULL run_id=try5-c3-cpu start_us=22064766 end_us=22066818 dur_us=2051
UKL-MQTT-BENCH: BUFFULL run_id=try5-c3-cpu start_us=22069167 end_us=22071834 dur_us=2666
UKL-MQTT-BENCH: BUFFULL run_id=try5-c3-cpu start_us=22074800 end_us=22077828 dur_us=3028
UKL-MQTT-BENCH: BUFFULL run_id=try5-c3-cpu start_us=22080816 end_us=22083844 dur_us=3027
UKL-MQTT-BENCH: BUFFULL run_id=try5-c3-cpu start_us=22086816 end_us=22089845 dur_us=3028
UKL-MQTT-BENCH: BUFFULL run_id=try5-c3-cpu start_us=22095522 end_us=22099847 dur_us=4325
UKL-MQTT-BENCH: BUFFULL run_id=try5-c3-cpu start_us=22102858 end_us=22105807 dur_us=2949
UKL-MQTT-BENCH: BUFFULL run_id=try5-c3-cpu start_us=22108160 end_us=22111868 dur_us=3707
UKL-MQTT-BENCH: BUFFULL run_id=try5-c3-cpu start_us=22115439 end_us=22118929 dur_us=3489
UKL-MQTT-BENCH: BUFFULL run_id=try5-c3-cpu start_us=22122496 end_us=22124817 dur_us=2320
UKL-MQTT-BENCH: BUFFULL run_id=try5-c3-cpu start_us=22127860 end_us=22131849 dur_us=3988
UKL-MQTT-BENCH: BUFFULL run_id=try5-c3-cpu start_us=22134893 end_us=22137868 dur_us=2975
UKL-MQTT-BENCH: BUFFULL run_id=try5-c3-cpu start_us=22143110 end_us=22147882 dur_us=4772
UKL-MQTT-BENCH: BUFFULL run_id=try5-c3-cpu start_us=22151058 end_us=22153891 dur_us=2832
UKL-MQTT-BENCH: BUFFULL run_id=try5-c3-cpu start_us=22157068 end_us=22160027 dur_us=2958
UKL-MQTT-BENCH: BUFFULL run_id=try5-c3-cpu start_us=22163205 end_us=22166902 dur_us=3696
UKL-MQTT-BENCH: BUFFULL run_id=try5-c3-cpu start_us=22172728 end_us=22177035 dur_us=4307
UKL-MQTT-BENCH: BUFFULL run_id=try5-c3-cpu start_us=22179537 end_us=22183984 dur_us=4446
UKL-MQTT-BENCH: BUFFULL run_id=try5-c3-cpu start_us=22187161 end_us=22189816 dur_us=2655
UKL-MQTT-BENCH: BUFFULL run_id=try5-c3-cpu start_us=22192998 end_us=22194798 dur_us=1800
UKL-MQTT-BENCH: BUFFULL run_id=try5-c3-cpu start_us=22197313 end_us=22200855 dur_us=3542
UKL-MQTT-BENCH: BUFFULL run_id=try5-c3-cpu start_us=22203383 end_us=22205971 dur_us=2587
UKL-MQTT-BENCH: BUFFULL run_id=try5-c3-cpu start_us=22209287 end_us=22211857 dur_us=2570
UKL-MQTT-BENCH: BUFFULL run_id=try5-c3-cpu start_us=22214383 end_us=22217953 dur_us=3569
UKL-MQTT-BENCH: BUFFULL run_id=try5-c3-cpu start_us=22221103 end_us=22223862 dur_us=2758
UKL-MQTT-BENCH: BUFFULL run_id=try5-c3-cpu start_us=22226365 end_us=22229798 dur_us=3432
UKL-MQTT-BENCH: BUFFULL run_id=try5-c3-cpu start_us=22232986 end_us=22235843 dur_us=2857
UKL-MQTT-BENCH: BUFFULL run_id=try5-c3-cpu start_us=22238363 end_us=22240838 dur_us=2475
UKL-MQTT-BENCH: BUFFULL run_id=try5-c3-cpu start_us=22243859 end_us=22246924 dur_us=3064
UKL-MQTT-BENCH: BUFFULL run_id=try5-c3-cpu start_us=22249979 end_us=22255933 dur_us=5953
UKL-MQTT-BENCH: BUFFULL run_id=try5-c3-cpu start_us=22259510 end_us=22261865 dur_us=2355
UKL-MQTT-BENCH: BUFFULL run_id=try5-c3-cpu start_us=22265627 end_us=22266801 dur_us=1173
UKL-MQTT-BENCH: BUFFULL run_id=try5-c3-cpu start_us=22268670 end_us=22270833 dur_us=2162
UKL-MQTT-BENCH: BUFFULL run_id=try5-c3-cpu start_us=22273221 end_us=22276801 dur_us=3580
UKL-MQTT-BENCH: BUFFULL run_id=try5-c3-cpu start_us=22279160 end_us=22282841 dur_us=3680
UKL-MQTT-BENCH: BUFFULL run_id=try5-c3-cpu start_us=22285803 end_us=22287801 dur_us=1997
UKL-MQTT-BENCH: BUFFULL run_id=try5-c3-cpu start_us=22290141 end_us=22292800 dur_us=2659
UKL-MQTT-BENCH: BUFFULL run_id=try5-c3-cpu start_us=22295154 end_us=22297826 dur_us=2672
UKL-MQTT-BENCH: BUFFULL run_id=try5-c3-cpu start_us=22300788 end_us=22304841 dur_us=4052
UKL-MQTT-BENCH: BUFFULL run_id=try5-c3-cpu start_us=22307810 end_us=22309839 dur_us=2028
UKL-MQTT-BENCH: BUFFULL run_id=try5-c3-cpu start_us=22312189 end_us=22314840 dur_us=2651
UKL-MQTT-BENCH: BUFFULL run_id=try5-c3-cpu start_us=22317843 end_us=22319828 dur_us=1984
UKL-MQTT-BENCH: BUFFULL run_id=try5-c3-cpu start_us=22322171 end_us=22325836 dur_us=3664
UKL-MQTT-BENCH: BUFFULL run_id=try5-c3-cpu start_us=22328794 end_us=22331828 dur_us=3034
UKL-MQTT-BENCH: BUFFULL run_id=try5-c3-cpu start_us=22334168 end_us=22336831 dur_us=2662
UKL-MQTT-BENCH: BUFFULL run_id=try5-c3-cpu start_us=22339803 end_us=22341773 dur_us=1969
UKL-MQTT-BENCH: BUFFULL run_id=try5-c3-cpu start_us=22344130 end_us=22347830 dur_us=3700
UKL-MQTT-BENCH: BUFFULL run_id=try5-c3-cpu start_us=22350793 end_us=22353847 dur_us=3054
UKL-MQTT-BENCH: BUFFULL run_id=try5-c3-cpu start_us=22356805 end_us=22358775 dur_us=1969
UKL-MQTT-BENCH: BUFFULL run_id=try5-c3-cpu start_us=22361119 end_us=22363849 dur_us=2729
UKL-MQTT-BENCH: BUFFULL run_id=try5-c3-cpu start_us=22366804 end_us=22368914 dur_us=2110
UKL-MQTT-BENCH: BUFFULL run_id=try5-c3-cpu start_us=22371250 end_us=22374809 dur_us=3559
UKL-MQTT-BENCH: BUFFULL run_id=try5-c3-cpu start_us=22377773 end_us=22379778 dur_us=2005
UKL-MQTT-BENCH: BUFFULL run_id=try5-c3-cpu start_us=22382122 end_us=22385841 dur_us=3718
UKL-MQTT-BENCH: BUFFULL run_id=try5-c3-cpu start_us=22388792 end_us=22390810 dur_us=2017
UKL-MQTT-BENCH: BUFFULL run_id=try5-c3-cpu start_us=22393147 end_us=22396830 dur_us=3683
UKL-MQTT-BENCH: BUFFULL run_id=try5-c3-cpu start_us=22399801 end_us=22401792 dur_us=1991
UKL-MQTT-BENCH: BUFFULL run_id=try5-c3-cpu start_us=22404130 end_us=22407838 dur_us=3708
UKL-MQTT-BENCH: BUFFULL run_id=try5-c3-cpu start_us=22410796 end_us=22412791 dur_us=1995
UKL-MQTT-BENCH: BUFFULL run_id=try5-c3-cpu start_us=22415148 end_us=22416836 dur_us=1688
UKL-MQTT-BENCH: BUFFULL run_id=try5-c3-cpu start_us=22419180 end_us=22421795 dur_us=2614
UKL-MQTT-BENCH: BUFFULL run_id=try5-c3-cpu start_us=22424135 end_us=22427823 dur_us=3688
UKL-MQTT-BENCH: BUFFULL run_id=try5-c3-cpu start_us=22430167 end_us=22432823 dur_us=2656
UKL-MQTT-BENCH: BUFFULL run_id=try5-c3-cpu start_us=22435914 end_us=22438872 dur_us=2958
UKL-MQTT-BENCH: BUFFULL run_id=try5-c3-cpu start_us=22441216 end_us=22442796 dur_us=1579
UKL-MQTT-BENCH: BUFFULL run_id=try5-c3-cpu start_us=22445131 end_us=22448867 dur_us=3736
UKL-MQTT-BENCH: BUFFULL run_id=try5-c3-cpu start_us=22451203 end_us=22454903 dur_us=3700
UKL-MQTT-BENCH: BUFFULL run_id=try5-c3-cpu start_us=22457881 end_us=22458927 dur_us=1046
UKL-MQTT-BENCH: BUFFULL run_id=try5-c3-cpu start_us=22461264 end_us=22463757 dur_us=2492
UKL-MQTT-BENCH: BUFFULL run_id=try5-c3-cpu start_us=22465504 end_us=22467774 dur_us=2269
UKL-MQTT-BENCH: BUFFULL run_id=try5-c3-cpu start_us=22470113 end_us=22471749 dur_us=1636
UKL-MQTT-BENCH: BUFFULL run_id=try5-c3-cpu start_us=22473499 end_us=22475770 dur_us=2271
UKL-MQTT-BENCH: BUFFULL run_id=try5-c3-cpu start_us=22478101 end_us=22480758 dur_us=2656
UKL-MQTT-BENCH: BUFFULL run_id=try5-c3-cpu start_us=22483095 end_us=22485956 dur_us=2860
UKL-MQTT-BENCH: BUFFULL run_id=try5-c3-cpu start_us=22488906 end_us=22492816 dur_us=3910
UKL-MQTT-BENCH: BUFFULL run_id=try5-c3-cpu start_us=22495807 end_us=22498075 dur_us=2268
UKL-MQTT-BENCH: BUFFULL run_id=try5-c3-cpu start_us=22501032 end_us=22504830 dur_us=3798
UKL-MQTT-BENCH: BUFFULL run_id=try5-c3-cpu start_us=22509879 end_us=22513838 dur_us=3959
UKL-MQTT-BENCH: BUFFULL run_id=try5-c3-cpu start_us=22516864 end_us=22519951 dur_us=3087
UKL-MQTT-BENCH: BUFFULL run_id=try5-c3-cpu start_us=22522917 end_us=22525862 dur_us=2945
UKL-MQTT-BENCH: BUFFULL run_id=try5-c3-cpu start_us=22531560 end_us=22535845 dur_us=4285
UKL-MQTT-BENCH: BUFFULL run_id=try5-c3-cpu start_us=22538192 end_us=22541850 dur_us=3657
UKL-MQTT-BENCH: BUFFULL run_id=try5-c3-cpu start_us=22544828 end_us=22547859 dur_us=3030
UKL-MQTT-BENCH: BUFFULL run_id=try5-c3-cpu start_us=22554148 end_us=22557824 dur_us=3675
UKL-MQTT-BENCH: BUFFULL run_id=try5-c3-cpu start_us=22560153 end_us=22563856 dur_us=3702
UKL-MQTT-BENCH: BUFFULL run_id=try5-c3-cpu start_us=22566826 end_us=22569164 dur_us=2337
UKL-MQTT-BENCH: BUFFULL run_id=try5-c3-cpu start_us=22572139 end_us=22575849 dur_us=3709
UKL-MQTT-BENCH: BUFFULL run_id=try5-c3-cpu start_us=22578878 end_us=22581824 dur_us=2946
UKL-MQTT-BENCH: BUFFULL run_id=try5-c3-cpu start_us=22584801 end_us=22586836 dur_us=2034
UKL-MQTT-BENCH: BUFFULL run_id=try5-c3-cpu start_us=22589793 end_us=22592825 dur_us=3031
UKL-MQTT-BENCH: BUFFULL run_id=try5-c3-cpu start_us=22595796 end_us=22597858 dur_us=2061
UKL-MQTT-BENCH: BUFFULL run_id=try5-c3-cpu start_us=22600200 end_us=22603842 dur_us=3641
UKL-MQTT-BENCH: BUFFULL run_id=try5-c3-cpu start_us=22606229 end_us=22608828 dur_us=2599
UKL-MQTT-BENCH: BUFFULL run_id=try5-c3-cpu start_us=22611807 end_us=22614876 dur_us=3069
UKL-MQTT-BENCH: BUFFULL run_id=try5-c3-cpu start_us=22617867 end_us=22619835 dur_us=1967
UKL-MQTT-BENCH: BUFFULL run_id=try5-c3-cpu start_us=22622180 end_us=22625867 dur_us=3686
UKL-MQTT-BENCH: BUFFULL run_id=try5-c3-cpu start_us=22628841 end_us=22630815 dur_us=1973
UKL-MQTT-BENCH: BUFFULL run_id=try5-c3-cpu start_us=22633161 end_us=22635892 dur_us=2731
UKL-MQTT-BENCH: BUFFULL run_id=try5-c3-cpu start_us=22638232 end_us=22640784 dur_us=2551
UKL-MQTT-BENCH: BUFFULL run_id=try5-c3-cpu start_us=22643136 end_us=22646835 dur_us=3698
UKL-MQTT-BENCH: BUFFULL run_id=try5-c3-cpu start_us=22649807 end_us=22651784 dur_us=1976
UKL-MQTT-BENCH: BUFFULL run_id=try5-c3-cpu start_us=22654134 end_us=22656823 dur_us=2689
UKL-MQTT-BENCH: BUFFULL run_id=try5-c3-cpu start_us=22659805 end_us=22661794 dur_us=1989
UKL-MQTT-BENCH: BUFFULL run_id=try5-c3-cpu start_us=22663524 end_us=22667840 dur_us=4316
UKL-MQTT-BENCH: BUFFULL run_id=try5-c3-cpu start_us=22674120 end_us=22677802 dur_us=3681
UKL-MQTT-BENCH: BUFFULL run_id=try5-c3-cpu start_us=22680183 end_us=22682837 dur_us=2653
UKL-MQTT-BENCH: BUFFULL run_id=try5-c3-cpu start_us=22685844 end_us=22689896 dur_us=4052
UKL-MQTT-BENCH: BUFFULL run_id=try5-c3-cpu start_us=22693456 end_us=22696914 dur_us=3458
UKL-MQTT-BENCH: BUFFULL run_id=try5-c3-cpu start_us=22700738 end_us=22703891 dur_us=3153
UKL-MQTT-BENCH: BUFFULL run_id=try5-c3-cpu start_us=22709119 end_us=22712874 dur_us=3755
UKL-MQTT-BENCH: BUFFULL run_id=try5-c3-cpu start_us=22716223 end_us=22719964 dur_us=3740
UKL-MQTT-BENCH: BUFFULL run_id=try5-c3-cpu start_us=22723124 end_us=22724908 dur_us=1783
UKL-MQTT-BENCH: BUFFULL run_id=try5-c3-cpu start_us=22727412 end_us=22729958 dur_us=2546
UKL-MQTT-BENCH: BUFFULL run_id=try5-c3-cpu start_us=22732500 end_us=22735849 dur_us=3348
UKL-MQTT-BENCH: BUFFULL run_id=try5-c3-cpu start_us=22738214 end_us=22741853 dur_us=3639
UKL-MQTT-BENCH: BUFFULL run_id=try5-c3-cpu start_us=22747578 end_us=22752834 dur_us=5255
UKL-MQTT-BENCH: BUFFULL run_id=try5-c3-cpu start_us=22756467 end_us=22758839 dur_us=2371
UKL-MQTT-BENCH: BUFFULL run_id=try5-c3-cpu start_us=22761834 end_us=22764844 dur_us=3010
UKL-MQTT-BENCH: BUFFULL run_id=try5-c3-cpu start_us=22767857 end_us=22771903 dur_us=4046
UKL-MQTT-BENCH: BUFFULL run_id=try5-c3-cpu start_us=22775483 end_us=22778858 dur_us=3375
UKL-MQTT-BENCH: BUFFULL run_id=try5-c3-cpu start_us=22781861 end_us=22783865 dur_us=2004
UKL-MQTT-BENCH: BUFFULL run_id=try5-c3-cpu start_us=22786271 end_us=22787778 dur_us=1506
UKL-MQTT-BENCH: BUFFULL run_id=try5-c3-cpu start_us=22790239 end_us=22793866 dur_us=3626
UKL-MQTT-BENCH: BUFFULL run_id=try5-c3-cpu start_us=22797054 end_us=22800858 dur_us=3803
UKL-MQTT-BENCH: BUFFULL run_id=try5-c3-cpu start_us=22804032 end_us=22806870 dur_us=2838
UKL-MQTT-BENCH: BUFFULL run_id=try5-c3-cpu start_us=22809370 end_us=22810793 dur_us=1422
UKL-MQTT-BENCH: BUFFULL run_id=try5-c3-cpu start_us=22813307 end_us=22817005 dur_us=3697
UKL-MQTT-BENCH: BUFFULL run_id=try5-c3-cpu start_us=22820169 end_us=22823883 dur_us=3714
UKL-MQTT-BENCH: BUFFULL run_id=try5-c3-cpu start_us=22827068 end_us=22829880 dur_us=2812
UKL-MQTT-BENCH: BUFFULL run_id=try5-c3-cpu start_us=22832385 end_us=22834996 dur_us=2610
UKL-MQTT-BENCH: BUFFULL run_id=try5-c3-cpu start_us=22838168 end_us=22841867 dur_us=3699
UKL-MQTT-BENCH: BUFFULL run_id=try5-c3-cpu start_us=22845035 end_us=22847940 dur_us=2904
UKL-MQTT-BENCH: BUFFULL run_id=try5-c3-cpu start_us=22851114 end_us=22852959 dur_us=1844
UKL-MQTT-BENCH: BUFFULL run_id=try5-c3-cpu start_us=22855461 end_us=22858863 dur_us=3402
UKL-MQTT-BENCH: BUFFULL run_id=try5-c3-cpu start_us=22861371 end_us=22864928 dur_us=3557
UKL-MQTT-BENCH: BUFFULL run_id=try5-c3-cpu start_us=22868104 end_us=22870847 dur_us=2743
UKL-MQTT-BENCH: BUFFULL run_id=try5-c3-cpu start_us=22873363 end_us=22875792 dur_us=2429
UKL-MQTT-BENCH: BUFFULL run_id=try5-c3-cpu start_us=22878292 end_us=22881848 dur_us=3556
UKL-MQTT-BENCH: BUFFULL run_id=try5-c3-cpu start_us=22884349 end_us=22886830 dur_us=2480
UKL-MQTT-BENCH: BUFFULL run_id=try5-c3-cpu start_us=22891961 end_us=22899020 dur_us=7058
UKL-MQTT-BENCH: BUFFULL run_id=try5-c3-cpu start_us=22903491 end_us=22904840 dur_us=1349
UKL-MQTT-BENCH: BUFFULL run_id=try5-c3-cpu start_us=22907373 end_us=22909953 dur_us=2580
UKL-MQTT-BENCH: BUFFULL run_id=try5-c3-cpu start_us=22913135 end_us=22917914 dur_us=4779
UKL-MQTT-BENCH: BUFFULL run_id=try5-c3-cpu start_us=22924385 end_us=22926869 dur_us=2484
UKL-MQTT-BENCH: BUFFULL run_id=try5-c3-cpu start_us=22929378 end_us=22933894 dur_us=4515
UKL-MQTT-BENCH: BUFFULL run_id=try5-c3-cpu start_us=22937062 end_us=22939852 dur_us=2789
UKL-MQTT-BENCH: BUFFULL run_id=try5-c3-cpu start_us=22942351 end_us=22944930 dur_us=2579
UKL-MQTT-BENCH: BUFFULL run_id=try5-c3-cpu start_us=22947349 end_us=22949918 dur_us=2569
UKL-MQTT-BENCH: BUFFULL run_id=try5-c3-cpu start_us=22952897 end_us=22955835 dur_us=2938
UKL-MQTT-BENCH: BUFFULL run_id=try5-c3-cpu start_us=22958187 end_us=22960834 dur_us=2646
UKL-MQTT-BENCH: BUFFULL run_id=try5-c3-cpu start_us=22963808 end_us=22966815 dur_us=3006
UKL-MQTT-BENCH: BUFFULL run_id=try5-c3-cpu start_us=22969165 end_us=22971811 dur_us=2646
UKL-MQTT-BENCH: BUFFULL run_id=try5-c3-cpu start_us=22974790 end_us=22977876 dur_us=3085
UKL-MQTT-BENCH: BUFFULL run_id=try5-c3-cpu start_us=22980639 end_us=22982989 dur_us=2349
UKL-MQTT-BENCH: BUFFULL run_id=try5-c3-cpu start_us=22985991 end_us=22988866 dur_us=2875
UKL-MQTT-BENCH: BUFFULL run_id=try5-c3-cpu start_us=22991210 end_us=22994882 dur_us=3671
UKL-MQTT-BENCH: BUFFULL run_id=try5-c3-cpu start_us=22997876 end_us=22999789 dur_us=1913
UKL-MQTT-BENCH: BUFFULL run_id=try5-c3-cpu start_us=23002140 end_us=23004829 dur_us=2689
UKL-MQTT-BENCH: BUFFULL run_id=try5-c3-cpu start_us=23007801 end_us=23010865 dur_us=3063
UKL-MQTT-BENCH: BUFFULL run_id=try5-c3-cpu start_us=23013841 end_us=23016870 dur_us=3029
UKL-MQTT-BENCH: BUFFULL run_id=try5-c3-cpu start_us=23019222 end_us=23021836 dur_us=2613
UKL-MQTT-BENCH: BUFFULL run_id=try5-c3-cpu start_us=23024182 end_us=23026806 dur_us=2624
UKL-MQTT-BENCH: BUFFULL run_id=try5-c3-cpu start_us=23029785 end_us=23031795 dur_us=2009
UKL-MQTT-BENCH: BUFFULL run_id=try5-c3-cpu start_us=23034198 end_us=23036917 dur_us=2719
UKL-MQTT-BENCH: BUFFULL run_id=try5-c3-cpu start_us=23039274 end_us=23041799 dur_us=2524
UKL-MQTT-BENCH: BUFFULL run_id=try5-c3-cpu start_us=23044199 end_us=23046936 dur_us=2736
UKL-MQTT-BENCH: BUFFULL run_id=try5-c3-cpu start_us=23049912 end_us=23052812 dur_us=2900
UKL-MQTT-BENCH: BUFFULL run_id=try5-c3-cpu start_us=23055161 end_us=23057945 dur_us=2783
UKL-MQTT-BENCH: BUFFULL run_id=try5-c3-cpu start_us=23060942 end_us=23063806 dur_us=2864
UKL-MQTT-BENCH: BUFFULL run_id=try5-c3-cpu start_us=23066156 end_us=23068827 dur_us=2670
UKL-MQTT-BENCH: BUFFULL run_id=try5-c3-cpu start_us=23071790 end_us=23074332 dur_us=2542
UKL-MQTT-BENCH: BUFFULL run_id=try5-c3-cpu start_us=23076664 end_us=23079839 dur_us=3174
UKL-MQTT-BENCH: BUFFULL run_id=try5-c3-cpu start_us=23082226 end_us=23085836 dur_us=3609
UKL-MQTT-BENCH: BUFFULL run_id=try5-c3-cpu start_us=23088810 end_us=23090847 dur_us=2036
UKL-MQTT-BENCH: BUFFULL run_id=try5-c3-cpu start_us=23093287 end_us=23096869 dur_us=3581
UKL-MQTT-BENCH: BUFFULL run_id=try5-c3-cpu start_us=23102748 end_us=23107850 dur_us=5101
UKL-MQTT-BENCH: BUFFULL run_id=try5-c3-cpu start_us=23111009 end_us=23112837 dur_us=1828
UKL-MQTT-BENCH: BUFFULL run_id=try5-c3-cpu start_us=23115337 end_us=23118842 dur_us=3505
UKL-MQTT-BENCH: BUFFULL run_id=try5-c3-cpu start_us=23122007 end_us=23123832 dur_us=1824
UKL-MQTT-BENCH: BUFFULL run_id=try5-c3-cpu start_us=23125697 end_us=23130979 dur_us=5281
UKL-MQTT-BENCH: BUFFULL run_id=try5-c3-cpu start_us=23134789 end_us=23135805 dur_us=1016
UKL-MQTT-BENCH: BUFFULL run_id=try5-c3-cpu start_us=23138313 end_us=23141876 dur_us=3563
UKL-MQTT-BENCH: BUFFULL run_id=try5-c3-cpu start_us=23145067 end_us=23147945 dur_us=2878
UKL-MQTT-BENCH: BUFFULL run_id=try5-c3-cpu start_us=23151105 end_us=23153915 dur_us=2809
UKL-MQTT-BENCH: BUFFULL run_id=try5-c3-cpu start_us=23156423 end_us=23158921 dur_us=2497
UKL-MQTT-BENCH: BUFFULL run_id=try5-c3-cpu start_us=23161420 end_us=23165923 dur_us=4503
UKL-MQTT-BENCH: BUFFULL run_id=try5-c3-cpu start_us=23169727 end_us=23171936 dur_us=2209
UKL-MQTT-BENCH: BUFFULL run_id=try5-c3-cpu start_us=23174532 end_us=23176864 dur_us=2331
UKL-MQTT-BENCH: BUFFULL run_id=try5-c3-cpu start_us=23179373 end_us=23181838 dur_us=2465
UKL-MQTT-BENCH: BUFFULL run_id=try5-c3-cpu start_us=23184343 end_us=23188854 dur_us=4511
UKL-MQTT-BENCH: BUFFULL run_id=try5-c3-cpu start_us=23191231 end_us=23192920 dur_us=1688
UKL-MQTT-BENCH: BUFFULL run_id=try5-c3-cpu start_us=23195271 end_us=23198966 dur_us=3695
UKL-MQTT-BENCH: BUFFULL run_id=try5-c3-cpu start_us=23202559 end_us=23203929 dur_us=1370
UKL-MQTT-BENCH: BUFFULL run_id=try5-c3-cpu start_us=23206276 end_us=23209831 dur_us=3555
UKL-MQTT-BENCH: BUFFULL run_id=try5-c3-cpu start_us=23212176 end_us=23214835 dur_us=2658
UKL-MQTT-BENCH: BUFFULL run_id=try5-c3-cpu start_us=23217808 end_us=23220872 dur_us=3064
UKL-MQTT-BENCH: BUFFULL run_id=try5-c3-cpu start_us=23223857 end_us=23226851 dur_us=2994
UKL-MQTT-BENCH: BUFFULL run_id=try5-c3-cpu start_us=23229871 end_us=23232906 dur_us=3034
UKL-MQTT-BENCH: BUFFULL run_id=try5-c3-cpu start_us=23236159 end_us=23237863 dur_us=1704
UKL-MQTT-BENCH: BUFFULL run_id=try5-c3-cpu start_us=23240219 end_us=23242806 dur_us=2587
UKL-MQTT-BENCH: BUFFULL run_id=try5-c3-cpu start_us=23245161 end_us=23248847 dur_us=3685
UKL-MQTT-BENCH: BUFFULL run_id=try5-c3-cpu start_us=23251831 end_us=23254824 dur_us=2992
UKL-MQTT-BENCH: BUFFULL run_id=try5-c3-cpu start_us=23257230 end_us=23259799 dur_us=2568
UKL-MQTT-BENCH: BUFFULL run_id=try5-c3-cpu start_us=23262154 end_us=23264843 dur_us=2689
UKL-MQTT-BENCH: BUFFULL run_id=try5-c3-cpu start_us=23267833 end_us=23269794 dur_us=1961
UKL-MQTT-BENCH: BUFFULL run_id=try5-c3-cpu start_us=23272841 end_us=23276836 dur_us=3995
UKL-MQTT-BENCH: BUFFULL run_id=try5-c3-cpu start_us=23279196 end_us=23281845 dur_us=2648
UKL-MQTT-BENCH: BUFFULL run_id=try5-c3-cpu start_us=23284834 end_us=23286871 dur_us=2036
UKL-MQTT-BENCH: BUFFULL run_id=try5-c3-cpu start_us=23289230 end_us=23291781 dur_us=2550
UKL-MQTT-BENCH: BUFFULL run_id=try5-c3-cpu start_us=23294129 end_us=23297817 dur_us=3688
UKL-MQTT-BENCH: BUFFULL run_id=try5-c3-cpu start_us=23300802 end_us=23302831 dur_us=2029
UKL-MQTT-BENCH: BUFFULL run_id=try5-c3-cpu start_us=23305181 end_us=23307759 dur_us=2578
UKL-MQTT-BENCH: BUFFULL run_id=try5-c3-cpu start_us=23310121 end_us=23311749 dur_us=1627
UKL-MQTT-BENCH: BUFFULL run_id=try5-c3-cpu start_us=23313502 end_us=23317799 dur_us=4297
UKL-MQTT-BENCH: BUFFULL run_id=try5-c3-cpu start_us=23320805 end_us=23323874 dur_us=3068
UKL-MQTT-BENCH: BUFFULL run_id=try5-c3-cpu start_us=23327455 end_us=23329824 dur_us=2368
UKL-MQTT-BENCH: BUFFULL run_id=try5-c3-cpu start_us=23332166 end_us=23335845 dur_us=3678
UKL-MQTT-BENCH: BUFFULL run_id=try5-c3-cpu start_us=23339416 end_us=23343860 dur_us=4443
UKL-MQTT-BENCH: BUFFULL run_id=try5-c3-cpu start_us=23350282 end_us=23353951 dur_us=3669
UKL-MQTT-BENCH: BUFFULL run_id=try5-c3-cpu start_us=23356922 end_us=23358797 dur_us=1874
UKL-MQTT-BENCH: BUFFULL run_id=try5-c3-cpu start_us=23361149 end_us=23366851 dur_us=5702
UKL-MQTT-BENCH: BUFFULL run_id=try5-c3-cpu start_us=23370436 end_us=23372847 dur_us=2411
UKL-MQTT-BENCH: BUFFULL run_id=try5-c3-cpu start_us=23375828 end_us=23378844 dur_us=3016
UKL-MQTT-BENCH: BUFFULL run_id=try5-c3-cpu start_us=23381829 end_us=23384827 dur_us=2998
UKL-MQTT-BENCH: BUFFULL run_id=try5-c3-cpu start_us=23387816 end_us=23390821 dur_us=3005
UKL-MQTT-BENCH: BUFFULL run_id=try5-c3-cpu start_us=23393805 end_us=23396827 dur_us=3021
UKL-MQTT-BENCH: BUFFULL run_id=try5-c3-cpu start_us=23399822 end_us=23402856 dur_us=3033
UKL-MQTT-BENCH: BUFFULL run_id=try5-c3-cpu start_us=23405850 end_us=23408827 dur_us=2976
UKL-MQTT-BENCH: BUFFULL run_id=try5-c3-cpu start_us=23411180 end_us=23415902 dur_us=4721
UKL-MQTT-BENCH: BUFFULL run_id=try5-c3-cpu start_us=23419509 end_us=23421869 dur_us=2360
UKL-MQTT-BENCH: BUFFULL run_id=try5-c3-cpu start_us=23424932 end_us=23426846 dur_us=1914
UKL-MQTT-BENCH: BUFFULL run_id=try5-c3-cpu start_us=23429268 end_us=23432893 dur_us=3624
UKL-MQTT-BENCH: BUFFULL run_id=try5-c3-cpu start_us=23435885 end_us=23437437 dur_us=1551
UKL-MQTT-BENCH: BUFFULL run_id=try5-c3-cpu start_us=23439811 end_us=23442832 dur_us=3020
UKL-MQTT-BENCH: BUFFULL run_id=try5-c3-cpu start_us=23445253 end_us=23447863 dur_us=2609
UKL-MQTT-BENCH: BUFFULL run_id=try5-c3-cpu start_us=23450220 end_us=23452953 dur_us=2733
UKL-MQTT-BENCH: BUFFULL run_id=try5-c3-cpu start_us=23458618 end_us=23460733 dur_us=2114
UKL-MQTT-BENCH: BUFFULL run_id=try5-c3-cpu start_us=23462518 end_us=23465821 dur_us=3302
UKL-MQTT-BENCH: BUFFULL run_id=try5-c3-cpu start_us=23468179 end_us=23469824 dur_us=1644
UKL-MQTT-BENCH: BUFFULL run_id=try5-c3-cpu start_us=23472183 end_us=23474802 dur_us=2618
UKL-MQTT-BENCH: BUFFULL run_id=try5-c3-cpu start_us=23477157 end_us=23482018 dur_us=4861
UKL-MQTT-BENCH: BUFFULL run_id=try5-c3-cpu start_us=23485666 end_us=23486956 dur_us=1290
UKL-MQTT-BENCH: BUFFULL run_id=try5-c3-cpu start_us=23493228 end_us=23495828 dur_us=2599
UKL-MQTT-BENCH: BUFFULL run_id=try5-c3-cpu start_us=23498205 end_us=23502951 dur_us=4745
UKL-MQTT-BENCH: BUFFULL run_id=try5-c3-cpu start_us=23505989 end_us=23507828 dur_us=1839
UKL-MQTT-BENCH: BUFFULL run_id=try5-c3-cpu start_us=23509700 end_us=23513913 dur_us=4212
UKL-MQTT-BENCH: BUFFULL run_id=try5-c3-cpu start_us=23517718 end_us=23518829 dur_us=1110
UKL-MQTT-BENCH: BUFFULL run_id=try5-c3-cpu start_us=23521323 end_us=23524958 dur_us=3634
UKL-MQTT-BENCH: BUFFULL run_id=try5-c3-cpu start_us=23527463 end_us=23530896 dur_us=3433
UKL-MQTT-BENCH: BUFFULL run_id=try5-c3-cpu start_us=23533915 end_us=23536915 dur_us=2999
UKL-MQTT-BENCH: BUFFULL run_id=try5-c3-cpu start_us=23539904 end_us=23542858 dur_us=2954
UKL-MQTT-BENCH: BUFFULL run_id=try5-c3-cpu start_us=23545210 end_us=23547830 dur_us=2619
UKL-MQTT-BENCH: BUFFULL run_id=try5-c3-cpu start_us=23550193 end_us=23552826 dur_us=2632
UKL-MQTT-BENCH: BUFFULL run_id=try5-c3-cpu start_us=23555801 end_us=23557898 dur_us=2096
UKL-MQTT-BENCH: BUFFULL run_id=try5-c3-cpu start_us=23560251 end_us=23561761 dur_us=1509
UKL-MQTT-BENCH: BUFFULL run_id=try5-c3-cpu start_us=23563500 end_us=23567837 dur_us=4337
UKL-MQTT-BENCH: BUFFULL run_id=try5-c3-cpu start_us=23570806 end_us=23572774 dur_us=1968
UKL-MQTT-BENCH: BUFFULL run_id=try5-c3-cpu start_us=23575128 end_us=23577789 dur_us=2660
UKL-MQTT-BENCH: BUFFULL run_id=try5-c3-cpu start_us=23581493 end_us=23587908 dur_us=6415
UKL-MQTT-BENCH: BUFFULL run_id=try5-c3-cpu start_us=23594075 end_us=23597929 dur_us=3854
UKL-MQTT-BENCH: BUFFULL run_id=try5-c3-cpu start_us=23600905 end_us=23602825 dur_us=1920
UKL-MQTT-BENCH: BUFFULL run_id=try5-c3-cpu start_us=23605803 end_us=23608799 dur_us=2996
UKL-MQTT-BENCH: BUFFULL run_id=try5-c3-cpu start_us=23611762 end_us=23614823 dur_us=3060
UKL-MQTT-BENCH: BUFFULL run_id=try5-c3-cpu start_us=23617793 end_us=23619804 dur_us=2011
UKL-MQTT-BENCH: BUFFULL run_id=try5-c3-cpu start_us=23622159 end_us=23624779 dur_us=2619
UKL-MQTT-BENCH: BUFFULL run_id=try5-c3-cpu start_us=23627126 end_us=23630834 dur_us=3707
UKL-MQTT-BENCH: BUFFULL run_id=try5-c3-cpu start_us=23633809 end_us=23636818 dur_us=3009
UKL-MQTT-BENCH: BUFFULL run_id=try5-c3-cpu start_us=23639798 end_us=23641811 dur_us=2012
UKL-MQTT-BENCH: BUFFULL run_id=try5-c3-cpu start_us=23644162 end_us=23647835 dur_us=3673
UKL-MQTT-BENCH: BUFFULL run_id=try5-c3-cpu start_us=23650831 end_us=23652813 dur_us=1981
UKL-MQTT-BENCH: BUFFULL run_id=try5-c3-cpu start_us=23655167 end_us=23658913 dur_us=3745
UKL-MQTT-BENCH: BUFFULL run_id=try5-c3-cpu start_us=23661892 end_us=23663822 dur_us=1930
UKL-MQTT-BENCH: BUFFULL run_id=try5-c3-cpu start_us=23666170 end_us=23669853 dur_us=3682
UKL-MQTT-BENCH: BUFFULL run_id=try5-c3-cpu start_us=23672210 end_us=23675857 dur_us=3647
UKL-MQTT-BENCH: BUFFULL run_id=try5-c3-cpu start_us=23678840 end_us=23679903 dur_us=1062
UKL-MQTT-BENCH: BUFFULL run_id=try5-c3-cpu start_us=23682245 end_us=23684848 dur_us=2602
UKL-MQTT-BENCH: BUFFULL run_id=try5-c3-cpu start_us=23687822 end_us=23689801 dur_us=1978
UKL-MQTT-BENCH: BUFFULL run_id=try5-c3-cpu start_us=23692142 end_us=23694830 dur_us=2688
UKL-MQTT-BENCH: BUFFULL run_id=try5-c3-cpu start_us=23697178 end_us=23699810 dur_us=2632
UKL-MQTT-BENCH: BUFFULL run_id=try5-c3-cpu start_us=23701553 end_us=23705883 dur_us=4329
UKL-MQTT-BENCH: BUFFULL run_id=try5-c3-cpu start_us=23712159 end_us=23715822 dur_us=3663
UKL-MQTT-BENCH: BUFFULL run_id=try5-c3-cpu start_us=23718801 end_us=23720794 dur_us=1992
UKL-MQTT-BENCH: BUFFULL run_id=try5-c3-cpu start_us=23723137 end_us=23725796 dur_us=2659
UKL-MQTT-BENCH: BUFFULL run_id=try5-c3-cpu start_us=23728142 end_us=23729759 dur_us=1616
UKL-MQTT-BENCH: BUFFULL run_id=try5-c3-cpu start_us=23732149 end_us=23734775 dur_us=2625
UKL-MQTT-BENCH: BUFFULL run_id=try5-c3-cpu start_us=23737126 end_us=23740832 dur_us=3706
UKL-MQTT-BENCH: BUFFULL run_id=try5-c3-cpu start_us=23743811 end_us=23746818 dur_us=3007
UKL-MQTT-BENCH: BUFFULL run_id=try5-c3-cpu start_us=23749973 end_us=23752927 dur_us=2953
UKL-MQTT-BENCH: BUFFULL run_id=try5-c3-cpu start_us=23755429 end_us=23758899 dur_us=3469
UKL-MQTT-BENCH: BUFFULL run_id=try5-c3-cpu start_us=23762081 end_us=23763844 dur_us=1763
UKL-MQTT-BENCH: BUFFULL run_id=try5-c3-cpu start_us=23766344 end_us=23769836 dur_us=3492
UKL-MQTT-BENCH: BUFFULL run_id=try5-c3-cpu start_us=23772329 end_us=23775820 dur_us=3491
UKL-MQTT-BENCH: BUFFULL run_id=try5-c3-cpu start_us=23778787 end_us=23781071 dur_us=2283
UKL-MQTT-BENCH: BUFFULL run_id=try5-c3-cpu start_us=23784036 end_us=23785928 dur_us=1891
UKL-MQTT-BENCH: BUFFULL run_id=try5-c3-cpu start_us=23788272 end_us=23791851 dur_us=3578
UKL-MQTT-BENCH: BUFFULL run_id=try5-c3-cpu start_us=23794825 end_us=23797827 dur_us=3001
UKL-MQTT-BENCH: BUFFULL run_id=try5-c3-cpu start_us=23800167 end_us=23802849 dur_us=2681
UKL-MQTT-BENCH: BUFFULL run_id=try5-c3-cpu start_us=23805812 end_us=23808857 dur_us=3044
UKL-MQTT-BENCH: BUFFULL run_id=try5-c3-cpu start_us=23811843 end_us=23814863 dur_us=3019
UKL-MQTT-BENCH: BUFFULL run_id=try5-c3-cpu start_us=23817845 end_us=23822030 dur_us=4185
UKL-MQTT-BENCH: BUFFULL run_id=try5-c3-cpu start_us=23827533 end_us=23830807 dur_us=3274
UKL-MQTT-BENCH: BUFFULL run_id=try5-c3-cpu start_us=23833805 end_us=23836860 dur_us=3055
UKL-MQTT-BENCH: BUFFULL run_id=try5-c3-cpu start_us=23839222 end_us=23842863 dur_us=3641
UKL-MQTT-BENCH: BUFFULL run_id=try5-c3-cpu start_us=23847168 end_us=23851854 dur_us=4685
UKL-MQTT-BENCH: BUFFULL run_id=try5-c3-cpu start_us=23854838 end_us=23856887 dur_us=2049
UKL-MQTT-BENCH: BUFFULL run_id=try5-c3-cpu start_us=23859869 end_us=23861940 dur_us=2070
UKL-MQTT-BENCH: BUFFULL run_id=try5-c3-cpu start_us=23864310 end_us=23865747 dur_us=1437
UKL-MQTT-BENCH: BUFFULL run_id=try5-c3-cpu start_us=23867499 end_us=23871818 dur_us=4319
UKL-MQTT-BENCH: BUFFULL run_id=try5-c3-cpu start_us=23874797 end_us=23877795 dur_us=2998
UKL-MQTT-BENCH: BUFFULL run_id=try5-c3-cpu start_us=23882736 end_us=23884902 dur_us=2166
UKL-MQTT-BENCH: BUFFULL run_id=try5-c3-cpu start_us=23887268 end_us=23892830 dur_us=5562
UKL-MQTT-BENCH: BUFFULL run_id=try5-c3-cpu start_us=23896421 end_us=23898808 dur_us=2387
UKL-MQTT-BENCH: BUFFULL run_id=try5-c3-cpu start_us=23901783 end_us=23903815 dur_us=2031
UKL-MQTT-BENCH: BUFFULL run_id=try5-c3-cpu start_us=23906174 end_us=23907798 dur_us=1624
UKL-MQTT-BENCH: BUFFULL run_id=try5-c3-cpu start_us=23910176 end_us=23915879 dur_us=5702
UKL-MQTT-BENCH: BUFFULL run_id=try5-c3-cpu start_us=23919477 end_us=23922849 dur_us=3372
UKL-MQTT-BENCH: BUFFULL run_id=try5-c3-cpu start_us=23926421 end_us=23927812 dur_us=1391
UKL-MQTT-BENCH: BUFFULL run_id=try5-c3-cpu start_us=23930156 end_us=23933813 dur_us=3656
UKL-MQTT-BENCH: BUFFULL run_id=try5-c3-cpu start_us=23936812 end_us=23937830 dur_us=1018
UKL-MQTT-BENCH: BUFFULL run_id=try5-c3-cpu start_us=23939581 end_us=23942963 dur_us=3382
UKL-MQTT-BENCH: BUFFULL run_id=try5-c3-cpu start_us=23945960 end_us=23948813 dur_us=2852
UKL-MQTT-BENCH: BUFFULL run_id=try5-c3-cpu start_us=23951165 end_us=23953914 dur_us=2748
UKL-MQTT-BENCH: BUFFULL run_id=try5-c3-cpu start_us=23956921 end_us=23958788 dur_us=1866
UKL-MQTT-BENCH: BUFFULL run_id=try5-c3-cpu start_us=23961163 end_us=23963896 dur_us=2732
UKL-MQTT-BENCH: BUFFULL run_id=try5-c3-cpu start_us=23966316 end_us=23968844 dur_us=2528
UKL-MQTT-BENCH: BUFFULL run_id=try5-c3-cpu start_us=23971187 end_us=23974843 dur_us=3656
UKL-MQTT-BENCH: BUFFULL run_id=try5-c3-cpu start_us=23977193 end_us=23979817 dur_us=2623
UKL-MQTT-BENCH: BUFFULL run_id=try5-c3-cpu start_us=23982159 end_us=23984923 dur_us=2764
UKL-MQTT-BENCH: BUFFULL run_id=try5-c3-cpu start_us=23989858 end_us=23992797 dur_us=2938
UKL-MQTT-BENCH: BUFFULL run_id=try5-c3-cpu start_us=23995150 end_us=23996762 dur_us=1612
UKL-MQTT-BENCH: BUFFULL run_id=try5-c3-cpu start_us=23999125 end_us=24002808 dur_us=3682
UKL-MQTT-BENCH: BUFFULL run_id=try5-c3-cpu start_us=24005769 end_us=24007812 dur_us=2042
UKL-MQTT-BENCH: BUFFULL run_id=try5-c3-cpu start_us=24010153 end_us=24013854 dur_us=3701
UKL-MQTT-BENCH: BUFFULL run_id=try5-c3-cpu start_us=24016830 end_us=24018777 dur_us=1947
UKL-MQTT-BENCH: BUFFULL run_id=try5-c3-cpu start_us=24021120 end_us=24024848 dur_us=3727
UKL-MQTT-BENCH: BUFFULL run_id=try5-c3-cpu start_us=24027813 end_us=24030817 dur_us=3004
UKL-MQTT-BENCH: BUFFULL run_id=try5-c3-cpu start_us=24033805 end_us=24036839 dur_us=3034
UKL-MQTT-BENCH: BUFFULL run_id=try5-c3-cpu start_us=24039821 end_us=24043896 dur_us=4074
UKL-MQTT-BENCH: BUFFULL run_id=try5-c3-cpu start_us=24049523 end_us=24054864 dur_us=5341
UKL-MQTT-BENCH: BUFFULL run_id=try5-c3-cpu start_us=24058454 end_us=24059778 dur_us=1323
UKL-MQTT-BENCH: BUFFULL run_id=try5-c3-cpu start_us=24062157 end_us=24065898 dur_us=3740
UKL-MQTT-BENCH: BUFFULL run_id=try5-c3-cpu start_us=24068875 end_us=24071824 dur_us=2949
UKL-MQTT-BENCH: BUFFULL run_id=try5-c3-cpu start_us=24074190 end_us=24076839 dur_us=2648
UKL-MQTT-BENCH: BUFFULL run_id=try5-c3-cpu start_us=24079827 end_us=24082877 dur_us=3049
UKL-MQTT-BENCH: BUFFULL run_id=try5-c3-cpu start_us=24085312 end_us=24087828 dur_us=2515
UKL-MQTT-BENCH: BUFFULL run_id=try5-c3-cpu start_us=24090812 end_us=24093848 dur_us=3035
UKL-MQTT-BENCH: BUFFULL run_id=try5-c3-cpu start_us=24096844 end_us=24098806 dur_us=1961
UKL-MQTT-BENCH: BUFFULL run_id=try5-c3-cpu start_us=24101193 end_us=24103792 dur_us=2599
UKL-MQTT-BENCH: BUFFULL run_id=try5-c3-cpu start_us=24106147 end_us=24108813 dur_us=2665
UKL-MQTT-BENCH: BUFFULL run_id=try5-c3-cpu start_us=24111827 end_us=24114824 dur_us=2996
UKL-MQTT-BENCH: BUFFULL run_id=try5-c3-cpu start_us=24117815 end_us=24119804 dur_us=1989
UKL-MQTT-BENCH: BUFFULL run_id=try5-c3-cpu start_us=24122161 end_us=24125823 dur_us=3661
UKL-MQTT-BENCH: BUFFULL run_id=try5-c3-cpu start_us=24128805 end_us=24131689 dur_us=2883
UKL-MQTT-BENCH: BUFFULL run_id=try5-c3-cpu start_us=24134650 end_us=24136807 dur_us=2156
UKL-MQTT-BENCH: BUFFULL run_id=try5-c3-cpu start_us=24139158 end_us=24142933 dur_us=3774
UKL-MQTT-BENCH: BUFFULL run_id=try5-c3-cpu start_us=24145922 end_us=24148854 dur_us=2931
UKL-MQTT-BENCH: BUFFULL run_id=try5-c3-cpu start_us=24151834 end_us=24154832 dur_us=2998
UKL-MQTT-BENCH: BUFFULL run_id=try5-c3-cpu start_us=24158479 end_us=24162837 dur_us=4358
UKL-MQTT-BENCH: BUFFULL run_id=try5-c3-cpu start_us=24167132 end_us=24170823 dur_us=3690
UKL-MQTT-BENCH: BUFFULL run_id=try5-c3-cpu start_us=24173787 end_us=24176810 dur_us=3023
UKL-MQTT-BENCH: BUFFULL run_id=try5-c3-cpu start_us=24179157 end_us=24182855 dur_us=3697
UKL-MQTT-BENCH: BUFFULL run_id=try5-c3-cpu start_us=24188484 end_us=24191815 dur_us=3330
UKL-MQTT-BENCH: BUFFULL run_id=try5-c3-cpu start_us=24194784 end_us=24197859 dur_us=3074
UKL-MQTT-BENCH: BUFFULL run_id=try5-c3-cpu start_us=24200194 end_us=24203966 dur_us=3771
UKL-MQTT-BENCH: BUFFULL run_id=try5-c3-cpu start_us=24206935 end_us=24208810 dur_us=1875
UKL-MQTT-BENCH: BUFFULL run_id=try5-c3-cpu start_us=24211156 end_us=24214826 dur_us=3669
UKL-MQTT-BENCH: BUFFULL run_id=try5-c3-cpu start_us=24217787 end_us=24219755 dur_us=1968
UKL-MQTT-BENCH: BUFFULL run_id=try5-c3-cpu start_us=24222102 end_us=24223855 dur_us=1752
UKL-MQTT-BENCH: BUFFULL run_id=try5-c3-cpu start_us=24226223 end_us=24229845 dur_us=3622
UKL-MQTT-BENCH: BUFFULL run_id=try5-c3-cpu start_us=24232827 end_us=24235840 dur_us=3013
UKL-MQTT-BENCH: BUFFULL run_id=try5-c3-cpu start_us=24238813 end_us=24240818 dur_us=2004
UKL-MQTT-BENCH: BUFFULL run_id=try5-c3-cpu start_us=24243164 end_us=24245885 dur_us=2720
UKL-MQTT-BENCH: BUFFULL run_id=try5-c3-cpu start_us=24248239 end_us=24251830 dur_us=3590
UKL-MQTT-BENCH: BUFFULL run_id=try5-c3-cpu start_us=24254803 end_us=24257905 dur_us=3102
UKL-MQTT-BENCH: BUFFULL run_id=try5-c3-cpu start_us=24260901 end_us=24262803 dur_us=1901
UKL-MQTT-BENCH: BUFFULL run_id=try5-c3-cpu start_us=24265168 end_us=24268857 dur_us=3688
UKL-MQTT-BENCH: BUFFULL run_id=try5-c3-cpu start_us=24271847 end_us=24273810 dur_us=1963
UKL-MQTT-BENCH: BUFFULL run_id=try5-c3-cpu start_us=24276156 end_us=24278790 dur_us=2633
UKL-MQTT-BENCH: BUFFULL run_id=try5-c3-cpu start_us=24281159 end_us=24283789 dur_us=2629
UKL-MQTT-BENCH: BUFFULL run_id=try5-c3-cpu start_us=24286144 end_us=24288824 dur_us=2680
UKL-MQTT-BENCH: BUFFULL run_id=try5-c3-cpu start_us=24291801 end_us=24294808 dur_us=3006
UKL-MQTT-BENCH: BUFFULL run_id=try5-c3-cpu start_us=24297180 end_us=24299763 dur_us=2583
UKL-MQTT-BENCH: BUFFULL run_id=try5-c3-cpu start_us=24302119 end_us=24304821 dur_us=2701
UKL-MQTT-BENCH: BUFFULL run_id=try5-c3-cpu start_us=24307801 end_us=24310887 dur_us=3085
UKL-MQTT-BENCH: BUFFULL run_id=try5-c3-cpu start_us=24313227 end_us=24315817 dur_us=2589
UKL-MQTT-BENCH: BUFFULL run_id=try5-c3-cpu start_us=24318797 end_us=24324889 dur_us=6091
UKL-MQTT-BENCH: BUFFULL run_id=try5-c3-cpu start_us=24329094 end_us=24330898 dur_us=1804
UKL-MQTT-BENCH: BUFFULL run_id=try5-c3-cpu start_us=24335890 end_us=24338820 dur_us=2929
UKL-MQTT-BENCH: BUFFULL run_id=try5-c3-cpu start_us=24341174 end_us=24345851 dur_us=4676
UKL-MQTT-BENCH: BUFFULL run_id=try5-c3-cpu start_us=24349438 end_us=24351812 dur_us=2374
UKL-MQTT-BENCH: BUFFULL run_id=try5-c3-cpu start_us=24354185 end_us=24355769 dur_us=1584
UKL-MQTT-BENCH: BUFFULL run_id=try5-c3-cpu start_us=24358121 end_us=24360785 dur_us=2663
UKL-MQTT-BENCH: BUFFULL run_id=try5-c3-cpu start_us=24363140 end_us=24367855 dur_us=4714
UKL-MQTT-BENCH: BUFFULL run_id=try5-c3-cpu start_us=24371448 end_us=24373838 dur_us=2389
UKL-MQTT-BENCH: BUFFULL run_id=try5-c3-cpu start_us=24376181 end_us=24380885 dur_us=4703
UKL-MQTT-BENCH: BUFFULL run_id=try5-c3-cpu start_us=24385082 end_us=24387921 dur_us=2839
UKL-MQTT-BENCH: BUFFULL run_id=try5-c3-cpu start_us=24390901 end_us=24393789 dur_us=2888
UKL-MQTT-BENCH: BUFFULL run_id=try5-c3-cpu start_us=24396760 end_us=24400868 dur_us=4108
UKL-MQTT-BENCH: BUFFULL run_id=try5-c3-cpu start_us=24407172 end_us=24409818 dur_us=2646
UKL-MQTT-BENCH: BUFFULL run_id=try5-c3-cpu start_us=24412173 end_us=24416860 dur_us=4687
UKL-MQTT-BENCH: BUFFULL run_id=try5-c3-cpu start_us=24420460 end_us=24421859 dur_us=1399
UKL-MQTT-BENCH: BUFFULL run_id=try5-c3-cpu start_us=24424214 end_us=24427812 dur_us=3598
UKL-MQTT-BENCH: BUFFULL run_id=try5-c3-cpu start_us=24430169 end_us=24433823 dur_us=3653
UKL-MQTT-BENCH: BUFFULL run_id=try5-c3-cpu start_us=24436799 end_us=24439813 dur_us=3014
UKL-MQTT-BENCH: BUFFULL run_id=try5-c3-cpu start_us=24446161 end_us=24449859 dur_us=3697
UKL-MQTT-BENCH: BUFFULL run_id=try5-c3-cpu start_us=24452843 end_us=24455823 dur_us=2979
UKL-MQTT-BENCH: BUFFULL run_id=try5-c3-cpu start_us=24458191 end_us=24461836 dur_us=3644
UKL-MQTT-BENCH: BUFFULL run_id=try5-c3-cpu start_us=24464828 end_us=24468956 dur_us=4128
UKL-MQTT-BENCH: BUFFULL run_id=try5-c3-cpu start_us=24475548 end_us=24480939 dur_us=5390
UKL-MQTT-BENCH: BUFFULL run_id=try5-c3-cpu start_us=24487545 end_us=24490364 dur_us=2819
UKL-MQTT-BENCH: BUFFULL run_id=try5-c3-cpu start_us=24492717 end_us=24495883 dur_us=3165
UKL-MQTT-BENCH: BUFFULL run_id=try5-c3-cpu start_us=24498861 end_us=24501820 dur_us=2959
UKL-MQTT-BENCH: BUFFULL run_id=try5-c3-cpu start_us=24504159 end_us=24505753 dur_us=1593
UKL-MQTT-BENCH: BUFFULL run_id=try5-c3-cpu start_us=24508104 end_us=24510913 dur_us=2808
UKL-MQTT-BENCH: BUFFULL run_id=try5-c3-cpu start_us=24513242 end_us=24516783 dur_us=3541
UKL-MQTT-BENCH: BUFFULL run_id=try5-c3-cpu start_us=24519755 end_us=24520779 dur_us=1024
UKL-MQTT-BENCH: BUFFULL run_id=try5-c3-cpu start_us=24523180 end_us=24526838 dur_us=3657
UKL-MQTT-BENCH: BUFFULL run_id=try5-c3-cpu start_us=24529174 end_us=24531809 dur_us=2634
UKL-MQTT-BENCH: BUFFULL run_id=try5-c3-cpu start_us=24534157 end_us=24537872 dur_us=3714
UKL-MQTT-BENCH: BUFFULL run_id=try5-c3-cpu start_us=24541455 end_us=24542815 dur_us=1360
UKL-MQTT-BENCH: BUFFULL run_id=try5-c3-cpu start_us=24545151 end_us=24548791 dur_us=3639
UKL-MQTT-BENCH: BUFFULL run_id=try5-c3-cpu start_us=24551171 end_us=24553853 dur_us=2681
UKL-MQTT-BENCH: BUFFULL run_id=try5-c3-cpu start_us=24556838 end_us=24559827 dur_us=2988
UKL-MQTT-BENCH: BUFFULL run_id=try5-c3-cpu start_us=24562190 end_us=24564814 dur_us=2624
UKL-MQTT-BENCH: BUFFULL run_id=try5-c3-cpu start_us=24567182 end_us=24569955 dur_us=2773
UKL-MQTT-BENCH: BUFFULL run_id=try5-c3-cpu start_us=24572943 end_us=24575877 dur_us=2933
UKL-MQTT-BENCH: BUFFULL run_id=try5-c3-cpu start_us=24578844 end_us=24581854 dur_us=3010
UKL-MQTT-BENCH: BUFFULL run_id=try5-c3-cpu start_us=24584830 end_us=24587824 dur_us=2994
UKL-MQTT-BENCH: BUFFULL run_id=try5-c3-cpu start_us=24590183 end_us=24591754 dur_us=1571
UKL-MQTT-BENCH: BUFFULL run_id=try5-c3-cpu start_us=24594095 end_us=24597811 dur_us=3715
UKL-MQTT-BENCH: BUFFULL run_id=try5-c3-cpu start_us=24600796 end_us=24603816 dur_us=3019
UKL-MQTT-BENCH: BUFFULL run_id=try5-c3-cpu start_us=24606167 end_us=24608796 dur_us=2628
UKL-MQTT-BENCH: BUFFULL run_id=try5-c3-cpu start_us=24611772 end_us=24612904 dur_us=1131
UKL-MQTT-BENCH: BUFFULL run_id=try5-c3-cpu start_us=24615258 end_us=24619838 dur_us=4580
UKL-MQTT-BENCH: BUFFULL run_id=try5-c3-cpu start_us=24622821 end_us=24624906 dur_us=2085
UKL-MQTT-BENCH: BUFFULL run_id=try5-c3-cpu start_us=24627266 end_us=24631876 dur_us=4609
UKL-MQTT-BENCH: BUFFULL run_id=try5-c3-cpu start_us=24635453 end_us=24637869 dur_us=2416
UKL-MQTT-BENCH: BUFFULL run_id=try5-c3-cpu start_us=24642573 end_us=24646825 dur_us=4251
UKL-MQTT-BENCH: BUFFULL run_id=try5-c3-cpu start_us=24649801 end_us=24652839 dur_us=3038
UKL-MQTT-BENCH: BUFFULL run_id=try5-c3-cpu start_us=24655829 end_us=24658830 dur_us=3000
UKL-MQTT-BENCH: BUFFULL run_id=try5-c3-cpu start_us=24664544 end_us=24668845 dur_us=4300
UKL-MQTT-BENCH: BUFFULL run_id=try5-c3-cpu start_us=24671856 end_us=24674881 dur_us=3024
UKL-MQTT-BENCH: BUFFULL run_id=try5-c3-cpu start_us=24677865 end_us=24679841 dur_us=1975
UKL-MQTT-BENCH: BUFFULL run_id=try5-c3-cpu start_us=24682814 end_us=24686896 dur_us=4081
UKL-MQTT-BENCH: BUFFULL run_id=try5-c3-cpu start_us=24689891 end_us=24691832 dur_us=1941
UKL-MQTT-BENCH: BUFFULL run_id=try5-c3-cpu start_us=24694179 end_us=24696794 dur_us=2615
UKL-MQTT-BENCH: BUFFULL run_id=try5-c3-cpu start_us=24699164 end_us=24703831 dur_us=4666
UKL-MQTT-BENCH: BUFFULL run_id=try5-c3-cpu start_us=24706183 end_us=24709802 dur_us=3618
UKL-MQTT-BENCH: BUFFULL run_id=try5-c3-cpu start_us=24716119 end_us=24718817 dur_us=2697
UKL-MQTT-BENCH: BUFFULL run_id=try5-c3-cpu start_us=24721206 end_us=24723988 dur_us=2782
UKL-MQTT-BENCH: BUFFULL run_id=try5-c3-cpu start_us=24728106 end_us=24729996 dur_us=1890
UKL-MQTT-BENCH: BUFFULL run_id=try5-c3-cpu start_us=24739803 end_us=24740926 dur_us=1122
UKL-MQTT-BENCH: BUFFULL run_id=try5-c3-cpu start_us=24743913 end_us=24745824 dur_us=1910
UKL-MQTT-BENCH: BUFFULL run_id=try5-c3-cpu start_us=24748187 end_us=24751904 dur_us=3716
UKL-MQTT-BENCH: BUFFULL run_id=try5-c3-cpu start_us=24754969 end_us=24758916 dur_us=3947
UKL-MQTT-BENCH: BUFFULL run_id=try5-c3-cpu start_us=24761897 end_us=24763846 dur_us=1949
UKL-MQTT-BENCH: BUFFULL run_id=try5-c3-cpu start_us=24766821 end_us=24769872 dur_us=3051
UKL-MQTT-BENCH: BUFFULL run_id=try5-c3-cpu start_us=24775489 end_us=24779839 dur_us=4349
UKL-MQTT-BENCH: BUFFULL run_id=try5-c3-cpu start_us=24782800 end_us=24784815 dur_us=2014
UKL-MQTT-BENCH: BUFFULL run_id=try5-c3-cpu start_us=24787157 end_us=24789777 dur_us=2619
UKL-MQTT-BENCH: BUFFULL run_id=try5-c3-cpu start_us=24794476 end_us=24799858 dur_us=5382
UKL-MQTT-BENCH: BUFFULL run_id=try5-c3-cpu start_us=24802841 end_us=24805968 dur_us=3127
UKL-MQTT-BENCH: BUFFULL run_id=try5-c3-cpu start_us=24809556 end_us=24810892 dur_us=1336
UKL-MQTT-BENCH: BUFFULL run_id=try5-c3-cpu start_us=24813224 end_us=24816809 dur_us=3585
UKL-MQTT-BENCH: BUFFULL run_id=try5-c3-cpu start_us=24819772 end_us=24821817 dur_us=2044
UKL-MQTT-BENCH: BUFFULL run_id=try5-c3-cpu start_us=24824157 end_us=24827836 dur_us=3678
UKL-MQTT-BENCH: BUFFULL run_id=try5-c3-cpu start_us=24830801 end_us=24832835 dur_us=2033
UKL-MQTT-BENCH: BUFFULL run_id=try5-c3-cpu start_us=24835166 end_us=24838771 dur_us=3604
UKL-MQTT-BENCH: BUFFULL run_id=try5-c3-cpu start_us=24841103 end_us=24843556 dur_us=2452
UKL-MQTT-BENCH: BUFFULL run_id=try5-c3-cpu start_us=24846569 end_us=24849824 dur_us=3255
UKL-MQTT-BENCH: BUFFULL run_id=try5-c3-cpu start_us=24852774 end_us=24854813 dur_us=2039
UKL-MQTT-BENCH: BUFFULL run_id=try5-c3-cpu start_us=24857230 end_us=24860831 dur_us=3600
UKL-MQTT-BENCH: BUFFULL run_id=try5-c3-cpu start_us=24863838 end_us=24865839 dur_us=2000
UKL-MQTT-BENCH: BUFFULL run_id=try5-c3-cpu start_us=24868187 end_us=24871814 dur_us=3627
UKL-MQTT-BENCH: BUFFULL run_id=try5-c3-cpu start_us=24874207 end_us=24876836 dur_us=2629
UKL-MQTT-BENCH: BUFFULL run_id=try5-c3-cpu start_us=24879802 end_us=24882833 dur_us=3031
UKL-MQTT-BENCH: BUFFULL run_id=try5-c3-cpu start_us=24885858 end_us=24887845 dur_us=1986
UKL-MQTT-BENCH: BUFFULL run_id=try5-c3-cpu start_us=24890175 end_us=24892942 dur_us=2766
UKL-MQTT-BENCH: BUFFULL run_id=try5-c3-cpu start_us=24895280 end_us=24898866 dur_us=3585
UKL-MQTT-BENCH: BUFFULL run_id=try5-c3-cpu start_us=24901832 end_us=24903854 dur_us=2022
UKL-MQTT-BENCH: BUFFULL run_id=try5-c3-cpu start_us=24906190 end_us=24908812 dur_us=2621
UKL-MQTT-BENCH: BUFFULL run_id=try5-c3-cpu start_us=24911777 end_us=24914869 dur_us=3091
UKL-MQTT-BENCH: BUFFULL run_id=try5-c3-cpu start_us=24917206 end_us=24919781 dur_us=2575
UKL-MQTT-BENCH: BUFFULL run_id=try5-c3-cpu start_us=24922131 end_us=24923870 dur_us=1738
UKL-MQTT-BENCH: BUFFULL run_id=try5-c3-cpu start_us=24926212 end_us=24929820 dur_us=3607
UKL-MQTT-BENCH: BUFFULL run_id=try5-c3-cpu start_us=24932211 end_us=24934821 dur_us=2610
UKL-MQTT-BENCH: BUFFULL run_id=try5-c3-cpu start_us=24939821 end_us=24944791 dur_us=4970
UKL-MQTT-BENCH: BUFFULL run_id=try5-c3-cpu start_us=24947758 end_us=24949831 dur_us=2072
UKL-MQTT-BENCH: BUFFULL run_id=try5-c3-cpu start_us=24952792 end_us=24955872 dur_us=3080
UKL-MQTT-BENCH: BUFFULL run_id=try5-c3-cpu start_us=24958235 end_us=24959782 dur_us=1546
UKL-MQTT-BENCH: DRAIN run_id=try5-c3-cpu syncs=200 drain_us=59 errors=0 unsent_after_drain=349
UKL-MQTT-BENCH: RECORDS run_id=try5-c3-cpu buffull_long_logged=4096 buffull_long_dropped=826 sync_errors=0 sync_errors_dropped=0
UKL-MQTT-BENCH: RESULT run_id=try5-c3-cpu messages=21755620 elapsed_sec=30.000 throughput_msgs_per_sec=725187.3
UKL-MQTT-BENCH: CLIENT run_id=try5-c3-cpu client_error_at_end=1 queue_len_at_end=427
UKL-MQTT-BENCH: done, idling
LAUNCHER_STATUS=done run_id=try5-c3-cpu mode=user loop=recover
