c[?7l[2J[0mSeaBIOS (version 1.16.3-debian-1.16.3-2)


iPXE (https://ipxe.org) 00:02.0 C000 PCI2.10 PnP PMM+BEFCAD50+BEF0AD50 C000
Press Ctrl-B to configure iPXE (PCI 00:02.0)...                                                                               


Booting from ROM..c[?7l[2J[    0.000000] Linux version 6.3.0+ (@e9cd480db408) (gcc (Ubuntu 11.4.0-1ubuntu1~22.04.3) 11.4.0, GNU ld (GNU Binutils for Ubuntu) 2.38) #4 SMP PREEMPT_DYNAMIC Wed Sep 30 21:27:47 UTC 2026
[    0.000000] Command line: console=ttyS0 panic=1 net.ifnames=0 biosdevname=0 clearcpuid=smap,smep mitigations=off mds=off -- 192.168.150.128 52:54:00:12:34:56 ukl try3-c4-sysonly recover
[    0.000000] Clearing CPUID bits: smap smep
[    0.000000] x86/fpu: Supporting XSAVE feature 0x001: 'x87 floating point registers'
[    0.000000] x86/fpu: Supporting XSAVE feature 0x002: 'SSE registers'
[    0.000000] x86/fpu: Supporting XSAVE feature 0x004: 'AVX registers'
[    0.000000] x86/fpu: Supporting XSAVE feature 0x200: 'Protection Keys User registers'
[    0.000000] x86/fpu: xstate_offset[2]:  576, xstate_sizes[2]:  256
[    0.000000] x86/fpu: xstate_offset[9]:  832, xstate_sizes[9]:    8
[    0.000000] x86/fpu: Enabled xstate features 0x207, context size is 840 bytes, using 'compacted' format.
[    0.000000] signal: max sigframe size: 3632
[    0.000000] BIOS-provided physical RAM map:
[    0.000000] BIOS-e820: [mem 0x0000000000000000-0x000000000009fbff] usable
[    0.000000] BIOS-e820: [mem 0x000000000009fc00-0x000000000009ffff] reserved
[    0.000000] BIOS-e820: [mem 0x00000000000f0000-0x00000000000fffff] reserved
[    0.000000] BIOS-e820: [mem 0x0000000000100000-0x00000000bffdffff] usable
[    0.000000] BIOS-e820: [mem 0x00000000bffe0000-0x00000000bfffffff] reserved
[    0.000000] BIOS-e820: [mem 0x00000000feffc000-0x00000000feffffff] reserved
[    0.000000] BIOS-e820: [mem 0x00000000fffc0000-0x00000000ffffffff] reserved
[    0.000000] BIOS-e820: [mem 0x0000000100000000-0x000000013fffffff] usable
[    0.000000] NX (Execute Disable) protection: active
[    0.000000] SMBIOS 3.0.0 present.
[    0.000000] DMI: QEMU Ubuntu 24.04 PC v2 (i440FX + PIIX, arch_caps fix, 1996), BIOS 1.16.3-debian-1.16.3-2 04/01/2014
[    0.000000] tsc: Fast TSC calibration using PIT
[    0.000000] tsc: Detected 2496.509 MHz processor
[    0.000128] last_pfn = 0x140000 max_arch_pfn = 0x400000000
[    0.000159] x86/PAT: Configuration [0-7]: WB  WC  UC- UC  WB  WP  UC- WT  
[    0.000193] last_pfn = 0xbffe0 max_arch_pfn = 0x400000000
[    0.001000] found SMP MP-table at [mem 0x000f5480-0x000f548f]
[    0.001000] Using GB pages for direct mapping
[    0.001000] RAMDISK: [mem 0xbf75a000-0xbffdffff]
[    0.001000] ACPI: Early table checksum verification disabled
[    0.001000] ACPI: RSDP 0x00000000000F5270 000014 (v00 BOCHS )
[    0.001000] ACPI: RSDT 0x00000000BFFE1C29 000034 (v01 BOCHS  BXPC     00000001 BXPC 00000001)
[    0.001000] ACPI: FACP 0x00000000BFFE1ADD 000074 (v01 BOCHS  BXPC     00000001 BXPC 00000001)
[    0.001000] ACPI: DSDT 0x00000000BFFE0040 001A9D (v01 BOCHS  BXPC     00000001 BXPC 00000001)
[    0.001000] ACPI: FACS 0x00000000BFFE0000 000040
[    0.001000] ACPI: APIC 0x00000000BFFE1B51 000078 (v03 BOCHS  BXPC     00000001 BXPC 00000001)
[    0.001000] ACPI: HPET 0x00000000BFFE1BC9 000038 (v01 BOCHS  BXPC     00000001 BXPC 00000001)
[    0.001000] ACPI: WAET 0x00000000BFFE1C01 000028 (v01 BOCHS  BXPC     00000001 BXPC 00000001)
[    0.001000] ACPI: Reserving FACP table memory at [mem 0xbffe1add-0xbffe1b50]
[    0.001000] ACPI: Reserving DSDT table memory at [mem 0xbffe0040-0xbffe1adc]
[    0.001000] ACPI: Reserving FACS table memory at [mem 0xbffe0000-0xbffe003f]
[    0.001000] ACPI: Reserving APIC table memory at [mem 0xbffe1b51-0xbffe1bc8]
[    0.001000] ACPI: Reserving HPET table memory at [mem 0xbffe1bc9-0xbffe1c00]
[    0.001000] ACPI: Reserving WAET table memory at [mem 0xbffe1c01-0xbffe1c28]
[    0.001000] No NUMA configuration found
[    0.001000] Faking a node at [mem 0x0000000000000000-0x000000013fffffff]
[    0.001000] NODE_DATA(0) allocated [mem 0x13fffa000-0x13fffdfff]
[    0.001000] Zone ranges:
[    0.001000]   DMA      [mem 0x0000000000001000-0x0000000000ffffff]
[    0.001000]   DMA32    [mem 0x0000000001000000-0x00000000ffffffff]
[    0.001000]   Normal   [mem 0x0000000100000000-0x000000013fffffff]
[    0.001000] Movable zone start for each node
[    0.001000] Early memory node ranges
[    0.001000]   node   0: [mem 0x0000000000001000-0x000000000009efff]
[    0.001000]   node   0: [mem 0x0000000000100000-0x00000000bffdffff]
[    0.001000]   node   0: [mem 0x0000000100000000-0x000000013fffffff]
[    0.001000] Initmem setup node 0 [mem 0x0000000000001000-0x000000013fffffff]
[    0.001000] On node 0, zone DMA: 1 pages in unavailable ranges
[    0.001000] On node 0, zone DMA: 97 pages in unavailable ranges
[    0.001000] On node 0, zone Normal: 32 pages in unavailable ranges
[    0.001000] ACPI: PM-Timer IO Port: 0x608
[    0.001000] ACPI: LAPIC_NMI (acpi_id[0xff] dfl dfl lint[0x1])
[    0.001000] IOAPIC[0]: apic_id 0, version 17, address 0xfec00000, GSI 0-23
[    0.001000] ACPI: INT_SRC_OVR (bus 0 bus_irq 0 global_irq 2 dfl dfl)
[    0.001000] ACPI: INT_SRC_OVR (bus 0 bus_irq 5 global_irq 5 high level)
[    0.001000] ACPI: INT_SRC_OVR (bus 0 bus_irq 9 global_irq 9 high level)
[    0.001000] ACPI: INT_SRC_OVR (bus 0 bus_irq 10 global_irq 10 high level)
[    0.001000] ACPI: INT_SRC_OVR (bus 0 bus_irq 11 global_irq 11 high level)
[    0.001000] ACPI: Using ACPI (MADT) for SMP configuration information
[    0.001000] ACPI: HPET id: 0x8086a201 base: 0xfed00000
[    0.001000] TSC deadline timer available
[    0.001000] smpboot: Allowing 1 CPUs, 0 hotplug CPUs
[    0.001000] PM: hibernation: Registered nosave memory: [mem 0x00000000-0x00000fff]
[    0.001000] PM: hibernation: Registered nosave memory: [mem 0x0009f000-0x0009ffff]
[    0.001000] PM: hibernation: Registered nosave memory: [mem 0x000a0000-0x000effff]
[    0.001000] PM: hibernation: Registered nosave memory: [mem 0x000f0000-0x000fffff]
[    0.001000] PM: hibernation: Registered nosave memory: [mem 0xbffe0000-0xbfffffff]
[    0.001000] PM: hibernation: Registered nosave memory: [mem 0xc0000000-0xfeffbfff]
[    0.001000] PM: hibernation: Registered nosave memory: [mem 0xfeffc000-0xfeffffff]
[    0.001000] PM: hibernation: Registered nosave memory: [mem 0xff000000-0xfffbffff]
[    0.001000] PM: hibernation: Registered nosave memory: [mem 0xfffc0000-0xffffffff]
[    0.001000] [mem 0xc0000000-0xfeffbfff] available for PCI devices
[    0.001000] clocksource: refined-jiffies: mask: 0xffffffff max_cycles: 0xffffffff, max_idle_ns: 1910969940391419 ns
[    0.001000] setup_percpu: NR_CPUS:64 nr_cpumask_bits:1 nr_cpu_ids:1 nr_node_ids:1
[    0.001000] percpu: Embedded 53 pages/cpu s185512 r0 d31576 u2097152
[    0.001000] Fallback order for Node 0: 0 
[    0.001000] Built 1 zonelists, mobility grouping on.  Total pages: 1031904
[    0.001000] Policy zone: Normal
[    0.001000] Kernel command line: console=ttyS0 panic=1 net.ifnames=0 biosdevname=0 clearcpuid=smap,smep mitigations=off mds=off -- 192.168.150.128 52:54:00:12:34:56 ukl try3-c4-sysonly recover
[    0.001000] Unknown kernel command line parameters "biosdevname=0", will be passed to user space.
[    0.001000] random: crng init done
[    0.001000] Dentry cache hash table entries: 524288 (order: 10, 4194304 bytes, linear)
[    0.001000] Inode-cache hash table entries: 262144 (order: 9, 2097152 bytes, linear)
[    0.001000] mem auto-init: stack:off, heap alloc:off, heap free:off
[    0.001000] software IO TLB: area num 1.
[    0.001000] Memory: 4000808K/4193784K available (22728K kernel code, 2861K rwdata, 5956K rodata, 1324K init, 2712K bss, 192720K reserved, 0K cma-reserved)
[    0.001000] SLUB: HWalign=64, Order=0-3, MinObjects=0, CPUs=1, Nodes=1
[    0.001000] Dynamic Preempt: none
[    0.001000] rcu: Preemptible hierarchical RCU implementation.
[    0.001000] rcu: 	RCU event tracing is enabled.
[    0.001000] rcu: 	RCU restricting CPUs from NR_CPUS=64 to nr_cpu_ids=1.
[    0.001000] 	Trampoline variant of Tasks RCU enabled.
[    0.001000] 	Tracing variant of Tasks RCU enabled.
[    0.001000] rcu: RCU calculated value of scheduler-enlistment delay is 100 jiffies.
[    0.001000] rcu: Adjusting geometry for rcu_fanout_leaf=16, nr_cpu_ids=1
[    0.001000] NR_IRQS: 4352, nr_irqs: 256, preallocated irqs: 16
[    0.001000] rcu: srcu_init: Setting srcu_struct sizes based on contention.
[    0.001000] Console: colour *CGA 80x25
[    0.001000] printk: console [ttyS0] enabled
[    0.001000] ACPI: Core revision 20221020
[    0.001000] clocksource: hpet: mask: 0xffffffff max_cycles: 0xffffffff, max_idle_ns: 19112604467 ns
[    0.001000] APIC: Switch to symmetric I/O mode setup
[    0.001000] ..TIMER: vector=0x30 apic1=0 pin1=2 apic2=-1 pin2=-1
[    0.001000] clocksource: tsc-early: mask: 0xffffffffffffffff max_cycles: 0x23fc57f31c4, max_idle_ns: 440795309686 ns
[    0.119227] Calibrating delay loop (skipped), value calculated using timer frequency.. 4993.01 BogoMIPS (lpj=2496509)
[    0.120224] pid_max: default: 32768 minimum: 301
[    0.120544] LSM: initializing lsm=capability,integrity,selinux
[    0.121225] SELinux:  Initializing.
[    0.121478] Mount-cache hash table entries: 8192 (order: 4, 65536 bytes, linear)
[    0.121981] Mountpoint-cache hash table entries: 8192 (order: 4, 65536 bytes, linear)
[    0.122452] Clearing SMEP for 0
[    0.122686] Clearing SMAP for 0
[    0.123228] x86/cpu: User Mode Instruction Prevention (UMIP) activated
[    0.123789] Last level iTLB entries: 4KB 0, 2MB 0, 4MB 0
[    0.124224] Last level dTLB entries: 4KB 0, 2MB 0, 4MB 0, 1GB 0
[    0.124663] Spectre V2 : User space: Vulnerable
[    0.124974] Speculative Store Bypass: Vulnerable
[    0.128501] Freeing SMP alternatives memory: 52K
[    0.128954] smpboot: CPU0: 12th Gen Intel(R) Core(TM) i5-12450H (family: 0x6, model: 0x9a, stepping: 0x3)
[    0.129224] cblist_init_generic: Setting adjustable number of callback queues.
[    0.129227] cblist_init_generic: Setting shift to 0 and lim to 1.
[    0.129676] cblist_init_generic: Setting shift to 0 and lim to 1.
[    0.130144] Performance Events: unsupported p6 CPU model 154 no PMU driver, software events only.
[    0.130273] rcu: Hierarchical SRCU implementation.
[    0.130591] rcu: 	Max phase no-delay instances is 400.
[    0.131167] smp: Bringing up secondary CPUs ...
[    0.131227] smp: Brought up 1 node, 1 CPU
[    0.131514] smpboot: Max logical packages: 1
[    0.131820] smpboot: Total of 1 processors activated (4993.01 BogoMIPS)
[    0.132394] devtmpfs: initialized
[    0.132733] clocksource: jiffies: mask: 0xffffffff max_cycles: 0xffffffff, max_idle_ns: 1911260446275000 ns
[    0.133227] futex hash table entries: 256 (order: 2, 16384 bytes, linear)
[    0.133803] PM: RTC time: 18:00:19, date: 2026-10-04
[    0.134248] NET: Registered PF_NETLINK/PF_ROUTE protocol family
[    0.134720] audit: initializing netlink subsys (disabled)
[    0.135149] thermal_sys: Registered thermal governor 'step_wise'
[    0.135150] thermal_sys: Registered thermal governor 'user_space'
[    0.135245] audit: type=2000 audit(1791136819.021:1): state=initialized audit_enabled=0 res=1
[    0.136233] cpuidle: using governor menu
[    0.136587] PCI: Using configuration type 1 for base access
[    0.182499] HugeTLB: registered 2.00 MiB page size, pre-allocated 0 pages
[    0.183021] HugeTLB: 28 KiB vmemmap can be freed for a 2.00 MiB page
[    0.183326] ACPI: Added _OSI(Module Device)
[    0.183614] ACPI: Added _OSI(Processor Device)
[    0.183912] ACPI: Added _OSI(3.0 _SCP Extensions)
[    0.184225] ACPI: Added _OSI(Processor Aggregator Device)
[    0.184781] ACPI: 1 ACPI AML tables successfully acquired and loaded
[    0.185681] ACPI: Interpreter enabled
[    0.185943] ACPI: PM: (supports S0 S3 S4 S5)
[    0.186226] ACPI: Using IOAPIC for interrupt routing
[    0.186566] PCI: Using host bridge windows from ACPI; if necessary, use "pci=nocrs" and report a bug
[    0.187170] PCI: Using E820 reservations for host bridge windows
[    0.187257] ACPI: Enabled 2 GPEs in block 00 to 0F
[    0.188248] ACPI: PCI Root Bridge [PCI0] (domain 0000 [bus 00-ff])
[    0.188670] acpi PNP0A03:00: _OSC: OS supports [ASPM ClockPM Segments MSI HPX-Type3]
[    0.189198] acpi PNP0A03:00: _OSC: not requesting OS control; OS requires [ExtendedConfig ASPM ClockPM MSI]
[    0.189234] acpi PNP0A03:00: fail to add MMCONFIG information, can't access extended configuration space under this bridge
[    0.190007] PCI host bridge to bus 0000:00
[    0.190225] pci_bus 0000:00: root bus resource [io  0x0000-0x0cf7 window]
[    0.190675] pci_bus 0000:00: root bus resource [io  0x0d00-0xffff window]
[    0.191129] pci_bus 0000:00: root bus resource [mem 0x000a0000-0x000bffff window]
[    0.191225] pci_bus 0000:00: root bus resource [mem 0xc0000000-0xfebfffff window]
[    0.191721] pci_bus 0000:00: root bus resource [mem 0x7000000000-0x707fffffff window]
[    0.192225] pci_bus 0000:00: root bus resource [bus 00-ff]
[    0.192628] pci 0000:00:00.0: [8086:1237] type 00 class 0x060000
[    0.193276] pci 0000:00:01.0: [8086:7000] type 00 class 0x060100
[    0.193991] pci 0000:00:01.1: [8086:7010] type 00 class 0x010180
[    0.195362] pci 0000:00:01.1: reg 0x20: [io  0xc020-0xc02f]
[    0.196234] pci 0000:00:01.1: legacy IDE quirk: reg 0x10: [io  0x01f0-0x01f7]
[    0.196743] pci 0000:00:01.1: legacy IDE quirk: reg 0x14: [io  0x03f6]
[    0.197184] pci 0000:00:01.1: legacy IDE quirk: reg 0x18: [io  0x0170-0x0177]
[    0.197225] pci 0000:00:01.1: legacy IDE quirk: reg 0x1c: [io  0x0376]
[    0.197767] pci 0000:00:01.3: [8086:7113] type 00 class 0x068000
[    0.198417] pci 0000:00:01.3: quirk: [io  0x0600-0x063f] claimed by PIIX4 ACPI
[    0.198910] pci 0000:00:01.3: quirk: [io  0x0700-0x070f] claimed by PIIX4 SMB
[    0.199393] pci 0000:00:02.0: [1af4:1000] type 00 class 0x020000
[    0.200226] pci 0000:00:02.0: reg 0x10: [io  0xc000-0xc01f]
[    0.201170] pci 0000:00:02.0: reg 0x14: [mem 0xfeb80000-0xfeb80fff]
[    0.202873] pci 0000:00:02.0: reg 0x20: [mem 0x7000000000-0x7000003fff 64bit pref]
[    0.203582] pci 0000:00:02.0: reg 0x30: [mem 0xfeb00000-0xfeb7ffff pref]
[    0.204767] ACPI: PCI: Interrupt link LNKA configured for IRQ 10
[    0.205216] ACPI: PCI: Interrupt link LNKB configured for IRQ 10
[    0.205262] ACPI: PCI: Interrupt link LNKC configured for IRQ 11
[    0.205695] ACPI: PCI: Interrupt link LNKD configured for IRQ 11
[    0.206130] ACPI: PCI: Interrupt link LNKS configured for IRQ 9
[    0.206330] iommu: Default domain type: Translated 
[    0.206661] iommu: DMA domain TLB invalidation policy: lazy mode 
[    0.207144] SCSI subsystem initialized
[    0.207267] ACPI: bus type USB registered
[    0.207546] usbcore: registered new interface driver usbfs
[    0.207911] usbcore: registered new interface driver hub
[    0.208227] usbcore: registered new device driver usb
[    0.208571] pps_core: LinuxPPS API ver. 1 registered
[    0.208905] pps_core: Software ver. 5.3.6 - Copyright 2005-2007 Rodolfo Giometti <giometti@linux.it>
[    0.209226] PTP clock support registered
[    0.209505] EDAC MC: Ver: 3.0.0
[    0.209791] Advanced Linux Sound Architecture Driver Initialized.
[    0.210321] NetLabel: Initializing
[    0.210553] NetLabel:  domain hash size = 128
[    0.210843] NetLabel:  protocols = UNLABELED CIPSOv4 CALIPSO
[    0.211231] NetLabel:  unlabeled traffic allowed by default
[    0.211618] PCI: Using ACPI for IRQ routing
[    0.211964] vgaarb: loaded
[    0.212194] hpet0: at MMIO 0xfed00000, IRQs 2, 8, 0
[    0.212225] hpet0: 3 comparators, 64-bit 100.000000 MHz counter
[    0.217261] clocksource: Switched to clocksource tsc-early
[    0.217678] VFS: Disk quotas dquot_6.6.0
[    0.217944] VFS: Dquot-cache hash table entries: 512 (order 0, 4096 bytes)
[    0.218399] pnp: PnP ACPI init
[    0.218758] pnp: PnP ACPI: found 5 devices
[    0.223975] clocksource: acpi_pm: mask: 0xffffff max_cycles: 0xffffff, max_idle_ns: 2085701024 ns
[    0.224600] NET: Registered PF_INET protocol family
[    0.225166] IP idents hash table entries: 65536 (order: 7, 524288 bytes, linear)
[    0.226115] tcp_listen_portaddr_hash hash table entries: 2048 (order: 3, 32768 bytes, linear)
[    0.226715] Table-perturb hash table entries: 65536 (order: 6, 262144 bytes, linear)
[    0.227229] TCP established hash table entries: 32768 (order: 6, 262144 bytes, linear)
[    0.227798] TCP bind hash table entries: 32768 (order: 8, 1048576 bytes, linear)
[    0.228368] TCP: Hash tables configured (established 32768 bind 32768)
[    0.228832] UDP hash table entries: 2048 (order: 4, 65536 bytes, linear)
[    0.229286] UDP-Lite hash table entries: 2048 (order: 4, 65536 bytes, linear)
[    0.229779] NET: Registered PF_UNIX/PF_LOCAL protocol family
[    0.234631] RPC: Registered named UNIX socket transport module.
[    0.235073] RPC: Registered udp transport module.
[    0.235392] RPC: Registered tcp transport module.
[    0.235726] RPC: Registered tcp NFSv4.1 backchannel transport module.
[    0.236335] pci_bus 0000:00: resource 4 [io  0x0000-0x0cf7 window]
[    0.236769] pci_bus 0000:00: resource 5 [io  0x0d00-0xffff window]
[    0.237193] pci_bus 0000:00: resource 6 [mem 0x000a0000-0x000bffff window]
[    0.237741] pci_bus 0000:00: resource 7 [mem 0xc0000000-0xfebfffff window]
[    0.238248] pci_bus 0000:00: resource 8 [mem 0x7000000000-0x707fffffff window]
[    0.238785] pci 0000:00:01.0: PIIX3: Enabling Passive Release
[    0.239251] pci 0000:00:00.0: Limiting direct PCI/PCI transfers
[    0.239836] PCI: CLS 0 bytes, default 64
[    0.240169] PCI-DMA: Using software bounce buffering for IO (SWIOTLB)
[    0.240954] software IO TLB: mapped [mem 0x00000000bb75a000-0x00000000bf75a000] (64MB)
[    0.241868] Unpacking initramfs...
[    0.421813] RAPL PMU: API unit is 2^-32 Joules, 0 fixed counters, 10737418240 ms ovfl timer
[    0.422868] Initialise system trusted keyrings
[    0.423201] workingset: timestamp_bits=56 max_order=20 bucket_order=0
[    0.423898] NFS: Registering the id_resolver key type
[    0.424250] Key type id_resolver registered
[    0.424534] Key type id_legacy registered
[    0.429498] Key type asymmetric registered
[    0.429806] Asymmetric key parser 'x509' registered
[    0.430136] Block layer SCSI generic (bsg) driver version 0.4 loaded (major 251)
[    0.430625] io scheduler mq-deadline registered
[    0.430926] io scheduler kyber registered
[    0.431244] input: Power Button as /devices/LNXSYSTM:00/LNXPWRBN:00/input/input0
[    0.431749] ACPI: button: Power Button [PWRF]
[    0.437465] ACPI: \_SB_.LNKB: Enabled at IRQ 10
[    0.438385] Serial: 8250/16550 driver, 4 ports, IRQ sharing enabled
[    0.438874] 00:03: ttyS0 at I/O 0x3f8 (irq = 4, base_baud = 115200) is a 16550A
[    0.439488] Non-volatile memory driver v1.3
[    0.439767] Linux agpgart interface v0.103
[    0.440059] ACPI: bus type drm_connector registered
[    0.440701] loop: module loaded
[    0.441419] scsi host0: ata_piix
[    0.441670] scsi host1: ata_piix
[    0.441895] ata1: PATA max MWDMA2 cmd 0x1f0 ctl 0x3f6 bmdma 0xc020 irq 14
[    0.442348] ata2: PATA max MWDMA2 cmd 0x170 ctl 0x376 bmdma 0xc028 irq 15
[    0.443971] e100: Intel(R) PRO/100 Network Driver
[    0.444305] e100: Copyright(c) 1999-2006 Intel Corporation
[    0.444688] e1000: Intel(R) PRO/1000 Network Driver
[    0.445020] e1000: Copyright (c) 1999-2006 Intel Corporation.
[    0.445427] e1000e: Intel(R) PRO/1000 Network Driver
[    0.445756] e1000e: Copyright(c) 1999 - 2015 Intel Corporation.
[    0.446149] igb: Intel(R) Gigabit Ethernet Network Driver
[    0.446512] igb: Copyright (c) 2007-2014 Intel Corporation.
[    0.446883] ixgbe: Intel(R) 10 Gigabit PCI Express Network Driver
[    0.447288] ixgbe: Copyright (c) 1999-2016 Intel Corporation.
[    0.447687] ixgbevf: Intel(R) 10 Gigabit PCI Express Virtual Function Network Driver
[    0.448197] ixgbevf: Copyright (c) 2009 - 2018 Intel Corporation.
[    0.448619] i40e: Intel(R) Ethernet Connection XL710 Network Driver
[    0.449034] i40e: Copyright (c) 2013 - 2019 Intel Corporation.
[    0.449432] ixgb: Intel(R) PRO/10GbE Network Driver
[    0.449763] ixgb: Copyright (c) 1999-2008 Intel Corporation.
[    0.450141] sky2: driver version 1.30
[    0.450415] QLogic 1/10 GbE Converged/Intelligent Ethernet Driver v5.3.66
[    0.450866] QLogic/NetXen Network Driver v4.0.82
[    0.451176] QLogic FastLinQ 4xxxx Core Module qed
[    0.451499] qede init: QLogic FastLinQ 4xxxx Ethernet Driver qede
[    0.451910] Solarflare NET driver
[    0.452142] Solarflare Falcon driver v4.1
[    0.452422] Solarflare Siena driver
[    0.452697] usbcore: registered new interface driver usblp
[    0.453064] usbcore: registered new interface driver usb-storage
[    0.453480] i8042: PNP: PS/2 Controller [PNP0303:KBD,PNP0f13:MOU] at 0x60,0x64 irq 1,12
[    0.454445] serio: i8042 KBD port at 0x60,0x64 irq 1
[    0.454777] serio: i8042 AUX port at 0x60,0x64 irq 12
[    0.455154] rtc_cmos 00:04: RTC can wake from S4
[    0.455813] input: AT Translated Set 2 keyboard as /devices/platform/i8042/serio0/input/input1
[    0.457232] rtc_cmos 00:04: registered as rtc0
[    0.457557] rtc_cmos 00:04: alarms up to one day, y3k, 242 bytes nvram, hpet irqs
[    0.458072] device-mapper: ioctl: 4.47.0-ioctl (2022-07-28) initialised: dm-devel@redhat.com
[    0.458638] intel_pstate: CPU model not supported
[    0.458964] hid: raw HID events driver (C) Jiri Kosina
[    0.459340] usbcore: registered new interface driver usbhid
[    0.459710] usbhid: USB HID core driver
[    0.460320] Initializing XFRM netlink socket
[    0.460623] NET: Registered PF_INET6 protocol family
[    0.461039] Segment Routing with IPv6
[    0.461292] In-situ OAM (IOAM) with IPv6
[    0.461571] sit: IPv6, IPv4 and MPLS over IPv4 tunneling driver
[    0.462010] NET: Registered PF_PACKET protocol family
[    0.462359] Key type dns_resolver registered
[    0.462696] IPI shorthand broadcast: enabled
[    0.463990] sched_clock: Marking stable (351001117, 112224032)->(470928040, -7702891)
[    0.464603] registered taskstats version 1
[    0.464882] Loading compiled-in X.509 certificates
[    0.465563] PM:   Magic number: 14:196:38
[    0.465845] bdi 7:3: hash matches
[    0.466113] printk: console [netcon0] enabled
[    0.466449] netconsole: network logging started
[    0.466797] cfg80211: Loading compiled-in X.509 certificates for regulatory database
[    0.467381] cryptomgr_probe (55) used greatest stack depth: 15528 bytes left
[    0.467932] Loaded X.509 cert 'sforshee: 00b28ddf47aef9cea7'
[    0.468313] ALSA device list:
[    0.468525]   No soundcards found.
[    0.877070] Freeing initrd memory: 8728K
[    0.877551] platform regulatory.0: Direct firmware load for regulatory.db failed with error -2
[    0.878202] cfg80211: failed to load regulatory.db
[    0.879171] Freeing unused kernel image (initmem) memory: 1324K
[    0.880299] Write protecting the kernel read-only data: 30720k
[    0.880841] Freeing unused kernel image (text/rodata gap) memory: 1844K
[    0.881186] Freeing unused kernel image (rodata/data gap) memory: 192K
[    0.881501] Run /init as init process
[    0.883010] mount (57) used greatest stack depth: 13472 bytes left
[    0.887731] awk (65) used greatest stack depth: 13408 bytes left
[    0.889831] ip (68) used greatest stack depth: 13240 bytes left
[    1.237816] input: ImExPS/2 Generic Explorer Mouse as /devices/platform/i8042/serio1/input/input3
[    1.425546] tsc: Refined TSC clocksource calibration: 2496.486 MHz
[    1.426494] clocksource: tsc: mask: 0xffffffffffffffff max_cycles: 0x23fc427387c, max_idle_ns: 440795271176 ns
[    1.428068] clocksource: Switched to clocksource tsc
[    1.490390] IPv6: ADDRCONF(NETDEV_CHANGE): eth0: link becomes ready
RUN_START mode=ukl loop=recover run_id=try3-c4-sysonly kernel=6.3.0+ uptime=5.78
UKL-MQTT-BENCH: starting, run_id=try3-c4-sysonly loop=recover duration=30 sec
UKL-MQTT-BENCH: broker connected, connect_us=596, running for 30 sec
UKL-MQTT-BENCH: WINDOW run_id=try3-c4-sysonly loop=recover accepted=21835467 attempts=52995001 buffer_full_returns=31159534 window_ns=30000000202 payload_bytes=1386358778 payload_min=57 payload_max=64 stopped_on_error=0 stop_code=0
UKL-MQTT-BENCH: SECOND run_id=try3-c4-sysonly s=0 accepted=760827
UKL-MQTT-BENCH: SECOND run_id=try3-c4-sysonly s=1 accepted=731373
UKL-MQTT-BENCH: SECOND run_id=try3-c4-sysonly s=2 accepted=728951
UKL-MQTT-BENCH: SECOND run_id=try3-c4-sysonly s=3 accepted=733149
UKL-MQTT-BENCH: SECOND run_id=try3-c4-sysonly s=4 accepted=732528
UKL-MQTT-BENCH: SECOND run_id=try3-c4-sysonly s=5 accepted=732838
UKL-MQTT-BENCH: SECOND run_id=try3-c4-sysonly s=6 accepted=731146
UKL-MQTT-BENCH: SECOND run_id=try3-c4-sysonly s=7 accepted=733925
UKL-MQTT-BENCH: SECOND run_id=try3-c4-sysonly s=8 accepted=729214
UKL-MQTT-BENCH: SECOND run_id=try3-c4-sysonly s=9 accepted=730166
UKL-MQTT-BENCH: SECOND run_id=try3-c4-sysonly s=10 accepted=729196
UKL-MQTT-BENCH: SECOND run_id=try3-c4-sysonly s=11 accepted=712073
UKL-MQTT-BENCH: SECOND run_id=try3-c4-sysonly s=12 accepted=727877
UKL-MQTT-BENCH: SECOND run_id=try3-c4-sysonly s=13 accepted=733859
UKL-MQTT-BENCH: SECOND run_id=try3-c4-sysonly s=14 accepted=735028
UKL-MQTT-BENCH: SECOND run_id=try3-c4-sysonly s=15 accepted=727620
UKL-MQTT-BENCH: SECOND run_id=try3-c4-sysonly s=16 accepted=733831
UKL-MQTT-BENCH: SECOND run_id=try3-c4-sysonly s=17 accepted=731007
UKL-MQTT-BENCH: SECOND run_id=try3-c4-sysonly s=18 accepted=733341
UKL-MQTT-BENCH: SECOND run_id=try3-c4-sysonly s=19 accepted=734021
UKL-MQTT-BENCH: SECOND run_id=try3-c4-sysonly s=20 accepted=727620
UKL-MQTT-BENCH: SECOND run_id=try3-c4-sysonly s=21 accepted=733100
UKL-MQTT-BENCH: SECOND run_id=try3-c4-sysonly s=22 accepted=720950
UKL-MQTT-BENCH: SECOND run_id=try3-c4-sysonly s=23 accepted=709596
UKL-MQTT-BENCH: SECOND run_id=try3-c4-sysonly s=24 accepted=703384
UKL-MQTT-BENCH: SECOND run_id=try3-c4-sysonly s=25 accepted=703459
UKL-MQTT-BENCH: SECOND run_id=try3-c4-sysonly s=26 accepted=715473
UKL-MQTT-BENCH: SECOND run_id=try3-c4-sysonly s=27 accepted=724675
UKL-MQTT-BENCH: SECOND run_id=try3-c4-sysonly s=28 accepted=726784
UKL-MQTT-BENCH: SECOND run_id=try3-c4-sysonly s=29 accepted=728456
UKL-MQTT-BENCH: BUFFULL_SUMMARY run_id=try3-c4-sysonly periods=5433 total_us=16545346 lt10us=0 lt100us=0 lt1ms=262 lt10ms=5171 lt100ms=0 ge100ms=0 open_at_window_end=1
UKL-MQTT-BENCH: BUFFULL run_id=try3-c4-sysonly start_us=1786 end_us=3302 dur_us=1516
UKL-MQTT-BENCH: BUFFULL run_id=try3-c4-sysonly start_us=16324 end_us=19286 dur_us=2961
UKL-MQTT-BENCH: BUFFULL run_id=try3-c4-sysonly start_us=42021 end_us=43161 dur_us=1139
UKL-MQTT-BENCH: BUFFULL run_id=try3-c4-sysonly start_us=46987 end_us=48108 dur_us=1120
UKL-MQTT-BENCH: BUFFULL run_id=try3-c4-sysonly start_us=52699 end_us=57159 dur_us=4459
UKL-MQTT-BENCH: BUFFULL run_id=try3-c4-sysonly start_us=59810 end_us=63181 dur_us=3371
UKL-MQTT-BENCH: BUFFULL run_id=try3-c4-sysonly start_us=65834 end_us=69160 dur_us=3326
UKL-MQTT-BENCH: BUFFULL run_id=try3-c4-sysonly start_us=71880 end_us=75174 dur_us=3293
UKL-MQTT-BENCH: BUFFULL run_id=try3-c4-sysonly start_us=77822 end_us=81160 dur_us=3337
UKL-MQTT-BENCH: BUFFULL run_id=try3-c4-sysonly start_us=83815 end_us=87154 dur_us=3338
UKL-MQTT-BENCH: BUFFULL run_id=try3-c4-sysonly start_us=89803 end_us=93171 dur_us=3368
UKL-MQTT-BENCH: BUFFULL run_id=try3-c4-sysonly start_us=95817 end_us=99151 dur_us=3333
UKL-MQTT-BENCH: BUFFULL run_id=try3-c4-sysonly start_us=101753 end_us=105166 dur_us=3412
UKL-MQTT-BENCH: BUFFULL run_id=try3-c4-sysonly start_us=107782 end_us=111178 dur_us=3396
UKL-MQTT-BENCH: BUFFULL run_id=try3-c4-sysonly start_us=113816 end_us=117168 dur_us=3351
UKL-MQTT-BENCH: BUFFULL run_id=try3-c4-sysonly start_us=119791 end_us=122229 dur_us=2437
UKL-MQTT-BENCH: BUFFULL run_id=try3-c4-sysonly start_us=124890 end_us=126104 dur_us=1214
UKL-MQTT-BENCH: BUFFULL run_id=try3-c4-sysonly start_us=127635 end_us=132156 dur_us=4520
UKL-MQTT-BENCH: BUFFULL run_id=try3-c4-sysonly start_us=134774 end_us=138173 dur_us=3398
UKL-MQTT-BENCH: BUFFULL run_id=try3-c4-sysonly start_us=140783 end_us=144161 dur_us=3378
UKL-MQTT-BENCH: BUFFULL run_id=try3-c4-sysonly start_us=146767 end_us=150185 dur_us=3417
UKL-MQTT-BENCH: BUFFULL run_id=try3-c4-sysonly start_us=152864 end_us=156168 dur_us=3303
UKL-MQTT-BENCH: BUFFULL run_id=try3-c4-sysonly start_us=158792 end_us=160182 dur_us=1389
UKL-MQTT-BENCH: BUFFULL run_id=try3-c4-sysonly start_us=162248 end_us=166177 dur_us=3929
UKL-MQTT-BENCH: BUFFULL run_id=try3-c4-sysonly start_us=168816 end_us=171116 dur_us=2299
UKL-MQTT-BENCH: BUFFULL run_id=try3-c4-sysonly start_us=173182 end_us=177153 dur_us=3970
UKL-MQTT-BENCH: BUFFULL run_id=try3-c4-sysonly start_us=181639 end_us=186155 dur_us=4515
UKL-MQTT-BENCH: BUFFULL run_id=try3-c4-sysonly start_us=188763 end_us=192164 dur_us=3400
UKL-MQTT-BENCH: BUFFULL run_id=try3-c4-sysonly start_us=194777 end_us=198167 dur_us=3389
UKL-MQTT-BENCH: BUFFULL run_id=try3-c4-sysonly start_us=200781 end_us=203097 dur_us=2315
UKL-MQTT-BENCH: BUFFULL run_id=try3-c4-sysonly start_us=205154 end_us=207097 dur_us=1943
UKL-MQTT-BENCH: BUFFULL run_id=try3-c4-sysonly start_us=209149 end_us=213177 dur_us=4027
UKL-MQTT-BENCH: BUFFULL run_id=try3-c4-sysonly start_us=215793 end_us=219167 dur_us=3374
UKL-MQTT-BENCH: BUFFULL run_id=try3-c4-sysonly start_us=221775 end_us=225167 dur_us=3391
UKL-MQTT-BENCH: BUFFULL run_id=try3-c4-sysonly start_us=227773 end_us=231173 dur_us=3399
UKL-MQTT-BENCH: BUFFULL run_id=try3-c4-sysonly start_us=233823 end_us=235095 dur_us=1271
UKL-MQTT-BENCH: BUFFULL run_id=try3-c4-sysonly start_us=237158 end_us=240131 dur_us=2972
UKL-MQTT-BENCH: BUFFULL run_id=try3-c4-sysonly start_us=242186 end_us=244071 dur_us=1885
UKL-MQTT-BENCH: BUFFULL run_id=try3-c4-sysonly start_us=245600 end_us=250284 dur_us=4684
UKL-MQTT-BENCH: BUFFULL run_id=try3-c4-sysonly start_us=253487 end_us=256154 dur_us=2667
UKL-MQTT-BENCH: BUFFULL run_id=try3-c4-sysonly start_us=258783 end_us=262176 dur_us=3393
UKL-MQTT-BENCH: BUFFULL run_id=try3-c4-sysonly start_us=264842 end_us=267099 dur_us=2257
UKL-MQTT-BENCH: BUFFULL run_id=try3-c4-sysonly start_us=269214 end_us=274226 dur_us=5012
UKL-MQTT-BENCH: BUFFULL run_id=try3-c4-sysonly start_us=277377 end_us=279134 dur_us=1756
UKL-MQTT-BENCH: BUFFULL run_id=try3-c4-sysonly start_us=281197 end_us=285915 dur_us=4717
UKL-MQTT-BENCH: BUFFULL run_id=try3-c4-sysonly start_us=289046 end_us=290098 dur_us=1052
UKL-MQTT-BENCH: BUFFULL run_id=try3-c4-sysonly start_us=292156 end_us=296190 dur_us=4034
UKL-MQTT-BENCH: BUFFULL run_id=try3-c4-sysonly start_us=300042 end_us=305180 dur_us=5137
UKL-MQTT-BENCH: BUFFULL run_id=try3-c4-sysonly start_us=308310 end_us=310136 dur_us=1825
UKL-MQTT-BENCH: BUFFULL run_id=try3-c4-sysonly start_us=312193 end_us=317209 dur_us=5015
UKL-MQTT-BENCH: BUFFULL run_id=try3-c4-sysonly start_us=322070 end_us=326175 dur_us=4105
UKL-MQTT-BENCH: BUFFULL run_id=try3-c4-sysonly start_us=328778 end_us=330070 dur_us=1291
UKL-MQTT-BENCH: BUFFULL run_id=try3-c4-sysonly start_us=331594 end_us=336150 dur_us=4555
UKL-MQTT-BENCH: BUFFULL run_id=try3-c4-sysonly start_us=338776 end_us=340132 dur_us=1355
UKL-MQTT-BENCH: BUFFULL run_id=try3-c4-sysonly start_us=342190 end_us=347199 dur_us=5009
UKL-MQTT-BENCH: BUFFULL run_id=try3-c4-sysonly start_us=350338 end_us=352143 dur_us=1805
UKL-MQTT-BENCH: BUFFULL run_id=try3-c4-sysonly start_us=354231 end_us=357101 dur_us=2870
UKL-MQTT-BENCH: BUFFULL run_id=try3-c4-sysonly start_us=359180 end_us=361097 dur_us=1917
UKL-MQTT-BENCH: BUFFULL run_id=try3-c4-sysonly start_us=362637 end_us=366157 dur_us=3519
UKL-MQTT-BENCH: BUFFULL run_id=try3-c4-sysonly start_us=369508 end_us=373228 dur_us=3719
UKL-MQTT-BENCH: BUFFULL run_id=try3-c4-sysonly start_us=376391 end_us=379156 dur_us=2765
UKL-MQTT-BENCH: BUFFULL run_id=try3-c4-sysonly start_us=381812 end_us=385179 dur_us=3367
UKL-MQTT-BENCH: BUFFULL run_id=try3-c4-sysonly start_us=387871 end_us=391198 dur_us=3326
UKL-MQTT-BENCH: BUFFULL run_id=try3-c4-sysonly start_us=393838 end_us=398179 dur_us=4341
UKL-MQTT-BENCH: BUFFULL run_id=try3-c4-sysonly start_us=401329 end_us=403134 dur_us=1805
UKL-MQTT-BENCH: BUFFULL run_id=try3-c4-sysonly start_us=405279 end_us=408180 dur_us=2900
UKL-MQTT-BENCH: BUFFULL run_id=try3-c4-sysonly start_us=410773 end_us=413082 dur_us=2309
UKL-MQTT-BENCH: BUFFULL run_id=try3-c4-sysonly start_us=415132 end_us=419172 dur_us=4039
UKL-MQTT-BENCH: BUFFULL run_id=try3-c4-sysonly start_us=421812 end_us=423187 dur_us=1374
UKL-MQTT-BENCH: BUFFULL run_id=try3-c4-sysonly start_us=425256 end_us=429167 dur_us=3910
UKL-MQTT-BENCH: BUFFULL run_id=try3-c4-sysonly start_us=431765 end_us=433068 dur_us=1302
UKL-MQTT-BENCH: BUFFULL run_id=try3-c4-sysonly start_us=434590 end_us=440229 dur_us=5638
UKL-MQTT-BENCH: BUFFULL run_id=try3-c4-sysonly start_us=445101 end_us=449149 dur_us=4047
UKL-MQTT-BENCH: BUFFULL run_id=try3-c4-sysonly start_us=451766 end_us=453092 dur_us=1325
UKL-MQTT-BENCH: BUFFULL run_id=try3-c4-sysonly start_us=454656 end_us=458190 dur_us=3534
UKL-MQTT-BENCH: BUFFULL run_id=try3-c4-sysonly start_us=460816 end_us=462082 dur_us=1265
UKL-MQTT-BENCH: BUFFULL run_id=try3-c4-sysonly start_us=463626 end_us=469201 dur_us=5575
UKL-MQTT-BENCH: BUFFULL run_id=try3-c4-sysonly start_us=475246 end_us=480179 dur_us=4933
UKL-MQTT-BENCH: BUFFULL run_id=try3-c4-sysonly start_us=482781 end_us=484109 dur_us=1327
UKL-MQTT-BENCH: BUFFULL run_id=try3-c4-sysonly start_us=486154 end_us=491177 dur_us=5022
UKL-MQTT-BENCH: BUFFULL run_id=try3-c4-sysonly start_us=494334 end_us=496180 dur_us=1846
UKL-MQTT-BENCH: BUFFULL run_id=try3-c4-sysonly start_us=498774 end_us=502153 dur_us=3378
UKL-MQTT-BENCH: BUFFULL run_id=try3-c4-sysonly start_us=504758 end_us=508145 dur_us=3387
UKL-MQTT-BENCH: BUFFULL run_id=try3-c4-sysonly start_us=510743 end_us=512080 dur_us=1336
UKL-MQTT-BENCH: BUFFULL run_id=try3-c4-sysonly start_us=513605 end_us=518154 dur_us=4548
UKL-MQTT-BENCH: BUFFULL run_id=try3-c4-sysonly start_us=520799 end_us=523238 dur_us=2438
UKL-MQTT-BENCH: BUFFULL run_id=try3-c4-sysonly start_us=525839 end_us=529164 dur_us=3324
UKL-MQTT-BENCH: BUFFULL run_id=try3-c4-sysonly start_us=531755 end_us=535161 dur_us=3406
UKL-MQTT-BENCH: BUFFULL run_id=try3-c4-sysonly start_us=537762 end_us=541152 dur_us=3390
UKL-MQTT-BENCH: BUFFULL run_id=try3-c4-sysonly start_us=543741 end_us=547163 dur_us=3421
UKL-MQTT-BENCH: BUFFULL run_id=try3-c4-sysonly start_us=549774 end_us=551087 dur_us=1313
UKL-MQTT-BENCH: BUFFULL run_id=try3-c4-sysonly start_us=553140 end_us=556096 dur_us=2955
UKL-MQTT-BENCH: BUFFULL run_id=try3-c4-sysonly start_us=558243 end_us=562165 dur_us=3922
UKL-MQTT-BENCH: BUFFULL run_id=try3-c4-sysonly start_us=564786 end_us=568158 dur_us=3372
UKL-MQTT-BENCH: BUFFULL run_id=try3-c4-sysonly start_us=570779 end_us=575198 dur_us=4419
UKL-MQTT-BENCH: BUFFULL run_id=try3-c4-sysonly start_us=578339 end_us=580137 dur_us=1797
UKL-MQTT-BENCH: BUFFULL run_id=try3-c4-sysonly start_us=582221 end_us=586202 dur_us=3981
UKL-MQTT-BENCH: BUFFULL run_id=try3-c4-sysonly start_us=589353 end_us=591108 dur_us=1754
UKL-MQTT-BENCH: BUFFULL run_id=try3-c4-sysonly start_us=593165 end_us=597232 dur_us=4067
UKL-MQTT-BENCH: BUFFULL run_id=try3-c4-sysonly start_us=602437 end_us=608292 dur_us=5855
UKL-MQTT-BENCH: BUFFULL run_id=try3-c4-sysonly start_us=611417 end_us=613157 dur_us=1740
UKL-MQTT-BENCH: BUFFULL run_id=try3-c4-sysonly start_us=615214 end_us=619286 dur_us=4071
UKL-MQTT-BENCH: BUFFULL run_id=try3-c4-sysonly start_us=623053 end_us=626126 dur_us=3073
UKL-MQTT-BENCH: BUFFULL run_id=try3-c4-sysonly start_us=628201 end_us=631528 dur_us=3326
UKL-MQTT-BENCH: BUFFULL run_id=try3-c4-sysonly start_us=634715 end_us=638157 dur_us=3441
UKL-MQTT-BENCH: BUFFULL run_id=try3-c4-sysonly start_us=640763 end_us=645175 dur_us=4411
UKL-MQTT-BENCH: BUFFULL run_id=try3-c4-sysonly start_us=647782 end_us=650153 dur_us=2371
UKL-MQTT-BENCH: BUFFULL run_id=try3-c4-sysonly start_us=652768 end_us=656158 dur_us=3389
UKL-MQTT-BENCH: BUFFULL run_id=try3-c4-sysonly start_us=658786 end_us=662182 dur_us=3395
UKL-MQTT-BENCH: BUFFULL run_id=try3-c4-sysonly start_us=664811 end_us=668164 dur_us=3352
UKL-MQTT-BENCH: BUFFULL run_id=try3-c4-sysonly start_us=670884 end_us=675212 dur_us=4327
UKL-MQTT-BENCH: BUFFULL run_id=try3-c4-sysonly start_us=678571 end_us=680139 dur_us=1568
UKL-MQTT-BENCH: BUFFULL run_id=try3-c4-sysonly start_us=682341 end_us=686180 dur_us=3839
UKL-MQTT-BENCH: BUFFULL run_id=try3-c4-sysonly start_us=688798 end_us=690093 dur_us=1295
UKL-MQTT-BENCH: BUFFULL run_id=try3-c4-sysonly start_us=691641 end_us=696220 dur_us=4578
UKL-MQTT-BENCH: BUFFULL run_id=try3-c4-sysonly start_us=698839 end_us=701223 dur_us=2384
UKL-MQTT-BENCH: BUFFULL run_id=try3-c4-sysonly start_us=703868 end_us=708157 dur_us=4288
UKL-MQTT-BENCH: BUFFULL run_id=try3-c4-sysonly start_us=710755 end_us=712094 dur_us=1339
UKL-MQTT-BENCH: BUFFULL run_id=try3-c4-sysonly start_us=716055 end_us=721144 dur_us=5089
UKL-MQTT-BENCH: BUFFULL run_id=try3-c4-sysonly start_us=723754 end_us=727192 dur_us=3437
UKL-MQTT-BENCH: BUFFULL run_id=try3-c4-sysonly start_us=730323 end_us=733146 dur_us=2822
UKL-MQTT-BENCH: BUFFULL run_id=try3-c4-sysonly start_us=735763 end_us=740204 dur_us=4440
UKL-MQTT-BENCH: BUFFULL run_id=try3-c4-sysonly start_us=743345 end_us=746164 dur_us=2818
UKL-MQTT-BENCH: BUFFULL run_id=try3-c4-sysonly start_us=748782 end_us=752171 dur_us=3388
UKL-MQTT-BENCH: BUFFULL run_id=try3-c4-sysonly start_us=754843 end_us=758172 dur_us=3328
UKL-MQTT-BENCH: BUFFULL run_id=try3-c4-sysonly start_us=760787 end_us=764186 dur_us=3399
UKL-MQTT-BENCH: BUFFULL run_id=try3-c4-sysonly start_us=766808 end_us=770170 dur_us=3362
UKL-MQTT-BENCH: BUFFULL run_id=try3-c4-sysonly start_us=772788 end_us=775149 dur_us=2360
UKL-MQTT-BENCH: BUFFULL run_id=try3-c4-sysonly start_us=777769 end_us=780113 dur_us=2344
UKL-MQTT-BENCH: BUFFULL run_id=try3-c4-sysonly start_us=782179 end_us=787210 dur_us=5031
UKL-MQTT-BENCH: BUFFULL run_id=try3-c4-sysonly start_us=790365 end_us=793165 dur_us=2799
UKL-MQTT-BENCH: BUFFULL run_id=try3-c4-sysonly start_us=795788 end_us=799179 dur_us=3391
UKL-MQTT-BENCH: BUFFULL run_id=try3-c4-sysonly start_us=801790 end_us=803103 dur_us=1312
UKL-MQTT-BENCH: BUFFULL run_id=try3-c4-sysonly start_us=805155 end_us=810199 dur_us=5044
UKL-MQTT-BENCH: BUFFULL run_id=try3-c4-sysonly start_us=813332 end_us=815111 dur_us=1778
UKL-MQTT-BENCH: BUFFULL run_id=try3-c4-sysonly start_us=817162 end_us=821218 dur_us=4055
UKL-MQTT-BENCH: BUFFULL run_id=try3-c4-sysonly start_us=823818 end_us=825090 dur_us=1271
UKL-MQTT-BENCH: BUFFULL run_id=try3-c4-sysonly start_us=827142 end_us=831147 dur_us=4004
UKL-MQTT-BENCH: BUFFULL run_id=try3-c4-sysonly start_us=833757 end_us=837171 dur_us=3414
UKL-MQTT-BENCH: BUFFULL run_id=try3-c4-sysonly start_us=839787 end_us=843159 dur_us=3372
UKL-MQTT-BENCH: BUFFULL run_id=try3-c4-sysonly start_us=845781 end_us=849161 dur_us=3379
UKL-MQTT-BENCH: BUFFULL run_id=try3-c4-sysonly start_us=851769 end_us=853086 dur_us=1317
UKL-MQTT-BENCH: BUFFULL run_id=try3-c4-sysonly start_us=855148 end_us=858117 dur_us=2968
UKL-MQTT-BENCH: BUFFULL run_id=try3-c4-sysonly start_us=860178 end_us=863114 dur_us=2936
UKL-MQTT-BENCH: BUFFULL run_id=try3-c4-sysonly start_us=865290 end_us=870201 dur_us=4911
UKL-MQTT-BENCH: BUFFULL run_id=try3-c4-sysonly start_us=875180 end_us=879255 dur_us=4074
UKL-MQTT-BENCH: BUFFULL run_id=try3-c4-sysonly start_us=881882 end_us=883116 dur_us=1233
UKL-MQTT-BENCH: BUFFULL run_id=try3-c4-sysonly start_us=884689 end_us=887178 dur_us=2489
UKL-MQTT-BENCH: BUFFULL run_id=try3-c4-sysonly start_us=889252 end_us=892144 dur_us=2892
UKL-MQTT-BENCH: BUFFULL run_id=try3-c4-sysonly start_us=894205 end_us=896107 dur_us=1902
UKL-MQTT-BENCH: BUFFULL run_id=try3-c4-sysonly start_us=897633 end_us=901105 dur_us=3472
UKL-MQTT-BENCH: BUFFULL run_id=try3-c4-sysonly start_us=903174 end_us=905112 dur_us=1937
UKL-MQTT-BENCH: BUFFULL run_id=try3-c4-sysonly start_us=907163 end_us=911146 dur_us=3983
UKL-MQTT-BENCH: BUFFULL run_id=try3-c4-sysonly start_us=913750 end_us=917143 dur_us=3392
UKL-MQTT-BENCH: BUFFULL run_id=try3-c4-sysonly start_us=919747 end_us=923144 dur_us=3396
UKL-MQTT-BENCH: BUFFULL run_id=try3-c4-sysonly start_us=925751 end_us=929159 dur_us=3408
UKL-MQTT-BENCH: BUFFULL run_id=try3-c4-sysonly start_us=931766 end_us=934136 dur_us=2369
UKL-MQTT-BENCH: BUFFULL run_id=try3-c4-sysonly start_us=936749 end_us=940165 dur_us=3415
UKL-MQTT-BENCH: BUFFULL run_id=try3-c4-sysonly start_us=942762 end_us=946161 dur_us=3398
UKL-MQTT-BENCH: BUFFULL run_id=try3-c4-sysonly start_us=948773 end_us=952161 dur_us=3388
UKL-MQTT-BENCH: BUFFULL run_id=try3-c4-sysonly start_us=954798 end_us=958142 dur_us=3344
UKL-MQTT-BENCH: BUFFULL run_id=try3-c4-sysonly start_us=960753 end_us=964162 dur_us=3408
UKL-MQTT-BENCH: BUFFULL run_id=try3-c4-sysonly start_us=966839 end_us=970270 dur_us=3430
UKL-MQTT-BENCH: BUFFULL run_id=try3-c4-sysonly start_us=972912 end_us=975599 dur_us=2686
UKL-MQTT-BENCH: BUFFULL run_id=try3-c4-sysonly start_us=978240 end_us=982172 dur_us=3931
UKL-MQTT-BENCH: BUFFULL run_id=try3-c4-sysonly start_us=984851 end_us=987288 dur_us=2436
UKL-MQTT-BENCH: BUFFULL run_id=try3-c4-sysonly start_us=989903 end_us=992101 dur_us=2198
UKL-MQTT-BENCH: BUFFULL run_id=try3-c4-sysonly start_us=994174 end_us=997125 dur_us=2951
UKL-MQTT-BENCH: BUFFULL run_id=try3-c4-sysonly start_us=999187 end_us=1001187 dur_us=1999
UKL-MQTT-BENCH: BUFFULL run_id=try3-c4-sysonly start_us=1003248 end_us=1009197 dur_us=5949
UKL-MQTT-BENCH: BUFFULL run_id=try3-c4-sysonly start_us=1012332 end_us=1015187 dur_us=2855
UKL-MQTT-BENCH: BUFFULL run_id=try3-c4-sysonly start_us=1017799 end_us=1020161 dur_us=2361
UKL-MQTT-BENCH: BUFFULL run_id=try3-c4-sysonly start_us=1022803 end_us=1025106 dur_us=2302
UKL-MQTT-BENCH: BUFFULL run_id=try3-c4-sysonly start_us=1027165 end_us=1030135 dur_us=2970
UKL-MQTT-BENCH: BUFFULL run_id=try3-c4-sysonly start_us=1032203 end_us=1034103 dur_us=1899
UKL-MQTT-BENCH: BUFFULL run_id=try3-c4-sysonly start_us=1036168 end_us=1041187 dur_us=5018
UKL-MQTT-BENCH: BUFFULL run_id=try3-c4-sysonly start_us=1044322 end_us=1047132 dur_us=2809
UKL-MQTT-BENCH: BUFFULL run_id=try3-c4-sysonly start_us=1049197 end_us=1052166 dur_us=2969
UKL-MQTT-BENCH: BUFFULL run_id=try3-c4-sysonly start_us=1056617 end_us=1060189 dur_us=3572
UKL-MQTT-BENCH: BUFFULL run_id=try3-c4-sysonly start_us=1062244 end_us=1067220 dur_us=4975
UKL-MQTT-BENCH: BUFFULL run_id=try3-c4-sysonly start_us=1070407 end_us=1072220 dur_us=1812
UKL-MQTT-BENCH: BUFFULL run_id=try3-c4-sysonly start_us=1074289 end_us=1078167 dur_us=3877
UKL-MQTT-BENCH: BUFFULL run_id=try3-c4-sysonly start_us=1081998 end_us=1086164 dur_us=4166
UKL-MQTT-BENCH: BUFFULL run_id=try3-c4-sysonly start_us=1088824 end_us=1091157 dur_us=2332
UKL-MQTT-BENCH: BUFFULL run_id=try3-c4-sysonly start_us=1093224 end_us=1098201 dur_us=4976
UKL-MQTT-BENCH: BUFFULL run_id=try3-c4-sysonly start_us=1101353 end_us=1103139 dur_us=1786
UKL-MQTT-BENCH: BUFFULL run_id=try3-c4-sysonly start_us=1105202 end_us=1109175 dur_us=3973
UKL-MQTT-BENCH: BUFFULL run_id=try3-c4-sysonly start_us=1114614 end_us=1119146 dur_us=4531
UKL-MQTT-BENCH: BUFFULL run_id=try3-c4-sysonly start_us=1121765 end_us=1125174 dur_us=3408
UKL-MQTT-BENCH: BUFFULL run_id=try3-c4-sysonly start_us=1127788 end_us=1131170 dur_us=3382
UKL-MQTT-BENCH: BUFFULL run_id=try3-c4-sysonly start_us=1133788 end_us=1137175 dur_us=3387
UKL-MQTT-BENCH: BUFFULL run_id=try3-c4-sysonly start_us=1139781 end_us=1141133 dur_us=1352
UKL-MQTT-BENCH: BUFFULL run_id=try3-c4-sysonly start_us=1143188 end_us=1147146 dur_us=3957
UKL-MQTT-BENCH: BUFFULL run_id=try3-c4-sysonly start_us=1151037 end_us=1155178 dur_us=4141
UKL-MQTT-BENCH: BUFFULL run_id=try3-c4-sysonly start_us=1157795 end_us=1162173 dur_us=4378
UKL-MQTT-BENCH: BUFFULL run_id=try3-c4-sysonly start_us=1165322 end_us=1168162 dur_us=2840
UKL-MQTT-BENCH: BUFFULL run_id=try3-c4-sysonly start_us=1170796 end_us=1174177 dur_us=3380
UKL-MQTT-BENCH: BUFFULL run_id=try3-c4-sysonly start_us=1176799 end_us=1179097 dur_us=2297
UKL-MQTT-BENCH: BUFFULL run_id=try3-c4-sysonly start_us=1181164 end_us=1183191 dur_us=2026
UKL-MQTT-BENCH: BUFFULL run_id=try3-c4-sysonly start_us=1185260 end_us=1188119 dur_us=2858
UKL-MQTT-BENCH: BUFFULL run_id=try3-c4-sysonly start_us=1190192 end_us=1195200 dur_us=5008
UKL-MQTT-BENCH: BUFFULL run_id=try3-c4-sysonly start_us=1198354 end_us=1201192 dur_us=2838
UKL-MQTT-BENCH: BUFFULL run_id=try3-c4-sysonly start_us=1203808 end_us=1207191 dur_us=3383
UKL-MQTT-BENCH: BUFFULL run_id=try3-c4-sysonly start_us=1209798 end_us=1212110 dur_us=2312
UKL-MQTT-BENCH: BUFFULL run_id=try3-c4-sysonly start_us=1214171 end_us=1219219 dur_us=5047
UKL-MQTT-BENCH: BUFFULL run_id=try3-c4-sysonly start_us=1222375 end_us=1224132 dur_us=1756
UKL-MQTT-BENCH: BUFFULL run_id=try3-c4-sysonly start_us=1226169 end_us=1230166 dur_us=3997
UKL-MQTT-BENCH: BUFFULL run_id=try3-c4-sysonly start_us=1232781 end_us=1234095 dur_us=1313
UKL-MQTT-BENCH: BUFFULL run_id=try3-c4-sysonly start_us=1236169 end_us=1240154 dur_us=3985
UKL-MQTT-BENCH: BUFFULL run_id=try3-c4-sysonly start_us=1244665 end_us=1250202 dur_us=5536
UKL-MQTT-BENCH: BUFFULL run_id=try3-c4-sysonly start_us=1253350 end_us=1255097 dur_us=1746
UKL-MQTT-BENCH: BUFFULL run_id=try3-c4-sysonly start_us=1257161 end_us=1261186 dur_us=4025
UKL-MQTT-BENCH: BUFFULL run_id=try3-c4-sysonly start_us=1265607 end_us=1271194 dur_us=5587
UKL-MQTT-BENCH: BUFFULL run_id=try3-c4-sysonly start_us=1274390 end_us=1276105 dur_us=1714
UKL-MQTT-BENCH: BUFFULL run_id=try3-c4-sysonly start_us=1278180 end_us=1282192 dur_us=4012
UKL-MQTT-BENCH: BUFFULL run_id=try3-c4-sysonly start_us=1286606 end_us=1293230 dur_us=6623
UKL-MQTT-BENCH: BUFFULL run_id=try3-c4-sysonly start_us=1298144 end_us=1302173 dur_us=4029
UKL-MQTT-BENCH: BUFFULL run_id=try3-c4-sysonly start_us=1304785 end_us=1306069 dur_us=1284
UKL-MQTT-BENCH: BUFFULL run_id=try3-c4-sysonly start_us=1307608 end_us=1311160 dur_us=3551
UKL-MQTT-BENCH: BUFFULL run_id=try3-c4-sysonly start_us=1313764 end_us=1315062 dur_us=1298
UKL-MQTT-BENCH: BUFFULL run_id=try3-c4-sysonly start_us=1316601 end_us=1323182 dur_us=6581
UKL-MQTT-BENCH: BUFFULL run_id=try3-c4-sysonly start_us=1327945 end_us=1329138 dur_us=1193
UKL-MQTT-BENCH: BUFFULL run_id=try3-c4-sysonly start_us=1331156 end_us=1335778 dur_us=4622
UKL-MQTT-BENCH: BUFFULL run_id=try3-c4-sysonly start_us=1339427 end_us=1342146 dur_us=2719
UKL-MQTT-BENCH: BUFFULL run_id=try3-c4-sysonly start_us=1344728 end_us=1349179 dur_us=4450
UKL-MQTT-BENCH: BUFFULL run_id=try3-c4-sysonly start_us=1352343 end_us=1354179 dur_us=1835
UKL-MQTT-BENCH: BUFFULL run_id=try3-c4-sysonly start_us=1356827 end_us=1362157 dur_us=5329
UKL-MQTT-BENCH: BUFFULL run_id=try3-c4-sysonly start_us=1365299 end_us=1368160 dur_us=2860
UKL-MQTT-BENCH: BUFFULL run_id=try3-c4-sysonly start_us=1370731 end_us=1373157 dur_us=2426
UKL-MQTT-BENCH: BUFFULL run_id=try3-c4-sysonly start_us=1375249 end_us=1379156 dur_us=3907
UKL-MQTT-BENCH: BUFFULL run_id=try3-c4-sysonly start_us=1381737 end_us=1384161 dur_us=2424
UKL-MQTT-BENCH: BUFFULL run_id=try3-c4-sysonly start_us=1386734 end_us=1389095 dur_us=2361
UKL-MQTT-BENCH: BUFFULL run_id=try3-c4-sysonly start_us=1391145 end_us=1395173 dur_us=4028
UKL-MQTT-BENCH: BUFFULL run_id=try3-c4-sysonly start_us=1397765 end_us=1401179 dur_us=3413
UKL-MQTT-BENCH: BUFFULL run_id=try3-c4-sysonly start_us=1403818 end_us=1406169 dur_us=2351
UKL-MQTT-BENCH: BUFFULL run_id=try3-c4-sysonly start_us=1408746 end_us=1412163 dur_us=3417
UKL-MQTT-BENCH: BUFFULL run_id=try3-c4-sysonly start_us=1414744 end_us=1418174 dur_us=3430
UKL-MQTT-BENCH: BUFFULL run_id=try3-c4-sysonly start_us=1420828 end_us=1424183 dur_us=3355
UKL-MQTT-BENCH: BUFFULL run_id=try3-c4-sysonly start_us=1426756 end_us=1428183 dur_us=1426
UKL-MQTT-BENCH: BUFFULL run_id=try3-c4-sysonly start_us=1430217 end_us=1435223 dur_us=5006
UKL-MQTT-BENCH: BUFFULL run_id=try3-c4-sysonly start_us=1438412 end_us=1441157 dur_us=2745
UKL-MQTT-BENCH: BUFFULL run_id=try3-c4-sysonly start_us=1443753 end_us=1447165 dur_us=3412
UKL-MQTT-BENCH: BUFFULL run_id=try3-c4-sysonly start_us=1451639 end_us=1455100 dur_us=3460
UKL-MQTT-BENCH: BUFFULL run_id=try3-c4-sysonly start_us=1457128 end_us=1460135 dur_us=3006
UKL-MQTT-BENCH: BUFFULL run_id=try3-c4-sysonly start_us=1462154 end_us=1465154 dur_us=3000
UKL-MQTT-BENCH: BUFFULL run_id=try3-c4-sysonly start_us=1467740 end_us=1471177 dur_us=3437
UKL-MQTT-BENCH: BUFFULL run_id=try3-c4-sysonly start_us=1473750 end_us=1475071 dur_us=1320
UKL-MQTT-BENCH: BUFFULL run_id=try3-c4-sysonly start_us=1476616 end_us=1482230 dur_us=5613
UKL-MQTT-BENCH: BUFFULL run_id=try3-c4-sysonly start_us=1485318 end_us=1487135 dur_us=1817
UKL-MQTT-BENCH: BUFFULL run_id=try3-c4-sysonly start_us=1489709 end_us=1493170 dur_us=3461
UKL-MQTT-BENCH: BUFFULL run_id=try3-c4-sysonly start_us=1495814 end_us=1497113 dur_us=1299
UKL-MQTT-BENCH: BUFFULL run_id=try3-c4-sysonly start_us=1498640 end_us=1503184 dur_us=4544
UKL-MQTT-BENCH: BUFFULL run_id=try3-c4-sysonly start_us=1505764 end_us=1507098 dur_us=1334
UKL-MQTT-BENCH: BUFFULL run_id=try3-c4-sysonly start_us=1509122 end_us=1513149 dur_us=4027
UKL-MQTT-BENCH: BUFFULL run_id=try3-c4-sysonly start_us=1517599 end_us=1522161 dur_us=4562
UKL-MQTT-BENCH: BUFFULL run_id=try3-c4-sysonly start_us=1524739 end_us=1528137 dur_us=3397
UKL-MQTT-BENCH: BUFFULL run_id=try3-c4-sysonly start_us=1530735 end_us=1534159 dur_us=3424
UKL-MQTT-BENCH: BUFFULL run_id=try3-c4-sysonly start_us=1536736 end_us=1539172 dur_us=2435
UKL-MQTT-BENCH: BUFFULL run_id=try3-c4-sysonly start_us=1541745 end_us=1545166 dur_us=3421
UKL-MQTT-BENCH: BUFFULL run_id=try3-c4-sysonly start_us=1547739 end_us=1551147 dur_us=3407
UKL-MQTT-BENCH: BUFFULL run_id=try3-c4-sysonly start_us=1553724 end_us=1557149 dur_us=3424
UKL-MQTT-BENCH: BUFFULL run_id=try3-c4-sysonly start_us=1559733 end_us=1562234 dur_us=2500
UKL-MQTT-BENCH: BUFFULL run_id=try3-c4-sysonly start_us=1564805 end_us=1568145 dur_us=3340
UKL-MQTT-BENCH: BUFFULL run_id=try3-c4-sysonly start_us=1570723 end_us=1573125 dur_us=2401
UKL-MQTT-BENCH: BUFFULL run_id=try3-c4-sysonly start_us=1575167 end_us=1579190 dur_us=4022
UKL-MQTT-BENCH: BUFFULL run_id=try3-c4-sysonly start_us=1581829 end_us=1585171 dur_us=3342
UKL-MQTT-BENCH: BUFFULL run_id=try3-c4-sysonly start_us=1587750 end_us=1590178 dur_us=2428
UKL-MQTT-BENCH: BUFFULL run_id=try3-c4-sysonly start_us=1592762 end_us=1596169 dur_us=3407
UKL-MQTT-BENCH: BUFFULL run_id=try3-c4-sysonly start_us=1598766 end_us=1602167 dur_us=3401
UKL-MQTT-BENCH: BUFFULL run_id=try3-c4-sysonly start_us=1604735 end_us=1608146 dur_us=3411
UKL-MQTT-BENCH: BUFFULL run_id=try3-c4-sysonly start_us=1610730 end_us=1612124 dur_us=1393
UKL-MQTT-BENCH: BUFFULL run_id=try3-c4-sysonly start_us=1614150 end_us=1617125 dur_us=2974
UKL-MQTT-BENCH: BUFFULL run_id=try3-c4-sysonly start_us=1619173 end_us=1624206 dur_us=5032
UKL-MQTT-BENCH: BUFFULL run_id=try3-c4-sysonly start_us=1627305 end_us=1629230 dur_us=1925
UKL-MQTT-BENCH: BUFFULL run_id=try3-c4-sysonly start_us=1631798 end_us=1635161 dur_us=3362
UKL-MQTT-BENCH: BUFFULL run_id=try3-c4-sysonly start_us=1637743 end_us=1641180 dur_us=3437
UKL-MQTT-BENCH: BUFFULL run_id=try3-c4-sysonly start_us=1643754 end_us=1647154 dur_us=3399
UKL-MQTT-BENCH: BUFFULL run_id=try3-c4-sysonly start_us=1649738 end_us=1653146 dur_us=3407
UKL-MQTT-BENCH: BUFFULL run_id=try3-c4-sysonly start_us=1655724 end_us=1658140 dur_us=2415
UKL-MQTT-BENCH: BUFFULL run_id=try3-c4-sysonly start_us=1660713 end_us=1664159 dur_us=3445
UKL-MQTT-BENCH: BUFFULL run_id=try3-c4-sysonly start_us=1666743 end_us=1670147 dur_us=3403
UKL-MQTT-BENCH: BUFFULL run_id=try3-c4-sysonly start_us=1672721 end_us=1676127 dur_us=3406
UKL-MQTT-BENCH: BUFFULL run_id=try3-c4-sysonly start_us=1678681 end_us=1681194 dur_us=2512
UKL-MQTT-BENCH: BUFFULL run_id=try3-c4-sysonly start_us=1683800 end_us=1687164 dur_us=3363
UKL-MQTT-BENCH: BUFFULL run_id=try3-c4-sysonly start_us=1689747 end_us=1692736 dur_us=2988
UKL-MQTT-BENCH: BUFFULL run_id=try3-c4-sysonly start_us=1695352 end_us=1699182 dur_us=3830
UKL-MQTT-BENCH: BUFFULL run_id=try3-c4-sysonly start_us=1701796 end_us=1705174 dur_us=3378
UKL-MQTT-BENCH: BUFFULL run_id=try3-c4-sysonly start_us=1707755 end_us=1710163 dur_us=2408
UKL-MQTT-BENCH: BUFFULL run_id=try3-c4-sysonly start_us=1712744 end_us=1716161 dur_us=3416
UKL-MQTT-BENCH: BUFFULL run_id=try3-c4-sysonly start_us=1718730 end_us=1722171 dur_us=3441
UKL-MQTT-BENCH: BUFFULL run_id=try3-c4-sysonly start_us=1724750 end_us=1728161 dur_us=3411
UKL-MQTT-BENCH: BUFFULL run_id=try3-c4-sysonly start_us=1730733 end_us=1732133 dur_us=1400
UKL-MQTT-BENCH: BUFFULL run_id=try3-c4-sysonly start_us=1734171 end_us=1738159 dur_us=3987
UKL-MQTT-BENCH: BUFFULL run_id=try3-c4-sysonly start_us=1740738 end_us=1744168 dur_us=3429
UKL-MQTT-BENCH: BUFFULL run_id=try3-c4-sysonly start_us=1746740 end_us=1749196 dur_us=2456
UKL-MQTT-BENCH: BUFFULL run_id=try3-c4-sysonly start_us=1751765 end_us=1755140 dur_us=3374
UKL-MQTT-BENCH: BUFFULL run_id=try3-c4-sysonly start_us=1757746 end_us=1761173 dur_us=3426
UKL-MQTT-BENCH: BUFFULL run_id=try3-c4-sysonly start_us=1763752 end_us=1767169 dur_us=3417
UKL-MQTT-BENCH: BUFFULL run_id=try3-c4-sysonly start_us=1769749 end_us=1773153 dur_us=3404
UKL-MQTT-BENCH: BUFFULL run_id=try3-c4-sysonly start_us=1776231 end_us=1779267 dur_us=3035
UKL-MQTT-BENCH: BUFFULL run_id=try3-c4-sysonly start_us=1781836 end_us=1785181 dur_us=3344
UKL-MQTT-BENCH: BUFFULL run_id=try3-c4-sysonly start_us=1787806 end_us=1791152 dur_us=3345
UKL-MQTT-BENCH: BUFFULL run_id=try3-c4-sysonly start_us=1793726 end_us=1797178 dur_us=3451
UKL-MQTT-BENCH: BUFFULL run_id=try3-c4-sysonly start_us=1799771 end_us=1801104 dur_us=1332
UKL-MQTT-BENCH: BUFFULL run_id=try3-c4-sysonly start_us=1803140 end_us=1807164 dur_us=4024
UKL-MQTT-BENCH: BUFFULL run_id=try3-c4-sysonly start_us=1809748 end_us=1812115 dur_us=2366
UKL-MQTT-BENCH: BUFFULL run_id=try3-c4-sysonly start_us=1814153 end_us=1818163 dur_us=4009
UKL-MQTT-BENCH: BUFFULL run_id=try3-c4-sysonly start_us=1822620 end_us=1828180 dur_us=5560
UKL-MQTT-BENCH: BUFFULL run_id=try3-c4-sysonly start_us=1834180 end_us=1839203 dur_us=5023
UKL-MQTT-BENCH: BUFFULL run_id=try3-c4-sysonly start_us=1842300 end_us=1844142 dur_us=1841
UKL-MQTT-BENCH: BUFFULL run_id=try3-c4-sysonly start_us=1846152 end_us=1850155 dur_us=4003
UKL-MQTT-BENCH: BUFFULL run_id=try3-c4-sysonly start_us=1854419 end_us=1858109 dur_us=3690
UKL-MQTT-BENCH: BUFFULL run_id=try3-c4-sysonly start_us=1860133 end_us=1863216 dur_us=3082
UKL-MQTT-BENCH: BUFFULL run_id=try3-c4-sysonly start_us=1865795 end_us=1870194 dur_us=4399
UKL-MQTT-BENCH: BUFFULL run_id=try3-c4-sysonly start_us=1873302 end_us=1876155 dur_us=2852
UKL-MQTT-BENCH: BUFFULL run_id=try3-c4-sysonly start_us=1878719 end_us=1882148 dur_us=3429
UKL-MQTT-BENCH: BUFFULL run_id=try3-c4-sysonly start_us=1884726 end_us=1886151 dur_us=1425
UKL-MQTT-BENCH: BUFFULL run_id=try3-c4-sysonly start_us=1888229 end_us=1893190 dur_us=4961
UKL-MQTT-BENCH: BUFFULL run_id=try3-c4-sysonly start_us=1896298 end_us=1898146 dur_us=1847
UKL-MQTT-BENCH: BUFFULL run_id=try3-c4-sysonly start_us=1900730 end_us=1905159 dur_us=4428
UKL-MQTT-BENCH: BUFFULL run_id=try3-c4-sysonly start_us=1907739 end_us=1909132 dur_us=1393
UKL-MQTT-BENCH: BUFFULL run_id=try3-c4-sysonly start_us=1910643 end_us=1914145 dur_us=3501
UKL-MQTT-BENCH: BUFFULL run_id=try3-c4-sysonly start_us=1916723 end_us=1921162 dur_us=4438
UKL-MQTT-BENCH: BUFFULL run_id=try3-c4-sysonly start_us=1924254 end_us=1927217 dur_us=2962
UKL-MQTT-BENCH: BUFFULL run_id=try3-c4-sysonly start_us=1929797 end_us=1933141 dur_us=3343
UKL-MQTT-BENCH: BUFFULL run_id=try3-c4-sysonly start_us=1936280 end_us=1940162 dur_us=3882
UKL-MQTT-BENCH: BUFFULL run_id=try3-c4-sysonly start_us=1942740 end_us=1945220 dur_us=2480
UKL-MQTT-BENCH: BUFFULL run_id=try3-c4-sysonly start_us=1947798 end_us=1951174 dur_us=3375
UKL-MQTT-BENCH: BUFFULL run_id=try3-c4-sysonly start_us=1953755 end_us=1957162 dur_us=3407
UKL-MQTT-BENCH: BUFFULL run_id=try3-c4-sysonly start_us=1959740 end_us=1963155 dur_us=3414
UKL-MQTT-BENCH: BUFFULL run_id=try3-c4-sysonly start_us=1967559 end_us=1972145 dur_us=4586
UKL-MQTT-BENCH: BUFFULL run_id=try3-c4-sysonly start_us=1974716 end_us=1977129 dur_us=2412
UKL-MQTT-BENCH: BUFFULL run_id=try3-c4-sysonly start_us=1979165 end_us=1982157 dur_us=2991
UKL-MQTT-BENCH: BUFFULL run_id=try3-c4-sysonly start_us=1984738 end_us=1988151 dur_us=3413
UKL-MQTT-BENCH: BUFFULL run_id=try3-c4-sysonly start_us=1990797 end_us=1993146 dur_us=2348
UKL-MQTT-BENCH: BUFFULL run_id=try3-c4-sysonly start_us=1995175 end_us=1999163 dur_us=3988
UKL-MQTT-BENCH: BUFFULL run_id=try3-c4-sysonly start_us=2001770 end_us=2004181 dur_us=2411
UKL-MQTT-BENCH: BUFFULL run_id=try3-c4-sysonly start_us=2006765 end_us=2010150 dur_us=3384
UKL-MQTT-BENCH: BUFFULL run_id=try3-c4-sysonly start_us=2012722 end_us=2016167 dur_us=3444
UKL-MQTT-BENCH: BUFFULL run_id=try3-c4-sysonly start_us=2018742 end_us=2022157 dur_us=3414
UKL-MQTT-BENCH: BUFFULL run_id=try3-c4-sysonly start_us=2024740 end_us=2028134 dur_us=3394
UKL-MQTT-BENCH: BUFFULL run_id=try3-c4-sysonly start_us=2030741 end_us=2033173 dur_us=2432
UKL-MQTT-BENCH: BUFFULL run_id=try3-c4-sysonly start_us=2035755 end_us=2038096 dur_us=2341
UKL-MQTT-BENCH: BUFFULL run_id=try3-c4-sysonly start_us=2040115 end_us=2044154 dur_us=4038
UKL-MQTT-BENCH: BUFFULL run_id=try3-c4-sysonly start_us=2046736 end_us=2049292 dur_us=2555
UKL-MQTT-BENCH: BUFFULL run_id=try3-c4-sysonly start_us=2051870 end_us=2055162 dur_us=3292
UKL-MQTT-BENCH: BUFFULL run_id=try3-c4-sysonly start_us=2057746 end_us=2061161 dur_us=3415
UKL-MQTT-BENCH: BUFFULL run_id=try3-c4-sysonly start_us=2063724 end_us=2067155 dur_us=3430
UKL-MQTT-BENCH: BUFFULL run_id=try3-c4-sysonly start_us=2069742 end_us=2072160 dur_us=2417
UKL-MQTT-BENCH: BUFFULL run_id=try3-c4-sysonly start_us=2074742 end_us=2077119 dur_us=2377
UKL-MQTT-BENCH: BUFFULL run_id=try3-c4-sysonly start_us=2079132 end_us=2084179 dur_us=5046
UKL-MQTT-BENCH: BUFFULL run_id=try3-c4-sysonly start_us=2087277 end_us=2090169 dur_us=2891
UKL-MQTT-BENCH: BUFFULL run_id=try3-c4-sysonly start_us=2093275 end_us=2096158 dur_us=2882
UKL-MQTT-BENCH: BUFFULL run_id=try3-c4-sysonly start_us=2098195 end_us=2101172 dur_us=2976
UKL-MQTT-BENCH: BUFFULL run_id=try3-c4-sysonly start_us=2103760 end_us=2106108 dur_us=2347
UKL-MQTT-BENCH: BUFFULL run_id=try3-c4-sysonly start_us=2108182 end_us=2113209 dur_us=5026
UKL-MQTT-BENCH: BUFFULL run_id=try3-c4-sysonly start_us=2116317 end_us=2118107 dur_us=1789
UKL-MQTT-BENCH: BUFFULL run_id=try3-c4-sysonly start_us=2120138 end_us=2124178 dur_us=4039
UKL-MQTT-BENCH: BUFFULL run_id=try3-c4-sysonly start_us=2129637 end_us=2135190 dur_us=5552
UKL-MQTT-BENCH: BUFFULL run_id=try3-c4-sysonly start_us=2139437 end_us=2143143 dur_us=3705
UKL-MQTT-BENCH: BUFFULL run_id=try3-c4-sysonly start_us=2145712 end_us=2148138 dur_us=2425
UKL-MQTT-BENCH: BUFFULL run_id=try3-c4-sysonly start_us=2150723 end_us=2155183 dur_us=4459
UKL-MQTT-BENCH: BUFFULL run_id=try3-c4-sysonly start_us=2157760 end_us=2161191 dur_us=3431
UKL-MQTT-BENCH: BUFFULL run_id=try3-c4-sysonly start_us=2164290 end_us=2166100 dur_us=1810
UKL-MQTT-BENCH: BUFFULL run_id=try3-c4-sysonly start_us=2168131 end_us=2171097 dur_us=2966
UKL-MQTT-BENCH: BUFFULL run_id=try3-c4-sysonly start_us=2173630 end_us=2175137 dur_us=1506
UKL-MQTT-BENCH: BUFFULL run_id=try3-c4-sysonly start_us=2177173 end_us=2182206 dur_us=5032
UKL-MQTT-BENCH: BUFFULL run_id=try3-c4-sysonly start_us=2185372 end_us=2188178 dur_us=2806
UKL-MQTT-BENCH: BUFFULL run_id=try3-c4-sysonly start_us=2190759 end_us=2194175 dur_us=3415
UKL-MQTT-BENCH: BUFFULL run_id=try3-c4-sysonly start_us=2196770 end_us=2199107 dur_us=2337
UKL-MQTT-BENCH: BUFFULL run_id=try3-c4-sysonly start_us=2201138 end_us=2204230 dur_us=3091
UKL-MQTT-BENCH: BUFFULL run_id=try3-c4-sysonly start_us=2206797 end_us=2209146 dur_us=2348
UKL-MQTT-BENCH: BUFFULL run_id=try3-c4-sysonly start_us=2211186 end_us=2216202 dur_us=5016
UKL-MQTT-BENCH: BUFFULL run_id=try3-c4-sysonly start_us=2219310 end_us=2221095 dur_us=1785
UKL-MQTT-BENCH: BUFFULL run_id=try3-c4-sysonly start_us=2223165 end_us=2225096 dur_us=1930
UKL-MQTT-BENCH: BUFFULL run_id=try3-c4-sysonly start_us=2227132 end_us=2229121 dur_us=1988
UKL-MQTT-BENCH: BUFFULL run_id=try3-c4-sysonly start_us=2231135 end_us=2236270 dur_us=5135
UKL-MQTT-BENCH: BUFFULL run_id=try3-c4-sysonly start_us=2238849 end_us=2242177 dur_us=3328
UKL-MQTT-BENCH: BUFFULL run_id=try3-c4-sysonly start_us=2244835 end_us=2247154 dur_us=2318
UKL-MQTT-BENCH: BUFFULL run_id=try3-c4-sysonly start_us=2251045 end_us=2255179 dur_us=4133
UKL-MQTT-BENCH: BUFFULL run_id=try3-c4-sysonly start_us=2257755 end_us=2260169 dur_us=2414
UKL-MQTT-BENCH: BUFFULL run_id=try3-c4-sysonly start_us=2264656 end_us=2268123 dur_us=3467
UKL-MQTT-BENCH: BUFFULL run_id=try3-c4-sysonly start_us=2270143 end_us=2274164 dur_us=4021
UKL-MQTT-BENCH: BUFFULL run_id=try3-c4-sysonly start_us=2276723 end_us=2280169 dur_us=3445
UKL-MQTT-BENCH: BUFFULL run_id=try3-c4-sysonly start_us=2282759 end_us=2285160 dur_us=2400
UKL-MQTT-BENCH: BUFFULL run_id=try3-c4-sysonly start_us=2287728 end_us=2291165 dur_us=3437
UKL-MQTT-BENCH: BUFFULL run_id=try3-c4-sysonly start_us=2293732 end_us=2297176 dur_us=3443
UKL-MQTT-BENCH: BUFFULL run_id=try3-c4-sysonly start_us=2299752 end_us=2303136 dur_us=3384
UKL-MQTT-BENCH: BUFFULL run_id=try3-c4-sysonly start_us=2305736 end_us=2309150 dur_us=3414
UKL-MQTT-BENCH: BUFFULL run_id=try3-c4-sysonly start_us=2311816 end_us=2313113 dur_us=1296
UKL-MQTT-BENCH: BUFFULL run_id=try3-c4-sysonly start_us=2315148 end_us=2319160 dur_us=4011
UKL-MQTT-BENCH: BUFFULL run_id=try3-c4-sysonly start_us=2321735 end_us=2325159 dur_us=3424
UKL-MQTT-BENCH: BUFFULL run_id=try3-c4-sysonly start_us=2328251 end_us=2331238 dur_us=2986
UKL-MQTT-BENCH: BUFFULL run_id=try3-c4-sysonly start_us=2333806 end_us=2337128 dur_us=3322
UKL-MQTT-BENCH: BUFFULL run_id=try3-c4-sysonly start_us=2339732 end_us=2342131 dur_us=2399
UKL-MQTT-BENCH: BUFFULL run_id=try3-c4-sysonly start_us=2344145 end_us=2347146 dur_us=3001
UKL-MQTT-BENCH: BUFFULL run_id=try3-c4-sysonly start_us=2349159 end_us=2352141 dur_us=2981
UKL-MQTT-BENCH: BUFFULL run_id=try3-c4-sysonly start_us=2354703 end_us=2358171 dur_us=3467
UKL-MQTT-BENCH: BUFFULL run_id=try3-c4-sysonly start_us=2360741 end_us=2362074 dur_us=1332
UKL-MQTT-BENCH: BUFFULL run_id=try3-c4-sysonly start_us=2363586 end_us=2367175 dur_us=3589
UKL-MQTT-BENCH: BUFFULL run_id=try3-c4-sysonly start_us=2369746 end_us=2372084 dur_us=2338
UKL-MQTT-BENCH: BUFFULL run_id=try3-c4-sysonly start_us=2374103 end_us=2379202 dur_us=5099
UKL-MQTT-BENCH: BUFFULL run_id=try3-c4-sysonly start_us=2385142 end_us=2389135 dur_us=3992
UKL-MQTT-BENCH: BUFFULL run_id=try3-c4-sysonly start_us=2393599 end_us=2398132 dur_us=4533
UKL-MQTT-BENCH: BUFFULL run_id=try3-c4-sysonly start_us=2400701 end_us=2404166 dur_us=3465
UKL-MQTT-BENCH: BUFFULL run_id=try3-c4-sysonly start_us=2406809 end_us=2410186 dur_us=3376
UKL-MQTT-BENCH: BUFFULL run_id=try3-c4-sysonly start_us=2412761 end_us=2416160 dur_us=3399
UKL-MQTT-BENCH: BUFFULL run_id=try3-c4-sysonly start_us=2418767 end_us=2422240 dur_us=3473
UKL-MQTT-BENCH: BUFFULL run_id=try3-c4-sysonly start_us=2424818 end_us=2427164 dur_us=2346
UKL-MQTT-BENCH: BUFFULL run_id=try3-c4-sysonly start_us=2429737 end_us=2432092 dur_us=2354
UKL-MQTT-BENCH: BUFFULL run_id=try3-c4-sysonly start_us=2434723 end_us=2436127 dur_us=1404
UKL-MQTT-BENCH: BUFFULL run_id=try3-c4-sysonly start_us=2437659 end_us=2441128 dur_us=3468
UKL-MQTT-BENCH: BUFFULL run_id=try3-c4-sysonly start_us=2443161 end_us=2446105 dur_us=2943
UKL-MQTT-BENCH: BUFFULL run_id=try3-c4-sysonly start_us=2448130 end_us=2453188 dur_us=5058
UKL-MQTT-BENCH: BUFFULL run_id=try3-c4-sysonly start_us=2459127 end_us=2464209 dur_us=5081
UKL-MQTT-BENCH: BUFFULL run_id=try3-c4-sysonly start_us=2467307 end_us=2469128 dur_us=1820
UKL-MQTT-BENCH: BUFFULL run_id=try3-c4-sysonly start_us=2471147 end_us=2475152 dur_us=4005
UKL-MQTT-BENCH: BUFFULL run_id=try3-c4-sysonly start_us=2480611 end_us=2485163 dur_us=4552
UKL-MQTT-BENCH: BUFFULL run_id=try3-c4-sysonly start_us=2487780 end_us=2491159 dur_us=3379
UKL-MQTT-BENCH: BUFFULL run_id=try3-c4-sysonly start_us=2493759 end_us=2496146 dur_us=2386
UKL-MQTT-BENCH: BUFFULL run_id=try3-c4-sysonly start_us=2498729 end_us=2502148 dur_us=3418
UKL-MQTT-BENCH: BUFFULL run_id=try3-c4-sysonly start_us=2504740 end_us=2508145 dur_us=3405
UKL-MQTT-BENCH: BUFFULL run_id=try3-c4-sysonly start_us=2510775 end_us=2514153 dur_us=3378
UKL-MQTT-BENCH: BUFFULL run_id=try3-c4-sysonly start_us=2516737 end_us=2520168 dur_us=3431
UKL-MQTT-BENCH: BUFFULL run_id=try3-c4-sysonly start_us=2522742 end_us=2526155 dur_us=3413
UKL-MQTT-BENCH: BUFFULL run_id=try3-c4-sysonly start_us=2529251 end_us=2532247 dur_us=2995
UKL-MQTT-BENCH: BUFFULL run_id=try3-c4-sysonly start_us=2534823 end_us=2538176 dur_us=3353
UKL-MQTT-BENCH: BUFFULL run_id=try3-c4-sysonly start_us=2540974 end_us=2545218 dur_us=4243
UKL-MQTT-BENCH: BUFFULL run_id=try3-c4-sysonly start_us=2547986 end_us=2551227 dur_us=3241
UKL-MQTT-BENCH: BUFFULL run_id=try3-c4-sysonly start_us=2553979 end_us=2556134 dur_us=2154
UKL-MQTT-BENCH: BUFFULL run_id=try3-c4-sysonly start_us=2558319 end_us=2562255 dur_us=3936
UKL-MQTT-BENCH: BUFFULL run_id=try3-c4-sysonly start_us=2565018 end_us=2566100 dur_us=1082
UKL-MQTT-BENCH: BUFFULL run_id=try3-c4-sysonly start_us=2567729 end_us=2573275 dur_us=5546
UKL-MQTT-BENCH: BUFFULL run_id=try3-c4-sysonly start_us=2577849 end_us=2582259 dur_us=4409
UKL-MQTT-BENCH: BUFFULL run_id=try3-c4-sysonly start_us=2584977 end_us=2587246 dur_us=2268
UKL-MQTT-BENCH: BUFFULL run_id=try3-c4-sysonly start_us=2589403 end_us=2593155 dur_us=3751
UKL-MQTT-BENCH: BUFFULL run_id=try3-c4-sysonly start_us=2597643 end_us=2600177 dur_us=2533
UKL-MQTT-BENCH: BUFFULL run_id=try3-c4-sysonly start_us=2602386 end_us=2606200 dur_us=3813
UKL-MQTT-BENCH: BUFFULL run_id=try3-c4-sysonly start_us=2608370 end_us=2610112 dur_us=1742
UKL-MQTT-BENCH: BUFFULL run_id=try3-c4-sysonly start_us=2611733 end_us=2616205 dur_us=4471
UKL-MQTT-BENCH: BUFFULL run_id=try3-c4-sysonly start_us=2618976 end_us=2622221 dur_us=3245
UKL-MQTT-BENCH: BUFFULL run_id=try3-c4-sysonly start_us=2624998 end_us=2628256 dur_us=3257
UKL-MQTT-BENCH: BUFFULL run_id=try3-c4-sysonly start_us=2630986 end_us=2634153 dur_us=3166
UKL-MQTT-BENCH: BUFFULL run_id=try3-c4-sysonly start_us=2636747 end_us=2640165 dur_us=3418
UKL-MQTT-BENCH: BUFFULL run_id=try3-c4-sysonly start_us=2644629 end_us=2651233 dur_us=6604
UKL-MQTT-BENCH: BUFFULL run_id=try3-c4-sysonly start_us=2657701 end_us=2662158 dur_us=4456
UKL-MQTT-BENCH: BUFFULL run_id=try3-c4-sysonly start_us=2665248 end_us=2668154 dur_us=2905
UKL-MQTT-BENCH: BUFFULL run_id=try3-c4-sysonly start_us=2670728 end_us=2675189 dur_us=4461
UKL-MQTT-BENCH: BUFFULL run_id=try3-c4-sysonly start_us=2677948 end_us=2681213 dur_us=3264
UKL-MQTT-BENCH: BUFFULL run_id=try3-c4-sysonly start_us=2684321 end_us=2687180 dur_us=2858
UKL-MQTT-BENCH: BUFFULL run_id=try3-c4-sysonly start_us=2689766 end_us=2692154 dur_us=2387
UKL-MQTT-BENCH: BUFFULL run_id=try3-c4-sysonly start_us=2694739 end_us=2698173 dur_us=3434
UKL-MQTT-BENCH: BUFFULL run_id=try3-c4-sysonly start_us=2700750 end_us=2705213 dur_us=4462
UKL-MQTT-BENCH: BUFFULL run_id=try3-c4-sysonly start_us=2708328 end_us=2711148 dur_us=2820
UKL-MQTT-BENCH: BUFFULL run_id=try3-c4-sysonly start_us=2713735 end_us=2717157 dur_us=3422
UKL-MQTT-BENCH: BUFFULL run_id=try3-c4-sysonly start_us=2719747 end_us=2721175 dur_us=1427
UKL-MQTT-BENCH: BUFFULL run_id=try3-c4-sysonly start_us=2723206 end_us=2727199 dur_us=3992
UKL-MQTT-BENCH: BUFFULL run_id=try3-c4-sysonly start_us=2730375 end_us=2734173 dur_us=3798
UKL-MQTT-BENCH: BUFFULL run_id=try3-c4-sysonly start_us=2736748 end_us=2740161 dur_us=3412
UKL-MQTT-BENCH: BUFFULL run_id=try3-c4-sysonly start_us=2742734 end_us=2746172 dur_us=3438
UKL-MQTT-BENCH: BUFFULL run_id=try3-c4-sysonly start_us=2748760 end_us=2751443 dur_us=2682
UKL-MQTT-BENCH: BUFFULL run_id=try3-c4-sysonly start_us=2754030 end_us=2758204 dur_us=4174
UKL-MQTT-BENCH: BUFFULL run_id=try3-c4-sysonly start_us=2760857 end_us=2763211 dur_us=2354
UKL-MQTT-BENCH: BUFFULL run_id=try3-c4-sysonly start_us=2765822 end_us=2768114 dur_us=2291
UKL-MQTT-BENCH: BUFFULL run_id=try3-c4-sysonly start_us=2770153 end_us=2772420 dur_us=2267
UKL-MQTT-BENCH: BUFFULL run_id=try3-c4-sysonly start_us=2775035 end_us=2777128 dur_us=2092
UKL-MQTT-BENCH: BUFFULL run_id=try3-c4-sysonly start_us=2779167 end_us=2784215 dur_us=5048
UKL-MQTT-BENCH: BUFFULL run_id=try3-c4-sysonly start_us=2787368 end_us=2791161 dur_us=3793
UKL-MQTT-BENCH: BUFFULL run_id=try3-c4-sysonly start_us=2793740 end_us=2796176 dur_us=2435
UKL-MQTT-BENCH: BUFFULL run_id=try3-c4-sysonly start_us=2798761 end_us=2800170 dur_us=1409
UKL-MQTT-BENCH: BUFFULL run_id=try3-c4-sysonly start_us=2802198 end_us=2806149 dur_us=3951
UKL-MQTT-BENCH: BUFFULL run_id=try3-c4-sysonly start_us=2808740 end_us=2813164 dur_us=4423
UKL-MQTT-BENCH: BUFFULL run_id=try3-c4-sysonly start_us=2815762 end_us=2818152 dur_us=2390
UKL-MQTT-BENCH: BUFFULL run_id=try3-c4-sysonly start_us=2820736 end_us=2824157 dur_us=3421
UKL-MQTT-BENCH: BUFFULL run_id=try3-c4-sysonly start_us=2826728 end_us=2830160 dur_us=3431
UKL-MQTT-BENCH: BUFFULL run_id=try3-c4-sysonly start_us=2832736 end_us=2835173 dur_us=2437
UKL-MQTT-BENCH: BUFFULL run_id=try3-c4-sysonly start_us=2837788 end_us=2841162 dur_us=3373
UKL-MQTT-BENCH: BUFFULL run_id=try3-c4-sysonly start_us=2843738 end_us=2847241 dur_us=3502
UKL-MQTT-BENCH: BUFFULL run_id=try3-c4-sysonly start_us=2849818 end_us=2853226 dur_us=3407
UKL-MQTT-BENCH: BUFFULL run_id=try3-c4-sysonly start_us=2855816 end_us=2857162 dur_us=1346
UKL-MQTT-BENCH: BUFFULL run_id=try3-c4-sysonly start_us=2858678 end_us=2860078 dur_us=1399
UKL-MQTT-BENCH: BUFFULL run_id=try3-c4-sysonly start_us=2861599 end_us=2865119 dur_us=3519
UKL-MQTT-BENCH: BUFFULL run_id=try3-c4-sysonly start_us=2867157 end_us=2870105 dur_us=2948
UKL-MQTT-BENCH: BUFFULL run_id=try3-c4-sysonly start_us=2874605 end_us=2879168 dur_us=4562
UKL-MQTT-BENCH: BUFFULL run_id=try3-c4-sysonly start_us=2881769 end_us=2885194 dur_us=3425
UKL-MQTT-BENCH: BUFFULL run_id=try3-c4-sysonly start_us=2888298 end_us=2891119 dur_us=2821
UKL-MQTT-BENCH: BUFFULL run_id=try3-c4-sysonly start_us=2893141 end_us=2895077 dur_us=1936
UKL-MQTT-BENCH: BUFFULL run_id=try3-c4-sysonly start_us=2897115 end_us=2900125 dur_us=3009
UKL-MQTT-BENCH: BUFFULL run_id=try3-c4-sysonly start_us=2902153 end_us=2905137 dur_us=2984
UKL-MQTT-BENCH: BUFFULL run_id=try3-c4-sysonly start_us=2907724 end_us=2912187 dur_us=4463
UKL-MQTT-BENCH: BUFFULL run_id=try3-c4-sysonly start_us=2914761 end_us=2917163 dur_us=2401
UKL-MQTT-BENCH: BUFFULL run_id=try3-c4-sysonly start_us=2919735 end_us=2924192 dur_us=4456
UKL-MQTT-BENCH: BUFFULL run_id=try3-c4-sysonly start_us=2927316 end_us=2930176 dur_us=2859
UKL-MQTT-BENCH: BUFFULL run_id=try3-c4-sysonly start_us=2932763 end_us=2936180 dur_us=3417
UKL-MQTT-BENCH: BUFFULL run_id=try3-c4-sysonly start_us=2938752 end_us=2940099 dur_us=1347
UKL-MQTT-BENCH: BUFFULL run_id=try3-c4-sysonly start_us=2942125 end_us=2946160 dur_us=4035
UKL-MQTT-BENCH: BUFFULL run_id=try3-c4-sysonly start_us=2948747 end_us=2952148 dur_us=3400
UKL-MQTT-BENCH: BUFFULL run_id=try3-c4-sysonly start_us=2954744 end_us=2957148 dur_us=2404
UKL-MQTT-BENCH: BUFFULL run_id=try3-c4-sysonly start_us=2959765 end_us=2963141 dur_us=3375
UKL-MQTT-BENCH: BUFFULL run_id=try3-c4-sysonly start_us=2965723 end_us=2969168 dur_us=3445
UKL-MQTT-BENCH: BUFFULL run_id=try3-c4-sysonly start_us=2971752 end_us=2973113 dur_us=1360
UKL-MQTT-BENCH: BUFFULL run_id=try3-c4-sysonly start_us=2975141 end_us=2980203 dur_us=5062
UKL-MQTT-BENCH: BUFFULL run_id=try3-c4-sysonly start_us=2985568 end_us=2991185 dur_us=5617
UKL-MQTT-BENCH: BUFFULL run_id=try3-c4-sysonly start_us=2996052 end_us=3001197 dur_us=5145
UKL-MQTT-BENCH: BUFFULL run_id=try3-c4-sysonly start_us=3006055 end_us=3011199 dur_us=5143
UKL-MQTT-BENCH: BUFFULL run_id=try3-c4-sysonly start_us=3014328 end_us=3016114 dur_us=1786
UKL-MQTT-BENCH: BUFFULL run_id=try3-c4-sysonly start_us=3018159 end_us=3022167 dur_us=4007
UKL-MQTT-BENCH: BUFFULL run_id=try3-c4-sysonly start_us=3026565 end_us=3031169 dur_us=4604
UKL-MQTT-BENCH: BUFFULL run_id=try3-c4-sysonly start_us=3033750 end_us=3036126 dur_us=2375
UKL-MQTT-BENCH: BUFFULL run_id=try3-c4-sysonly start_us=3038166 end_us=3041152 dur_us=2985
UKL-MQTT-BENCH: BUFFULL run_id=try3-c4-sysonly start_us=3043744 end_us=3046118 dur_us=2374
UKL-MQTT-BENCH: BUFFULL run_id=try3-c4-sysonly start_us=3048161 end_us=3051117 dur_us=2956
UKL-MQTT-BENCH: BUFFULL run_id=try3-c4-sysonly start_us=3053150 end_us=3055107 dur_us=1957
UKL-MQTT-BENCH: BUFFULL run_id=try3-c4-sysonly start_us=3057160 end_us=3061178 dur_us=4017
UKL-MQTT-BENCH: BUFFULL run_id=try3-c4-sysonly start_us=3063764 end_us=3068199 dur_us=4435
UKL-MQTT-BENCH: BUFFULL run_id=try3-c4-sysonly start_us=3071299 end_us=3074137 dur_us=2837
UKL-MQTT-BENCH: BUFFULL run_id=try3-c4-sysonly start_us=3076728 end_us=3079175 dur_us=2446
UKL-MQTT-BENCH: BUFFULL run_id=try3-c4-sysonly start_us=3081769 end_us=3084099 dur_us=2330
UKL-MQTT-BENCH: BUFFULL run_id=try3-c4-sysonly start_us=3086136 end_us=3091195 dur_us=5059
UKL-MQTT-BENCH: BUFFULL run_id=try3-c4-sysonly start_us=3094315 end_us=3096113 dur_us=1798
UKL-MQTT-BENCH: BUFFULL run_id=try3-c4-sysonly start_us=3098144 end_us=3101186 dur_us=3042
UKL-MQTT-BENCH: BUFFULL run_id=try3-c4-sysonly start_us=3103775 end_us=3105090 dur_us=1315
UKL-MQTT-BENCH: BUFFULL run_id=try3-c4-sysonly start_us=3106612 end_us=3112206 dur_us=5594
UKL-MQTT-BENCH: BUFFULL run_id=try3-c4-sysonly start_us=3115309 end_us=3118172 dur_us=2863
UKL-MQTT-BENCH: BUFFULL run_id=try3-c4-sysonly start_us=3120767 end_us=3125208 dur_us=4441
UKL-MQTT-BENCH: BUFFULL run_id=try3-c4-sysonly start_us=3128322 end_us=3130178 dur_us=1855
UKL-MQTT-BENCH: BUFFULL run_id=try3-c4-sysonly start_us=3132766 end_us=3136142 dur_us=3376
UKL-MQTT-BENCH: BUFFULL run_id=try3-c4-sysonly start_us=3138178 end_us=3140097 dur_us=1919
UKL-MQTT-BENCH: BUFFULL run_id=try3-c4-sysonly start_us=3142143 end_us=3145227 dur_us=3083
UKL-MQTT-BENCH: BUFFULL run_id=try3-c4-sysonly start_us=3147797 end_us=3152165 dur_us=4367
UKL-MQTT-BENCH: BUFFULL run_id=try3-c4-sysonly start_us=3154743 end_us=3158158 dur_us=3415
UKL-MQTT-BENCH: BUFFULL run_id=try3-c4-sysonly start_us=3160745 end_us=3163131 dur_us=2385
UKL-MQTT-BENCH: BUFFULL run_id=try3-c4-sysonly start_us=3165718 end_us=3168200 dur_us=2481
UKL-MQTT-BENCH: BUFFULL run_id=try3-c4-sysonly start_us=3170773 end_us=3174146 dur_us=3372
UKL-MQTT-BENCH: BUFFULL run_id=try3-c4-sysonly start_us=3176724 end_us=3180147 dur_us=3423
UKL-MQTT-BENCH: BUFFULL run_id=try3-c4-sysonly start_us=3182736 end_us=3186171 dur_us=3434
UKL-MQTT-BENCH: BUFFULL run_id=try3-c4-sysonly start_us=3188744 end_us=3192140 dur_us=3395
UKL-MQTT-BENCH: BUFFULL run_id=try3-c4-sysonly start_us=3194729 end_us=3197193 dur_us=2464
UKL-MQTT-BENCH: BUFFULL run_id=try3-c4-sysonly start_us=3199774 end_us=3202083 dur_us=2308
UKL-MQTT-BENCH: BUFFULL run_id=try3-c4-sysonly start_us=3204104 end_us=3209198 dur_us=5093
UKL-MQTT-BENCH: BUFFULL run_id=try3-c4-sysonly start_us=3215127 end_us=3219172 dur_us=4045
UKL-MQTT-BENCH: BUFFULL run_id=try3-c4-sysonly start_us=3221759 end_us=3223113 dur_us=1354
UKL-MQTT-BENCH: BUFFULL run_id=try3-c4-sysonly start_us=3224640 end_us=3228185 dur_us=3544
UKL-MQTT-BENCH: BUFFULL run_id=try3-c4-sysonly start_us=3230794 end_us=3234162 dur_us=3367
UKL-MQTT-BENCH: BUFFULL run_id=try3-c4-sysonly start_us=3236750 end_us=3240245 dur_us=3495
UKL-MQTT-BENCH: BUFFULL run_id=try3-c4-sysonly start_us=3242827 end_us=3246214 dur_us=3386
UKL-MQTT-BENCH: BUFFULL run_id=try3-c4-sysonly start_us=3248926 end_us=3251109 dur_us=2182
UKL-MQTT-BENCH: BUFFULL run_id=try3-c4-sysonly start_us=3253217 end_us=3255137 dur_us=1919
UKL-MQTT-BENCH: BUFFULL run_id=try3-c4-sysonly start_us=3257164 end_us=3260095 dur_us=2930
UKL-MQTT-BENCH: BUFFULL run_id=try3-c4-sysonly start_us=3262139 end_us=3264152 dur_us=2013
UKL-MQTT-BENCH: BUFFULL run_id=try3-c4-sysonly start_us=3266188 end_us=3268086 dur_us=1898
UKL-MQTT-BENCH: BUFFULL run_id=try3-c4-sysonly start_us=3269603 end_us=3275203 dur_us=5599
UKL-MQTT-BENCH: BUFFULL run_id=try3-c4-sysonly start_us=3278320 end_us=3280208 dur_us=1887
UKL-MQTT-BENCH: BUFFULL run_id=try3-c4-sysonly start_us=3282803 end_us=3286163 dur_us=3359
UKL-MQTT-BENCH: BUFFULL run_id=try3-c4-sysonly start_us=3288739 end_us=3291109 dur_us=2370
UKL-MQTT-BENCH: BUFFULL run_id=try3-c4-sysonly start_us=3293141 end_us=3298185 dur_us=5043
UKL-MQTT-BENCH: BUFFULL run_id=try3-c4-sysonly start_us=3301284 end_us=3303136 dur_us=1852
UKL-MQTT-BENCH: BUFFULL run_id=try3-c4-sysonly start_us=3305166 end_us=3309169 dur_us=4002
UKL-MQTT-BENCH: BUFFULL run_id=try3-c4-sysonly start_us=3311758 end_us=3314148 dur_us=2390
UKL-MQTT-BENCH: BUFFULL run_id=try3-c4-sysonly start_us=3316736 end_us=3319128 dur_us=2391
UKL-MQTT-BENCH: BUFFULL run_id=try3-c4-sysonly start_us=3321171 end_us=3323130 dur_us=1958
UKL-MQTT-BENCH: BUFFULL run_id=try3-c4-sysonly start_us=3325168 end_us=3329183 dur_us=4014
UKL-MQTT-BENCH: BUFFULL run_id=try3-c4-sysonly start_us=3331767 end_us=3335182 dur_us=3414
UKL-MQTT-BENCH: BUFFULL run_id=try3-c4-sysonly start_us=3337766 end_us=3341160 dur_us=3393
UKL-MQTT-BENCH: BUFFULL run_id=try3-c4-sysonly start_us=3343744 end_us=3347167 dur_us=3422
UKL-MQTT-BENCH: BUFFULL run_id=try3-c4-sysonly start_us=3349754 end_us=3352168 dur_us=2413
UKL-MQTT-BENCH: BUFFULL run_id=try3-c4-sysonly start_us=3354758 end_us=3358137 dur_us=3378
UKL-MQTT-BENCH: BUFFULL run_id=try3-c4-sysonly start_us=3360715 end_us=3364147 dur_us=3432
UKL-MQTT-BENCH: BUFFULL run_id=try3-c4-sysonly start_us=3366733 end_us=3368146 dur_us=1412
UKL-MQTT-BENCH: BUFFULL run_id=try3-c4-sysonly start_us=3370173 end_us=3374618 dur_us=4444
UKL-MQTT-BENCH: BUFFULL run_id=try3-c4-sysonly start_us=3377323 end_us=3379915 dur_us=2592
UKL-MQTT-BENCH: BUFFULL run_id=try3-c4-sysonly start_us=3382501 end_us=3384075 dur_us=1574
UKL-MQTT-BENCH: BUFFULL run_id=try3-c4-sysonly start_us=3385591 end_us=3389194 dur_us=3603
UKL-MQTT-BENCH: BUFFULL run_id=try3-c4-sysonly start_us=3391769 end_us=3395183 dur_us=3413
UKL-MQTT-BENCH: BUFFULL run_id=try3-c4-sysonly start_us=3397760 end_us=3401167 dur_us=3406
UKL-MQTT-BENCH: BUFFULL run_id=try3-c4-sysonly start_us=3403764 end_us=3406093 dur_us=2328
UKL-MQTT-BENCH: BUFFULL run_id=try3-c4-sysonly start_us=3408128 end_us=3410081 dur_us=1953
UKL-MQTT-BENCH: BUFFULL run_id=try3-c4-sysonly start_us=3412118 end_us=3415113 dur_us=2995
UKL-MQTT-BENCH: BUFFULL run_id=try3-c4-sysonly start_us=3417150 end_us=3422190 dur_us=5040
UKL-MQTT-BENCH: BUFFULL run_id=try3-c4-sysonly start_us=3425299 end_us=3427142 dur_us=1842
UKL-MQTT-BENCH: BUFFULL run_id=try3-c4-sysonly start_us=3429184 end_us=3433168 dur_us=3983
UKL-MQTT-BENCH: BUFFULL run_id=try3-c4-sysonly start_us=3436289 end_us=3438140 dur_us=1850
UKL-MQTT-BENCH: BUFFULL run_id=try3-c4-sysonly start_us=3440178 end_us=3444160 dur_us=3981
UKL-MQTT-BENCH: BUFFULL run_id=try3-c4-sysonly start_us=3446745 end_us=3449437 dur_us=2691
UKL-MQTT-BENCH: BUFFULL run_id=try3-c4-sysonly start_us=3452026 end_us=3455237 dur_us=3210
UKL-MQTT-BENCH: BUFFULL run_id=try3-c4-sysonly start_us=3457842 end_us=3460151 dur_us=2309
UKL-MQTT-BENCH: BUFFULL run_id=try3-c4-sysonly start_us=3461673 end_us=3465162 dur_us=3489
UKL-MQTT-BENCH: BUFFULL run_id=try3-c4-sysonly start_us=3469624 end_us=3473110 dur_us=3485
UKL-MQTT-BENCH: BUFFULL run_id=try3-c4-sysonly start_us=3475139 end_us=3478114 dur_us=2974
UKL-MQTT-BENCH: BUFFULL run_id=try3-c4-sysonly start_us=3480155 end_us=3483138 dur_us=2983
UKL-MQTT-BENCH: BUFFULL run_id=try3-c4-sysonly start_us=3485711 end_us=3489145 dur_us=3433
UKL-MQTT-BENCH: BUFFULL run_id=try3-c4-sysonly start_us=3491725 end_us=3494175 dur_us=2449
UKL-MQTT-BENCH: BUFFULL run_id=try3-c4-sysonly start_us=3496764 end_us=3500167 dur_us=3402
UKL-MQTT-BENCH: BUFFULL run_id=try3-c4-sysonly start_us=3502736 end_us=3506149 dur_us=3412
UKL-MQTT-BENCH: BUFFULL run_id=try3-c4-sysonly start_us=3508731 end_us=3512140 dur_us=3409
UKL-MQTT-BENCH: BUFFULL run_id=try3-c4-sysonly start_us=3514736 end_us=3517166 dur_us=2430
UKL-MQTT-BENCH: BUFFULL run_id=try3-c4-sysonly start_us=3519740 end_us=3522117 dur_us=2377
UKL-MQTT-BENCH: BUFFULL run_id=try3-c4-sysonly start_us=3524153 end_us=3529213 dur_us=5060
UKL-MQTT-BENCH: BUFFULL run_id=try3-c4-sysonly start_us=3532326 end_us=3534104 dur_us=1778
UKL-MQTT-BENCH: BUFFULL run_id=try3-c4-sysonly start_us=3536143 end_us=3540168 dur_us=4025
UKL-MQTT-BENCH: BUFFULL run_id=try3-c4-sysonly start_us=3544614 end_us=3550195 dur_us=5580
UKL-MQTT-BENCH: BUFFULL run_id=try3-c4-sysonly start_us=3556166 end_us=3560175 dur_us=4009
UKL-MQTT-BENCH: BUFFULL run_id=try3-c4-sysonly start_us=3562779 end_us=3564079 dur_us=1300
UKL-MQTT-BENCH: BUFFULL run_id=try3-c4-sysonly start_us=3565592 end_us=3571195 dur_us=5602
UKL-MQTT-BENCH: BUFFULL run_id=try3-c4-sysonly start_us=3576069 end_us=3581208 dur_us=5139
UKL-MQTT-BENCH: BUFFULL run_id=try3-c4-sysonly start_us=3586056 end_us=3590139 dur_us=4082
UKL-MQTT-BENCH: BUFFULL run_id=try3-c4-sysonly start_us=3592717 end_us=3594092 dur_us=1375
UKL-MQTT-BENCH: BUFFULL run_id=try3-c4-sysonly start_us=3595613 end_us=3602198 dur_us=6584
UKL-MQTT-BENCH: BUFFULL run_id=try3-c4-sysonly start_us=3605839 end_us=3607156 dur_us=1316
UKL-MQTT-BENCH: BUFFULL run_id=try3-c4-sysonly start_us=3609741 end_us=3614188 dur_us=4446
UKL-MQTT-BENCH: BUFFULL run_id=try3-c4-sysonly start_us=3617284 end_us=3620167 dur_us=2883
UKL-MQTT-BENCH: BUFFULL run_id=try3-c4-sysonly start_us=3622741 end_us=3625153 dur_us=2411
UKL-MQTT-BENCH: BUFFULL run_id=try3-c4-sysonly start_us=3627177 end_us=3629094 dur_us=1916
UKL-MQTT-BENCH: BUFFULL run_id=try3-c4-sysonly start_us=3631121 end_us=3634129 dur_us=3008
UKL-MQTT-BENCH: BUFFULL run_id=try3-c4-sysonly start_us=3636168 end_us=3640173 dur_us=4004
UKL-MQTT-BENCH: BUFFULL run_id=try3-c4-sysonly start_us=3642749 end_us=3646147 dur_us=3397
UKL-MQTT-BENCH: BUFFULL run_id=try3-c4-sysonly start_us=3648734 end_us=3651150 dur_us=2416
UKL-MQTT-BENCH: BUFFULL run_id=try3-c4-sysonly start_us=3653736 end_us=3657149 dur_us=3412
UKL-MQTT-BENCH: BUFFULL run_id=try3-c4-sysonly start_us=3659726 end_us=3663147 dur_us=3421
UKL-MQTT-BENCH: BUFFULL run_id=try3-c4-sysonly start_us=3665737 end_us=3668181 dur_us=2443
UKL-MQTT-BENCH: BUFFULL run_id=try3-c4-sysonly start_us=3670758 end_us=3674147 dur_us=3388
UKL-MQTT-BENCH: BUFFULL run_id=try3-c4-sysonly start_us=3676725 end_us=3679211 dur_us=2485
UKL-MQTT-BENCH: BUFFULL run_id=try3-c4-sysonly start_us=3681245 end_us=3685197 dur_us=3952
UKL-MQTT-BENCH: BUFFULL run_id=try3-c4-sysonly start_us=3687773 end_us=3689076 dur_us=1303
UKL-MQTT-BENCH: BUFFULL run_id=try3-c4-sysonly start_us=3690596 end_us=3692094 dur_us=1497
UKL-MQTT-BENCH: BUFFULL run_id=try3-c4-sysonly start_us=3693605 end_us=3697127 dur_us=3521
UKL-MQTT-BENCH: BUFFULL run_id=try3-c4-sysonly start_us=3699690 end_us=3703146 dur_us=3456
UKL-MQTT-BENCH: BUFFULL run_id=try3-c4-sysonly start_us=3705730 end_us=3709146 dur_us=3416
UKL-MQTT-BENCH: BUFFULL run_id=try3-c4-sysonly start_us=3711751 end_us=3713089 dur_us=1338
UKL-MQTT-BENCH: BUFFULL run_id=try3-c4-sysonly start_us=3715124 end_us=3719147 dur_us=4023
UKL-MQTT-BENCH: BUFFULL run_id=try3-c4-sysonly start_us=3721722 end_us=3725172 dur_us=3450
UKL-MQTT-BENCH: BUFFULL run_id=try3-c4-sysonly start_us=3727788 end_us=3731179 dur_us=3390
UKL-MQTT-BENCH: BUFFULL run_id=try3-c4-sysonly start_us=3733788 end_us=3737175 dur_us=3386
UKL-MQTT-BENCH: BUFFULL run_id=try3-c4-sysonly start_us=3739776 end_us=3742171 dur_us=2394
UKL-MQTT-BENCH: BUFFULL run_id=try3-c4-sysonly start_us=3744749 end_us=3748145 dur_us=3396
UKL-MQTT-BENCH: BUFFULL run_id=try3-c4-sysonly start_us=3750716 end_us=3753118 dur_us=2402
UKL-MQTT-BENCH: BUFFULL run_id=try3-c4-sysonly start_us=3757616 end_us=3763199 dur_us=5583
UKL-MQTT-BENCH: BUFFULL run_id=try3-c4-sysonly start_us=3766317 end_us=3769193 dur_us=2875
UKL-MQTT-BENCH: BUFFULL run_id=try3-c4-sysonly start_us=3771778 end_us=3776209 dur_us=4431
UKL-MQTT-BENCH: BUFFULL run_id=try3-c4-sysonly start_us=3779308 end_us=3782148 dur_us=2840
UKL-MQTT-BENCH: BUFFULL run_id=try3-c4-sysonly start_us=3784721 end_us=3787157 dur_us=2435
UKL-MQTT-BENCH: BUFFULL run_id=try3-c4-sysonly start_us=3789733 end_us=3791119 dur_us=1385
UKL-MQTT-BENCH: BUFFULL run_id=try3-c4-sysonly start_us=3792628 end_us=3796436 dur_us=3808
UKL-MQTT-BENCH: BUFFULL run_id=try3-c4-sysonly start_us=3799014 end_us=3801098 dur_us=2084
UKL-MQTT-BENCH: BUFFULL run_id=try3-c4-sysonly start_us=3803138 end_us=3807174 dur_us=4036
UKL-MQTT-BENCH: BUFFULL run_id=try3-c4-sysonly start_us=3809754 end_us=3813150 dur_us=3395
UKL-MQTT-BENCH: BUFFULL run_id=try3-c4-sysonly start_us=3815734 end_us=3819174 dur_us=3440
UKL-MQTT-BENCH: BUFFULL run_id=try3-c4-sysonly start_us=3821750 end_us=3823130 dur_us=1380
UKL-MQTT-BENCH: BUFFULL run_id=try3-c4-sysonly start_us=3825162 end_us=3830167 dur_us=5005
UKL-MQTT-BENCH: BUFFULL run_id=try3-c4-sysonly start_us=3832758 end_us=3835114 dur_us=2355
UKL-MQTT-BENCH: BUFFULL run_id=try3-c4-sysonly start_us=3837724 end_us=3841180 dur_us=3455
UKL-MQTT-BENCH: BUFFULL run_id=try3-c4-sysonly start_us=3843752 end_us=3847132 dur_us=3380
UKL-MQTT-BENCH: BUFFULL run_id=try3-c4-sysonly start_us=3849715 end_us=3853189 dur_us=3473
UKL-MQTT-BENCH: BUFFULL run_id=try3-c4-sysonly start_us=3856275 end_us=3859173 dur_us=2897
UKL-MQTT-BENCH: BUFFULL run_id=try3-c4-sysonly start_us=3861758 end_us=3866166 dur_us=4407
UKL-MQTT-BENCH: BUFFULL run_id=try3-c4-sysonly start_us=3869294 end_us=3871129 dur_us=1834
UKL-MQTT-BENCH: BUFFULL run_id=try3-c4-sysonly start_us=3873159 end_us=3876162 dur_us=3003
UKL-MQTT-BENCH: BUFFULL run_id=try3-c4-sysonly start_us=3878736 end_us=3880104 dur_us=1368
UKL-MQTT-BENCH: BUFFULL run_id=try3-c4-sysonly start_us=3881618 end_us=3884070 dur_us=2451
UKL-MQTT-BENCH: BUFFULL run_id=try3-c4-sysonly start_us=3885606 end_us=3889163 dur_us=3556
UKL-MQTT-BENCH: BUFFULL run_id=try3-c4-sysonly start_us=3891746 end_us=3896163 dur_us=4416
UKL-MQTT-BENCH: BUFFULL run_id=try3-c4-sysonly start_us=3899267 end_us=3902136 dur_us=2869
UKL-MQTT-BENCH: BUFFULL run_id=try3-c4-sysonly start_us=3904714 end_us=3908225 dur_us=3511
UKL-MQTT-BENCH: BUFFULL run_id=try3-c4-sysonly start_us=3911581 end_us=3915244 dur_us=3662
UKL-MQTT-BENCH: BUFFULL run_id=try3-c4-sysonly start_us=3917826 end_us=3920173 dur_us=2347
UKL-MQTT-BENCH: BUFFULL run_id=try3-c4-sysonly start_us=3922769 end_us=3925113 dur_us=2343
UKL-MQTT-BENCH: BUFFULL run_id=try3-c4-sysonly start_us=3927151 end_us=3931195 dur_us=4044
UKL-MQTT-BENCH: BUFFULL run_id=try3-c4-sysonly start_us=3933787 end_us=3937192 dur_us=3405
UKL-MQTT-BENCH: BUFFULL run_id=try3-c4-sysonly start_us=3939783 end_us=3942216 dur_us=2432
UKL-MQTT-BENCH: BUFFULL run_id=try3-c4-sysonly start_us=3944805 end_us=3948162 dur_us=3356
UKL-MQTT-BENCH: BUFFULL run_id=try3-c4-sysonly start_us=3950751 end_us=3953104 dur_us=2353
UKL-MQTT-BENCH: BUFFULL run_id=try3-c4-sysonly start_us=3955144 end_us=3957139 dur_us=1995
UKL-MQTT-BENCH: BUFFULL run_id=try3-c4-sysonly start_us=3959175 end_us=3963141 dur_us=3966
UKL-MQTT-BENCH: BUFFULL run_id=try3-c4-sysonly start_us=3965785 end_us=3969189 dur_us=3404
UKL-MQTT-BENCH: BUFFULL run_id=try3-c4-sysonly start_us=3971781 end_us=3975302 dur_us=3521
UKL-MQTT-BENCH: BUFFULL run_id=try3-c4-sysonly start_us=3977962 end_us=3980808 dur_us=2845
UKL-MQTT-BENCH: BUFFULL run_id=try3-c4-sysonly start_us=3983377 end_us=3987170 dur_us=3792
UKL-MQTT-BENCH: BUFFULL run_id=try3-c4-sysonly start_us=3989860 end_us=3991108 dur_us=1248
UKL-MQTT-BENCH: BUFFULL run_id=try3-c4-sysonly start_us=3993136 end_us=3998193 dur_us=5057
UKL-MQTT-BENCH: BUFFULL run_id=try3-c4-sysonly start_us=4001312 end_us=4003121 dur_us=1809
UKL-MQTT-BENCH: BUFFULL run_id=try3-c4-sysonly start_us=4005163 end_us=4008174 dur_us=3010
UKL-MQTT-BENCH: BUFFULL run_id=try3-c4-sysonly start_us=4010757 end_us=4012076 dur_us=1319
UKL-MQTT-BENCH: BUFFULL run_id=try3-c4-sysonly start_us=4013596 end_us=4018177 dur_us=4580
UKL-MQTT-BENCH: BUFFULL run_id=try3-c4-sysonly start_us=4020749 end_us=4022107 dur_us=1357
UKL-MQTT-BENCH: BUFFULL run_id=try3-c4-sysonly start_us=4024137 end_us=4028164 dur_us=4027
UKL-MQTT-BENCH: BUFFULL run_id=try3-c4-sysonly start_us=4030748 end_us=4034177 dur_us=3429
UKL-MQTT-BENCH: BUFFULL run_id=try3-c4-sysonly start_us=4036752 end_us=4040153 dur_us=3400
UKL-MQTT-BENCH: BUFFULL run_id=try3-c4-sysonly start_us=4042741 end_us=4046145 dur_us=3403
UKL-MQTT-BENCH: BUFFULL run_id=try3-c4-sysonly start_us=4048723 end_us=4051147 dur_us=2423
UKL-MQTT-BENCH: BUFFULL run_id=try3-c4-sysonly start_us=4053726 end_us=4056125 dur_us=2398
UKL-MQTT-BENCH: BUFFULL run_id=try3-c4-sysonly start_us=4058151 end_us=4063201 dur_us=5049
UKL-MQTT-BENCH: BUFFULL run_id=try3-c4-sysonly start_us=4069304 end_us=4074282 dur_us=4978
UKL-MQTT-BENCH: BUFFULL run_id=try3-c4-sysonly start_us=4078652 end_us=4084229 dur_us=5576
UKL-MQTT-BENCH: BUFFULL run_id=try3-c4-sysonly start_us=4089631 end_us=4094161 dur_us=4529
UKL-MQTT-BENCH: BUFFULL run_id=try3-c4-sysonly start_us=4098621 end_us=4102109 dur_us=3488
UKL-MQTT-BENCH: BUFFULL run_id=try3-c4-sysonly start_us=4104131 end_us=4107144 dur_us=3013
UKL-MQTT-BENCH: BUFFULL run_id=try3-c4-sysonly start_us=4109170 end_us=4113189 dur_us=4018
UKL-MQTT-BENCH: BUFFULL run_id=try3-c4-sysonly start_us=4116285 end_us=4119168 dur_us=2883
UKL-MQTT-BENCH: BUFFULL run_id=try3-c4-sysonly start_us=4121737 end_us=4125152 dur_us=3414
UKL-MQTT-BENCH: BUFFULL run_id=try3-c4-sysonly start_us=4127733 end_us=4129096 dur_us=1363
UKL-MQTT-BENCH: BUFFULL run_id=try3-c4-sysonly start_us=4131117 end_us=4134154 dur_us=3036
UKL-MQTT-BENCH: BUFFULL run_id=try3-c4-sysonly start_us=4136188 end_us=4139135 dur_us=2947
UKL-MQTT-BENCH: BUFFULL run_id=try3-c4-sysonly start_us=4141148 end_us=4145149 dur_us=4000
UKL-MQTT-BENCH: BUFFULL run_id=try3-c4-sysonly start_us=4149641 end_us=4155170 dur_us=5529
UKL-MQTT-BENCH: BUFFULL run_id=try3-c4-sysonly start_us=4158258 end_us=4160102 dur_us=1843
UKL-MQTT-BENCH: BUFFULL run_id=try3-c4-sysonly start_us=4162119 end_us=4165132 dur_us=3012
UKL-MQTT-BENCH: BUFFULL run_id=try3-c4-sysonly start_us=4167727 end_us=4169119 dur_us=1392
UKL-MQTT-BENCH: BUFFULL run_id=try3-c4-sysonly start_us=4170633 end_us=4174177 dur_us=3544
UKL-MQTT-BENCH: BUFFULL run_id=try3-c4-sysonly start_us=4176741 end_us=4182185 dur_us=5443
UKL-MQTT-BENCH: BUFFULL run_id=try3-c4-sysonly start_us=4188195 end_us=4193191 dur_us=4996
UKL-MQTT-BENCH: BUFFULL run_id=try3-c4-sysonly start_us=4195834 end_us=4198113 dur_us=2279
UKL-MQTT-BENCH: BUFFULL run_id=try3-c4-sysonly start_us=4200697 end_us=4202102 dur_us=1404
UKL-MQTT-BENCH: BUFFULL run_id=try3-c4-sysonly start_us=4203614 end_us=4206108 dur_us=2494
UKL-MQTT-BENCH: BUFFULL run_id=try3-c4-sysonly start_us=4208131 end_us=4213201 dur_us=5070
UKL-MQTT-BENCH: BUFFULL run_id=try3-c4-sysonly start_us=4216283 end_us=4218141 dur_us=1857
UKL-MQTT-BENCH: BUFFULL run_id=try3-c4-sysonly start_us=4220173 end_us=4225185 dur_us=5011
UKL-MQTT-BENCH: BUFFULL run_id=try3-c4-sysonly start_us=4230632 end_us=4234138 dur_us=3506
UKL-MQTT-BENCH: BUFFULL run_id=try3-c4-sysonly start_us=4236727 end_us=4238111 dur_us=1383
UKL-MQTT-BENCH: BUFFULL run_id=try3-c4-sysonly start_us=4239621 end_us=4244204 dur_us=4583
UKL-MQTT-BENCH: BUFFULL run_id=try3-c4-sysonly start_us=4247325 end_us=4249112 dur_us=1786
UKL-MQTT-BENCH: BUFFULL run_id=try3-c4-sysonly start_us=4251148 end_us=4255176 dur_us=4027
UKL-MQTT-BENCH: BUFFULL run_id=try3-c4-sysonly start_us=4259584 end_us=4265214 dur_us=5629
UKL-MQTT-BENCH: BUFFULL run_id=try3-c4-sysonly start_us=4270309 end_us=4275166 dur_us=4856
UKL-MQTT-BENCH: BUFFULL run_id=try3-c4-sysonly start_us=4279591 end_us=4284159 dur_us=4567
UKL-MQTT-BENCH: BUFFULL run_id=try3-c4-sysonly start_us=4286730 end_us=4288059 dur_us=1329
UKL-MQTT-BENCH: BUFFULL run_id=try3-c4-sysonly start_us=4289568 end_us=4295232 dur_us=5663
UKL-MQTT-BENCH: BUFFULL run_id=try3-c4-sysonly start_us=4298863 end_us=4301162 dur_us=2298
UKL-MQTT-BENCH: BUFFULL run_id=try3-c4-sysonly start_us=4303746 end_us=4308162 dur_us=4415
UKL-MQTT-BENCH: BUFFULL run_id=try3-c4-sysonly start_us=4311263 end_us=4314171 dur_us=2907
UKL-MQTT-BENCH: BUFFULL run_id=try3-c4-sysonly start_us=4316746 end_us=4319150 dur_us=2403
UKL-MQTT-BENCH: BUFFULL run_id=try3-c4-sysonly start_us=4321707 end_us=4325150 dur_us=3442
UKL-MQTT-BENCH: BUFFULL run_id=try3-c4-sysonly start_us=4327727 end_us=4331144 dur_us=3417
UKL-MQTT-BENCH: BUFFULL run_id=try3-c4-sysonly start_us=4333706 end_us=4337165 dur_us=3459
UKL-MQTT-BENCH: BUFFULL run_id=try3-c4-sysonly start_us=4339759 end_us=4343167 dur_us=3408
UKL-MQTT-BENCH: BUFFULL run_id=try3-c4-sysonly start_us=4345721 end_us=4348164 dur_us=2442
UKL-MQTT-BENCH: BUFFULL run_id=try3-c4-sysonly start_us=4350730 end_us=4354150 dur_us=3419
UKL-MQTT-BENCH: BUFFULL run_id=try3-c4-sysonly start_us=4356723 end_us=4360162 dur_us=3438
UKL-MQTT-BENCH: BUFFULL run_id=try3-c4-sysonly start_us=4362739 end_us=4366143 dur_us=3404
UKL-MQTT-BENCH: BUFFULL run_id=try3-c4-sysonly start_us=4368710 end_us=4371146 dur_us=2435
UKL-MQTT-BENCH: BUFFULL run_id=try3-c4-sysonly start_us=4373697 end_us=4377193 dur_us=3495
UKL-MQTT-BENCH: BUFFULL run_id=try3-c4-sysonly start_us=4379768 end_us=4383151 dur_us=3383
UKL-MQTT-BENCH: BUFFULL run_id=try3-c4-sysonly start_us=4385714 end_us=4388146 dur_us=2431
UKL-MQTT-BENCH: BUFFULL run_id=try3-c4-sysonly start_us=4391484 end_us=4396170 dur_us=4686
UKL-MQTT-BENCH: BUFFULL run_id=try3-c4-sysonly start_us=4399257 end_us=4401115 dur_us=1858
UKL-MQTT-BENCH: BUFFULL run_id=try3-c4-sysonly start_us=4403139 end_us=4408181 dur_us=5042
UKL-MQTT-BENCH: BUFFULL run_id=try3-c4-sysonly start_us=4411270 end_us=4413143 dur_us=1872
UKL-MQTT-BENCH: BUFFULL run_id=try3-c4-sysonly start_us=4415169 end_us=4419185 dur_us=4016
UKL-MQTT-BENCH: BUFFULL run_id=try3-c4-sysonly start_us=4422279 end_us=4424101 dur_us=1821
UKL-MQTT-BENCH: BUFFULL run_id=try3-c4-sysonly start_us=4426129 end_us=4430136 dur_us=4006
UKL-MQTT-BENCH: BUFFULL run_id=try3-c4-sysonly start_us=4432707 end_us=4434115 dur_us=1408
UKL-MQTT-BENCH: BUFFULL run_id=try3-c4-sysonly start_us=4436148 end_us=4441210 dur_us=5062
UKL-MQTT-BENCH: BUFFULL run_id=try3-c4-sysonly start_us=4444307 end_us=4446121 dur_us=1813
UKL-MQTT-BENCH: BUFFULL run_id=try3-c4-sysonly start_us=4448148 end_us=4451164 dur_us=3016
UKL-MQTT-BENCH: BUFFULL run_id=try3-c4-sysonly start_us=4453817 end_us=4455111 dur_us=1293
UKL-MQTT-BENCH: BUFFULL run_id=try3-c4-sysonly start_us=4456617 end_us=4461156 dur_us=4538
UKL-MQTT-BENCH: BUFFULL run_id=try3-c4-sysonly start_us=4463746 end_us=4465134 dur_us=1387
UKL-MQTT-BENCH: BUFFULL run_id=try3-c4-sysonly start_us=4467163 end_us=4472199 dur_us=5035
UKL-MQTT-BENCH: BUFFULL run_id=try3-c4-sysonly start_us=4475293 end_us=4478159 dur_us=2865
UKL-MQTT-BENCH: BUFFULL run_id=try3-c4-sysonly start_us=4480743 end_us=4483172 dur_us=2428
UKL-MQTT-BENCH: BUFFULL run_id=try3-c4-sysonly start_us=4485742 end_us=4488093 dur_us=2350
UKL-MQTT-BENCH: BUFFULL run_id=try3-c4-sysonly start_us=4490113 end_us=4493098 dur_us=2984
UKL-MQTT-BENCH: BUFFULL run_id=try3-c4-sysonly start_us=4494621 end_us=4497021 dur_us=2400
UKL-MQTT-BENCH: BUFFULL run_id=try3-c4-sysonly start_us=4499593 end_us=4504159 dur_us=4565
UKL-MQTT-BENCH: BUFFULL run_id=try3-c4-sysonly start_us=4507279 end_us=4510171 dur_us=2892
UKL-MQTT-BENCH: BUFFULL run_id=try3-c4-sysonly start_us=4512732 end_us=4515143 dur_us=2411
UKL-MQTT-BENCH: BUFFULL run_id=try3-c4-sysonly start_us=4517699 end_us=4521150 dur_us=3450
UKL-MQTT-BENCH: BUFFULL run_id=try3-c4-sysonly start_us=4523737 end_us=4527148 dur_us=3411
UKL-MQTT-BENCH: BUFFULL run_id=try3-c4-sysonly start_us=4529720 end_us=4533151 dur_us=3431
UKL-MQTT-BENCH: BUFFULL run_id=try3-c4-sysonly start_us=4535728 end_us=4538156 dur_us=2427
UKL-MQTT-BENCH: BUFFULL run_id=try3-c4-sysonly start_us=4540730 end_us=4544160 dur_us=3430
UKL-MQTT-BENCH: BUFFULL run_id=try3-c4-sysonly start_us=4546778 end_us=4550143 dur_us=3365
UKL-MQTT-BENCH: BUFFULL run_id=try3-c4-sysonly start_us=4552739 end_us=4556175 dur_us=3435
UKL-MQTT-BENCH: BUFFULL run_id=try3-c4-sysonly start_us=4558745 end_us=4562157 dur_us=3411
UKL-MQTT-BENCH: BUFFULL run_id=try3-c4-sysonly start_us=4564729 end_us=4568154 dur_us=3424
UKL-MQTT-BENCH: BUFFULL run_id=try3-c4-sysonly start_us=4570744 end_us=4573150 dur_us=2405
UKL-MQTT-BENCH: BUFFULL run_id=try3-c4-sysonly start_us=4575808 end_us=4578135 dur_us=2327
UKL-MQTT-BENCH: BUFFULL run_id=try3-c4-sysonly start_us=4580166 end_us=4584161 dur_us=3994
UKL-MQTT-BENCH: BUFFULL run_id=try3-c4-sysonly start_us=4586733 end_us=4588143 dur_us=1409
UKL-MQTT-BENCH: BUFFULL run_id=try3-c4-sysonly start_us=4590203 end_us=4594172 dur_us=3968
UKL-MQTT-BENCH: BUFFULL run_id=try3-c4-sysonly start_us=4596755 end_us=4599108 dur_us=2353
UKL-MQTT-BENCH: BUFFULL run_id=try3-c4-sysonly start_us=4603595 end_us=4608148 dur_us=4553
UKL-MQTT-BENCH: BUFFULL run_id=try3-c4-sysonly start_us=4610716 end_us=4614169 dur_us=3452
UKL-MQTT-BENCH: BUFFULL run_id=try3-c4-sysonly start_us=4616739 end_us=4620163 dur_us=3424
UKL-MQTT-BENCH: BUFFULL run_id=try3-c4-sysonly start_us=4622727 end_us=4625161 dur_us=2434
UKL-MQTT-BENCH: BUFFULL run_id=try3-c4-sysonly start_us=4627728 end_us=4631149 dur_us=3421
UKL-MQTT-BENCH: BUFFULL run_id=try3-c4-sysonly start_us=4633714 end_us=4637135 dur_us=3421
UKL-MQTT-BENCH: BUFFULL run_id=try3-c4-sysonly start_us=4639711 end_us=4643157 dur_us=3446
UKL-MQTT-BENCH: BUFFULL run_id=try3-c4-sysonly start_us=4645739 end_us=4648179 dur_us=2440
UKL-MQTT-BENCH: BUFFULL run_id=try3-c4-sysonly start_us=4650761 end_us=4654157 dur_us=3396
UKL-MQTT-BENCH: BUFFULL run_id=try3-c4-sysonly start_us=4656730 end_us=4660146 dur_us=3415
UKL-MQTT-BENCH: BUFFULL run_id=try3-c4-sysonly start_us=4662720 end_us=4665125 dur_us=2405
UKL-MQTT-BENCH: BUFFULL run_id=try3-c4-sysonly start_us=4667145 end_us=4672178 dur_us=5032
UKL-MQTT-BENCH: BUFFULL run_id=try3-c4-sysonly start_us=4678301 end_us=4681115 dur_us=2814
UKL-MQTT-BENCH: BUFFULL run_id=try3-c4-sysonly start_us=4682730 end_us=4685158 dur_us=2428
UKL-MQTT-BENCH: BUFFULL run_id=try3-c4-sysonly start_us=4687326 end_us=4691165 dur_us=3839
UKL-MQTT-BENCH: BUFFULL run_id=try3-c4-sysonly start_us=4693776 end_us=4697124 dur_us=3347
UKL-MQTT-BENCH: BUFFULL run_id=try3-c4-sysonly start_us=4699713 end_us=4701117 dur_us=1404
UKL-MQTT-BENCH: BUFFULL run_id=try3-c4-sysonly start_us=4703144 end_us=4708196 dur_us=5052
UKL-MQTT-BENCH: BUFFULL run_id=try3-c4-sysonly start_us=4711296 end_us=4714141 dur_us=2844
UKL-MQTT-BENCH: BUFFULL run_id=try3-c4-sysonly start_us=4716749 end_us=4721186 dur_us=4436
UKL-MQTT-BENCH: BUFFULL run_id=try3-c4-sysonly start_us=4724302 end_us=4727181 dur_us=2878
UKL-MQTT-BENCH: BUFFULL run_id=try3-c4-sysonly start_us=4729747 end_us=4732149 dur_us=2401
UKL-MQTT-BENCH: BUFFULL run_id=try3-c4-sysonly start_us=4734712 end_us=4738182 dur_us=3469
UKL-MQTT-BENCH: BUFFULL run_id=try3-c4-sysonly start_us=4740775 end_us=4744137 dur_us=3361
UKL-MQTT-BENCH: BUFFULL run_id=try3-c4-sysonly start_us=4746763 end_us=4750221 dur_us=3458
UKL-MQTT-BENCH: BUFFULL run_id=try3-c4-sysonly start_us=4752797 end_us=4756183 dur_us=3386
UKL-MQTT-BENCH: BUFFULL run_id=try3-c4-sysonly start_us=4758759 end_us=4762153 dur_us=3394
UKL-MQTT-BENCH: BUFFULL run_id=try3-c4-sysonly start_us=4764742 end_us=4766115 dur_us=1372
UKL-MQTT-BENCH: BUFFULL run_id=try3-c4-sysonly start_us=4770605 end_us=4775144 dur_us=4538
UKL-MQTT-BENCH: BUFFULL run_id=try3-c4-sysonly start_us=4777735 end_us=4781175 dur_us=3439
UKL-MQTT-BENCH: BUFFULL run_id=try3-c4-sysonly start_us=4783803 end_us=4787186 dur_us=3382
UKL-MQTT-BENCH: BUFFULL run_id=try3-c4-sysonly start_us=4789756 end_us=4792181 dur_us=2424
UKL-MQTT-BENCH: BUFFULL run_id=try3-c4-sysonly start_us=4794769 end_us=4798206 dur_us=3437
UKL-MQTT-BENCH: BUFFULL run_id=try3-c4-sysonly start_us=4800803 end_us=4804185 dur_us=3382
UKL-MQTT-BENCH: BUFFULL run_id=try3-c4-sysonly start_us=4806771 end_us=4809099 dur_us=2328
UKL-MQTT-BENCH: BUFFULL run_id=try3-c4-sysonly start_us=4811129 end_us=4814178 dur_us=3049
UKL-MQTT-BENCH: BUFFULL run_id=try3-c4-sysonly start_us=4816756 end_us=4819098 dur_us=2341
UKL-MQTT-BENCH: BUFFULL run_id=try3-c4-sysonly start_us=4821129 end_us=4825181 dur_us=4051
UKL-MQTT-BENCH: BUFFULL run_id=try3-c4-sysonly start_us=4827759 end_us=4830145 dur_us=2386
UKL-MQTT-BENCH: BUFFULL run_id=try3-c4-sysonly start_us=4832721 end_us=4836129 dur_us=3408
UKL-MQTT-BENCH: BUFFULL run_id=try3-c4-sysonly start_us=4838702 end_us=4841117 dur_us=2414
UKL-MQTT-BENCH: BUFFULL run_id=try3-c4-sysonly start_us=4843145 end_us=4848198 dur_us=5052
UKL-MQTT-BENCH: BUFFULL run_id=try3-c4-sysonly start_us=4851290 end_us=4854176 dur_us=2886
UKL-MQTT-BENCH: BUFFULL run_id=try3-c4-sysonly start_us=4856748 end_us=4860251 dur_us=3502
UKL-MQTT-BENCH: BUFFULL run_id=try3-c4-sysonly start_us=4863345 end_us=4866159 dur_us=2814
UKL-MQTT-BENCH: BUFFULL run_id=try3-c4-sysonly start_us=4868739 end_us=4871107 dur_us=2368
UKL-MQTT-BENCH: BUFFULL run_id=try3-c4-sysonly start_us=4875032 end_us=4879164 dur_us=4131
UKL-MQTT-BENCH: BUFFULL run_id=try3-c4-sysonly start_us=4881737 end_us=4886195 dur_us=4457
UKL-MQTT-BENCH: BUFFULL run_id=try3-c4-sysonly start_us=4889293 end_us=4891162 dur_us=1869
UKL-MQTT-BENCH: BUFFULL run_id=try3-c4-sysonly start_us=4893739 end_us=4896095 dur_us=2356
UKL-MQTT-BENCH: BUFFULL run_id=try3-c4-sysonly start_us=4897603 end_us=4899066 dur_us=1463
UKL-MQTT-BENCH: BUFFULL run_id=try3-c4-sysonly start_us=4900585 end_us=4904124 dur_us=3538
UKL-MQTT-BENCH: BUFFULL run_id=try3-c4-sysonly start_us=4906689 end_us=4911200 dur_us=4511
UKL-MQTT-BENCH: BUFFULL run_id=try3-c4-sysonly start_us=4914668 end_us=4917194 dur_us=2526
UKL-MQTT-BENCH: BUFFULL run_id=try3-c4-sysonly start_us=4919783 end_us=4922159 dur_us=2375
UKL-MQTT-BENCH: BUFFULL run_id=try3-c4-sysonly start_us=4924760 end_us=4927104 dur_us=2343
UKL-MQTT-BENCH: BUFFULL run_id=try3-c4-sysonly start_us=4929125 end_us=4932132 dur_us=3006
UKL-MQTT-BENCH: BUFFULL run_id=try3-c4-sysonly start_us=4934173 end_us=4937168 dur_us=2995
UKL-MQTT-BENCH: BUFFULL run_id=try3-c4-sysonly start_us=4939746 end_us=4944140 dur_us=4393
UKL-MQTT-BENCH: BUFFULL run_id=try3-c4-sysonly start_us=4946711 end_us=4949156 dur_us=2445
UKL-MQTT-BENCH: BUFFULL run_id=try3-c4-sysonly start_us=4951757 end_us=4955176 dur_us=3419
UKL-MQTT-BENCH: BUFFULL run_id=try3-c4-sysonly start_us=4957752 end_us=4961144 dur_us=3392
UKL-MQTT-BENCH: BUFFULL run_id=try3-c4-sysonly start_us=4963728 end_us=4966157 dur_us=2429
UKL-MQTT-BENCH: BUFFULL run_id=try3-c4-sysonly start_us=4968744 end_us=4972177 dur_us=3432
UKL-MQTT-BENCH: BUFFULL run_id=try3-c4-sysonly start_us=4974767 end_us=4978175 dur_us=3407
UKL-MQTT-BENCH: BUFFULL run_id=try3-c4-sysonly start_us=4980759 end_us=4984134 dur_us=3375
UKL-MQTT-BENCH: BUFFULL run_id=try3-c4-sysonly start_us=4986731 end_us=4990157 dur_us=3426
UKL-MQTT-BENCH: BUFFULL run_id=try3-c4-sysonly start_us=4992722 end_us=4995165 dur_us=2442
UKL-MQTT-BENCH: BUFFULL run_id=try3-c4-sysonly start_us=4997740 end_us=5001203 dur_us=3462
UKL-MQTT-BENCH: BUFFULL run_id=try3-c4-sysonly start_us=5003788 end_us=5007227 dur_us=3439
UKL-MQTT-BENCH: BUFFULL run_id=try3-c4-sysonly start_us=5009805 end_us=5011163 dur_us=1357
UKL-MQTT-BENCH: BUFFULL run_id=try3-c4-sysonly start_us=5012677 end_us=5016155 dur_us=3477
UKL-MQTT-BENCH: BUFFULL run_id=try3-c4-sysonly start_us=5018734 end_us=5020104 dur_us=1370
UKL-MQTT-BENCH: BUFFULL run_id=try3-c4-sysonly start_us=5021635 end_us=5024124 dur_us=2489
UKL-MQTT-BENCH: BUFFULL run_id=try3-c4-sysonly start_us=5026175 end_us=5029129 dur_us=2954
UKL-MQTT-BENCH: BUFFULL run_id=try3-c4-sysonly start_us=5031158 end_us=5034155 dur_us=2997
UKL-MQTT-BENCH: BUFFULL run_id=try3-c4-sysonly start_us=5036736 end_us=5040160 dur_us=3424
UKL-MQTT-BENCH: BUFFULL run_id=try3-c4-sysonly start_us=5042742 end_us=5046151 dur_us=3408
UKL-MQTT-BENCH: BUFFULL run_id=try3-c4-sysonly start_us=5048720 end_us=5052183 dur_us=3462
UKL-MQTT-BENCH: BUFFULL run_id=try3-c4-sysonly start_us=5054768 end_us=5056087 dur_us=1318
UKL-MQTT-BENCH: BUFFULL run_id=try3-c4-sysonly start_us=5058129 end_us=5063200 dur_us=5070
UKL-MQTT-BENCH: BUFFULL run_id=try3-c4-sysonly start_us=5066297 end_us=5068105 dur_us=1808
UKL-MQTT-BENCH: BUFFULL run_id=try3-c4-sysonly start_us=5070164 end_us=5074135 dur_us=3970
UKL-MQTT-BENCH: BUFFULL run_id=try3-c4-sysonly start_us=5078596 end_us=5083159 dur_us=4563
UKL-MQTT-BENCH: BUFFULL run_id=try3-c4-sysonly start_us=5085729 end_us=5089163 dur_us=3434
UKL-MQTT-BENCH: BUFFULL run_id=try3-c4-sysonly start_us=5091735 end_us=5094134 dur_us=2398
UKL-MQTT-BENCH: BUFFULL run_id=try3-c4-sysonly start_us=5096727 end_us=5099105 dur_us=2378
UKL-MQTT-BENCH: BUFFULL run_id=try3-c4-sysonly start_us=5101132 end_us=5106179 dur_us=5047
UKL-MQTT-BENCH: BUFFULL run_id=try3-c4-sysonly start_us=5109272 end_us=5111134 dur_us=1861
UKL-MQTT-BENCH: BUFFULL run_id=try3-c4-sysonly start_us=5113152 end_us=5117158 dur_us=4005
UKL-MQTT-BENCH: BUFFULL run_id=try3-c4-sysonly start_us=5119735 end_us=5122138 dur_us=2403
UKL-MQTT-BENCH: BUFFULL run_id=try3-c4-sysonly start_us=5124736 end_us=5127116 dur_us=2380
UKL-MQTT-BENCH: BUFFULL run_id=try3-c4-sysonly start_us=5129138 end_us=5131120 dur_us=1982
UKL-MQTT-BENCH: BUFFULL run_id=try3-c4-sysonly start_us=5133145 end_us=5136120 dur_us=2974
UKL-MQTT-BENCH: BUFFULL run_id=try3-c4-sysonly start_us=5138130 end_us=5143202 dur_us=5071
UKL-MQTT-BENCH: BUFFULL run_id=try3-c4-sysonly start_us=5146287 end_us=5148158 dur_us=1871
UKL-MQTT-BENCH: BUFFULL run_id=try3-c4-sysonly start_us=5150729 end_us=5154147 dur_us=3417
UKL-MQTT-BENCH: BUFFULL run_id=try3-c4-sysonly start_us=5156735 end_us=5160186 dur_us=3451
UKL-MQTT-BENCH: BUFFULL run_id=try3-c4-sysonly start_us=5162763 end_us=5166162 dur_us=3399
UKL-MQTT-BENCH: BUFFULL run_id=try3-c4-sysonly start_us=5168744 end_us=5172161 dur_us=3417
UKL-MQTT-BENCH: BUFFULL run_id=try3-c4-sysonly start_us=5174774 end_us=5177660 dur_us=2885
UKL-MQTT-BENCH: BUFFULL run_id=try3-c4-sysonly start_us=5180307 end_us=5183195 dur_us=2887
UKL-MQTT-BENCH: BUFFULL run_id=try3-c4-sysonly start_us=5185771 end_us=5189156 dur_us=3384
UKL-MQTT-BENCH: BUFFULL run_id=try3-c4-sysonly start_us=5191805 end_us=5195176 dur_us=3371
UKL-MQTT-BENCH: BUFFULL run_id=try3-c4-sysonly start_us=5197739 end_us=5201163 dur_us=3424
UKL-MQTT-BENCH: BUFFULL run_id=try3-c4-sysonly start_us=5203744 end_us=5207171 dur_us=3427
UKL-MQTT-BENCH: BUFFULL run_id=try3-c4-sysonly start_us=5209752 end_us=5212225 dur_us=2473
UKL-MQTT-BENCH: BUFFULL run_id=try3-c4-sysonly start_us=5214802 end_us=5218161 dur_us=3359
UKL-MQTT-BENCH: BUFFULL run_id=try3-c4-sysonly start_us=5220731 end_us=5224178 dur_us=3447
UKL-MQTT-BENCH: BUFFULL run_id=try3-c4-sysonly start_us=5226763 end_us=5230165 dur_us=3401
UKL-MQTT-BENCH: BUFFULL run_id=try3-c4-sysonly start_us=5232730 end_us=5235165 dur_us=2434
UKL-MQTT-BENCH: BUFFULL run_id=try3-c4-sysonly start_us=5237726 end_us=5241159 dur_us=3432
UKL-MQTT-BENCH: BUFFULL run_id=try3-c4-sysonly start_us=5243740 end_us=5246104 dur_us=2363
UKL-MQTT-BENCH: BUFFULL run_id=try3-c4-sysonly start_us=5248123 end_us=5250100 dur_us=1976
UKL-MQTT-BENCH: BUFFULL run_id=try3-c4-sysonly start_us=5252136 end_us=5256162 dur_us=4026
UKL-MQTT-BENCH: BUFFULL run_id=try3-c4-sysonly start_us=5258748 end_us=5262163 dur_us=3414
UKL-MQTT-BENCH: BUFFULL run_id=try3-c4-sysonly start_us=5264732 end_us=5268162 dur_us=3429
UKL-MQTT-BENCH: BUFFULL run_id=try3-c4-sysonly start_us=5270760 end_us=5272091 dur_us=1330
UKL-MQTT-BENCH: BUFFULL run_id=try3-c4-sysonly start_us=5274131 end_us=5278158 dur_us=4026
UKL-MQTT-BENCH: BUFFULL run_id=try3-c4-sysonly start_us=5280741 end_us=5283135 dur_us=2394
UKL-MQTT-BENCH: BUFFULL run_id=try3-c4-sysonly start_us=5285154 end_us=5290202 dur_us=5047
UKL-MQTT-BENCH: BUFFULL run_id=try3-c4-sysonly start_us=5293299 end_us=5295158 dur_us=1859
UKL-MQTT-BENCH: BUFFULL run_id=try3-c4-sysonly start_us=5297171 end_us=5300139 dur_us=2968
UKL-MQTT-BENCH: BUFFULL run_id=try3-c4-sysonly start_us=5304596 end_us=5308127 dur_us=3531
UKL-MQTT-BENCH: BUFFULL run_id=try3-c4-sysonly start_us=5310152 end_us=5314168 dur_us=4015
UKL-MQTT-BENCH: BUFFULL run_id=try3-c4-sysonly start_us=5316742 end_us=5319235 dur_us=2493
UKL-MQTT-BENCH: BUFFULL run_id=try3-c4-sysonly start_us=5322056 end_us=5325172 dur_us=3116
UKL-MQTT-BENCH: BUFFULL run_id=try3-c4-sysonly start_us=5327751 end_us=5331148 dur_us=3397
UKL-MQTT-BENCH: BUFFULL run_id=try3-c4-sysonly start_us=5333710 end_us=5337151 dur_us=3440
UKL-MQTT-BENCH: BUFFULL run_id=try3-c4-sysonly start_us=5339729 end_us=5342171 dur_us=2441
UKL-MQTT-BENCH: BUFFULL run_id=try3-c4-sysonly start_us=5344738 end_us=5348174 dur_us=3436
UKL-MQTT-BENCH: BUFFULL run_id=try3-c4-sysonly start_us=5350751 end_us=5353089 dur_us=2338
UKL-MQTT-BENCH: BUFFULL run_id=try3-c4-sysonly start_us=5355130 end_us=5357097 dur_us=1966
UKL-MQTT-BENCH: BUFFULL run_id=try3-c4-sysonly start_us=5359133 end_us=5362136 dur_us=3003
UKL-MQTT-BENCH: BUFFULL run_id=try3-c4-sysonly start_us=5364159 end_us=5369187 dur_us=5027
UKL-MQTT-BENCH: BUFFULL run_id=try3-c4-sysonly start_us=5372298 end_us=5374154 dur_us=1856
UKL-MQTT-BENCH: BUFFULL run_id=try3-c4-sysonly start_us=5376179 end_us=5380171 dur_us=3991
UKL-MQTT-BENCH: BUFFULL run_id=try3-c4-sysonly start_us=5383294 end_us=5385116 dur_us=1821
UKL-MQTT-BENCH: BUFFULL run_id=try3-c4-sysonly start_us=5387152 end_us=5391129 dur_us=3977
UKL-MQTT-BENCH: BUFFULL run_id=try3-c4-sysonly start_us=5393141 end_us=5396157 dur_us=3016
UKL-MQTT-BENCH: BUFFULL run_id=try3-c4-sysonly start_us=5399244 end_us=5402241 dur_us=2997
UKL-MQTT-BENCH: BUFFULL run_id=try3-c4-sysonly start_us=5404816 end_us=5408181 dur_us=3365
UKL-MQTT-BENCH: BUFFULL run_id=try3-c4-sysonly start_us=5410756 end_us=5414181 dur_us=3424
UKL-MQTT-BENCH: BUFFULL run_id=try3-c4-sysonly start_us=5417340 end_us=5421138 dur_us=3797
UKL-MQTT-BENCH: BUFFULL run_id=try3-c4-sysonly start_us=5423721 end_us=5427145 dur_us=3423
UKL-MQTT-BENCH: BUFFULL run_id=try3-c4-sysonly start_us=5429706 end_us=5433164 dur_us=3458
UKL-MQTT-BENCH: BUFFULL run_id=try3-c4-sysonly start_us=5435742 end_us=5438139 dur_us=2396
UKL-MQTT-BENCH: BUFFULL run_id=try3-c4-sysonly start_us=5440716 end_us=5445178 dur_us=4462
UKL-MQTT-BENCH: BUFFULL run_id=try3-c4-sysonly start_us=5448270 end_us=5451148 dur_us=2878
UKL-MQTT-BENCH: BUFFULL run_id=try3-c4-sysonly start_us=5453732 end_us=5457193 dur_us=3461
UKL-MQTT-BENCH: BUFFULL run_id=try3-c4-sysonly start_us=5460270 end_us=5463149 dur_us=2879
UKL-MQTT-BENCH: BUFFULL run_id=try3-c4-sysonly start_us=5465719 end_us=5469118 dur_us=3399
UKL-MQTT-BENCH: BUFFULL run_id=try3-c4-sysonly start_us=5471191 end_us=5475164 dur_us=3972
UKL-MQTT-BENCH: BUFFULL run_id=try3-c4-sysonly start_us=5478244 end_us=5481159 dur_us=2915
UKL-MQTT-BENCH: BUFFULL run_id=try3-c4-sysonly start_us=5483739 end_us=5488186 dur_us=4446
UKL-MQTT-BENCH: BUFFULL run_id=try3-c4-sysonly start_us=5494133 end_us=5498149 dur_us=4015
UKL-MQTT-BENCH: BUFFULL run_id=try3-c4-sysonly start_us=5500723 end_us=5503138 dur_us=2414
UKL-MQTT-BENCH: BUFFULL run_id=try3-c4-sysonly start_us=5505156 end_us=5509187 dur_us=4030
UKL-MQTT-BENCH: BUFFULL run_id=try3-c4-sysonly start_us=5512289 end_us=5514151 dur_us=1862
UKL-MQTT-BENCH: BUFFULL run_id=try3-c4-sysonly start_us=5516367 end_us=5520213 dur_us=3846
UKL-MQTT-BENCH: BUFFULL run_id=try3-c4-sysonly start_us=5522794 end_us=5525102 dur_us=2307
UKL-MQTT-BENCH: BUFFULL run_id=try3-c4-sysonly start_us=5527146 end_us=5530174 dur_us=3028
UKL-MQTT-BENCH: BUFFULL run_id=try3-c4-sysonly start_us=5532759 end_us=5537181 dur_us=4421
UKL-MQTT-BENCH: BUFFULL run_id=try3-c4-sysonly start_us=5539769 end_us=5543211 dur_us=3441
UKL-MQTT-BENCH: BUFFULL run_id=try3-c4-sysonly start_us=5546293 end_us=5549169 dur_us=2876
UKL-MQTT-BENCH: BUFFULL run_id=try3-c4-sysonly start_us=5551752 end_us=5555169 dur_us=3416
UKL-MQTT-BENCH: BUFFULL run_id=try3-c4-sysonly start_us=5557737 end_us=5559093 dur_us=1356
UKL-MQTT-BENCH: BUFFULL run_id=try3-c4-sysonly start_us=5561132 end_us=5563114 dur_us=1982
UKL-MQTT-BENCH: BUFFULL run_id=try3-c4-sysonly start_us=5564652 end_us=5567680 dur_us=3028
UKL-MQTT-BENCH: BUFFULL run_id=try3-c4-sysonly start_us=5569701 end_us=5574220 dur_us=4518
UKL-MQTT-BENCH: BUFFULL run_id=try3-c4-sysonly start_us=5577328 end_us=5579105 dur_us=1776
UKL-MQTT-BENCH: BUFFULL run_id=try3-c4-sysonly start_us=5581126 end_us=5585169 dur_us=4042
UKL-MQTT-BENCH: BUFFULL run_id=try3-c4-sysonly start_us=5589580 end_us=5595201 dur_us=5621
UKL-MQTT-BENCH: BUFFULL run_id=try3-c4-sysonly start_us=5598282 end_us=5600130 dur_us=1848
UKL-MQTT-BENCH: BUFFULL run_id=try3-c4-sysonly start_us=5602159 end_us=5607164 dur_us=5004
UKL-MQTT-BENCH: BUFFULL run_id=try3-c4-sysonly start_us=5613163 end_us=5616089 dur_us=2925
UKL-MQTT-BENCH: BUFFULL run_id=try3-c4-sysonly start_us=5618159 end_us=5620141 dur_us=1981
UKL-MQTT-BENCH: BUFFULL run_id=try3-c4-sysonly start_us=5621647 end_us=5626242 dur_us=4594
UKL-MQTT-BENCH: BUFFULL run_id=try3-c4-sysonly start_us=5629543 end_us=5632240 dur_us=2696
UKL-MQTT-BENCH: BUFFULL run_id=try3-c4-sysonly start_us=5634833 end_us=5637110 dur_us=2277
UKL-MQTT-BENCH: BUFFULL run_id=try3-c4-sysonly start_us=5641628 end_us=5646154 dur_us=4526
UKL-MQTT-BENCH: BUFFULL run_id=try3-c4-sysonly start_us=5648720 end_us=5652182 dur_us=3462
UKL-MQTT-BENCH: BUFFULL run_id=try3-c4-sysonly start_us=5654758 end_us=5658176 dur_us=3417
UKL-MQTT-BENCH: BUFFULL run_id=try3-c4-sysonly start_us=5660754 end_us=5663132 dur_us=2377
UKL-MQTT-BENCH: BUFFULL run_id=try3-c4-sysonly start_us=5665151 end_us=5669179 dur_us=4028
UKL-MQTT-BENCH: BUFFULL run_id=try3-c4-sysonly start_us=5672286 end_us=5674109 dur_us=1823
UKL-MQTT-BENCH: BUFFULL run_id=try3-c4-sysonly start_us=5676145 end_us=5681201 dur_us=5056
UKL-MQTT-BENCH: BUFFULL run_id=try3-c4-sysonly start_us=5687166 end_us=5691170 dur_us=4003
UKL-MQTT-BENCH: BUFFULL run_id=try3-c4-sysonly start_us=5693736 end_us=5696091 dur_us=2355
UKL-MQTT-BENCH: BUFFULL run_id=try3-c4-sysonly start_us=5698120 end_us=5700107 dur_us=1987
UKL-MQTT-BENCH: BUFFULL run_id=try3-c4-sysonly start_us=5702152 end_us=5705124 dur_us=2971
UKL-MQTT-BENCH: BUFFULL run_id=try3-c4-sysonly start_us=5707156 end_us=5712191 dur_us=5034
UKL-MQTT-BENCH: BUFFULL run_id=try3-c4-sysonly start_us=5715278 end_us=5718171 dur_us=2893
UKL-MQTT-BENCH: BUFFULL run_id=try3-c4-sysonly start_us=5720739 end_us=5723157 dur_us=2418
UKL-MQTT-BENCH: BUFFULL run_id=try3-c4-sysonly start_us=5725176 end_us=5727113 dur_us=1936
UKL-MQTT-BENCH: BUFFULL run_id=try3-c4-sysonly start_us=5729126 end_us=5731139 dur_us=2012
UKL-MQTT-BENCH: BUFFULL run_id=try3-c4-sysonly start_us=5733165 end_us=5737161 dur_us=3995
UKL-MQTT-BENCH: BUFFULL run_id=try3-c4-sysonly start_us=5739759 end_us=5743150 dur_us=3390
UKL-MQTT-BENCH: BUFFULL run_id=try3-c4-sysonly start_us=5745712 end_us=5749160 dur_us=3448
UKL-MQTT-BENCH: BUFFULL run_id=try3-c4-sysonly start_us=5751739 end_us=5753100 dur_us=1361
UKL-MQTT-BENCH: BUFFULL run_id=try3-c4-sysonly start_us=5755136 end_us=5759141 dur_us=4004
UKL-MQTT-BENCH: BUFFULL run_id=try3-c4-sysonly start_us=5761703 end_us=5765162 dur_us=3459
UKL-MQTT-BENCH: BUFFULL run_id=try3-c4-sysonly start_us=5767749 end_us=5771180 dur_us=3430
UKL-MQTT-BENCH: BUFFULL run_id=try3-c4-sysonly start_us=5773750 end_us=5777198 dur_us=3447
UKL-MQTT-BENCH: BUFFULL run_id=try3-c4-sysonly start_us=5783173 end_us=5786134 dur_us=2960
UKL-MQTT-BENCH: BUFFULL run_id=try3-c4-sysonly start_us=5788172 end_us=5790154 dur_us=1981
UKL-MQTT-BENCH: BUFFULL run_id=try3-c4-sysonly start_us=5791743 end_us=5795162 dur_us=3418
UKL-MQTT-BENCH: BUFFULL run_id=try3-c4-sysonly start_us=5797767 end_us=5802200 dur_us=4432
UKL-MQTT-BENCH: BUFFULL run_id=try3-c4-sysonly start_us=5805309 end_us=5807137 dur_us=1828
UKL-MQTT-BENCH: BUFFULL run_id=try3-c4-sysonly start_us=5809167 end_us=5814181 dur_us=5014
UKL-MQTT-BENCH: BUFFULL run_id=try3-c4-sysonly start_us=5816758 end_us=5819154 dur_us=2395
UKL-MQTT-BENCH: BUFFULL run_id=try3-c4-sysonly start_us=5821739 end_us=5824159 dur_us=2419
UKL-MQTT-BENCH: BUFFULL run_id=try3-c4-sysonly start_us=5826754 end_us=5831164 dur_us=4409
UKL-MQTT-BENCH: BUFFULL run_id=try3-c4-sysonly start_us=5833745 end_us=5836163 dur_us=2417
UKL-MQTT-BENCH: BUFFULL run_id=try3-c4-sysonly start_us=5838755 end_us=5841099 dur_us=2344
UKL-MQTT-BENCH: BUFFULL run_id=try3-c4-sysonly start_us=5843135 end_us=5846166 dur_us=3030
UKL-MQTT-BENCH: BUFFULL run_id=try3-c4-sysonly start_us=5848746 end_us=5853164 dur_us=4417
UKL-MQTT-BENCH: BUFFULL run_id=try3-c4-sysonly start_us=5855751 end_us=5859194 dur_us=3442
UKL-MQTT-BENCH: BUFFULL run_id=try3-c4-sysonly start_us=5862300 end_us=5866204 dur_us=3904
UKL-MQTT-BENCH: BUFFULL run_id=try3-c4-sysonly start_us=5869310 end_us=5872173 dur_us=2862
UKL-MQTT-BENCH: BUFFULL run_id=try3-c4-sysonly start_us=5874769 end_us=5879214 dur_us=4445
UKL-MQTT-BENCH: BUFFULL run_id=try3-c4-sysonly start_us=5882323 end_us=5884127 dur_us=1804
UKL-MQTT-BENCH: BUFFULL run_id=try3-c4-sysonly start_us=5886162 end_us=5889166 dur_us=3003
UKL-MQTT-BENCH: BUFFULL run_id=try3-c4-sysonly start_us=5891749 end_us=5893071 dur_us=1321
UKL-MQTT-BENCH: BUFFULL run_id=try3-c4-sysonly start_us=5894597 end_us=5897085 dur_us=2488
UKL-MQTT-BENCH: BUFFULL run_id=try3-c4-sysonly start_us=5898599 end_us=5902143 dur_us=3543
UKL-MQTT-BENCH: BUFFULL run_id=try3-c4-sysonly start_us=5904725 end_us=5906069 dur_us=1343
UKL-MQTT-BENCH: BUFFULL run_id=try3-c4-sysonly start_us=5907581 end_us=5912167 dur_us=4585
UKL-MQTT-BENCH: BUFFULL run_id=try3-c4-sysonly start_us=5915272 end_us=5917910 dur_us=2638
UKL-MQTT-BENCH: BUFFULL run_id=try3-c4-sysonly start_us=5920495 end_us=5924181 dur_us=3686
UKL-MQTT-BENCH: BUFFULL run_id=try3-c4-sysonly start_us=5926772 end_us=5930172 dur_us=3399
UKL-MQTT-BENCH: BUFFULL run_id=try3-c4-sysonly start_us=5932752 end_us=5935165 dur_us=2413
UKL-MQTT-BENCH: BUFFULL run_id=try3-c4-sysonly start_us=5937743 end_us=5940090 dur_us=2346
UKL-MQTT-BENCH: BUFFULL run_id=try3-c4-sysonly start_us=5944570 end_us=5949142 dur_us=4572
UKL-MQTT-BENCH: BUFFULL run_id=try3-c4-sysonly start_us=5951723 end_us=5955164 dur_us=3440
UKL-MQTT-BENCH: BUFFULL run_id=try3-c4-sysonly start_us=5957739 end_us=5961159 dur_us=3420
UKL-MQTT-BENCH: BUFFULL run_id=try3-c4-sysonly start_us=5963727 end_us=5966149 dur_us=2421
UKL-MQTT-BENCH: BUFFULL run_id=try3-c4-sysonly start_us=5968762 end_us=5972203 dur_us=3441
UKL-MQTT-BENCH: BUFFULL run_id=try3-c4-sysonly start_us=5974795 end_us=5978174 dur_us=3379
UKL-MQTT-BENCH: BUFFULL run_id=try3-c4-sysonly start_us=5980776 end_us=5984168 dur_us=3392
UKL-MQTT-BENCH: BUFFULL run_id=try3-c4-sysonly start_us=5986741 end_us=5990178 dur_us=3437
UKL-MQTT-BENCH: BUFFULL run_id=try3-c4-sysonly start_us=5992745 end_us=5996144 dur_us=3398
UKL-MQTT-BENCH: BUFFULL run_id=try3-c4-sysonly start_us=5998732 end_us=6001155 dur_us=2423
UKL-MQTT-BENCH: BUFFULL run_id=try3-c4-sysonly start_us=6003731 end_us=6007164 dur_us=3432
UKL-MQTT-BENCH: BUFFULL run_id=try3-c4-sysonly start_us=6009741 end_us=6013161 dur_us=3419
UKL-MQTT-BENCH: BUFFULL run_id=try3-c4-sysonly start_us=6015752 end_us=6019153 dur_us=3400
UKL-MQTT-BENCH: BUFFULL run_id=try3-c4-sysonly start_us=6021714 end_us=6024147 dur_us=2432
UKL-MQTT-BENCH: BUFFULL run_id=try3-c4-sysonly start_us=6026768 end_us=6030185 dur_us=3417
UKL-MQTT-BENCH: BUFFULL run_id=try3-c4-sysonly start_us=6032777 end_us=6036152 dur_us=3374
UKL-MQTT-BENCH: BUFFULL run_id=try3-c4-sysonly start_us=6038734 end_us=6042142 dur_us=3407
UKL-MQTT-BENCH: BUFFULL run_id=try3-c4-sysonly start_us=6044733 end_us=6047149 dur_us=2416
UKL-MQTT-BENCH: BUFFULL run_id=try3-c4-sysonly start_us=6049721 end_us=6053128 dur_us=3406
UKL-MQTT-BENCH: BUFFULL run_id=try3-c4-sysonly start_us=6055720 end_us=6059156 dur_us=3436
UKL-MQTT-BENCH: BUFFULL run_id=try3-c4-sysonly start_us=6061739 end_us=6065167 dur_us=3428
UKL-MQTT-BENCH: BUFFULL run_id=try3-c4-sysonly start_us=6067743 end_us=6070137 dur_us=2394
UKL-MQTT-BENCH: BUFFULL run_id=try3-c4-sysonly start_us=6072727 end_us=6076182 dur_us=3454
UKL-MQTT-BENCH: BUFFULL run_id=try3-c4-sysonly start_us=6078787 end_us=6082174 dur_us=3386
UKL-MQTT-BENCH: BUFFULL run_id=try3-c4-sysonly start_us=6084767 end_us=6088156 dur_us=3389
UKL-MQTT-BENCH: BUFFULL run_id=try3-c4-sysonly start_us=6090738 end_us=6092126 dur_us=1388
UKL-MQTT-BENCH: BUFFULL run_id=try3-c4-sysonly start_us=6093635 end_us=6097089 dur_us=3453
UKL-MQTT-BENCH: BUFFULL run_id=try3-c4-sysonly start_us=6099665 end_us=6103170 dur_us=3504
UKL-MQTT-BENCH: BUFFULL run_id=try3-c4-sysonly start_us=6105743 end_us=6109150 dur_us=3407
UKL-MQTT-BENCH: BUFFULL run_id=try3-c4-sysonly start_us=6111717 end_us=6115190 dur_us=3473
UKL-MQTT-BENCH: BUFFULL run_id=try3-c4-sysonly start_us=6118279 end_us=6121122 dur_us=2843
UKL-MQTT-BENCH: BUFFULL run_id=try3-c4-sysonly start_us=6123707 end_us=6127169 dur_us=3462
UKL-MQTT-BENCH: BUFFULL run_id=try3-c4-sysonly start_us=6129752 end_us=6131094 dur_us=1342
UKL-MQTT-BENCH: BUFFULL run_id=try3-c4-sysonly start_us=6133121 end_us=6138164 dur_us=5042
UKL-MQTT-BENCH: BUFFULL run_id=try3-c4-sysonly start_us=6141276 end_us=6143122 dur_us=1846
UKL-MQTT-BENCH: BUFFULL run_id=try3-c4-sysonly start_us=6145153 end_us=6150192 dur_us=5039
UKL-MQTT-BENCH: BUFFULL run_id=try3-c4-sysonly start_us=6153289 end_us=6156166 dur_us=2877
UKL-MQTT-BENCH: BUFFULL run_id=try3-c4-sysonly start_us=6158732 end_us=6161162 dur_us=2429
UKL-MQTT-BENCH: BUFFULL run_id=try3-c4-sysonly start_us=6163737 end_us=6167153 dur_us=3416
UKL-MQTT-BENCH: BUFFULL run_id=try3-c4-sysonly start_us=6169731 end_us=6173146 dur_us=3414
UKL-MQTT-BENCH: BUFFULL run_id=try3-c4-sysonly start_us=6175760 end_us=6179186 dur_us=3426
UKL-MQTT-BENCH: BUFFULL run_id=try3-c4-sysonly start_us=6181779 end_us=6185157 dur_us=3377
UKL-MQTT-BENCH: BUFFULL run_id=try3-c4-sysonly start_us=6187732 end_us=6190235 dur_us=2503
UKL-MQTT-BENCH: BUFFULL run_id=try3-c4-sysonly start_us=6192815 end_us=6196166 dur_us=3350
UKL-MQTT-BENCH: BUFFULL run_id=try3-c4-sysonly start_us=6198747 end_us=6201094 dur_us=2347
UKL-MQTT-BENCH: BUFFULL run_id=try3-c4-sysonly start_us=6203189 end_us=6205076 dur_us=1886
UKL-MQTT-BENCH: BUFFULL run_id=try3-c4-sysonly start_us=6207128 end_us=6210152 dur_us=3024
UKL-MQTT-BENCH: BUFFULL run_id=try3-c4-sysonly start_us=6212254 end_us=6215111 dur_us=2857
UKL-MQTT-BENCH: BUFFULL run_id=try3-c4-sysonly start_us=6217148 end_us=6221201 dur_us=4052
UKL-MQTT-BENCH: BUFFULL run_id=try3-c4-sysonly start_us=6224345 end_us=6226088 dur_us=1742
UKL-MQTT-BENCH: BUFFULL run_id=try3-c4-sysonly start_us=6228112 end_us=6233224 dur_us=5112
UKL-MQTT-BENCH: BUFFULL run_id=try3-c4-sysonly start_us=6239141 end_us=6244158 dur_us=5017
UKL-MQTT-BENCH: BUFFULL run_id=try3-c4-sysonly start_us=6246758 end_us=6248098 dur_us=1339
UKL-MQTT-BENCH: BUFFULL run_id=try3-c4-sysonly start_us=6250121 end_us=6255188 dur_us=5067
UKL-MQTT-BENCH: BUFFULL run_id=try3-c4-sysonly start_us=6258292 end_us=6260141 dur_us=1848
UKL-MQTT-BENCH: BUFFULL run_id=try3-c4-sysonly start_us=6262176 end_us=6266155 dur_us=3978
UKL-MQTT-BENCH: BUFFULL run_id=try3-c4-sysonly start_us=6268731 end_us=6272156 dur_us=3425
UKL-MQTT-BENCH: BUFFULL run_id=try3-c4-sysonly start_us=6274741 end_us=6276413 dur_us=1672
UKL-MQTT-BENCH: BUFFULL run_id=try3-c4-sysonly start_us=6279018 end_us=6282154 dur_us=3135
UKL-MQTT-BENCH: BUFFULL run_id=try3-c4-sysonly start_us=6284742 end_us=6288156 dur_us=3413
UKL-MQTT-BENCH: BUFFULL run_id=try3-c4-sysonly start_us=6290727 end_us=6294140 dur_us=3413
UKL-MQTT-BENCH: BUFFULL run_id=try3-c4-sysonly start_us=6296728 end_us=6300219 dur_us=3490
UKL-MQTT-BENCH: BUFFULL run_id=try3-c4-sysonly start_us=6302807 end_us=6305262 dur_us=2454
UKL-MQTT-BENCH: BUFFULL run_id=try3-c4-sysonly start_us=6307839 end_us=6310079 dur_us=2240
UKL-MQTT-BENCH: BUFFULL run_id=try3-c4-sysonly start_us=6312113 end_us=6314094 dur_us=1980
UKL-MQTT-BENCH: BUFFULL run_id=try3-c4-sysonly start_us=6315617 end_us=6319122 dur_us=3505
UKL-MQTT-BENCH: BUFFULL run_id=try3-c4-sysonly start_us=6321151 end_us=6325184 dur_us=4033
UKL-MQTT-BENCH: BUFFULL run_id=try3-c4-sysonly start_us=6328272 end_us=6330135 dur_us=1863
UKL-MQTT-BENCH: BUFFULL run_id=try3-c4-sysonly start_us=6332157 end_us=6336186 dur_us=4029
UKL-MQTT-BENCH: BUFFULL run_id=try3-c4-sysonly start_us=6341584 end_us=6346135 dur_us=4550
UKL-MQTT-BENCH: BUFFULL run_id=try3-c4-sysonly start_us=6348729 end_us=6350092 dur_us=1362
UKL-MQTT-BENCH: BUFFULL run_id=try3-c4-sysonly start_us=6351597 end_us=6355159 dur_us=3562
UKL-MQTT-BENCH: BUFFULL run_id=try3-c4-sysonly start_us=6357742 end_us=6360084 dur_us=2341
UKL-MQTT-BENCH: BUFFULL run_id=try3-c4-sysonly start_us=6362115 end_us=6365149 dur_us=3033
UKL-MQTT-BENCH: BUFFULL run_id=try3-c4-sysonly start_us=6367714 end_us=6371138 dur_us=3424
UKL-MQTT-BENCH: BUFFULL run_id=try3-c4-sysonly start_us=6373714 end_us=6377163 dur_us=3448
UKL-MQTT-BENCH: BUFFULL run_id=try3-c4-sysonly start_us=6380314 end_us=6383204 dur_us=2889
UKL-MQTT-BENCH: BUFFULL run_id=try3-c4-sysonly start_us=6385794 end_us=6389177 dur_us=3383
UKL-MQTT-BENCH: BUFFULL run_id=try3-c4-sysonly start_us=6391758 end_us=6393117 dur_us=1358
UKL-MQTT-BENCH: BUFFULL run_id=try3-c4-sysonly start_us=6395124 end_us=6399168 dur_us=4044
UKL-MQTT-BENCH: BUFFULL run_id=try3-c4-sysonly start_us=6401745 end_us=6404122 dur_us=2376
UKL-MQTT-BENCH: BUFFULL run_id=try3-c4-sysonly start_us=6406139 end_us=6411203 dur_us=5064
UKL-MQTT-BENCH: BUFFULL run_id=try3-c4-sysonly start_us=6417111 end_us=6421151 dur_us=4039
UKL-MQTT-BENCH: BUFFULL run_id=try3-c4-sysonly start_us=6425572 end_us=6431194 dur_us=5621
UKL-MQTT-BENCH: BUFFULL run_id=try3-c4-sysonly start_us=6434273 end_us=6436099 dur_us=1825
UKL-MQTT-BENCH: BUFFULL run_id=try3-c4-sysonly start_us=6438128 end_us=6443184 dur_us=5055
UKL-MQTT-BENCH: BUFFULL run_id=try3-c4-sysonly start_us=6449097 end_us=6454159 dur_us=5062
UKL-MQTT-BENCH: BUFFULL run_id=try3-c4-sysonly start_us=6456742 end_us=6458085 dur_us=1343
UKL-MQTT-BENCH: BUFFULL run_id=try3-c4-sysonly start_us=6460111 end_us=6464173 dur_us=4062
UKL-MQTT-BENCH: BUFFULL run_id=try3-c4-sysonly start_us=6467908 end_us=6474179 dur_us=6271
UKL-MQTT-BENCH: BUFFULL run_id=try3-c4-sysonly start_us=6479566 end_us=6484192 dur_us=4626
UKL-MQTT-BENCH: BUFFULL run_id=try3-c4-sysonly start_us=6489637 end_us=6495201 dur_us=5563
UKL-MQTT-BENCH: BUFFULL run_id=try3-c4-sysonly start_us=6500019 end_us=6504142 dur_us=4123
UKL-MQTT-BENCH: BUFFULL run_id=try3-c4-sysonly start_us=6506731 end_us=6508056 dur_us=1324
UKL-MQTT-BENCH: BUFFULL run_id=try3-c4-sysonly start_us=6509566 end_us=6513138 dur_us=3571
UKL-MQTT-BENCH: BUFFULL run_id=try3-c4-sysonly start_us=6515736 end_us=6520161 dur_us=4425
UKL-MQTT-BENCH: BUFFULL run_id=try3-c4-sysonly start_us=6523256 end_us=6526156 dur_us=2899
UKL-MQTT-BENCH: BUFFULL run_id=try3-c4-sysonly start_us=6528742 end_us=6531165 dur_us=2422
UKL-MQTT-BENCH: BUFFULL run_id=try3-c4-sysonly start_us=6533776 end_us=6537143 dur_us=3367
UKL-MQTT-BENCH: BUFFULL run_id=try3-c4-sysonly start_us=6539791 end_us=6543158 dur_us=3367
UKL-MQTT-BENCH: BUFFULL run_id=try3-c4-sysonly start_us=6545725 end_us=6549154 dur_us=3428
UKL-MQTT-BENCH: BUFFULL run_id=try3-c4-sysonly start_us=6551715 end_us=6555145 dur_us=3429
UKL-MQTT-BENCH: BUFFULL run_id=try3-c4-sysonly start_us=6557722 end_us=6559111 dur_us=1389
UKL-MQTT-BENCH: BUFFULL run_id=try3-c4-sysonly start_us=6561143 end_us=6564090 dur_us=2946
UKL-MQTT-BENCH: BUFFULL run_id=try3-c4-sysonly start_us=6566130 end_us=6568066 dur_us=1935
UKL-MQTT-BENCH: BUFFULL run_id=try3-c4-sysonly start_us=6569577 end_us=6573131 dur_us=3553
UKL-MQTT-BENCH: BUFFULL run_id=try3-c4-sysonly start_us=6575766 end_us=6579162 dur_us=3396
UKL-MQTT-BENCH: BUFFULL run_id=try3-c4-sysonly start_us=6581759 end_us=6586221 dur_us=4461
UKL-MQTT-BENCH: BUFFULL run_id=try3-c4-sysonly start_us=6589326 end_us=6592137 dur_us=2811
UKL-MQTT-BENCH: BUFFULL run_id=try3-c4-sysonly start_us=6594736 end_us=6597168 dur_us=2431
UKL-MQTT-BENCH: BUFFULL run_id=try3-c4-sysonly start_us=6599742 end_us=6602092 dur_us=2350
UKL-MQTT-BENCH: BUFFULL run_id=try3-c4-sysonly start_us=6604135 end_us=6608159 dur_us=4023
UKL-MQTT-BENCH: BUFFULL run_id=try3-c4-sysonly start_us=6611330 end_us=6614138 dur_us=2807
UKL-MQTT-BENCH: BUFFULL run_id=try3-c4-sysonly start_us=6616174 end_us=6620251 dur_us=4076
UKL-MQTT-BENCH: BUFFULL run_id=try3-c4-sysonly start_us=6623349 end_us=6626141 dur_us=2792
UKL-MQTT-BENCH: BUFFULL run_id=try3-c4-sysonly start_us=6628160 end_us=6631125 dur_us=2964
UKL-MQTT-BENCH: BUFFULL run_id=try3-c4-sysonly start_us=6635623 end_us=6640143 dur_us=4519
UKL-MQTT-BENCH: BUFFULL run_id=try3-c4-sysonly start_us=6642698 end_us=6646158 dur_us=3460
UKL-MQTT-BENCH: BUFFULL run_id=try3-c4-sysonly start_us=6648728 end_us=6651145 dur_us=2417
UKL-MQTT-BENCH: BUFFULL run_id=try3-c4-sysonly start_us=6653723 end_us=6657104 dur_us=3381
UKL-MQTT-BENCH: BUFFULL run_id=try3-c4-sysonly start_us=6659132 end_us=6663161 dur_us=4028
UKL-MQTT-BENCH: BUFFULL run_id=try3-c4-sysonly start_us=6666232 end_us=6669167 dur_us=2934
UKL-MQTT-BENCH: BUFFULL run_id=try3-c4-sysonly start_us=6671753 end_us=6674159 dur_us=2406
UKL-MQTT-BENCH: BUFFULL run_id=try3-c4-sysonly start_us=6676717 end_us=6680137 dur_us=3419
UKL-MQTT-BENCH: BUFFULL run_id=try3-c4-sysonly start_us=6682743 end_us=6684082 dur_us=1339
UKL-MQTT-BENCH: BUFFULL run_id=try3-c4-sysonly start_us=6685594 end_us=6689135 dur_us=3540
UKL-MQTT-BENCH: BUFFULL run_id=try3-c4-sysonly start_us=6691715 end_us=6696163 dur_us=4448
UKL-MQTT-BENCH: BUFFULL run_id=try3-c4-sysonly start_us=6698762 end_us=6701207 dur_us=2444
UKL-MQTT-BENCH: BUFFULL run_id=try3-c4-sysonly start_us=6703773 end_us=6707259 dur_us=3485
UKL-MQTT-BENCH: BUFFULL run_id=try3-c4-sysonly start_us=6709846 end_us=6713107 dur_us=3260
UKL-MQTT-BENCH: BUFFULL run_id=try3-c4-sysonly start_us=6718260 end_us=6720121 dur_us=1861
UKL-MQTT-BENCH: BUFFULL run_id=try3-c4-sysonly start_us=6721739 end_us=6727257 dur_us=5518
UKL-MQTT-BENCH: BUFFULL run_id=try3-c4-sysonly start_us=6730567 end_us=6734198 dur_us=3631
UKL-MQTT-BENCH: BUFFULL run_id=try3-c4-sysonly start_us=6736960 end_us=6741254 dur_us=4294
UKL-MQTT-BENCH: BUFFULL run_id=try3-c4-sysonly start_us=6744562 end_us=6746161 dur_us=1598
UKL-MQTT-BENCH: BUFFULL run_id=try3-c4-sysonly start_us=6749024 end_us=6754204 dur_us=5179
UKL-MQTT-BENCH: BUFFULL run_id=try3-c4-sysonly start_us=6757525 end_us=6759123 dur_us=1598
UKL-MQTT-BENCH: BUFFULL run_id=try3-c4-sysonly start_us=6761290 end_us=6765208 dur_us=3917
UKL-MQTT-BENCH: BUFFULL run_id=try3-c4-sysonly start_us=6767968 end_us=6769108 dur_us=1140
UKL-MQTT-BENCH: BUFFULL run_id=try3-c4-sysonly start_us=6770724 end_us=6776246 dur_us=5521
UKL-MQTT-BENCH: BUFFULL run_id=try3-c4-sysonly start_us=6778934 end_us=6781246 dur_us=2312
UKL-MQTT-BENCH: BUFFULL run_id=try3-c4-sysonly start_us=6783866 end_us=6788223 dur_us=4356
UKL-MQTT-BENCH: BUFFULL run_id=try3-c4-sysonly start_us=6792782 end_us=6795112 dur_us=2329
UKL-MQTT-BENCH: BUFFULL run_id=try3-c4-sysonly start_us=6796743 end_us=6801218 dur_us=4475
UKL-MQTT-BENCH: BUFFULL run_id=try3-c4-sysonly start_us=6803991 end_us=6805089 dur_us=1098
UKL-MQTT-BENCH: BUFFULL run_id=try3-c4-sysonly start_us=6806705 end_us=6810150 dur_us=3445
UKL-MQTT-BENCH: BUFFULL run_id=try3-c4-sysonly start_us=6812706 end_us=6816183 dur_us=3477
UKL-MQTT-BENCH: BUFFULL run_id=try3-c4-sysonly start_us=6818772 end_us=6823206 dur_us=4433
UKL-MQTT-BENCH: BUFFULL run_id=try3-c4-sysonly start_us=6826301 end_us=6829145 dur_us=2843
UKL-MQTT-BENCH: BUFFULL run_id=try3-c4-sysonly start_us=6831720 end_us=6835172 dur_us=3451
UKL-MQTT-BENCH: BUFFULL run_id=try3-c4-sysonly start_us=6837762 end_us=6839083 dur_us=1320
UKL-MQTT-BENCH: BUFFULL run_id=try3-c4-sysonly start_us=6841104 end_us=6845165 dur_us=4061
UKL-MQTT-BENCH: BUFFULL run_id=try3-c4-sysonly start_us=6847762 end_us=6850087 dur_us=2324
UKL-MQTT-BENCH: BUFFULL run_id=try3-c4-sysonly start_us=6852095 end_us=6856204 dur_us=4108
UKL-MQTT-BENCH: BUFFULL run_id=try3-c4-sysonly start_us=6859299 end_us=6861220 dur_us=1920
UKL-MQTT-BENCH: BUFFULL run_id=try3-c4-sysonly start_us=6863250 end_us=6868129 dur_us=4879
UKL-MQTT-BENCH: BUFFULL run_id=try3-c4-sysonly start_us=6875020 end_us=6881181 dur_us=6160
UKL-MQTT-BENCH: BUFFULL run_id=try3-c4-sysonly start_us=6884300 end_us=6887123 dur_us=2822
UKL-MQTT-BENCH: BUFFULL run_id=try3-c4-sysonly start_us=6889694 end_us=6892115 dur_us=2420
UKL-MQTT-BENCH: BUFFULL run_id=try3-c4-sysonly start_us=6894701 end_us=6898143 dur_us=3442
UKL-MQTT-BENCH: BUFFULL run_id=try3-c4-sysonly start_us=6900718 end_us=6904173 dur_us=3454
UKL-MQTT-BENCH: BUFFULL run_id=try3-c4-sysonly start_us=6906745 end_us=6909166 dur_us=2421
UKL-MQTT-BENCH: BUFFULL run_id=try3-c4-sysonly start_us=6911745 end_us=6915124 dur_us=3379
UKL-MQTT-BENCH: BUFFULL run_id=try3-c4-sysonly start_us=6917706 end_us=6919088 dur_us=1382
UKL-MQTT-BENCH: BUFFULL run_id=try3-c4-sysonly start_us=6920607 end_us=6923076 dur_us=2469
UKL-MQTT-BENCH: BUFFULL run_id=try3-c4-sysonly start_us=6924583 end_us=6929172 dur_us=4588
UKL-MQTT-BENCH: BUFFULL run_id=try3-c4-sysonly start_us=6932267 end_us=6935136 dur_us=2868
UKL-MQTT-BENCH: BUFFULL run_id=try3-c4-sysonly start_us=6937721 end_us=6940159 dur_us=2437
UKL-MQTT-BENCH: BUFFULL run_id=try3-c4-sysonly start_us=6942738 end_us=6945076 dur_us=2337
UKL-MQTT-BENCH: BUFFULL run_id=try3-c4-sysonly start_us=6947112 end_us=6952186 dur_us=5073
UKL-MQTT-BENCH: BUFFULL run_id=try3-c4-sysonly start_us=6955284 end_us=6957120 dur_us=1836
UKL-MQTT-BENCH: BUFFULL run_id=try3-c4-sysonly start_us=6959142 end_us=6962752 dur_us=3610
UKL-MQTT-BENCH: BUFFULL run_id=try3-c4-sysonly start_us=6965346 end_us=6967094 dur_us=1747
UKL-MQTT-BENCH: BUFFULL run_id=try3-c4-sysonly start_us=6969126 end_us=6973154 dur_us=4027
UKL-MQTT-BENCH: BUFFULL run_id=try3-c4-sysonly start_us=6975731 end_us=6979136 dur_us=3404
UKL-MQTT-BENCH: BUFFULL run_id=try3-c4-sysonly start_us=6982228 end_us=6985191 dur_us=2963
UKL-MQTT-BENCH: BUFFULL run_id=try3-c4-sysonly start_us=6988300 end_us=6992189 dur_us=3889
UKL-MQTT-BENCH: BUFFULL run_id=try3-c4-sysonly start_us=6994813 end_us=6997131 dur_us=2317
UKL-MQTT-BENCH: BUFFULL run_id=try3-c4-sysonly start_us=6999694 end_us=7002097 dur_us=2403
UKL-MQTT-BENCH: BUFFULL run_id=try3-c4-sysonly start_us=7004131 end_us=7007170 dur_us=3038
UKL-MQTT-BENCH: BUFFULL run_id=try3-c4-sysonly start_us=7009778 end_us=7013153 dur_us=3375
UKL-MQTT-BENCH: BUFFULL run_id=try3-c4-sysonly start_us=7015714 end_us=7019165 dur_us=3451
UKL-MQTT-BENCH: BUFFULL run_id=try3-c4-sysonly start_us=7021734 end_us=7025130 dur_us=3395
UKL-MQTT-BENCH: BUFFULL run_id=try3-c4-sysonly start_us=7027709 end_us=7031158 dur_us=3449
UKL-MQTT-BENCH: BUFFULL run_id=try3-c4-sysonly start_us=7033728 end_us=7036136 dur_us=2407
UKL-MQTT-BENCH: BUFFULL run_id=try3-c4-sysonly start_us=7038700 end_us=7042153 dur_us=3452
UKL-MQTT-BENCH: BUFFULL run_id=try3-c4-sysonly start_us=7044735 end_us=7048134 dur_us=3398
UKL-MQTT-BENCH: BUFFULL run_id=try3-c4-sysonly start_us=7050730 end_us=7054162 dur_us=3431
UKL-MQTT-BENCH: BUFFULL run_id=try3-c4-sysonly start_us=7056751 end_us=7059149 dur_us=2397
UKL-MQTT-BENCH: BUFFULL run_id=try3-c4-sysonly start_us=7061724 end_us=7064076 dur_us=2352
UKL-MQTT-BENCH: BUFFULL run_id=try3-c4-sysonly start_us=7066095 end_us=7070145 dur_us=4050
UKL-MQTT-BENCH: BUFFULL run_id=try3-c4-sysonly start_us=7074557 end_us=7080183 dur_us=5626
UKL-MQTT-BENCH: BUFFULL run_id=try3-c4-sysonly start_us=7083279 end_us=7086119 dur_us=2840
UKL-MQTT-BENCH: BUFFULL run_id=try3-c4-sysonly start_us=7088143 end_us=7092165 dur_us=4022
UKL-MQTT-BENCH: BUFFULL run_id=try3-c4-sysonly start_us=7098117 end_us=7102157 dur_us=4040
UKL-MQTT-BENCH: BUFFULL run_id=try3-c4-sysonly start_us=7106014 end_us=7111144 dur_us=5129
UKL-MQTT-BENCH: BUFFULL run_id=try3-c4-sysonly start_us=7113721 end_us=7115100 dur_us=1379
UKL-MQTT-BENCH: BUFFULL run_id=try3-c4-sysonly start_us=7117138 end_us=7122142 dur_us=5004
UKL-MQTT-BENCH: BUFFULL run_id=try3-c4-sysonly start_us=7124707 end_us=7127148 dur_us=2441
UKL-MQTT-BENCH: BUFFULL run_id=try3-c4-sysonly start_us=7130236 end_us=7133121 dur_us=2884
UKL-MQTT-BENCH: BUFFULL run_id=try3-c4-sysonly start_us=7135151 end_us=7139153 dur_us=4002
UKL-MQTT-BENCH: BUFFULL run_id=try3-c4-sysonly start_us=7145117 end_us=7149124 dur_us=4006
UKL-MQTT-BENCH: BUFFULL run_id=try3-c4-sysonly start_us=7151717 end_us=7154113 dur_us=2396
UKL-MQTT-BENCH: BUFFULL run_id=try3-c4-sysonly start_us=7156144 end_us=7160117 dur_us=3972
UKL-MQTT-BENCH: BUFFULL run_id=try3-c4-sysonly start_us=7162702 end_us=7165152 dur_us=2449
UKL-MQTT-BENCH: BUFFULL run_id=try3-c4-sysonly start_us=7167739 end_us=7170073 dur_us=2334
UKL-MQTT-BENCH: BUFFULL run_id=try3-c4-sysonly start_us=7171591 end_us=7176144 dur_us=4552
UKL-MQTT-BENCH: BUFFULL run_id=try3-c4-sysonly start_us=7179248 end_us=7181139 dur_us=1891
UKL-MQTT-BENCH: BUFFULL run_id=try3-c4-sysonly start_us=7183724 end_us=7187159 dur_us=3434
UKL-MQTT-BENCH: BUFFULL run_id=try3-c4-sysonly start_us=7189757 end_us=7192066 dur_us=2308
UKL-MQTT-BENCH: BUFFULL run_id=try3-c4-sysonly start_us=7193571 end_us=7197094 dur_us=3523
UKL-MQTT-BENCH: BUFFULL run_id=try3-c4-sysonly start_us=7199668 end_us=7202156 dur_us=2488
UKL-MQTT-BENCH: BUFFULL run_id=try3-c4-sysonly start_us=7204750 end_us=7208134 dur_us=3384
UKL-MQTT-BENCH: BUFFULL run_id=try3-c4-sysonly start_us=7210718 end_us=7214124 dur_us=3405
UKL-MQTT-BENCH: BUFFULL run_id=try3-c4-sysonly start_us=7216704 end_us=7220138 dur_us=3433
UKL-MQTT-BENCH: BUFFULL run_id=try3-c4-sysonly start_us=7222723 end_us=7226121 dur_us=3398
UKL-MQTT-BENCH: BUFFULL run_id=try3-c4-sysonly start_us=7228693 end_us=7231147 dur_us=2454
UKL-MQTT-BENCH: BUFFULL run_id=try3-c4-sysonly start_us=7233719 end_us=7237159 dur_us=3439
UKL-MQTT-BENCH: BUFFULL run_id=try3-c4-sysonly start_us=7239752 end_us=7243152 dur_us=3400
UKL-MQTT-BENCH: BUFFULL run_id=try3-c4-sysonly start_us=7245736 end_us=7249144 dur_us=3407
UKL-MQTT-BENCH: BUFFULL run_id=try3-c4-sysonly start_us=7251737 end_us=7254176 dur_us=2438
UKL-MQTT-BENCH: BUFFULL run_id=try3-c4-sysonly start_us=7256767 end_us=7260135 dur_us=3367
UKL-MQTT-BENCH: BUFFULL run_id=try3-c4-sysonly start_us=7262706 end_us=7265080 dur_us=2373
UKL-MQTT-BENCH: BUFFULL run_id=try3-c4-sysonly start_us=7267148 end_us=7270152 dur_us=3004
UKL-MQTT-BENCH: BUFFULL run_id=try3-c4-sysonly start_us=7272733 end_us=7275072 dur_us=2338
UKL-MQTT-BENCH: BUFFULL run_id=try3-c4-sysonly start_us=7277102 end_us=7281135 dur_us=4032
UKL-MQTT-BENCH: BUFFULL run_id=try3-c4-sysonly start_us=7283723 end_us=7285090 dur_us=1367
UKL-MQTT-BENCH: BUFFULL run_id=try3-c4-sysonly start_us=7287122 end_us=7291117 dur_us=3995
UKL-MQTT-BENCH: BUFFULL run_id=try3-c4-sysonly start_us=7293699 end_us=7297143 dur_us=3443
UKL-MQTT-BENCH: BUFFULL run_id=try3-c4-sysonly start_us=7299740 end_us=7303155 dur_us=3415
UKL-MQTT-BENCH: BUFFULL run_id=try3-c4-sysonly start_us=7305756 end_us=7309141 dur_us=3384
UKL-MQTT-BENCH: BUFFULL run_id=try3-c4-sysonly start_us=7311732 end_us=7314148 dur_us=2415
UKL-MQTT-BENCH: BUFFULL run_id=try3-c4-sysonly start_us=7316732 end_us=7319899 dur_us=3167
UKL-MQTT-BENCH: BUFFULL run_id=try3-c4-sysonly start_us=7322471 end_us=7325092 dur_us=2621
UKL-MQTT-BENCH: BUFFULL run_id=try3-c4-sysonly start_us=7327136 end_us=7330135 dur_us=2998
UKL-MQTT-BENCH: BUFFULL run_id=try3-c4-sysonly start_us=7332714 end_us=7335120 dur_us=2405
UKL-MQTT-BENCH: BUFFULL run_id=try3-c4-sysonly start_us=7337145 end_us=7341130 dur_us=3985
UKL-MQTT-BENCH: BUFFULL run_id=try3-c4-sysonly start_us=7343709 end_us=7345067 dur_us=1357
UKL-MQTT-BENCH: BUFFULL run_id=try3-c4-sysonly start_us=7347104 end_us=7349047 dur_us=1942
UKL-MQTT-BENCH: BUFFULL run_id=try3-c4-sysonly start_us=7350550 end_us=7354169 dur_us=3618
UKL-MQTT-BENCH: BUFFULL run_id=try3-c4-sysonly start_us=7356745 end_us=7360122 dur_us=3376
UKL-MQTT-BENCH: BUFFULL run_id=try3-c4-sysonly start_us=7362694 end_us=7366142 dur_us=3448
UKL-MQTT-BENCH: BUFFULL run_id=try3-c4-sysonly start_us=7368725 end_us=7372135 dur_us=3410
UKL-MQTT-BENCH: BUFFULL run_id=try3-c4-sysonly start_us=7374709 end_us=7377104 dur_us=2395
UKL-MQTT-BENCH: BUFFULL run_id=try3-c4-sysonly start_us=7379706 end_us=7383128 dur_us=3421
UKL-MQTT-BENCH: BUFFULL run_id=try3-c4-sysonly start_us=7385691 end_us=7389111 dur_us=3419
UKL-MQTT-BENCH: BUFFULL run_id=try3-c4-sysonly start_us=7391693 end_us=7394083 dur_us=2389
UKL-MQTT-BENCH: BUFFULL run_id=try3-c4-sysonly start_us=7396142 end_us=7399156 dur_us=3013
UKL-MQTT-BENCH: BUFFULL run_id=try3-c4-sysonly start_us=7401725 end_us=7405131 dur_us=3405
UKL-MQTT-BENCH: BUFFULL run_id=try3-c4-sysonly start_us=7407705 end_us=7411149 dur_us=3444
UKL-MQTT-BENCH: BUFFULL run_id=try3-c4-sysonly start_us=7413727 end_us=7417133 dur_us=3406
UKL-MQTT-BENCH: BUFFULL run_id=try3-c4-sysonly start_us=7419723 end_us=7423150 dur_us=3426
UKL-MQTT-BENCH: BUFFULL run_id=try3-c4-sysonly start_us=7425714 end_us=7428110 dur_us=2396
UKL-MQTT-BENCH: BUFFULL run_id=try3-c4-sysonly start_us=7430699 end_us=7433079 dur_us=2379
UKL-MQTT-BENCH: BUFFULL run_id=try3-c4-sysonly start_us=7435113 end_us=7439118 dur_us=4005
UKL-MQTT-BENCH: BUFFULL run_id=try3-c4-sysonly start_us=7441679 end_us=7444149 dur_us=2469
UKL-MQTT-BENCH: BUFFULL run_id=try3-c4-sysonly start_us=7446728 end_us=7450122 dur_us=3394
UKL-MQTT-BENCH: BUFFULL run_id=try3-c4-sysonly start_us=7452692 end_us=7456141 dur_us=3449
UKL-MQTT-BENCH: BUFFULL run_id=try3-c4-sysonly start_us=7458710 end_us=7462141 dur_us=3430
UKL-MQTT-BENCH: BUFFULL run_id=try3-c4-sysonly start_us=7464708 end_us=7467153 dur_us=2444
UKL-MQTT-BENCH: BUFFULL run_id=try3-c4-sysonly start_us=7469716 end_us=7472110 dur_us=2394
UKL-MQTT-BENCH: BUFFULL run_id=try3-c4-sysonly start_us=7476558 end_us=7481106 dur_us=4548
UKL-MQTT-BENCH: BUFFULL run_id=try3-c4-sysonly start_us=7483697 end_us=7487189 dur_us=3491
UKL-MQTT-BENCH: BUFFULL run_id=try3-c4-sysonly start_us=7489774 end_us=7493117 dur_us=3342
UKL-MQTT-BENCH: BUFFULL run_id=try3-c4-sysonly start_us=7495737 end_us=7497060 dur_us=1323
UKL-MQTT-BENCH: BUFFULL run_id=try3-c4-sysonly start_us=7498575 end_us=7501046 dur_us=2471
UKL-MQTT-BENCH: BUFFULL run_id=try3-c4-sysonly start_us=7503085 end_us=7506131 dur_us=3045
UKL-MQTT-BENCH: BUFFULL run_id=try3-c4-sysonly start_us=7508180 end_us=7512169 dur_us=3989
UKL-MQTT-BENCH: BUFFULL run_id=try3-c4-sysonly start_us=7515267 end_us=7518093 dur_us=2825
UKL-MQTT-BENCH: BUFFULL run_id=try3-c4-sysonly start_us=7520126 end_us=7523131 dur_us=3004
UKL-MQTT-BENCH: BUFFULL run_id=try3-c4-sysonly start_us=7527600 end_us=7532138 dur_us=4538
UKL-MQTT-BENCH: BUFFULL run_id=try3-c4-sysonly start_us=7534722 end_us=7537173 dur_us=2450
UKL-MQTT-BENCH: BUFFULL run_id=try3-c4-sysonly start_us=7539757 end_us=7543228 dur_us=3470
UKL-MQTT-BENCH: BUFFULL run_id=try3-c4-sysonly start_us=7545812 end_us=7548069 dur_us=2256
UKL-MQTT-BENCH: BUFFULL run_id=try3-c4-sysonly start_us=7549653 end_us=7553070 dur_us=3416
UKL-MQTT-BENCH: BUFFULL run_id=try3-c4-sysonly start_us=7558099 end_us=7561080 dur_us=2980
UKL-MQTT-BENCH: BUFFULL run_id=try3-c4-sysonly start_us=7563112 end_us=7567169 dur_us=4056
UKL-MQTT-BENCH: BUFFULL run_id=try3-c4-sysonly start_us=7570237 end_us=7573139 dur_us=2901
UKL-MQTT-BENCH: BUFFULL run_id=try3-c4-sysonly start_us=7575726 end_us=7579124 dur_us=3397
UKL-MQTT-BENCH: BUFFULL run_id=try3-c4-sysonly start_us=7582259 end_us=7585146 dur_us=2887
UKL-MQTT-BENCH: BUFFULL run_id=try3-c4-sysonly start_us=7588309 end_us=7593171 dur_us=4861
UKL-MQTT-BENCH: BUFFULL run_id=try3-c4-sysonly start_us=7596252 end_us=7598093 dur_us=1841
UKL-MQTT-BENCH: BUFFULL run_id=try3-c4-sysonly start_us=7600130 end_us=7604170 dur_us=4040
UKL-MQTT-BENCH: BUFFULL run_id=try3-c4-sysonly start_us=7606742 end_us=7608121 dur_us=1379
UKL-MQTT-BENCH: BUFFULL run_id=try3-c4-sysonly start_us=7610148 end_us=7614149 dur_us=4000
UKL-MQTT-BENCH: BUFFULL run_id=try3-c4-sysonly start_us=7616726 end_us=7619152 dur_us=2425
UKL-MQTT-BENCH: BUFFULL run_id=try3-c4-sysonly start_us=7621723 end_us=7623076 dur_us=1352
UKL-MQTT-BENCH: BUFFULL run_id=try3-c4-sysonly start_us=7624576 end_us=7627084 dur_us=2508
UKL-MQTT-BENCH: BUFFULL run_id=try3-c4-sysonly start_us=7629116 end_us=7632080 dur_us=2964
UKL-MQTT-BENCH: BUFFULL run_id=try3-c4-sysonly start_us=7634116 end_us=7638107 dur_us=3991
UKL-MQTT-BENCH: BUFFULL run_id=try3-c4-sysonly start_us=7640679 end_us=7643133 dur_us=2453
UKL-MQTT-BENCH: BUFFULL run_id=try3-c4-sysonly start_us=7645700 end_us=7649105 dur_us=3405
UKL-MQTT-BENCH: BUFFULL run_id=try3-c4-sysonly start_us=7651699 end_us=7656157 dur_us=4458
UKL-MQTT-BENCH: BUFFULL run_id=try3-c4-sysonly start_us=7659265 end_us=7661523 dur_us=2257
UKL-MQTT-BENCH: BUFFULL run_id=try3-c4-sysonly start_us=7664111 end_us=7667127 dur_us=3015
UKL-MQTT-BENCH: BUFFULL run_id=try3-c4-sysonly start_us=7669702 end_us=7672102 dur_us=2399
UKL-MQTT-BENCH: BUFFULL run_id=try3-c4-sysonly start_us=7674138 end_us=7679154 dur_us=5016
UKL-MQTT-BENCH: BUFFULL run_id=try3-c4-sysonly start_us=7682249 end_us=7684091 dur_us=1842
UKL-MQTT-BENCH: BUFFULL run_id=try3-c4-sysonly start_us=7686117 end_us=7690146 dur_us=4028
UKL-MQTT-BENCH: BUFFULL run_id=try3-c4-sysonly start_us=7692717 end_us=7695172 dur_us=2454
UKL-MQTT-BENCH: BUFFULL run_id=try3-c4-sysonly start_us=7697739 end_us=7701178 dur_us=3438
UKL-MQTT-BENCH: BUFFULL run_id=try3-c4-sysonly start_us=7703762 end_us=7705121 dur_us=1358
UKL-MQTT-BENCH: BUFFULL run_id=try3-c4-sysonly start_us=7706644 end_us=7708035 dur_us=1390
UKL-MQTT-BENCH: BUFFULL run_id=try3-c4-sysonly start_us=7709554 end_us=7714176 dur_us=4621
UKL-MQTT-BENCH: BUFFULL run_id=try3-c4-sysonly start_us=7716754 end_us=7718142 dur_us=1387
UKL-MQTT-BENCH: BUFFULL run_id=try3-c4-sysonly start_us=7720168 end_us=7724130 dur_us=3962
UKL-MQTT-BENCH: BUFFULL run_id=try3-c4-sysonly start_us=7726710 end_us=7728035 dur_us=1324
UKL-MQTT-BENCH: BUFFULL run_id=try3-c4-sysonly start_us=7729543 end_us=7731037 dur_us=1493
UKL-MQTT-BENCH: BUFFULL run_id=try3-c4-sysonly start_us=7732555 end_us=7737105 dur_us=4549
UKL-MQTT-BENCH: BUFFULL run_id=try3-c4-sysonly start_us=7739710 end_us=7742123 dur_us=2413
UKL-MQTT-BENCH: BUFFULL run_id=try3-c4-sysonly start_us=7744695 end_us=7749134 dur_us=4438
UKL-MQTT-BENCH: BUFFULL run_id=try3-c4-sysonly start_us=7751757 end_us=7754104 dur_us=2347
UKL-MQTT-BENCH: BUFFULL run_id=try3-c4-sysonly start_us=7756670 end_us=7760108 dur_us=3437
UKL-MQTT-BENCH: BUFFULL run_id=try3-c4-sysonly start_us=7762668 end_us=7764094 dur_us=1425
UKL-MQTT-BENCH: BUFFULL run_id=try3-c4-sysonly start_us=7766109 end_us=7771165 dur_us=5055
UKL-MQTT-BENCH: BUFFULL run_id=try3-c4-sysonly start_us=7774253 end_us=7776082 dur_us=1829
UKL-MQTT-BENCH: BUFFULL run_id=try3-c4-sysonly start_us=7778094 end_us=7782149 dur_us=4054
UKL-MQTT-BENCH: BUFFULL run_id=try3-c4-sysonly start_us=7785224 end_us=7787060 dur_us=1835
UKL-MQTT-BENCH: BUFFULL run_id=try3-c4-sysonly start_us=7788564 end_us=7793134 dur_us=4569
UKL-MQTT-BENCH: BUFFULL run_id=try3-c4-sysonly start_us=7796247 end_us=7798061 dur_us=1813
UKL-MQTT-BENCH: BUFFULL run_id=try3-c4-sysonly start_us=7799573 end_us=7803140 dur_us=3566
UKL-MQTT-BENCH: BUFFULL run_id=try3-c4-sysonly start_us=7807497 end_us=7813180 dur_us=5683
UKL-MQTT-BENCH: BUFFULL run_id=try3-c4-sysonly start_us=7818593 end_us=7823142 dur_us=4549
UKL-MQTT-BENCH: BUFFULL run_id=try3-c4-sysonly start_us=7828586 end_us=7832133 dur_us=3546
UKL-MQTT-BENCH: BUFFULL run_id=try3-c4-sysonly start_us=7834705 end_us=7838151 dur_us=3446
UKL-MQTT-BENCH: BUFFULL run_id=try3-c4-sysonly start_us=7840725 end_us=7843065 dur_us=2340
UKL-MQTT-BENCH: BUFFULL run_id=try3-c4-sysonly start_us=7847545 end_us=7852106 dur_us=4561
UKL-MQTT-BENCH: BUFFULL run_id=try3-c4-sysonly start_us=7854681 end_us=7858139 dur_us=3458
UKL-MQTT-BENCH: BUFFULL run_id=try3-c4-sysonly start_us=7860712 end_us=7864129 dur_us=3417
UKL-MQTT-BENCH: BUFFULL run_id=try3-c4-sysonly start_us=7866705 end_us=7869096 dur_us=2391
UKL-MQTT-BENCH: BUFFULL run_id=try3-c4-sysonly start_us=7871696 end_us=7875098 dur_us=3402
UKL-MQTT-BENCH: BUFFULL run_id=try3-c4-sysonly start_us=7877661 end_us=7881116 dur_us=3455
UKL-MQTT-BENCH: BUFFULL run_id=try3-c4-sysonly start_us=7883691 end_us=7888121 dur_us=4429
UKL-MQTT-BENCH: BUFFULL run_id=try3-c4-sysonly start_us=7891213 end_us=7893159 dur_us=1946
UKL-MQTT-BENCH: BUFFULL run_id=try3-c4-sysonly start_us=7895747 end_us=7900132 dur_us=4384
UKL-MQTT-BENCH: BUFFULL run_id=try3-c4-sysonly start_us=7903247 end_us=7906136 dur_us=2888
UKL-MQTT-BENCH: BUFFULL run_id=try3-c4-sysonly start_us=7908720 end_us=7912112 dur_us=3391
UKL-MQTT-BENCH: BUFFULL run_id=try3-c4-sysonly start_us=7914143 end_us=7917152 dur_us=3008
UKL-MQTT-BENCH: BUFFULL run_id=try3-c4-sysonly start_us=7919748 end_us=7921067 dur_us=1318
UKL-MQTT-BENCH: BUFFULL run_id=try3-c4-sysonly start_us=7923100 end_us=7925108 dur_us=2007
UKL-MQTT-BENCH: BUFFULL run_id=try3-c4-sysonly start_us=7926622 end_us=7930059 dur_us=3436
UKL-MQTT-BENCH: BUFFULL run_id=try3-c4-sysonly start_us=7931580 end_us=7934048 dur_us=2467
UKL-MQTT-BENCH: BUFFULL run_id=try3-c4-sysonly start_us=7936071 end_us=7938072 dur_us=2000
UKL-MQTT-BENCH: BUFFULL run_id=try3-c4-sysonly start_us=7940094 end_us=7945156 dur_us=5062
UKL-MQTT-BENCH: BUFFULL run_id=try3-c4-sysonly start_us=7948246 end_us=7950121 dur_us=1875
UKL-MQTT-BENCH: BUFFULL run_id=try3-c4-sysonly start_us=7952704 end_us=7956102 dur_us=3398
UKL-MQTT-BENCH: BUFFULL run_id=try3-c4-sysonly start_us=7958664 end_us=7962111 dur_us=3447
UKL-MQTT-BENCH: BUFFULL run_id=try3-c4-sysonly start_us=7964688 end_us=7967127 dur_us=2438
UKL-MQTT-BENCH: BUFFULL run_id=try3-c4-sysonly start_us=7969695 end_us=7973104 dur_us=3409
UKL-MQTT-BENCH: BUFFULL run_id=try3-c4-sysonly start_us=7975670 end_us=7979077 dur_us=3407
UKL-MQTT-BENCH: BUFFULL run_id=try3-c4-sysonly start_us=7981111 end_us=7985116 dur_us=4004
UKL-MQTT-BENCH: BUFFULL run_id=try3-c4-sysonly start_us=7988204 end_us=7990110 dur_us=1906
UKL-MQTT-BENCH: BUFFULL run_id=try3-c4-sysonly start_us=7992729 end_us=7997175 dur_us=4445
UKL-MQTT-BENCH: BUFFULL run_id=try3-c4-sysonly start_us=8000276 end_us=8002100 dur_us=1824
UKL-MQTT-BENCH: BUFFULL run_id=try3-c4-sysonly start_us=8004134 end_us=8007664 dur_us=3530
UKL-MQTT-BENCH: BUFFULL run_id=try3-c4-sysonly start_us=8012007 end_us=8016078 dur_us=4070
UKL-MQTT-BENCH: BUFFULL run_id=try3-c4-sysonly start_us=8018107 end_us=8021133 dur_us=3025
UKL-MQTT-BENCH: BUFFULL run_id=try3-c4-sysonly start_us=8023726 end_us=8027154 dur_us=3428
UKL-MQTT-BENCH: BUFFULL run_id=try3-c4-sysonly start_us=8030255 end_us=8033134 dur_us=2878
UKL-MQTT-BENCH: BUFFULL run_id=try3-c4-sysonly start_us=8035719 end_us=8039108 dur_us=3389
UKL-MQTT-BENCH: BUFFULL run_id=try3-c4-sysonly start_us=8041137 end_us=8043049 dur_us=1912
UKL-MQTT-BENCH: BUFFULL run_id=try3-c4-sysonly start_us=8047533 end_us=8052100 dur_us=4566
UKL-MQTT-BENCH: BUFFULL run_id=try3-c4-sysonly start_us=8054666 end_us=8058137 dur_us=3471
UKL-MQTT-BENCH: BUFFULL run_id=try3-c4-sysonly start_us=8061231 end_us=8064132 dur_us=2901
UKL-MQTT-BENCH: BUFFULL run_id=try3-c4-sysonly start_us=8066695 end_us=8070122 dur_us=3427
UKL-MQTT-BENCH: BUFFULL run_id=try3-c4-sysonly start_us=8072701 end_us=8076138 dur_us=3437
UKL-MQTT-BENCH: BUFFULL run_id=try3-c4-sysonly start_us=8078707 end_us=8080053 dur_us=1346
UKL-MQTT-BENCH: BUFFULL run_id=try3-c4-sysonly start_us=8082082 end_us=8085056 dur_us=2973
UKL-MQTT-BENCH: BUFFULL run_id=try3-c4-sysonly start_us=8087082 end_us=8089089 dur_us=2007
UKL-MQTT-BENCH: BUFFULL run_id=try3-c4-sysonly start_us=8091121 end_us=8096152 dur_us=5031
UKL-MQTT-BENCH: BUFFULL run_id=try3-c4-sysonly start_us=8099245 end_us=8102121 dur_us=2876
UKL-MQTT-BENCH: BUFFULL run_id=try3-c4-sysonly start_us=8104711 end_us=8108113 dur_us=3402
UKL-MQTT-BENCH: BUFFULL run_id=try3-c4-sysonly start_us=8113048 end_us=8116108 dur_us=3059
UKL-MQTT-BENCH: BUFFULL run_id=try3-c4-sysonly start_us=8118134 end_us=8122109 dur_us=3974
UKL-MQTT-BENCH: BUFFULL run_id=try3-c4-sysonly start_us=8124696 end_us=8128127 dur_us=3430
UKL-MQTT-BENCH: BUFFULL run_id=try3-c4-sysonly start_us=8130707 end_us=8133082 dur_us=2375
UKL-MQTT-BENCH: BUFFULL run_id=try3-c4-sysonly start_us=8135680 end_us=8138058 dur_us=2377
UKL-MQTT-BENCH: BUFFULL run_id=try3-c4-sysonly start_us=8140099 end_us=8142090 dur_us=1991
UKL-MQTT-BENCH: BUFFULL run_id=try3-c4-sysonly start_us=8144127 end_us=8149154 dur_us=5026
UKL-MQTT-BENCH: BUFFULL run_id=try3-c4-sysonly start_us=8152245 end_us=8155128 dur_us=2882
UKL-MQTT-BENCH: BUFFULL run_id=try3-c4-sysonly start_us=8157723 end_us=8161144 dur_us=3420
UKL-MQTT-BENCH: BUFFULL run_id=try3-c4-sysonly start_us=8163724 end_us=8166055 dur_us=2330
UKL-MQTT-BENCH: BUFFULL run_id=try3-c4-sysonly start_us=8168083 end_us=8172153 dur_us=4070
UKL-MQTT-BENCH: BUFFULL run_id=try3-c4-sysonly start_us=8175223 end_us=8177135 dur_us=1912
UKL-MQTT-BENCH: BUFFULL run_id=try3-c4-sysonly start_us=8179164 end_us=8183798 dur_us=4633
UKL-MQTT-BENCH: BUFFULL run_id=try3-c4-sysonly start_us=8186901 end_us=8189070 dur_us=2168
UKL-MQTT-BENCH: BUFFULL run_id=try3-c4-sysonly start_us=8191094 end_us=8194065 dur_us=2971
UKL-MQTT-BENCH: BUFFULL run_id=try3-c4-sysonly start_us=8198564 end_us=8202177 dur_us=3612
UKL-MQTT-BENCH: BUFFULL run_id=try3-c4-sysonly start_us=8204757 end_us=8209159 dur_us=4402
UKL-MQTT-BENCH: BUFFULL run_id=try3-c4-sysonly start_us=8212265 end_us=8215112 dur_us=2847
UKL-MQTT-BENCH: BUFFULL run_id=try3-c4-sysonly start_us=8217139 end_us=8219097 dur_us=1957
UKL-MQTT-BENCH: BUFFULL run_id=try3-c4-sysonly start_us=8221130 end_us=8223058 dur_us=1927
UKL-MQTT-BENCH: BUFFULL run_id=try3-c4-sysonly start_us=8224588 end_us=8228100 dur_us=3512
UKL-MQTT-BENCH: BUFFULL run_id=try3-c4-sysonly start_us=8230684 end_us=8235151 dur_us=4466
UKL-MQTT-BENCH: BUFFULL run_id=try3-c4-sysonly start_us=8238278 end_us=8241120 dur_us=2842
UKL-MQTT-BENCH: BUFFULL run_id=try3-c4-sysonly start_us=8243704 end_us=8247161 dur_us=3456
UKL-MQTT-BENCH: BUFFULL run_id=try3-c4-sysonly start_us=8250283 end_us=8253079 dur_us=2795
UKL-MQTT-BENCH: BUFFULL run_id=try3-c4-sysonly start_us=8255099 end_us=8259138 dur_us=4039
UKL-MQTT-BENCH: BUFFULL run_id=try3-c4-sysonly start_us=8263954 end_us=8269142 dur_us=5187
UKL-MQTT-BENCH: BUFFULL run_id=try3-c4-sysonly start_us=8274534 end_us=8278153 dur_us=3619
UKL-MQTT-BENCH: BUFFULL run_id=try3-c4-sysonly start_us=8280745 end_us=8282034 dur_us=1289
UKL-MQTT-BENCH: BUFFULL run_id=try3-c4-sysonly start_us=8283549 end_us=8288121 dur_us=4572
UKL-MQTT-BENCH: BUFFULL run_id=try3-c4-sysonly start_us=8290684 end_us=8295156 dur_us=4472
UKL-MQTT-BENCH: BUFFULL run_id=try3-c4-sysonly start_us=8298249 end_us=8300110 dur_us=1861
UKL-MQTT-BENCH: BUFFULL run_id=try3-c4-sysonly start_us=8302684 end_us=8306115 dur_us=3430
UKL-MQTT-BENCH: BUFFULL run_id=try3-c4-sysonly start_us=8308697 end_us=8311055 dur_us=2357
UKL-MQTT-BENCH: BUFFULL run_id=try3-c4-sysonly start_us=8312565 end_us=8316075 dur_us=3509
UKL-MQTT-BENCH: BUFFULL run_id=try3-c4-sysonly start_us=8318632 end_us=8321079 dur_us=2447
UKL-MQTT-BENCH: BUFFULL run_id=try3-c4-sysonly start_us=8323659 end_us=8327116 dur_us=3456
UKL-MQTT-BENCH: BUFFULL run_id=try3-c4-sysonly start_us=8329690 end_us=8333122 dur_us=3431
UKL-MQTT-BENCH: BUFFULL run_id=try3-c4-sysonly start_us=8335697 end_us=8338160 dur_us=2463
UKL-MQTT-BENCH: BUFFULL run_id=try3-c4-sysonly start_us=8340741 end_us=8344118 dur_us=3377
UKL-MQTT-BENCH: BUFFULL run_id=try3-c4-sysonly start_us=8346681 end_us=8350124 dur_us=3442
UKL-MQTT-BENCH: BUFFULL run_id=try3-c4-sysonly start_us=8352705 end_us=8355809 dur_us=3103
UKL-MQTT-BENCH: BUFFULL run_id=try3-c4-sysonly start_us=8358400 end_us=8362119 dur_us=3719
UKL-MQTT-BENCH: BUFFULL run_id=try3-c4-sysonly start_us=8366538 end_us=8371107 dur_us=4569
UKL-MQTT-BENCH: BUFFULL run_id=try3-c4-sysonly start_us=8373683 end_us=8377112 dur_us=3429
UKL-MQTT-BENCH: BUFFULL run_id=try3-c4-sysonly start_us=8379689 end_us=8383262 dur_us=3573
UKL-MQTT-BENCH: BUFFULL run_id=try3-c4-sysonly start_us=8386362 end_us=8390101 dur_us=3739
UKL-MQTT-BENCH: BUFFULL run_id=try3-c4-sysonly start_us=8392693 end_us=8395122 dur_us=2429
UKL-MQTT-BENCH: BUFFULL run_id=try3-c4-sysonly start_us=8398845 end_us=8403115 dur_us=4270
UKL-MQTT-BENCH: BUFFULL run_id=try3-c4-sysonly start_us=8405693 end_us=8408085 dur_us=2392
UKL-MQTT-BENCH: BUFFULL run_id=try3-c4-sysonly start_us=8410093 end_us=8416136 dur_us=6043
UKL-MQTT-BENCH: BUFFULL run_id=try3-c4-sysonly start_us=8422671 end_us=8427144 dur_us=4473
UKL-MQTT-BENCH: BUFFULL run_id=try3-c4-sysonly start_us=8430242 end_us=8433115 dur_us=2872
UKL-MQTT-BENCH: BUFFULL run_id=try3-c4-sysonly start_us=8435699 end_us=8439123 dur_us=3424
UKL-MQTT-BENCH: BUFFULL run_id=try3-c4-sysonly start_us=8441686 end_us=8443122 dur_us=1435
UKL-MQTT-BENCH: BUFFULL run_id=try3-c4-sysonly start_us=8445166 end_us=8448067 dur_us=2901
UKL-MQTT-BENCH: BUFFULL run_id=try3-c4-sysonly start_us=8450092 end_us=8453071 dur_us=2979
UKL-MQTT-BENCH: BUFFULL run_id=try3-c4-sysonly start_us=8455128 end_us=8458083 dur_us=2955
UKL-MQTT-BENCH: BUFFULL run_id=try3-c4-sysonly start_us=8460689 end_us=8465165 dur_us=4476
UKL-MQTT-BENCH: BUFFULL run_id=try3-c4-sysonly start_us=8468269 end_us=8471117 dur_us=2847
UKL-MQTT-BENCH: BUFFULL run_id=try3-c4-sysonly start_us=8473700 end_us=8478151 dur_us=4450
UKL-MQTT-BENCH: BUFFULL run_id=try3-c4-sysonly start_us=8481273 end_us=8484111 dur_us=2838
UKL-MQTT-BENCH: BUFFULL run_id=try3-c4-sysonly start_us=8486676 end_us=8490117 dur_us=3440
UKL-MQTT-BENCH: BUFFULL run_id=try3-c4-sysonly start_us=8492699 end_us=8495120 dur_us=2420
UKL-MQTT-BENCH: BUFFULL run_id=try3-c4-sysonly start_us=8497701 end_us=8500047 dur_us=2346
UKL-MQTT-BENCH: BUFFULL run_id=try3-c4-sysonly start_us=8502066 end_us=8507128 dur_us=5062
UKL-MQTT-BENCH: BUFFULL run_id=try3-c4-sysonly start_us=8510233 end_us=8512063 dur_us=1829
UKL-MQTT-BENCH: BUFFULL run_id=try3-c4-sysonly start_us=8514092 end_us=8518118 dur_us=4025
UKL-MQTT-BENCH: BUFFULL run_id=try3-c4-sysonly start_us=8520703 end_us=8522048 dur_us=1345
UKL-MQTT-BENCH: BUFFULL run_id=try3-c4-sysonly start_us=8524089 end_us=8528121 dur_us=4032
UKL-MQTT-BENCH: BUFFULL run_id=try3-c4-sysonly start_us=8530699 end_us=8534101 dur_us=3401
UKL-MQTT-BENCH: BUFFULL run_id=try3-c4-sysonly start_us=8536698 end_us=8539090 dur_us=2392
UKL-MQTT-BENCH: BUFFULL run_id=try3-c4-sysonly start_us=8541674 end_us=8545125 dur_us=3451
UKL-MQTT-BENCH: BUFFULL run_id=try3-c4-sysonly start_us=8547707 end_us=8551096 dur_us=3388
UKL-MQTT-BENCH: BUFFULL run_id=try3-c4-sysonly start_us=8553678 end_us=8557120 dur_us=3441
UKL-MQTT-BENCH: BUFFULL run_id=try3-c4-sysonly start_us=8559691 end_us=8563116 dur_us=3424
UKL-MQTT-BENCH: BUFFULL run_id=try3-c4-sysonly start_us=8565732 end_us=8568107 dur_us=2375
UKL-MQTT-BENCH: BUFFULL run_id=try3-c4-sysonly start_us=8570687 end_us=8574086 dur_us=3398
UKL-MQTT-BENCH: BUFFULL run_id=try3-c4-sysonly start_us=8576659 end_us=8579073 dur_us=2414
UKL-MQTT-BENCH: BUFFULL run_id=try3-c4-sysonly start_us=8581116 end_us=8583043 dur_us=1927
UKL-MQTT-BENCH: BUFFULL run_id=try3-c4-sysonly start_us=8585065 end_us=8589113 dur_us=4047
UKL-MQTT-BENCH: BUFFULL run_id=try3-c4-sysonly start_us=8591692 end_us=8595115 dur_us=3423
UKL-MQTT-BENCH: BUFFULL run_id=try3-c4-sysonly start_us=8597701 end_us=8601120 dur_us=3419
UKL-MQTT-BENCH: BUFFULL run_id=try3-c4-sysonly start_us=8603750 end_us=8606169 dur_us=2419
UKL-MQTT-BENCH: BUFFULL run_id=try3-c4-sysonly start_us=8608878 end_us=8612165 dur_us=3287
UKL-MQTT-BENCH: BUFFULL run_id=try3-c4-sysonly start_us=8614776 end_us=8617066 dur_us=2290
UKL-MQTT-BENCH: BUFFULL run_id=try3-c4-sysonly start_us=8619102 end_us=8624133 dur_us=5031
UKL-MQTT-BENCH: BUFFULL run_id=try3-c4-sysonly start_us=8627237 end_us=8629094 dur_us=1857
UKL-MQTT-BENCH: BUFFULL run_id=try3-c4-sysonly start_us=8631128 end_us=8635122 dur_us=3993
UKL-MQTT-BENCH: BUFFULL run_id=try3-c4-sysonly start_us=8637714 end_us=8639046 dur_us=1332
UKL-MQTT-BENCH: BUFFULL run_id=try3-c4-sysonly start_us=8641086 end_us=8644079 dur_us=2992
UKL-MQTT-BENCH: BUFFULL run_id=try3-c4-sysonly start_us=8646114 end_us=8651148 dur_us=5033
UKL-MQTT-BENCH: BUFFULL run_id=try3-c4-sysonly start_us=8654263 end_us=8656078 dur_us=1815
UKL-MQTT-BENCH: BUFFULL run_id=try3-c4-sysonly start_us=8658108 end_us=8662166 dur_us=4057
UKL-MQTT-BENCH: BUFFULL run_id=try3-c4-sysonly start_us=8667543 end_us=8671157 dur_us=3614
UKL-MQTT-BENCH: BUFFULL run_id=try3-c4-sysonly start_us=8673745 end_us=8675011 dur_us=1265
UKL-MQTT-BENCH: BUFFULL run_id=try3-c4-sysonly start_us=8676532 end_us=8681093 dur_us=4561
UKL-MQTT-BENCH: BUFFULL run_id=try3-c4-sysonly start_us=8683854 end_us=8688146 dur_us=4292
UKL-MQTT-BENCH: BUFFULL run_id=try3-c4-sysonly start_us=8691450 end_us=8694115 dur_us=2665
UKL-MQTT-BENCH: BUFFULL run_id=try3-c4-sysonly start_us=8696812 end_us=8700046 dur_us=3234
UKL-MQTT-BENCH: BUFFULL run_id=try3-c4-sysonly start_us=8702071 end_us=8706122 dur_us=4050
UKL-MQTT-BENCH: BUFFULL run_id=try3-c4-sysonly start_us=8709216 end_us=8712111 dur_us=2895
UKL-MQTT-BENCH: BUFFULL run_id=try3-c4-sysonly start_us=8714698 end_us=8717423 dur_us=2724
UKL-MQTT-BENCH: BUFFULL run_id=try3-c4-sysonly start_us=8720019 end_us=8722037 dur_us=2017
UKL-MQTT-BENCH: BUFFULL run_id=try3-c4-sysonly start_us=8724062 end_us=8729160 dur_us=5098
UKL-MQTT-BENCH: BUFFULL run_id=try3-c4-sysonly start_us=8732247 end_us=8734060 dur_us=1812
UKL-MQTT-BENCH: BUFFULL run_id=try3-c4-sysonly start_us=8736108 end_us=8741109 dur_us=5000
UKL-MQTT-BENCH: BUFFULL run_id=try3-c4-sysonly start_us=8746063 end_us=8750110 dur_us=4046
UKL-MQTT-BENCH: BUFFULL run_id=try3-c4-sysonly start_us=8752683 end_us=8756096 dur_us=3412
UKL-MQTT-BENCH: BUFFULL run_id=try3-c4-sysonly start_us=8758663 end_us=8762101 dur_us=3438
UKL-MQTT-BENCH: BUFFULL run_id=try3-c4-sysonly start_us=8764684 end_us=8768111 dur_us=3426
UKL-MQTT-BENCH: BUFFULL run_id=try3-c4-sysonly start_us=8770677 end_us=8773097 dur_us=2419
UKL-MQTT-BENCH: BUFFULL run_id=try3-c4-sysonly start_us=8775698 end_us=8779087 dur_us=3388
UKL-MQTT-BENCH: BUFFULL run_id=try3-c4-sysonly start_us=8781674 end_us=8785099 dur_us=3424
UKL-MQTT-BENCH: BUFFULL run_id=try3-c4-sysonly start_us=8787684 end_us=8790375 dur_us=2691
UKL-MQTT-BENCH: BUFFULL run_id=try3-c4-sysonly start_us=8793002 end_us=8796099 dur_us=3096
UKL-MQTT-BENCH: BUFFULL run_id=try3-c4-sysonly start_us=8798719 end_us=8801062 dur_us=2343
UKL-MQTT-BENCH: BUFFULL run_id=try3-c4-sysonly start_us=8803095 end_us=8805090 dur_us=1994
UKL-MQTT-BENCH: BUFFULL run_id=try3-c4-sysonly start_us=8807425 end_us=8813408 dur_us=5982
UKL-MQTT-BENCH: BUFFULL run_id=try3-c4-sysonly start_us=8816521 end_us=8819114 dur_us=2593
UKL-MQTT-BENCH: BUFFULL run_id=try3-c4-sysonly start_us=8821149 end_us=8825114 dur_us=3965
UKL-MQTT-BENCH: BUFFULL run_id=try3-c4-sysonly start_us=8828242 end_us=8830086 dur_us=1843
UKL-MQTT-BENCH: BUFFULL run_id=try3-c4-sysonly start_us=8832115 end_us=8837164 dur_us=5048
UKL-MQTT-BENCH: BUFFULL run_id=try3-c4-sysonly start_us=8840290 end_us=8842086 dur_us=1796
UKL-MQTT-BENCH: BUFFULL run_id=try3-c4-sysonly start_us=8844117 end_us=8848164 dur_us=4046
UKL-MQTT-BENCH: BUFFULL run_id=try3-c4-sysonly start_us=8851265 end_us=8853046 dur_us=1781
UKL-MQTT-BENCH: BUFFULL run_id=try3-c4-sysonly start_us=8855075 end_us=8859095 dur_us=4020
UKL-MQTT-BENCH: BUFFULL run_id=try3-c4-sysonly start_us=8861673 end_us=8863123 dur_us=1449
UKL-MQTT-BENCH: BUFFULL run_id=try3-c4-sysonly start_us=8865151 end_us=8870151 dur_us=4999
UKL-MQTT-BENCH: BUFFULL run_id=try3-c4-sysonly start_us=8873248 end_us=8876067 dur_us=2819
UKL-MQTT-BENCH: BUFFULL run_id=try3-c4-sysonly start_us=8878108 end_us=8882089 dur_us=3980
UKL-MQTT-BENCH: BUFFULL run_id=try3-c4-sysonly start_us=8884679 end_us=8887079 dur_us=2399
UKL-MQTT-BENCH: BUFFULL run_id=try3-c4-sysonly start_us=8889660 end_us=8892113 dur_us=2452
UKL-MQTT-BENCH: BUFFULL run_id=try3-c4-sysonly start_us=8894697 end_us=8898121 dur_us=3423
UKL-MQTT-BENCH: BUFFULL run_id=try3-c4-sysonly start_us=8900700 end_us=8904097 dur_us=3397
UKL-MQTT-BENCH: BUFFULL run_id=try3-c4-sysonly start_us=8906696 end_us=8910090 dur_us=3394
UKL-MQTT-BENCH: BUFFULL run_id=try3-c4-sysonly start_us=8912700 end_us=8916125 dur_us=3424
UKL-MQTT-BENCH: BUFFULL run_id=try3-c4-sysonly start_us=8918703 end_us=8920056 dur_us=1352
UKL-MQTT-BENCH: BUFFULL run_id=try3-c4-sysonly start_us=8922081 end_us=8925103 dur_us=3022
UKL-MQTT-BENCH: BUFFULL run_id=try3-c4-sysonly start_us=8927130 end_us=8929029 dur_us=1898
UKL-MQTT-BENCH: BUFFULL run_id=try3-c4-sysonly start_us=8930553 end_us=8935174 dur_us=4621
UKL-MQTT-BENCH: BUFFULL run_id=try3-c4-sysonly start_us=8938282 end_us=8941106 dur_us=2824
UKL-MQTT-BENCH: BUFFULL run_id=try3-c4-sysonly start_us=8944252 end_us=8948103 dur_us=3850
UKL-MQTT-BENCH: BUFFULL run_id=try3-c4-sysonly start_us=8950681 end_us=8954125 dur_us=3444
UKL-MQTT-BENCH: BUFFULL run_id=try3-c4-sysonly start_us=8956697 end_us=8960084 dur_us=3387
UKL-MQTT-BENCH: BUFFULL run_id=try3-c4-sysonly start_us=8962661 end_us=8965105 dur_us=2443
UKL-MQTT-BENCH: BUFFULL run_id=try3-c4-sysonly start_us=8967720 end_us=8971118 dur_us=3397
UKL-MQTT-BENCH: BUFFULL run_id=try3-c4-sysonly start_us=8973716 end_us=8977085 dur_us=3368
UKL-MQTT-BENCH: BUFFULL run_id=try3-c4-sysonly start_us=8979666 end_us=8983087 dur_us=3420
UKL-MQTT-BENCH: BUFFULL run_id=try3-c4-sysonly start_us=8985661 end_us=8989097 dur_us=3435
UKL-MQTT-BENCH: BUFFULL run_id=try3-c4-sysonly start_us=8991677 end_us=8994111 dur_us=2434
UKL-MQTT-BENCH: BUFFULL run_id=try3-c4-sysonly start_us=8996695 end_us=9000099 dur_us=3403
UKL-MQTT-BENCH: BUFFULL run_id=try3-c4-sysonly start_us=9002693 end_us=9005030 dur_us=2337
UKL-MQTT-BENCH: BUFFULL run_id=try3-c4-sysonly start_us=9007064 end_us=9009062 dur_us=1998
UKL-MQTT-BENCH: BUFFULL run_id=try3-c4-sysonly start_us=9011092 end_us=9015085 dur_us=3992
UKL-MQTT-BENCH: BUFFULL run_id=try3-c4-sysonly start_us=9017665 end_us=9021109 dur_us=3443
UKL-MQTT-BENCH: BUFFULL run_id=try3-c4-sysonly start_us=9025555 end_us=9031142 dur_us=5587
UKL-MQTT-BENCH: BUFFULL run_id=try3-c4-sysonly start_us=9034249 end_us=9037115 dur_us=2866
UKL-MQTT-BENCH: BUFFULL run_id=try3-c4-sysonly start_us=9039723 end_us=9043115 dur_us=3392
UKL-MQTT-BENCH: BUFFULL run_id=try3-c4-sysonly start_us=9045700 end_us=9049102 dur_us=3401
UKL-MQTT-BENCH: BUFFULL run_id=try3-c4-sysonly start_us=9051692 end_us=9055093 dur_us=3400
UKL-MQTT-BENCH: BUFFULL run_id=try3-c4-sysonly start_us=9057681 end_us=9061110 dur_us=3428
UKL-MQTT-BENCH: BUFFULL run_id=try3-c4-sysonly start_us=9063696 end_us=9065039 dur_us=1343
UKL-MQTT-BENCH: BUFFULL run_id=try3-c4-sysonly start_us=9067076 end_us=9072146 dur_us=5069
UKL-MQTT-BENCH: BUFFULL run_id=try3-c4-sysonly start_us=9075275 end_us=9077008 dur_us=1733
UKL-MQTT-BENCH: BUFFULL run_id=try3-c4-sysonly start_us=9079041 end_us=9083145 dur_us=4103
UKL-MQTT-BENCH: BUFFULL run_id=try3-c4-sysonly start_us=9086244 end_us=9088055 dur_us=1811
UKL-MQTT-BENCH: BUFFULL run_id=try3-c4-sysonly start_us=9090088 end_us=9094084 dur_us=3996
UKL-MQTT-BENCH: BUFFULL run_id=try3-c4-sysonly start_us=9096672 end_us=9099042 dur_us=2370
UKL-MQTT-BENCH: BUFFULL run_id=try3-c4-sysonly start_us=9101068 end_us=9106134 dur_us=5066
UKL-MQTT-BENCH: BUFFULL run_id=try3-c4-sysonly start_us=9109235 end_us=9112098 dur_us=2863
UKL-MQTT-BENCH: BUFFULL run_id=try3-c4-sysonly start_us=9114675 end_us=9117072 dur_us=2397
UKL-MQTT-BENCH: BUFFULL run_id=try3-c4-sysonly start_us=9119690 end_us=9122040 dur_us=2349
UKL-MQTT-BENCH: BUFFULL run_id=try3-c4-sysonly start_us=9124287 end_us=9127155 dur_us=2867
UKL-MQTT-BENCH: BUFFULL run_id=try3-c4-sysonly start_us=9129195 end_us=9131062 dur_us=1867
UKL-MQTT-BENCH: BUFFULL run_id=try3-c4-sysonly start_us=9133091 end_us=9138155 dur_us=5064
UKL-MQTT-BENCH: BUFFULL run_id=try3-c4-sysonly start_us=9141273 end_us=9144123 dur_us=2850
UKL-MQTT-BENCH: BUFFULL run_id=try3-c4-sysonly start_us=9146711 end_us=9150111 dur_us=3399
UKL-MQTT-BENCH: BUFFULL run_id=try3-c4-sysonly start_us=9152693 end_us=9154104 dur_us=1411
UKL-MQTT-BENCH: BUFFULL run_id=try3-c4-sysonly start_us=9155620 end_us=9160120 dur_us=4499
UKL-MQTT-BENCH: BUFFULL run_id=try3-c4-sysonly start_us=9163225 end_us=9165040 dur_us=1814
UKL-MQTT-BENCH: BUFFULL run_id=try3-c4-sysonly start_us=9167078 end_us=9172134 dur_us=5055
UKL-MQTT-BENCH: BUFFULL run_id=try3-c4-sysonly start_us=9178145 end_us=9183112 dur_us=4966
UKL-MQTT-BENCH: BUFFULL run_id=try3-c4-sysonly start_us=9185686 end_us=9187045 dur_us=1358
UKL-MQTT-BENCH: BUFFULL run_id=try3-c4-sysonly start_us=9189080 end_us=9194129 dur_us=5048
UKL-MQTT-BENCH: BUFFULL run_id=try3-c4-sysonly start_us=9197222 end_us=9199068 dur_us=1846
UKL-MQTT-BENCH: BUFFULL run_id=try3-c4-sysonly start_us=9201098 end_us=9205130 dur_us=4032
UKL-MQTT-BENCH: BUFFULL run_id=try3-c4-sysonly start_us=9208230 end_us=9210033 dur_us=1803
UKL-MQTT-BENCH: BUFFULL run_id=try3-c4-sysonly start_us=9212057 end_us=9217129 dur_us=5071
UKL-MQTT-BENCH: BUFFULL run_id=try3-c4-sysonly start_us=9219716 end_us=9222054 dur_us=2337
UKL-MQTT-BENCH: BUFFULL run_id=try3-c4-sysonly start_us=9224660 end_us=9228218 dur_us=3558
UKL-MQTT-BENCH: BUFFULL run_id=try3-c4-sysonly start_us=9231349 end_us=9234104 dur_us=2754
UKL-MQTT-BENCH: BUFFULL run_id=try3-c4-sysonly start_us=9236692 end_us=9240071 dur_us=3378
UKL-MQTT-BENCH: BUFFULL run_id=try3-c4-sysonly start_us=9242660 end_us=9245074 dur_us=2414
UKL-MQTT-BENCH: BUFFULL run_id=try3-c4-sysonly start_us=9247115 end_us=9252115 dur_us=5000
UKL-MQTT-BENCH: BUFFULL run_id=try3-c4-sysonly start_us=9255220 end_us=9257065 dur_us=1844
UKL-MQTT-BENCH: BUFFULL run_id=try3-c4-sysonly start_us=9259100 end_us=9263101 dur_us=4000
UKL-MQTT-BENCH: BUFFULL run_id=try3-c4-sysonly start_us=9265674 end_us=9268071 dur_us=2396
UKL-MQTT-BENCH: BUFFULL run_id=try3-c4-sysonly start_us=9270667 end_us=9274107 dur_us=3440
UKL-MQTT-BENCH: BUFFULL run_id=try3-c4-sysonly start_us=9276686 end_us=9280081 dur_us=3394
UKL-MQTT-BENCH: BUFFULL run_id=try3-c4-sysonly start_us=9282663 end_us=9286104 dur_us=3441
UKL-MQTT-BENCH: BUFFULL run_id=try3-c4-sysonly start_us=9288677 end_us=9291078 dur_us=2401
UKL-MQTT-BENCH: BUFFULL run_id=try3-c4-sysonly start_us=9293655 end_us=9297084 dur_us=3428
UKL-MQTT-BENCH: BUFFULL run_id=try3-c4-sysonly start_us=9299667 end_us=9303091 dur_us=3423
UKL-MQTT-BENCH: BUFFULL run_id=try3-c4-sysonly start_us=9305661 end_us=9309103 dur_us=3442
UKL-MQTT-BENCH: BUFFULL run_id=try3-c4-sysonly start_us=9311684 end_us=9314163 dur_us=2478
UKL-MQTT-BENCH: BUFFULL run_id=try3-c4-sysonly start_us=9316743 end_us=9319028 dur_us=2285
UKL-MQTT-BENCH: BUFFULL run_id=try3-c4-sysonly start_us=9321061 end_us=9325100 dur_us=4039
UKL-MQTT-BENCH: BUFFULL run_id=try3-c4-sysonly start_us=9328229 end_us=9330177 dur_us=1948
UKL-MQTT-BENCH: BUFFULL run_id=try3-c4-sysonly start_us=9332344 end_us=9337152 dur_us=4807
UKL-MQTT-BENCH: BUFFULL run_id=try3-c4-sysonly start_us=9340253 end_us=9343102 dur_us=2849
UKL-MQTT-BENCH: BUFFULL run_id=try3-c4-sysonly start_us=9345875 end_us=9349107 dur_us=3232
UKL-MQTT-BENCH: BUFFULL run_id=try3-c4-sysonly start_us=9351675 end_us=9355090 dur_us=3414
UKL-MQTT-BENCH: BUFFULL run_id=try3-c4-sysonly start_us=9357657 end_us=9361118 dur_us=3460
UKL-MQTT-BENCH: BUFFULL run_id=try3-c4-sysonly start_us=9363691 end_us=9367116 dur_us=3424
UKL-MQTT-BENCH: BUFFULL run_id=try3-c4-sysonly start_us=9369697 end_us=9373066 dur_us=3368
UKL-MQTT-BENCH: BUFFULL run_id=try3-c4-sysonly start_us=9375646 end_us=9377048 dur_us=1402
UKL-MQTT-BENCH: BUFFULL run_id=try3-c4-sysonly start_us=9379117 end_us=9383083 dur_us=3965
UKL-MQTT-BENCH: BUFFULL run_id=try3-c4-sysonly start_us=9385660 end_us=9389091 dur_us=3430
UKL-MQTT-BENCH: BUFFULL run_id=try3-c4-sysonly start_us=9391666 end_us=9394086 dur_us=2420
UKL-MQTT-BENCH: BUFFULL run_id=try3-c4-sysonly start_us=9396659 end_us=9400164 dur_us=3505
UKL-MQTT-BENCH: BUFFULL run_id=try3-c4-sysonly start_us=9402736 end_us=9406083 dur_us=3346
UKL-MQTT-BENCH: BUFFULL run_id=try3-c4-sysonly start_us=9408646 end_us=9410018 dur_us=1372
UKL-MQTT-BENCH: BUFFULL run_id=try3-c4-sysonly start_us=9412054 end_us=9415069 dur_us=3014
UKL-MQTT-BENCH: BUFFULL run_id=try3-c4-sysonly start_us=9417123 end_us=9419001 dur_us=1878
UKL-MQTT-BENCH: BUFFULL run_id=try3-c4-sysonly start_us=9420502 end_us=9425124 dur_us=4622
UKL-MQTT-BENCH: BUFFULL run_id=try3-c4-sysonly start_us=9428220 end_us=9431096 dur_us=2876
UKL-MQTT-BENCH: BUFFULL run_id=try3-c4-sysonly start_us=9433673 end_us=9437099 dur_us=3425
UKL-MQTT-BENCH: BUFFULL run_id=try3-c4-sysonly start_us=9439679 end_us=9441363 dur_us=1684
UKL-MQTT-BENCH: BUFFULL run_id=try3-c4-sysonly start_us=9443394 end_us=9445008 dur_us=1614
UKL-MQTT-BENCH: BUFFULL run_id=try3-c4-sysonly start_us=9445974 end_us=9451120 dur_us=5146
UKL-MQTT-BENCH: BUFFULL run_id=try3-c4-sysonly start_us=9454210 end_us=9457090 dur_us=2879
UKL-MQTT-BENCH: BUFFULL run_id=try3-c4-sysonly start_us=9459674 end_us=9463092 dur_us=3417
UKL-MQTT-BENCH: BUFFULL run_id=try3-c4-sysonly start_us=9465674 end_us=9469082 dur_us=3408
UKL-MQTT-BENCH: BUFFULL run_id=try3-c4-sysonly start_us=9471699 end_us=9475119 dur_us=3419
UKL-MQTT-BENCH: BUFFULL run_id=try3-c4-sysonly start_us=9478224 end_us=9482082 dur_us=3857
UKL-MQTT-BENCH: BUFFULL run_id=try3-c4-sysonly start_us=9484660 end_us=9487074 dur_us=2413
UKL-MQTT-BENCH: BUFFULL run_id=try3-c4-sysonly start_us=9489653 end_us=9492055 dur_us=2402
UKL-MQTT-BENCH: BUFFULL run_id=try3-c4-sysonly start_us=9494082 end_us=9497103 dur_us=3021
UKL-MQTT-BENCH: BUFFULL run_id=try3-c4-sysonly start_us=9499675 end_us=9502022 dur_us=2347
UKL-MQTT-BENCH: BUFFULL run_id=try3-c4-sysonly start_us=9504053 end_us=9508094 dur_us=4041
UKL-MQTT-BENCH: BUFFULL run_id=try3-c4-sysonly start_us=9512512 end_us=9518196 dur_us=5684
UKL-MQTT-BENCH: BUFFULL run_id=try3-c4-sysonly start_us=9521282 end_us=9523137 dur_us=1854
UKL-MQTT-BENCH: BUFFULL run_id=try3-c4-sysonly start_us=9525164 end_us=9528211 dur_us=3046
UKL-MQTT-BENCH: BUFFULL run_id=try3-c4-sysonly start_us=9532533 end_us=9535152 dur_us=2618
UKL-MQTT-BENCH: BUFFULL run_id=try3-c4-sysonly start_us=9536664 end_us=9540050 dur_us=3385
UKL-MQTT-BENCH: BUFFULL run_id=try3-c4-sysonly start_us=9542093 end_us=9544006 dur_us=1913
UKL-MQTT-BENCH: BUFFULL run_id=try3-c4-sysonly start_us=9545524 end_us=9548053 dur_us=2529
UKL-MQTT-BENCH: BUFFULL run_id=try3-c4-sysonly start_us=9550634 end_us=9553061 dur_us=2426
UKL-MQTT-BENCH: BUFFULL run_id=try3-c4-sysonly start_us=9555089 end_us=9559080 dur_us=3991
UKL-MQTT-BENCH: BUFFULL run_id=try3-c4-sysonly start_us=9561678 end_us=9565075 dur_us=3397
UKL-MQTT-BENCH: BUFFULL run_id=try3-c4-sysonly start_us=9567664 end_us=9570170 dur_us=2505
UKL-MQTT-BENCH: BUFFULL run_id=try3-c4-sysonly start_us=9572816 end_us=9577082 dur_us=4265
UKL-MQTT-BENCH: BUFFULL run_id=try3-c4-sysonly start_us=9579673 end_us=9582082 dur_us=2408
UKL-MQTT-BENCH: BUFFULL run_id=try3-c4-sysonly start_us=9584666 end_us=9588084 dur_us=3417
UKL-MQTT-BENCH: BUFFULL run_id=try3-c4-sysonly start_us=9590669 end_us=9594071 dur_us=3401
UKL-MQTT-BENCH: BUFFULL run_id=try3-c4-sysonly start_us=9596650 end_us=9599085 dur_us=2434
UKL-MQTT-BENCH: BUFFULL run_id=try3-c4-sysonly start_us=9601672 end_us=9605079 dur_us=3407
UKL-MQTT-BENCH: BUFFULL run_id=try3-c4-sysonly start_us=9607668 end_us=9611091 dur_us=3423
UKL-MQTT-BENCH: BUFFULL run_id=try3-c4-sysonly start_us=9613681 end_us=9617099 dur_us=3417
UKL-MQTT-BENCH: BUFFULL run_id=try3-c4-sysonly start_us=9619689 end_us=9623088 dur_us=3398
UKL-MQTT-BENCH: BUFFULL run_id=try3-c4-sysonly start_us=9625674 end_us=9628086 dur_us=2412
UKL-MQTT-BENCH: BUFFULL run_id=try3-c4-sysonly start_us=9630676 end_us=9634083 dur_us=3407
UKL-MQTT-BENCH: BUFFULL run_id=try3-c4-sysonly start_us=9636662 end_us=9639030 dur_us=2368
UKL-MQTT-BENCH: BUFFULL run_id=try3-c4-sysonly start_us=9641078 end_us=9643090 dur_us=2012
UKL-MQTT-BENCH: BUFFULL run_id=try3-c4-sysonly start_us=9645117 end_us=9649092 dur_us=3975
UKL-MQTT-BENCH: BUFFULL run_id=try3-c4-sysonly start_us=9651674 end_us=9655162 dur_us=3487
UKL-MQTT-BENCH: BUFFULL run_id=try3-c4-sysonly start_us=9657747 end_us=9662121 dur_us=4374
UKL-MQTT-BENCH: BUFFULL run_id=try3-c4-sysonly start_us=9665223 end_us=9667050 dur_us=1826
UKL-MQTT-BENCH: BUFFULL run_id=try3-c4-sysonly start_us=9669086 end_us=9674137 dur_us=5050
UKL-MQTT-BENCH: BUFFULL run_id=try3-c4-sysonly start_us=9680048 end_us=9684088 dur_us=4039
UKL-MQTT-BENCH: BUFFULL run_id=try3-c4-sysonly start_us=9686676 end_us=9688024 dur_us=1348
UKL-MQTT-BENCH: BUFFULL run_id=try3-c4-sysonly start_us=9689542 end_us=9695114 dur_us=5571
UKL-MQTT-BENCH: BUFFULL run_id=try3-c4-sysonly start_us=9701046 end_us=9706130 dur_us=5084
UKL-MQTT-BENCH: BUFFULL run_id=try3-c4-sysonly start_us=9708746 end_us=9711070 dur_us=2323
UKL-MQTT-BENCH: BUFFULL run_id=try3-c4-sysonly start_us=9713660 end_us=9717079 dur_us=3419
UKL-MQTT-BENCH: BUFFULL run_id=try3-c4-sysonly start_us=9719666 end_us=9721028 dur_us=1361
UKL-MQTT-BENCH: BUFFULL run_id=try3-c4-sysonly start_us=9723050 end_us=9728119 dur_us=5068
UKL-MQTT-BENCH: BUFFULL run_id=try3-c4-sysonly start_us=9731225 end_us=9734105 dur_us=2879
UKL-MQTT-BENCH: BUFFULL run_id=try3-c4-sysonly start_us=9736690 end_us=9740084 dur_us=3393
UKL-MQTT-BENCH: BUFFULL run_id=try3-c4-sysonly start_us=9742667 end_us=9744010 dur_us=1343
UKL-MQTT-BENCH: BUFFULL run_id=try3-c4-sysonly start_us=9746040 end_us=9749034 dur_us=2993
UKL-MQTT-BENCH: BUFFULL run_id=try3-c4-sysonly start_us=9751068 end_us=9754061 dur_us=2992
UKL-MQTT-BENCH: BUFFULL run_id=try3-c4-sysonly start_us=9756086 end_us=9761112 dur_us=5025
UKL-MQTT-BENCH: BUFFULL run_id=try3-c4-sysonly start_us=9764219 end_us=9766038 dur_us=1818
UKL-MQTT-BENCH: BUFFULL run_id=try3-c4-sysonly start_us=9768067 end_us=9771070 dur_us=3002
UKL-MQTT-BENCH: BUFFULL run_id=try3-c4-sysonly start_us=9775623 end_us=9780022 dur_us=4399
UKL-MQTT-BENCH: BUFFULL run_id=try3-c4-sysonly start_us=9782057 end_us=9786099 dur_us=4041
UKL-MQTT-BENCH: BUFFULL run_id=try3-c4-sysonly start_us=9789204 end_us=9790444 dur_us=1240
UKL-MQTT-BENCH: BUFFULL run_id=try3-c4-sysonly start_us=9792482 end_us=9798137 dur_us=5654
UKL-MQTT-BENCH: BUFFULL run_id=try3-c4-sysonly start_us=9804034 end_us=9808181 dur_us=4147
UKL-MQTT-BENCH: BUFFULL run_id=try3-c4-sysonly start_us=9812733 end_us=9818142 dur_us=5408
UKL-MQTT-BENCH: BUFFULL run_id=try3-c4-sysonly start_us=9821256 end_us=9823039 dur_us=1782
UKL-MQTT-BENCH: BUFFULL run_id=try3-c4-sysonly start_us=9825064 end_us=9829107 dur_us=4042
UKL-MQTT-BENCH: BUFFULL run_id=try3-c4-sysonly start_us=9833513 end_us=9838126 dur_us=4613
UKL-MQTT-BENCH: BUFFULL run_id=try3-c4-sysonly start_us=9840693 end_us=9843055 dur_us=2361
UKL-MQTT-BENCH: BUFFULL run_id=try3-c4-sysonly start_us=9845094 end_us=9849101 dur_us=4007
UKL-MQTT-BENCH: BUFFULL run_id=try3-c4-sysonly start_us=9851684 end_us=9855077 dur_us=3392
UKL-MQTT-BENCH: BUFFULL run_id=try3-c4-sysonly start_us=9857700 end_us=9860175 dur_us=2475
UKL-MQTT-BENCH: BUFFULL run_id=try3-c4-sysonly start_us=9862776 end_us=9866175 dur_us=3399
UKL-MQTT-BENCH: BUFFULL run_id=try3-c4-sysonly start_us=9868758 end_us=9872175 dur_us=3416
UKL-MQTT-BENCH: BUFFULL run_id=try3-c4-sysonly start_us=9874774 end_us=9878075 dur_us=3300
UKL-MQTT-BENCH: BUFFULL run_id=try3-c4-sysonly start_us=9881852 end_us=9885032 dur_us=3180
UKL-MQTT-BENCH: BUFFULL run_id=try3-c4-sysonly start_us=9887052 end_us=9890064 dur_us=3012
UKL-MQTT-BENCH: BUFFULL run_id=try3-c4-sysonly start_us=9892094 end_us=9895075 dur_us=2980
UKL-MQTT-BENCH: BUFFULL run_id=try3-c4-sysonly start_us=9897658 end_us=9901099 dur_us=3440
UKL-MQTT-BENCH: BUFFULL run_id=try3-c4-sysonly start_us=9903679 end_us=9905020 dur_us=1340
UKL-MQTT-BENCH: BUFFULL run_id=try3-c4-sysonly start_us=9907051 end_us=9911074 dur_us=4023
UKL-MQTT-BENCH: BUFFULL run_id=try3-c4-sysonly start_us=9913663 end_us=9917065 dur_us=3402
UKL-MQTT-BENCH: BUFFULL run_id=try3-c4-sysonly start_us=9919654 end_us=9924070 dur_us=4415
UKL-MQTT-BENCH: BUFFULL run_id=try3-c4-sysonly start_us=9926671 end_us=9929066 dur_us=2394
UKL-MQTT-BENCH: BUFFULL run_id=try3-c4-sysonly start_us=9932164 end_us=9935077 dur_us=2912
UKL-MQTT-BENCH: BUFFULL run_id=try3-c4-sysonly start_us=9937664 end_us=9941114 dur_us=3449
UKL-MQTT-BENCH: BUFFULL run_id=try3-c4-sysonly start_us=9943694 end_us=9945110 dur_us=1415
UKL-MQTT-BENCH: BUFFULL run_id=try3-c4-sysonly start_us=9947138 end_us=9950026 dur_us=2888
UKL-MQTT-BENCH: BUFFULL run_id=try3-c4-sysonly start_us=9952073 end_us=9954010 dur_us=1936
UKL-MQTT-BENCH: BUFFULL run_id=try3-c4-sysonly start_us=9955564 end_us=9961108 dur_us=5544
UKL-MQTT-BENCH: BUFFULL run_id=try3-c4-sysonly start_us=9964227 end_us=9966073 dur_us=1846
UKL-MQTT-BENCH: BUFFULL run_id=try3-c4-sysonly start_us=9968658 end_us=9972084 dur_us=3426
UKL-MQTT-BENCH: BUFFULL run_id=try3-c4-sysonly start_us=9974676 end_us=9978077 dur_us=3401
UKL-MQTT-BENCH: BUFFULL run_id=try3-c4-sysonly start_us=9980720 end_us=9984079 dur_us=3358
UKL-MQTT-BENCH: BUFFULL run_id=try3-c4-sysonly start_us=9986660 end_us=9990081 dur_us=3421
UKL-MQTT-BENCH: BUFFULL run_id=try3-c4-sysonly start_us=9992664 end_us=9994013 dur_us=1349
UKL-MQTT-BENCH: BUFFULL run_id=try3-c4-sysonly start_us=9995518 end_us=9999033 dur_us=3514
UKL-MQTT-BENCH: BUFFULL run_id=try3-c4-sysonly start_us=10001613 end_us=10003021 dur_us=1407
UKL-MQTT-BENCH: BUFFULL run_id=try3-c4-sysonly start_us=10005052 end_us=10010112 dur_us=5060
UKL-MQTT-BENCH: BUFFULL run_id=try3-c4-sysonly start_us=10013212 end_us=10016074 dur_us=2861
UKL-MQTT-BENCH: BUFFULL run_id=try3-c4-sysonly start_us=10018677 end_us=10022078 dur_us=3400
UKL-MQTT-BENCH: BUFFULL run_id=try3-c4-sysonly start_us=10024658 end_us=10026004 dur_us=1346
UKL-MQTT-BENCH: BUFFULL run_id=try3-c4-sysonly start_us=10028032 end_us=10033118 dur_us=5085
UKL-MQTT-BENCH: BUFFULL run_id=try3-c4-sysonly start_us=10036213 end_us=10038031 dur_us=1817
UKL-MQTT-BENCH: BUFFULL run_id=try3-c4-sysonly start_us=10040059 end_us=10044075 dur_us=4016
UKL-MQTT-BENCH: BUFFULL run_id=try3-c4-sysonly start_us=10046737 end_us=10048018 dur_us=1281
UKL-MQTT-BENCH: BUFFULL run_id=try3-c4-sysonly start_us=10050055 end_us=10054068 dur_us=4013
UKL-MQTT-BENCH: BUFFULL run_id=try3-c4-sysonly start_us=10058677 end_us=10064119 dur_us=5441
UKL-MQTT-BENCH: BUFFULL run_id=try3-c4-sysonly start_us=10067238 end_us=10069009 dur_us=1770
UKL-MQTT-BENCH: BUFFULL run_id=try3-c4-sysonly start_us=10071045 end_us=10076119 dur_us=5073
UKL-MQTT-BENCH: BUFFULL run_id=try3-c4-sysonly start_us=10079220 end_us=10081013 dur_us=1792
UKL-MQTT-BENCH: BUFFULL run_id=try3-c4-sysonly start_us=10083050 end_us=10087087 dur_us=4037
UKL-MQTT-BENCH: BUFFULL run_id=try3-c4-sysonly start_us=10089670 end_us=10091069 dur_us=1398
UKL-MQTT-BENCH: BUFFULL run_id=try3-c4-sysonly start_us=10093096 end_us=10098122 dur_us=5025
UKL-MQTT-BENCH: BUFFULL run_id=try3-c4-sysonly start_us=10103612 end_us=10107015 dur_us=3403
UKL-MQTT-BENCH: BUFFULL run_id=try3-c4-sysonly start_us=10109032 end_us=10111002 dur_us=1970
UKL-MQTT-BENCH: BUFFULL run_id=try3-c4-sysonly start_us=10113028 end_us=10117100 dur_us=4072
UKL-MQTT-BENCH: BUFFULL run_id=try3-c4-sysonly start_us=10120212 end_us=10123084 dur_us=2871
UKL-MQTT-BENCH: BUFFULL run_id=try3-c4-sysonly start_us=10125681 end_us=10129086 dur_us=3405
UKL-MQTT-BENCH: BUFFULL run_id=try3-c4-sysonly start_us=10131675 end_us=10133098 dur_us=1422
UKL-MQTT-BENCH: BUFFULL run_id=try3-c4-sysonly start_us=10135124 end_us=10137860 dur_us=2735
UKL-MQTT-BENCH: BUFFULL run_id=try3-c4-sysonly start_us=10139892 end_us=10143053 dur_us=3161
UKL-MQTT-BENCH: BUFFULL run_id=try3-c4-sysonly start_us=10145090 end_us=10149199 dur_us=4109
UKL-MQTT-BENCH: BUFFULL run_id=try3-c4-sysonly start_us=10152294 end_us=10155050 dur_us=2755
UKL-MQTT-BENCH: BUFFULL run_id=try3-c4-sysonly start_us=10157086 end_us=10160080 dur_us=2993
UKL-MQTT-BENCH: BUFFULL run_id=try3-c4-sysonly start_us=10162660 end_us=10165010 dur_us=2350
UKL-MQTT-BENCH: BUFFULL run_id=try3-c4-sysonly start_us=10167035 end_us=10170077 dur_us=3042
UKL-MQTT-BENCH: BUFFULL run_id=try3-c4-sysonly start_us=10172652 end_us=10175026 dur_us=2373
UKL-MQTT-BENCH: BUFFULL run_id=try3-c4-sysonly start_us=10177062 end_us=10182103 dur_us=5041
UKL-MQTT-BENCH: BUFFULL run_id=try3-c4-sysonly start_us=10185215 end_us=10188056 dur_us=2840
UKL-MQTT-BENCH: BUFFULL run_id=try3-c4-sysonly start_us=10190648 end_us=10194075 dur_us=3427
UKL-MQTT-BENCH: BUFFULL run_id=try3-c4-sysonly start_us=10196674 end_us=10199082 dur_us=2408
UKL-MQTT-BENCH: BUFFULL run_id=try3-c4-sysonly start_us=10201668 end_us=10205045 dur_us=3376
UKL-MQTT-BENCH: BUFFULL run_id=try3-c4-sysonly start_us=10207634 end_us=10211053 dur_us=3418
UKL-MQTT-BENCH: BUFFULL run_id=try3-c4-sysonly start_us=10213088 end_us=10216126 dur_us=3038
UKL-MQTT-BENCH: BUFFULL run_id=try3-c4-sysonly start_us=10218770 end_us=10224118 dur_us=5347
UKL-MQTT-BENCH: BUFFULL run_id=try3-c4-sysonly start_us=10229521 end_us=10231987 dur_us=2465
UKL-MQTT-BENCH: BUFFULL run_id=try3-c4-sysonly start_us=10234031 end_us=10237047 dur_us=3016
UKL-MQTT-BENCH: BUFFULL run_id=try3-c4-sysonly start_us=10239085 end_us=10243372 dur_us=4287
UKL-MQTT-BENCH: BUFFULL run_id=try3-c4-sysonly start_us=10246942 end_us=10249201 dur_us=2258
UKL-MQTT-BENCH: BUFFULL run_id=try3-c4-sysonly start_us=10251882 end_us=10255271 dur_us=3389
UKL-MQTT-BENCH: BUFFULL run_id=try3-c4-sysonly start_us=10259549 end_us=10263426 dur_us=3876
UKL-MQTT-BENCH: BUFFULL run_id=try3-c4-sysonly start_us=10266372 end_us=10269168 dur_us=2795
UKL-MQTT-BENCH: BUFFULL run_id=try3-c4-sysonly start_us=10271417 end_us=10276258 dur_us=4840
UKL-MQTT-BENCH: BUFFULL run_id=try3-c4-sysonly start_us=10279540 end_us=10282133 dur_us=2592
UKL-MQTT-BENCH: BUFFULL run_id=try3-c4-sysonly start_us=10284295 end_us=10287108 dur_us=2813
UKL-MQTT-BENCH: BUFFULL run_id=try3-c4-sysonly start_us=10289871 end_us=10291022 dur_us=1150
UKL-MQTT-BENCH: BUFFULL run_id=try3-c4-sysonly start_us=10292652 end_us=10297115 dur_us=4463
UKL-MQTT-BENCH: BUFFULL run_id=try3-c4-sysonly start_us=10299876 end_us=10302013 dur_us=2137
UKL-MQTT-BENCH: BUFFULL run_id=try3-c4-sysonly start_us=10304047 end_us=10309142 dur_us=5095
UKL-MQTT-BENCH: BUFFULL run_id=try3-c4-sysonly start_us=10312344 end_us=10314016 dur_us=1671
UKL-MQTT-BENCH: BUFFULL run_id=try3-c4-sysonly start_us=10316046 end_us=10320162 dur_us=4116
UKL-MQTT-BENCH: BUFFULL run_id=try3-c4-sysonly start_us=10322746 end_us=10324023 dur_us=1276
UKL-MQTT-BENCH: BUFFULL run_id=try3-c4-sysonly start_us=10326045 end_us=10331125 dur_us=5079
UKL-MQTT-BENCH: BUFFULL run_id=try3-c4-sysonly start_us=10334202 end_us=10336058 dur_us=1855
UKL-MQTT-BENCH: BUFFULL run_id=try3-c4-sysonly start_us=10338117 end_us=10342197 dur_us=4079
UKL-MQTT-BENCH: BUFFULL run_id=try3-c4-sysonly start_us=10347514 end_us=10352062 dur_us=4547
UKL-MQTT-BENCH: BUFFULL run_id=try3-c4-sysonly start_us=10354647 end_us=10356118 dur_us=1470
UKL-MQTT-BENCH: BUFFULL run_id=try3-c4-sysonly start_us=10358149 end_us=10362087 dur_us=3938
UKL-MQTT-BENCH: BUFFULL run_id=try3-c4-sysonly start_us=10364731 end_us=10368073 dur_us=3342
UKL-MQTT-BENCH: BUFFULL run_id=try3-c4-sysonly start_us=10370665 end_us=10373002 dur_us=2336
UKL-MQTT-BENCH: BUFFULL run_id=try3-c4-sysonly start_us=10375037 end_us=10377038 dur_us=2001
UKL-MQTT-BENCH: BUFFULL run_id=try3-c4-sysonly start_us=10379080 end_us=10382013 dur_us=2933
UKL-MQTT-BENCH: BUFFULL run_id=try3-c4-sysonly start_us=10384050 end_us=10389102 dur_us=5052
UKL-MQTT-BENCH: BUFFULL run_id=try3-c4-sysonly start_us=10392217 end_us=10394059 dur_us=1842
UKL-MQTT-BENCH: BUFFULL run_id=try3-c4-sysonly start_us=10396097 end_us=10400191 dur_us=4094
UKL-MQTT-BENCH: BUFFULL run_id=try3-c4-sysonly start_us=10403307 end_us=10405004 dur_us=1696
UKL-MQTT-BENCH: BUFFULL run_id=try3-c4-sysonly start_us=10407029 end_us=10410003 dur_us=2973
UKL-MQTT-BENCH: BUFFULL run_id=try3-c4-sysonly start_us=10412034 end_us=10413988 dur_us=1954
UKL-MQTT-BENCH: BUFFULL run_id=try3-c4-sysonly start_us=10415502 end_us=10420082 dur_us=4580
UKL-MQTT-BENCH: BUFFULL run_id=try3-c4-sysonly start_us=10423186 end_us=10427092 dur_us=3905
UKL-MQTT-BENCH: BUFFULL run_id=try3-c4-sysonly start_us=10429696 end_us=10433158 dur_us=3462
UKL-MQTT-BENCH: BUFFULL run_id=try3-c4-sysonly start_us=10436284 end_us=10438058 dur_us=1773
UKL-MQTT-BENCH: BUFFULL run_id=try3-c4-sysonly start_us=10440088 end_us=10443011 dur_us=2923
UKL-MQTT-BENCH: BUFFULL run_id=try3-c4-sysonly start_us=10447508 end_us=10451037 dur_us=3528
UKL-MQTT-BENCH: BUFFULL run_id=try3-c4-sysonly start_us=10453073 end_us=10456052 dur_us=2978
UKL-MQTT-BENCH: BUFFULL run_id=try3-c4-sysonly start_us=10458699 end_us=10462065 dur_us=3366
UKL-MQTT-BENCH: BUFFULL run_id=try3-c4-sysonly start_us=10464651 end_us=10468068 dur_us=3416
UKL-MQTT-BENCH: BUFFULL run_id=try3-c4-sysonly start_us=10470656 end_us=10472101 dur_us=1445
UKL-MQTT-BENCH: BUFFULL run_id=try3-c4-sysonly start_us=10474134 end_us=10476008 dur_us=1873
UKL-MQTT-BENCH: BUFFULL run_id=try3-c4-sysonly start_us=10477529 end_us=10480871 dur_us=3342
UKL-MQTT-BENCH: BUFFULL run_id=try3-c4-sysonly start_us=10482931 end_us=10486095 dur_us=3163
UKL-MQTT-BENCH: BUFFULL run_id=try3-c4-sysonly start_us=10488716 end_us=10493079 dur_us=4362
UKL-MQTT-BENCH: BUFFULL run_id=try3-c4-sysonly start_us=10495654 end_us=10499056 dur_us=3402
UKL-MQTT-BENCH: BUFFULL run_id=try3-c4-sysonly start_us=10502194 end_us=10505053 dur_us=2859
UKL-MQTT-BENCH: BUFFULL run_id=try3-c4-sysonly start_us=10507634 end_us=10510013 dur_us=2378
UKL-MQTT-BENCH: BUFFULL run_id=try3-c4-sysonly start_us=10514476 end_us=10520105 dur_us=5629
UKL-MQTT-BENCH: BUFFULL run_id=try3-c4-sysonly start_us=10523197 end_us=10525136 dur_us=1939
UKL-MQTT-BENCH: BUFFULL run_id=try3-c4-sysonly start_us=10527158 end_us=10532093 dur_us=4934
UKL-MQTT-BENCH: BUFFULL run_id=try3-c4-sysonly start_us=10539012 end_us=10545155 dur_us=6143
UKL-MQTT-BENCH: BUFFULL run_id=try3-c4-sysonly start_us=10548451 end_us=10550045 dur_us=1594
UKL-MQTT-BENCH: BUFFULL run_id=try3-c4-sysonly start_us=10552930 end_us=10558070 dur_us=5139
UKL-MQTT-BENCH: BUFFULL run_id=try3-c4-sysonly start_us=10560652 end_us=10562012 dur_us=1359
UKL-MQTT-BENCH: BUFFULL run_id=try3-c4-sysonly start_us=10564053 end_us=10566026 dur_us=1972
UKL-MQTT-BENCH: BUFFULL run_id=try3-c4-sysonly start_us=10568120 end_us=10572082 dur_us=3961
UKL-MQTT-BENCH: BUFFULL run_id=try3-c4-sysonly start_us=10574650 end_us=10578049 dur_us=3398
UKL-MQTT-BENCH: BUFFULL run_id=try3-c4-sysonly start_us=10580644 end_us=10584047 dur_us=3402
UKL-MQTT-BENCH: BUFFULL run_id=try3-c4-sysonly start_us=10586611 end_us=10588008 dur_us=1397
UKL-MQTT-BENCH: BUFFULL run_id=try3-c4-sysonly start_us=10590037 end_us=10595105 dur_us=5068
UKL-MQTT-BENCH: BUFFULL run_id=try3-c4-sysonly start_us=10598207 end_us=10600037 dur_us=1830
UKL-MQTT-BENCH: BUFFULL run_id=try3-c4-sysonly start_us=10602058 end_us=10607087 dur_us=5029
UKL-MQTT-BENCH: BUFFULL run_id=try3-c4-sysonly start_us=10612601 end_us=10615982 dur_us=3380
UKL-MQTT-BENCH: BUFFULL run_id=try3-c4-sysonly start_us=10618555 end_us=10622060 dur_us=3505
UKL-MQTT-BENCH: BUFFULL run_id=try3-c4-sysonly start_us=10624633 end_us=10628056 dur_us=3422
UKL-MQTT-BENCH: BUFFULL run_id=try3-c4-sysonly start_us=10630633 end_us=10634076 dur_us=3442
UKL-MQTT-BENCH: BUFFULL run_id=try3-c4-sysonly start_us=10637156 end_us=10639129 dur_us=1972
UKL-MQTT-BENCH: BUFFULL run_id=try3-c4-sysonly start_us=10641157 end_us=10646113 dur_us=4955
UKL-MQTT-BENCH: BUFFULL run_id=try3-c4-sysonly start_us=10649192 end_us=10650989 dur_us=1796
UKL-MQTT-BENCH: BUFFULL run_id=try3-c4-sysonly start_us=10653018 end_us=10656148 dur_us=3130
UKL-MQTT-BENCH: BUFFULL run_id=try3-c4-sysonly start_us=10658716 end_us=10659981 dur_us=1264
UKL-MQTT-BENCH: BUFFULL run_id=try3-c4-sysonly start_us=10661485 end_us=10667163 dur_us=5678
UKL-MQTT-BENCH: BUFFULL run_id=try3-c4-sysonly start_us=10670232 end_us=10672051 dur_us=1818
UKL-MQTT-BENCH: BUFFULL run_id=try3-c4-sysonly start_us=10673562 end_us=10678164 dur_us=4602
UKL-MQTT-BENCH: BUFFULL run_id=try3-c4-sysonly start_us=10681911 end_us=10685018 dur_us=3106
UKL-MQTT-BENCH: BUFFULL run_id=try3-c4-sysonly start_us=10687618 end_us=10691131 dur_us=3513
UKL-MQTT-BENCH: BUFFULL run_id=try3-c4-sysonly start_us=10694232 end_us=10697069 dur_us=2836
UKL-MQTT-BENCH: BUFFULL run_id=try3-c4-sysonly start_us=10699660 end_us=10703058 dur_us=3398
UKL-MQTT-BENCH: BUFFULL run_id=try3-c4-sysonly start_us=10705645 end_us=10707982 dur_us=2337
UKL-MQTT-BENCH: BUFFULL run_id=try3-c4-sysonly start_us=10710013 end_us=10713151 dur_us=3137
UKL-MQTT-BENCH: BUFFULL run_id=try3-c4-sysonly start_us=10715727 end_us=10718005 dur_us=2278
UKL-MQTT-BENCH: BUFFULL run_id=try3-c4-sysonly start_us=10720062 end_us=10724064 dur_us=4002
UKL-MQTT-BENCH: BUFFULL run_id=try3-c4-sysonly start_us=10726636 end_us=10728125 dur_us=1488
UKL-MQTT-BENCH: BUFFULL run_id=try3-c4-sysonly start_us=10730136 end_us=10732985 dur_us=2849
UKL-MQTT-BENCH: BUFFULL run_id=try3-c4-sysonly start_us=10735024 end_us=10739058 dur_us=4033
UKL-MQTT-BENCH: BUFFULL run_id=try3-c4-sysonly start_us=10741629 end_us=10743007 dur_us=1378
UKL-MQTT-BENCH: BUFFULL run_id=try3-c4-sysonly start_us=10745014 end_us=10749042 dur_us=4028
UKL-MQTT-BENCH: BUFFULL run_id=try3-c4-sysonly start_us=10751611 end_us=10755033 dur_us=3422
UKL-MQTT-BENCH: BUFFULL run_id=try3-c4-sysonly start_us=10757591 end_us=10761032 dur_us=3440
UKL-MQTT-BENCH: BUFFULL run_id=try3-c4-sysonly start_us=10763603 end_us=10766145 dur_us=2541
UKL-MQTT-BENCH: BUFFULL run_id=try3-c4-sysonly start_us=10768716 end_us=10772149 dur_us=3433
UKL-MQTT-BENCH: BUFFULL run_id=try3-c4-sysonly start_us=10774731 end_us=10778053 dur_us=3321
UKL-MQTT-BENCH: BUFFULL run_id=try3-c4-sysonly start_us=10780623 end_us=10784057 dur_us=3434
UKL-MQTT-BENCH: BUFFULL run_id=try3-c4-sysonly start_us=10786626 end_us=10790045 dur_us=3418
UKL-MQTT-BENCH: BUFFULL run_id=try3-c4-sysonly start_us=10792632 end_us=10796063 dur_us=3431
UKL-MQTT-BENCH: BUFFULL run_id=try3-c4-sysonly start_us=10798630 end_us=10801060 dur_us=2429
UKL-MQTT-BENCH: BUFFULL run_id=try3-c4-sysonly start_us=10803643 end_us=10807045 dur_us=3401
UKL-MQTT-BENCH: BUFFULL run_id=try3-c4-sysonly start_us=10809721 end_us=10813097 dur_us=3376
UKL-MQTT-BENCH: BUFFULL run_id=try3-c4-sysonly start_us=10815675 end_us=10816980 dur_us=1305
UKL-MQTT-BENCH: BUFFULL run_id=try3-c4-sysonly start_us=10819011 end_us=10824124 dur_us=5112
UKL-MQTT-BENCH: BUFFULL run_id=try3-c4-sysonly start_us=10827237 end_us=10829031 dur_us=1793
UKL-MQTT-BENCH: BUFFULL run_id=try3-c4-sysonly start_us=10831068 end_us=10836094 dur_us=5026
UKL-MQTT-BENCH: BUFFULL run_id=try3-c4-sysonly start_us=10839181 end_us=10841137 dur_us=1956
UKL-MQTT-BENCH: BUFFULL run_id=try3-c4-sysonly start_us=10843716 end_us=10848070 dur_us=4353
UKL-MQTT-BENCH: BUFFULL run_id=try3-c4-sysonly start_us=10851163 end_us=10853009 dur_us=1846
UKL-MQTT-BENCH: BUFFULL run_id=try3-c4-sysonly start_us=10855042 end_us=10860057 dur_us=5015
UKL-MQTT-BENCH: BUFFULL run_id=try3-c4-sysonly start_us=10862619 end_us=10864200 dur_us=1580
UKL-MQTT-BENCH: BUFFULL run_id=try3-c4-sysonly start_us=10866769 end_us=10868022 dur_us=1253
UKL-MQTT-BENCH: BUFFULL run_id=try3-c4-sysonly start_us=10869522 end_us=10875118 dur_us=5596
UKL-MQTT-BENCH: BUFFULL run_id=try3-c4-sysonly start_us=10879397 end_us=10880968 dur_us=1570
UKL-MQTT-BENCH: BUFFULL run_id=try3-c4-sysonly start_us=10882507 end_us=10888080 dur_us=5572
UKL-MQTT-BENCH: BUFFULL run_id=try3-c4-sysonly start_us=10894060 end_us=10899091 dur_us=5031
UKL-MQTT-BENCH: BUFFULL run_id=try3-c4-sysonly start_us=10902173 end_us=10905070 dur_us=2896
UKL-MQTT-BENCH: BUFFULL run_id=try3-c4-sysonly start_us=10907642 end_us=10911049 dur_us=3407
UKL-MQTT-BENCH: BUFFULL run_id=try3-c4-sysonly start_us=10913610 end_us=10915015 dur_us=1404
UKL-MQTT-BENCH: BUFFULL run_id=try3-c4-sysonly start_us=10917039 end_us=10922083 dur_us=5043
UKL-MQTT-BENCH: BUFFULL run_id=try3-c4-sysonly start_us=10925170 end_us=10927063 dur_us=1892
UKL-MQTT-BENCH: BUFFULL run_id=try3-c4-sysonly start_us=10929099 end_us=10934062 dur_us=4962
UKL-MQTT-BENCH: BUFFULL run_id=try3-c4-sysonly start_us=10936665 end_us=10938153 dur_us=1488
UKL-MQTT-BENCH: BUFFULL run_id=try3-c4-sysonly start_us=10940758 end_us=10943003 dur_us=2244
UKL-MQTT-BENCH: BUFFULL run_id=try3-c4-sysonly start_us=10944517 end_us=10947990 dur_us=3472
UKL-MQTT-BENCH: BUFFULL run_id=try3-c4-sysonly start_us=10950579 end_us=10952024 dur_us=1444
UKL-MQTT-BENCH: BUFFULL run_id=try3-c4-sysonly start_us=10954049 end_us=10959057 dur_us=5008
UKL-MQTT-BENCH: BUFFULL run_id=try3-c4-sysonly start_us=10961627 end_us=10965060 dur_us=3433
UKL-MQTT-BENCH: BUFFULL run_id=try3-c4-sysonly start_us=10968138 end_us=10970006 dur_us=1868
UKL-MQTT-BENCH: BUFFULL run_id=try3-c4-sysonly start_us=10972032 end_us=10976180 dur_us=4147
UKL-MQTT-BENCH: BUFFULL run_id=try3-c4-sysonly start_us=10979287 end_us=10982039 dur_us=2752
UKL-MQTT-BENCH: BUFFULL run_id=try3-c4-sysonly start_us=10984616 end_us=10988041 dur_us=3425
UKL-MQTT-BENCH: BUFFULL run_id=try3-c4-sysonly start_us=10990626 end_us=10992992 dur_us=2365
UKL-MQTT-BENCH: BUFFULL run_id=try3-c4-sysonly start_us=10995028 end_us=10998137 dur_us=3109
UKL-MQTT-BENCH: BUFFULL run_id=try3-c4-sysonly start_us=11000713 end_us=11004053 dur_us=3340
UKL-MQTT-BENCH: BUFFULL run_id=try3-c4-sysonly start_us=11006616 end_us=11010058 dur_us=3442
UKL-MQTT-BENCH: BUFFULL run_id=try3-c4-sysonly start_us=11012639 end_us=11016049 dur_us=3410
UKL-MQTT-BENCH: BUFFULL run_id=try3-c4-sysonly start_us=11018626 end_us=11022046 dur_us=3420
UKL-MQTT-BENCH: BUFFULL run_id=try3-c4-sysonly start_us=11024619 end_us=11027123 dur_us=2503
UKL-MQTT-BENCH: BUFFULL run_id=try3-c4-sysonly start_us=11029698 end_us=11033070 dur_us=3372
UKL-MQTT-BENCH: BUFFULL run_id=try3-c4-sysonly start_us=11035640 end_us=11037984 dur_us=2343
UKL-MQTT-BENCH: BUFFULL run_id=try3-c4-sysonly start_us=11040023 end_us=11043159 dur_us=3135
UKL-MQTT-BENCH: BUFFULL run_id=try3-c4-sysonly start_us=11047055 end_us=11051108 dur_us=4053
UKL-MQTT-BENCH: BUFFULL run_id=try3-c4-sysonly start_us=11053667 end_us=11057047 dur_us=3379
UKL-MQTT-BENCH: BUFFULL run_id=try3-c4-sysonly start_us=11059622 end_us=11063017 dur_us=3394
UKL-MQTT-BENCH: BUFFULL run_id=try3-c4-sysonly start_us=11065592 end_us=11070097 dur_us=4504
UKL-MQTT-BENCH: BUFFULL run_id=try3-c4-sysonly start_us=11073179 end_us=11076185 dur_us=3005
UKL-MQTT-BENCH: BUFFULL run_id=try3-c4-sysonly start_us=11078763 end_us=11083048 dur_us=4285
UKL-MQTT-BENCH: BUFFULL run_id=try3-c4-sysonly start_us=11086132 end_us=11088051 dur_us=1919
UKL-MQTT-BENCH: BUFFULL run_id=try3-c4-sysonly start_us=11090616 end_us=11094077 dur_us=3461
UKL-MQTT-BENCH: BUFFULL run_id=try3-c4-sysonly start_us=11096671 end_us=11099024 dur_us=2352
UKL-MQTT-BENCH: BUFFULL run_id=try3-c4-sysonly start_us=11102922 end_us=11107046 dur_us=4124
UKL-MQTT-BENCH: BUFFULL run_id=try3-c4-sysonly start_us=11109637 end_us=11113047 dur_us=3409
UKL-MQTT-BENCH: BUFFULL run_id=try3-c4-sysonly start_us=11115631 end_us=11119044 dur_us=3413
UKL-MQTT-BENCH: BUFFULL run_id=try3-c4-sysonly start_us=11121608 end_us=11124025 dur_us=2417
UKL-MQTT-BENCH: BUFFULL run_id=try3-c4-sysonly start_us=11126621 end_us=11130117 dur_us=3496
UKL-MQTT-BENCH: BUFFULL run_id=try3-c4-sysonly start_us=11132699 end_us=11136085 dur_us=3385
UKL-MQTT-BENCH: BUFFULL run_id=try3-c4-sysonly start_us=11138657 end_us=11142128 dur_us=3471
UKL-MQTT-BENCH: BUFFULL run_id=try3-c4-sysonly start_us=11146543 end_us=11151105 dur_us=4561
UKL-MQTT-BENCH: BUFFULL run_id=try3-c4-sysonly start_us=11153669 end_us=11154998 dur_us=1329
UKL-MQTT-BENCH: BUFFULL run_id=try3-c4-sysonly start_us=11157105 end_us=11160013 dur_us=2908
UKL-MQTT-BENCH: BUFFULL run_id=try3-c4-sysonly start_us=11161632 end_us=11164149 dur_us=2516
UKL-MQTT-BENCH: BUFFULL run_id=try3-c4-sysonly start_us=11166315 end_us=11171120 dur_us=4804
UKL-MQTT-BENCH: BUFFULL run_id=try3-c4-sysonly start_us=11174412 end_us=11177284 dur_us=2871
UKL-MQTT-BENCH: BUFFULL run_id=try3-c4-sysonly start_us=11179976 end_us=11183182 dur_us=3206
UKL-MQTT-BENCH: BUFFULL run_id=try3-c4-sysonly start_us=11185232 end_us=11187088 dur_us=1855
UKL-MQTT-BENCH: BUFFULL run_id=try3-c4-sysonly start_us=11189121 end_us=11192018 dur_us=2896
UKL-MQTT-BENCH: BUFFULL run_id=try3-c4-sysonly start_us=11194064 end_us=11198125 dur_us=4061
UKL-MQTT-BENCH: BUFFULL run_id=try3-c4-sysonly start_us=11202554 end_us=11208138 dur_us=5583
UKL-MQTT-BENCH: BUFFULL run_id=try3-c4-sysonly start_us=11212435 end_us=11214990 dur_us=2555
UKL-MQTT-BENCH: BUFFULL run_id=try3-c4-sysonly start_us=11217017 end_us=11221050 dur_us=4033
UKL-MQTT-BENCH: BUFFULL run_id=try3-c4-sysonly start_us=11223707 end_us=11224998 dur_us=1291
UKL-MQTT-BENCH: BUFFULL run_id=try3-c4-sysonly start_us=11227047 end_us=11231053 dur_us=4005
UKL-MQTT-BENCH: BUFFULL run_id=try3-c4-sysonly start_us=11233630 end_us=11237128 dur_us=3497
UKL-MQTT-BENCH: BUFFULL run_id=try3-c4-sysonly start_us=11239706 end_us=11243140 dur_us=3434
UKL-MQTT-BENCH: BUFFULL run_id=try3-c4-sysonly start_us=11245718 end_us=11249079 dur_us=3360
UKL-MQTT-BENCH: BUFFULL run_id=try3-c4-sysonly start_us=11252857 end_us=11256006 dur_us=3148
UKL-MQTT-BENCH: BUFFULL run_id=try3-c4-sysonly start_us=11258034 end_us=11259979 dur_us=1944
UKL-MQTT-BENCH: BUFFULL run_id=try3-c4-sysonly start_us=11262003 end_us=11263976 dur_us=1973
UKL-MQTT-BENCH: BUFFULL run_id=try3-c4-sysonly start_us=11265483 end_us=11269246 dur_us=3763
UKL-MQTT-BENCH: BUFFULL run_id=try3-c4-sysonly start_us=11271825 end_us=11275023 dur_us=3198
UKL-MQTT-BENCH: BUFFULL run_id=try3-c4-sysonly start_us=11277071 end_us=11281190 dur_us=4118
UKL-MQTT-BENCH: BUFFULL run_id=try3-c4-sysonly start_us=11285018 end_us=11291160 dur_us=6141
UKL-MQTT-BENCH: BUFFULL run_id=try3-c4-sysonly start_us=11296906 end_us=11301095 dur_us=4189
UKL-MQTT-BENCH: BUFFULL run_id=try3-c4-sysonly start_us=11303857 end_us=11304977 dur_us=1119
UKL-MQTT-BENCH: BUFFULL run_id=try3-c4-sysonly start_us=11306588 end_us=11311095 dur_us=4507
UKL-MQTT-BENCH: BUFFULL run_id=try3-c4-sysonly start_us=11313827 end_us=11316041 dur_us=2213
UKL-MQTT-BENCH: BUFFULL run_id=try3-c4-sysonly start_us=11318065 end_us=11323089 dur_us=5024
UKL-MQTT-BENCH: BUFFULL run_id=try3-c4-sysonly start_us=11326213 end_us=11328022 dur_us=1808
UKL-MQTT-BENCH: BUFFULL run_id=try3-c4-sysonly start_us=11330052 end_us=11334060 dur_us=4007
UKL-MQTT-BENCH: BUFFULL run_id=try3-c4-sysonly start_us=11337164 end_us=11338988 dur_us=1823
UKL-MQTT-BENCH: BUFFULL run_id=try3-c4-sysonly start_us=11341021 end_us=11345062 dur_us=4041
UKL-MQTT-BENCH: BUFFULL run_id=try3-c4-sysonly start_us=11347661 end_us=11351058 dur_us=3396
UKL-MQTT-BENCH: BUFFULL run_id=try3-c4-sysonly start_us=11353649 end_us=11356066 dur_us=2416
UKL-MQTT-BENCH: BUFFULL run_id=try3-c4-sysonly start_us=11358637 end_us=11360977 dur_us=2339
UKL-MQTT-BENCH: BUFFULL run_id=try3-c4-sysonly start_us=11362493 end_us=11364071 dur_us=1578
UKL-MQTT-BENCH: BUFFULL run_id=try3-c4-sysonly start_us=11366098 end_us=11370047 dur_us=3949
UKL-MQTT-BENCH: BUFFULL run_id=try3-c4-sysonly start_us=11372155 end_us=11375087 dur_us=2931
UKL-MQTT-BENCH: BUFFULL run_id=try3-c4-sysonly start_us=11377846 end_us=11381059 dur_us=3212
UKL-MQTT-BENCH: BUFFULL run_id=try3-c4-sysonly start_us=11383822 end_us=11388076 dur_us=4253
UKL-MQTT-BENCH: BUFFULL run_id=try3-c4-sysonly start_us=11390840 end_us=11394072 dur_us=3232
UKL-MQTT-BENCH: BUFFULL run_id=try3-c4-sysonly start_us=11396829 end_us=11400093 dur_us=3263
UKL-MQTT-BENCH: BUFFULL run_id=try3-c4-sysonly start_us=11402849 end_us=11406066 dur_us=3216
UKL-MQTT-BENCH: BUFFULL run_id=try3-c4-sysonly start_us=11408820 end_us=11412063 dur_us=3243
UKL-MQTT-BENCH: BUFFULL run_id=try3-c4-sysonly start_us=11414817 end_us=11419089 dur_us=4271
UKL-MQTT-BENCH: BUFFULL run_id=try3-c4-sysonly start_us=11421841 end_us=11424031 dur_us=2189
UKL-MQTT-BENCH: BUFFULL run_id=try3-c4-sysonly start_us=11426199 end_us=11431098 dur_us=4899
UKL-MQTT-BENCH: BUFFULL run_id=try3-c4-sysonly start_us=11434392 end_us=11436175 dur_us=1782
UKL-MQTT-BENCH: BUFFULL run_id=try3-c4-sysonly start_us=11438336 end_us=11442056 dur_us=3719
UKL-MQTT-BENCH: BUFFULL run_id=try3-c4-sysonly start_us=11444802 end_us=11448131 dur_us=3329
UKL-MQTT-BENCH: BUFFULL run_id=try3-c4-sysonly start_us=11450913 end_us=11455072 dur_us=4158
UKL-MQTT-BENCH: BUFFULL run_id=try3-c4-sysonly start_us=11457824 end_us=11461181 dur_us=3356
UKL-MQTT-BENCH: BUFFULL run_id=try3-c4-sysonly start_us=11463934 end_us=11467075 dur_us=3141
UKL-MQTT-BENCH: BUFFULL run_id=try3-c4-sysonly start_us=11469831 end_us=11472115 dur_us=2283
UKL-MQTT-BENCH: BUFFULL run_id=try3-c4-sysonly start_us=11476010 end_us=11481031 dur_us=5021
UKL-MQTT-BENCH: BUFFULL run_id=try3-c4-sysonly start_us=11483192 end_us=11486010 dur_us=2818
UKL-MQTT-BENCH: BUFFULL run_id=try3-c4-sysonly start_us=11490595 end_us=11494039 dur_us=3444
UKL-MQTT-BENCH: BUFFULL run_id=try3-c4-sysonly start_us=11496203 end_us=11502116 dur_us=5912
UKL-MQTT-BENCH: BUFFULL run_id=try3-c4-sysonly start_us=11505420 end_us=11508105 dur_us=2684
UKL-MQTT-BENCH: BUFFULL run_id=try3-c4-sysonly start_us=11510872 end_us=11514107 dur_us=3235
UKL-MQTT-BENCH: BUFFULL run_id=try3-c4-sysonly start_us=11516876 end_us=11519021 dur_us=2144
UKL-MQTT-BENCH: BUFFULL run_id=try3-c4-sysonly start_us=11521187 end_us=11525059 dur_us=3872
UKL-MQTT-BENCH: BUFFULL run_id=try3-c4-sysonly start_us=11527810 end_us=11528969 dur_us=1159
UKL-MQTT-BENCH: BUFFULL run_id=try3-c4-sysonly start_us=11530587 end_us=11536105 dur_us=5518
UKL-MQTT-BENCH: BUFFULL run_id=try3-c4-sysonly start_us=11539326 end_us=11542052 dur_us=2726
UKL-MQTT-BENCH: BUFFULL run_id=try3-c4-sysonly start_us=11544086 end_us=11548053 dur_us=3967
UKL-MQTT-BENCH: BUFFULL run_id=try3-c4-sysonly start_us=11554139 end_us=11558021 dur_us=3881
UKL-MQTT-BENCH: BUFFULL run_id=try3-c4-sysonly start_us=11560615 end_us=11563034 dur_us=2419
UKL-MQTT-BENCH: BUFFULL run_id=try3-c4-sysonly start_us=11565193 end_us=11570096 dur_us=4903
UKL-MQTT-BENCH: BUFFULL run_id=try3-c4-sysonly start_us=11573199 end_us=11576056 dur_us=2857
UKL-MQTT-BENCH: BUFFULL run_id=try3-c4-sysonly start_us=11578641 end_us=11582198 dur_us=3557
UKL-MQTT-BENCH: BUFFULL run_id=try3-c4-sysonly start_us=11585301 end_us=11588015 dur_us=2714
UKL-MQTT-BENCH: BUFFULL run_id=try3-c4-sysonly start_us=11590054 end_us=11593049 dur_us=2994
UKL-MQTT-BENCH: BUFFULL run_id=try3-c4-sysonly start_us=11597593 end_us=11603079 dur_us=5486
UKL-MQTT-BENCH: BUFFULL run_id=try3-c4-sysonly start_us=11606174 end_us=11607978 dur_us=1803
UKL-MQTT-BENCH: BUFFULL run_id=try3-c4-sysonly start_us=11610013 end_us=11614046 dur_us=4032
UKL-MQTT-BENCH: BUFFULL run_id=try3-c4-sysonly start_us=11618478 end_us=11624038 dur_us=5559
UKL-MQTT-BENCH: BUFFULL run_id=try3-c4-sysonly start_us=11629491 end_us=11635084 dur_us=5592
UKL-MQTT-BENCH: BUFFULL run_id=try3-c4-sysonly start_us=11638182 end_us=11640025 dur_us=1842
UKL-MQTT-BENCH: BUFFULL run_id=try3-c4-sysonly start_us=11642606 end_us=11647030 dur_us=4423
UKL-MQTT-BENCH: BUFFULL run_id=try3-c4-sysonly start_us=11649599 end_us=11653052 dur_us=3453
UKL-MQTT-BENCH: BUFFULL run_id=try3-c4-sysonly start_us=11655635 end_us=11658141 dur_us=2506
UKL-MQTT-BENCH: BUFFULL run_id=try3-c4-sysonly start_us=11660719 end_us=11665046 dur_us=4327
UKL-MQTT-BENCH: BUFFULL run_id=try3-c4-sysonly start_us=11668134 end_us=11669998 dur_us=1863
UKL-MQTT-BENCH: BUFFULL run_id=try3-c4-sysonly start_us=11672043 end_us=11675010 dur_us=2967
UKL-MQTT-BENCH: BUFFULL run_id=try3-c4-sysonly start_us=11679600 end_us=11685040 dur_us=5440
UKL-MQTT-BENCH: BUFFULL run_id=try3-c4-sysonly start_us=11688111 end_us=11689970 dur_us=1859
UKL-MQTT-BENCH: BUFFULL run_id=try3-c4-sysonly start_us=11692002 end_us=11696030 dur_us=4028
UKL-MQTT-BENCH: BUFFULL run_id=try3-c4-sysonly start_us=11700530 end_us=11705098 dur_us=4567
UKL-MQTT-BENCH: BUFFULL run_id=try3-c4-sysonly start_us=11707675 end_us=11711051 dur_us=3375
UKL-MQTT-BENCH: BUFFULL run_id=try3-c4-sysonly start_us=11713626 end_us=11715106 dur_us=1480
UKL-MQTT-BENCH: BUFFULL run_id=try3-c4-sysonly start_us=11717194 end_us=11719977 dur_us=2783
UKL-MQTT-BENCH: BUFFULL run_id=try3-c4-sysonly start_us=11722009 end_us=11723973 dur_us=1964
UKL-MQTT-BENCH: BUFFULL run_id=try3-c4-sysonly start_us=11725495 end_us=11731053 dur_us=5557
UKL-MQTT-BENCH: BUFFULL run_id=try3-c4-sysonly start_us=11734157 end_us=11737053 dur_us=2896
UKL-MQTT-BENCH: BUFFULL run_id=try3-c4-sysonly start_us=11739656 end_us=11743126 dur_us=3470
UKL-MQTT-BENCH: BUFFULL run_id=try3-c4-sysonly start_us=11746225 end_us=11748982 dur_us=2757
UKL-MQTT-BENCH: BUFFULL run_id=try3-c4-sysonly start_us=11751037 end_us=11754008 dur_us=2971
UKL-MQTT-BENCH: BUFFULL run_id=try3-c4-sysonly start_us=11757758 end_us=11761145 dur_us=3386
UKL-MQTT-BENCH: BUFFULL run_id=try3-c4-sysonly start_us=11763184 end_us=11765995 dur_us=2811
UKL-MQTT-BENCH: BUFFULL run_id=try3-c4-sysonly start_us=11768019 end_us=11771039 dur_us=3019
UKL-MQTT-BENCH: BUFFULL run_id=try3-c4-sysonly start_us=11773619 end_us=11777020 dur_us=3401
UKL-MQTT-BENCH: BUFFULL run_id=try3-c4-sysonly start_us=11779608 end_us=11783028 dur_us=3420
UKL-MQTT-BENCH: BUFFULL run_id=try3-c4-sysonly start_us=11785589 end_us=11786968 dur_us=1378
UKL-MQTT-BENCH: BUFFULL run_id=try3-c4-sysonly start_us=11789002 end_us=11793198 dur_us=4195
UKL-MQTT-BENCH: BUFFULL run_id=try3-c4-sysonly start_us=11795965 end_us=11797999 dur_us=2034
UKL-MQTT-BENCH: BUFFULL run_id=try3-c4-sysonly start_us=11800189 end_us=11804171 dur_us=3981
UKL-MQTT-BENCH: BUFFULL run_id=try3-c4-sysonly start_us=11806927 end_us=11808036 dur_us=1109
UKL-MQTT-BENCH: BUFFULL run_id=try3-c4-sysonly start_us=11809651 end_us=11815230 dur_us=5578
UKL-MQTT-BENCH: BUFFULL run_id=try3-c4-sysonly start_us=11818528 end_us=11820105 dur_us=1576
UKL-MQTT-BENCH: BUFFULL run_id=try3-c4-sysonly start_us=11821673 end_us=11825003 dur_us=3329
UKL-MQTT-BENCH: BUFFULL run_id=try3-c4-sysonly start_us=11827145 end_us=11829014 dur_us=1869
UKL-MQTT-BENCH: BUFFULL run_id=try3-c4-sysonly start_us=11831181 end_us=11834096 dur_us=2915
UKL-MQTT-BENCH: BUFFULL run_id=try3-c4-sysonly start_us=11836269 end_us=11841327 dur_us=5058
UKL-MQTT-BENCH: BUFFULL run_id=try3-c4-sysonly start_us=11844620 end_us=11848077 dur_us=3456
UKL-MQTT-BENCH: BUFFULL run_id=try3-c4-sysonly start_us=11850838 end_us=11854033 dur_us=3194
UKL-MQTT-BENCH: BUFFULL run_id=try3-c4-sysonly start_us=11856195 end_us=11858000 dur_us=1805
UKL-MQTT-BENCH: BUFFULL run_id=try3-c4-sysonly start_us=11860168 end_us=11864079 dur_us=3911
UKL-MQTT-BENCH: BUFFULL run_id=try3-c4-sysonly start_us=11866839 end_us=11869024 dur_us=2184
UKL-MQTT-BENCH: BUFFULL run_id=try3-c4-sysonly start_us=11871187 end_us=11875115 dur_us=3927
UKL-MQTT-BENCH: BUFFULL run_id=try3-c4-sysonly start_us=11877863 end_us=11880004 dur_us=2140
UKL-MQTT-BENCH: BUFFULL run_id=try3-c4-sysonly start_us=11882163 end_us=11888098 dur_us=5935
UKL-MQTT-BENCH: BUFFULL run_id=try3-c4-sysonly start_us=11891395 end_us=11893034 dur_us=1638
UKL-MQTT-BENCH: BUFFULL run_id=try3-c4-sysonly start_us=11895190 end_us=11900122 dur_us=4931
UKL-MQTT-BENCH: BUFFULL run_id=try3-c4-sysonly start_us=11903421 end_us=11905042 dur_us=1621
UKL-MQTT-BENCH: BUFFULL run_id=try3-c4-sysonly start_us=11907199 end_us=11911094 dur_us=3895
UKL-MQTT-BENCH: BUFFULL run_id=try3-c4-sysonly start_us=11913845 end_us=11914972 dur_us=1127
UKL-MQTT-BENCH: BUFFULL run_id=try3-c4-sysonly start_us=11916590 end_us=11921145 dur_us=4554
UKL-MQTT-BENCH: BUFFULL run_id=try3-c4-sysonly start_us=11923923 end_us=11924981 dur_us=1057
UKL-MQTT-BENCH: BUFFULL run_id=try3-c4-sysonly start_us=11926594 end_us=11932088 dur_us=5494
UKL-MQTT-BENCH: BUFFULL run_id=try3-c4-sysonly start_us=11935394 end_us=11938089 dur_us=2695
UKL-MQTT-BENCH: BUFFULL run_id=try3-c4-sysonly start_us=11940854 end_us=11944053 dur_us=3198
UKL-MQTT-BENCH: BUFFULL run_id=try3-c4-sysonly start_us=11946732 end_us=11950051 dur_us=3319
UKL-MQTT-BENCH: BUFFULL run_id=try3-c4-sysonly start_us=11952639 end_us=11953952 dur_us=1312
UKL-MQTT-BENCH: BUFFULL run_id=try3-c4-sysonly start_us=11955470 end_us=11960093 dur_us=4623
UKL-MQTT-BENCH: BUFFULL run_id=try3-c4-sysonly start_us=11962705 end_us=11965164 dur_us=2459
UKL-MQTT-BENCH: BUFFULL run_id=try3-c4-sysonly start_us=11967764 end_us=11971114 dur_us=3349
UKL-MQTT-BENCH: BUFFULL run_id=try3-c4-sysonly start_us=11973684 end_us=11977026 dur_us=3341
UKL-MQTT-BENCH: BUFFULL run_id=try3-c4-sysonly start_us=11979637 end_us=11981988 dur_us=2350
UKL-MQTT-BENCH: BUFFULL run_id=try3-c4-sysonly start_us=11984098 end_us=11985950 dur_us=1852
UKL-MQTT-BENCH: BUFFULL run_id=try3-c4-sysonly start_us=11987983 end_us=11990997 dur_us=3014
UKL-MQTT-BENCH: BUFFULL run_id=try3-c4-sysonly start_us=11993027 end_us=11995979 dur_us=2951
UKL-MQTT-BENCH: BUFFULL run_id=try3-c4-sysonly start_us=11998016 end_us=12002192 dur_us=4176
UKL-MQTT-BENCH: BUFFULL run_id=try3-c4-sysonly start_us=12005330 end_us=12006962 dur_us=1632
UKL-MQTT-BENCH: BUFFULL run_id=try3-c4-sysonly start_us=12009007 end_us=12014082 dur_us=5075
UKL-MQTT-BENCH: BUFFULL run_id=try3-c4-sysonly start_us=12017175 end_us=12019006 dur_us=1830
UKL-MQTT-BENCH: BUFFULL run_id=try3-c4-sysonly start_us=12021047 end_us=12025032 dur_us=3985
UKL-MQTT-BENCH: BUFFULL run_id=try3-c4-sysonly start_us=12027616 end_us=12028959 dur_us=1342
UKL-MQTT-BENCH: BUFFULL run_id=try3-c4-sysonly start_us=12031003 end_us=12035032 dur_us=4029
UKL-MQTT-BENCH: BUFFULL run_id=try3-c4-sysonly start_us=12037614 end_us=12041035 dur_us=3420
UKL-MQTT-BENCH: BUFFULL run_id=try3-c4-sysonly start_us=12043621 end_us=12046000 dur_us=2378
UKL-MQTT-BENCH: BUFFULL run_id=try3-c4-sysonly start_us=12048583 end_us=12052046 dur_us=3462
UKL-MQTT-BENCH: BUFFULL run_id=try3-c4-sysonly start_us=12054642 end_us=12058030 dur_us=3387
UKL-MQTT-BENCH: BUFFULL run_id=try3-c4-sysonly start_us=12060609 end_us=12063991 dur_us=3381
UKL-MQTT-BENCH: BUFFULL run_id=try3-c4-sysonly start_us=12066567 end_us=12067969 dur_us=1402
UKL-MQTT-BENCH: BUFFULL run_id=try3-c4-sysonly start_us=12070033 end_us=12072958 dur_us=2924
UKL-MQTT-BENCH: BUFFULL run_id=try3-c4-sysonly start_us=12074993 end_us=12079021 dur_us=4027
UKL-MQTT-BENCH: BUFFULL run_id=try3-c4-sysonly start_us=12081592 end_us=12084134 dur_us=2542
UKL-MQTT-BENCH: BUFFULL run_id=try3-c4-sysonly start_us=12086743 end_us=12090037 dur_us=3294
UKL-MQTT-BENCH: BUFFULL run_id=try3-c4-sysonly start_us=12092616 end_us=12096027 dur_us=3410
UKL-MQTT-BENCH: BUFFULL run_id=try3-c4-sysonly start_us=12098600 end_us=12102058 dur_us=3457
UKL-MQTT-BENCH: BUFFULL run_id=try3-c4-sysonly start_us=12104645 end_us=12108008 dur_us=3362
UKL-MQTT-BENCH: BUFFULL run_id=try3-c4-sysonly start_us=12110593 end_us=12111984 dur_us=1390
UKL-MQTT-BENCH: BUFFULL run_id=try3-c4-sysonly start_us=12114013 end_us=12115962 dur_us=1949
UKL-MQTT-BENCH: BUFFULL run_id=try3-c4-sysonly start_us=12117502 end_us=12121167 dur_us=3665
UKL-MQTT-BENCH: BUFFULL run_id=try3-c4-sysonly start_us=12123823 end_us=12128079 dur_us=4256
UKL-MQTT-BENCH: BUFFULL run_id=try3-c4-sysonly start_us=12131178 end_us=12132985 dur_us=1806
UKL-MQTT-BENCH: BUFFULL run_id=try3-c4-sysonly start_us=12135011 end_us=12138978 dur_us=3966
UKL-MQTT-BENCH: BUFFULL run_id=try3-c4-sysonly start_us=12142730 end_us=12146011 dur_us=3280
UKL-MQTT-BENCH: BUFFULL run_id=try3-c4-sysonly start_us=12148576 end_us=12152157 dur_us=3580
UKL-MQTT-BENCH: BUFFULL run_id=try3-c4-sysonly start_us=12154732 end_us=12159015 dur_us=4282
UKL-MQTT-BENCH: BUFFULL run_id=try3-c4-sysonly start_us=12161829 end_us=12164077 dur_us=2248
UKL-MQTT-BENCH: BUFFULL run_id=try3-c4-sysonly start_us=12166910 end_us=12170140 dur_us=3230
UKL-MQTT-BENCH: BUFFULL run_id=try3-c4-sysonly start_us=12173009 end_us=12177123 dur_us=4113
UKL-MQTT-BENCH: BUFFULL run_id=try3-c4-sysonly start_us=12179869 end_us=12183004 dur_us=3134
UKL-MQTT-BENCH: BUFFULL run_id=try3-c4-sysonly start_us=12185770 end_us=12189035 dur_us=3265
UKL-MQTT-BENCH: BUFFULL run_id=try3-c4-sysonly start_us=12191785 end_us=12195023 dur_us=3238
UKL-MQTT-BENCH: BUFFULL run_id=try3-c4-sysonly start_us=12197607 end_us=12201000 dur_us=3393
UKL-MQTT-BENCH: BUFFULL run_id=try3-c4-sysonly start_us=12203609 end_us=12207015 dur_us=3405
UKL-MQTT-BENCH: BUFFULL run_id=try3-c4-sysonly start_us=12209595 end_us=12212033 dur_us=2438
UKL-MQTT-BENCH: BUFFULL run_id=try3-c4-sysonly start_us=12214613 end_us=12219026 dur_us=4412
UKL-MQTT-BENCH: BUFFULL run_id=try3-c4-sysonly start_us=12221605 end_us=12224006 dur_us=2400
UKL-MQTT-BENCH: BUFFULL run_id=try3-c4-sysonly start_us=12226593 end_us=12229451 dur_us=2858
UKL-MQTT-BENCH: BUFFULL run_id=try3-c4-sysonly start_us=12232053 end_us=12235118 dur_us=3064
UKL-MQTT-BENCH: BUFFULL run_id=try3-c4-sysonly start_us=12237155 end_us=12241008 dur_us=3853
UKL-MQTT-BENCH: BUFFULL run_id=try3-c4-sysonly start_us=12244111 end_us=12247021 dur_us=2910
UKL-MQTT-BENCH: BUFFULL run_id=try3-c4-sysonly start_us=12249640 end_us=12254076 dur_us=4435
UKL-MQTT-BENCH: BUFFULL run_id=try3-c4-sysonly start_us=12256653 end_us=12260010 dur_us=3356
UKL-MQTT-BENCH: BUFFULL run_id=try3-c4-sysonly start_us=12262593 end_us=12263991 dur_us=1397
UKL-MQTT-BENCH: BUFFULL run_id=try3-c4-sysonly start_us=12266070 end_us=12270031 dur_us=3961
UKL-MQTT-BENCH: BUFFULL run_id=try3-c4-sysonly start_us=12272628 end_us=12276016 dur_us=3388
UKL-MQTT-BENCH: BUFFULL run_id=try3-c4-sysonly start_us=12278598 end_us=12280213 dur_us=1615
UKL-MQTT-BENCH: BUFFULL run_id=try3-c4-sysonly start_us=12282241 end_us=12284953 dur_us=2711
UKL-MQTT-BENCH: BUFFULL run_id=try3-c4-sysonly start_us=12286481 end_us=12291034 dur_us=4552
UKL-MQTT-BENCH: BUFFULL run_id=try3-c4-sysonly start_us=12295338 end_us=12300044 dur_us=4706
UKL-MQTT-BENCH: BUFFULL run_id=try3-c4-sysonly start_us=12305461 end_us=12309006 dur_us=3545
UKL-MQTT-BENCH: BUFFULL run_id=try3-c4-sysonly start_us=12311594 end_us=12312948 dur_us=1354
UKL-MQTT-BENCH: BUFFULL run_id=try3-c4-sysonly start_us=12314470 end_us=12320022 dur_us=5551
UKL-MQTT-BENCH: BUFFULL run_id=try3-c4-sysonly start_us=12323153 end_us=12326052 dur_us=2899
UKL-MQTT-BENCH: BUFFULL run_id=try3-c4-sysonly start_us=12328667 end_us=12331159 dur_us=2492
UKL-MQTT-BENCH: BUFFULL run_id=try3-c4-sysonly start_us=12333747 end_us=12338023 dur_us=4276
UKL-MQTT-BENCH: BUFFULL run_id=try3-c4-sysonly start_us=12340597 end_us=12342980 dur_us=2382
UKL-MQTT-BENCH: BUFFULL run_id=try3-c4-sysonly start_us=12345562 end_us=12349010 dur_us=3448
UKL-MQTT-BENCH: BUFFULL run_id=try3-c4-sysonly start_us=12351589 end_us=12355000 dur_us=3410
UKL-MQTT-BENCH: BUFFULL run_id=try3-c4-sysonly start_us=12357592 end_us=12360132 dur_us=2540
UKL-MQTT-BENCH: BUFFULL run_id=try3-c4-sysonly start_us=12362726 end_us=12367017 dur_us=4290
UKL-MQTT-BENCH: BUFFULL run_id=try3-c4-sysonly start_us=12369601 end_us=12372004 dur_us=2402
UKL-MQTT-BENCH: BUFFULL run_id=try3-c4-sysonly start_us=12374586 end_us=12378000 dur_us=3414
UKL-MQTT-BENCH: BUFFULL run_id=try3-c4-sysonly start_us=12380579 end_us=12383153 dur_us=2574
UKL-MQTT-BENCH: BUFFULL run_id=try3-c4-sysonly start_us=12385817 end_us=12387967 dur_us=2150
UKL-MQTT-BENCH: BUFFULL run_id=try3-c4-sysonly start_us=12390010 end_us=12393974 dur_us=3964
UKL-MQTT-BENCH: BUFFULL run_id=try3-c4-sysonly start_us=12396561 end_us=12400001 dur_us=3440
UKL-MQTT-BENCH: BUFFULL run_id=try3-c4-sysonly start_us=12402621 end_us=12405169 dur_us=2547
UKL-MQTT-BENCH: BUFFULL run_id=try3-c4-sysonly start_us=12407804 end_us=12412000 dur_us=4195
UKL-MQTT-BENCH: BUFFULL run_id=try3-c4-sysonly start_us=12414574 end_us=12417008 dur_us=2434
UKL-MQTT-BENCH: BUFFULL run_id=try3-c4-sysonly start_us=12419592 end_us=12421110 dur_us=1517
UKL-MQTT-BENCH: BUFFULL run_id=try3-c4-sysonly start_us=12423139 end_us=12429089 dur_us=5950
UKL-MQTT-BENCH: BUFFULL run_id=try3-c4-sysonly start_us=12432625 end_us=12435086 dur_us=2461
UKL-MQTT-BENCH: BUFFULL run_id=try3-c4-sysonly start_us=12437841 end_us=12441018 dur_us=3176
UKL-MQTT-BENCH: BUFFULL run_id=try3-c4-sysonly start_us=12443173 end_us=12446036 dur_us=2863
UKL-MQTT-BENCH: BUFFULL run_id=try3-c4-sysonly start_us=12448791 end_us=12452012 dur_us=3221
UKL-MQTT-BENCH: BUFFULL run_id=try3-c4-sysonly start_us=12455773 end_us=12458967 dur_us=3194
UKL-MQTT-BENCH: BUFFULL run_id=try3-c4-sysonly start_us=12460993 end_us=12464160 dur_us=3167
UKL-MQTT-BENCH: BUFFULL run_id=try3-c4-sysonly start_us=12466740 end_us=12471061 dur_us=4321
UKL-MQTT-BENCH: BUFFULL run_id=try3-c4-sysonly start_us=12474164 end_us=12477015 dur_us=2850
UKL-MQTT-BENCH: BUFFULL run_id=try3-c4-sysonly start_us=12479598 end_us=12484049 dur_us=4450
UKL-MQTT-BENCH: BUFFULL run_id=try3-c4-sysonly start_us=12487189 end_us=12488978 dur_us=1788
UKL-MQTT-BENCH: BUFFULL run_id=try3-c4-sysonly start_us=12491004 end_us=12494171 dur_us=3166
UKL-MQTT-BENCH: BUFFULL run_id=try3-c4-sysonly start_us=12496751 end_us=12497918 dur_us=1166
UKL-MQTT-BENCH: BUFFULL run_id=try3-c4-sysonly start_us=12499429 end_us=12502089 dur_us=2660
UKL-MQTT-BENCH: BUFFULL run_id=try3-c4-sysonly start_us=12504120 end_us=12508023 dur_us=3902
UKL-MQTT-BENCH: BUFFULL run_id=try3-c4-sysonly start_us=12510601 end_us=12514150 dur_us=3549
UKL-MQTT-BENCH: BUFFULL run_id=try3-c4-sysonly start_us=12516731 end_us=12519992 dur_us=3260
UKL-MQTT-BENCH: BUFFULL run_id=try3-c4-sysonly start_us=12522587 end_us=12525165 dur_us=2577
UKL-MQTT-BENCH: BUFFULL run_id=try3-c4-sysonly start_us=12527761 end_us=12531149 dur_us=3388
UKL-MQTT-BENCH: BUFFULL run_id=try3-c4-sysonly start_us=12533723 end_us=12537039 dur_us=3315
UKL-MQTT-BENCH: BUFFULL run_id=try3-c4-sysonly start_us=12539632 end_us=12542990 dur_us=3358
UKL-MQTT-BENCH: BUFFULL run_id=try3-c4-sysonly start_us=12545609 end_us=12550033 dur_us=4424
UKL-MQTT-BENCH: BUFFULL run_id=try3-c4-sysonly start_us=12553144 end_us=12556006 dur_us=2861
UKL-MQTT-BENCH: BUFFULL run_id=try3-c4-sysonly start_us=12558579 end_us=12561012 dur_us=2432
UKL-MQTT-BENCH: BUFFULL run_id=try3-c4-sysonly start_us=12563599 end_us=12567001 dur_us=3401
UKL-MQTT-BENCH: BUFFULL run_id=try3-c4-sysonly start_us=12569605 end_us=12571979 dur_us=2374
UKL-MQTT-BENCH: BUFFULL run_id=try3-c4-sysonly start_us=12574005 end_us=12575958 dur_us=1953
UKL-MQTT-BENCH: BUFFULL run_id=try3-c4-sysonly start_us=12577988 end_us=12583014 dur_us=5025
UKL-MQTT-BENCH: BUFFULL run_id=try3-c4-sysonly start_us=12586166 end_us=12587678 dur_us=1511
UKL-MQTT-BENCH: BUFFULL run_id=try3-c4-sysonly start_us=12589714 end_us=12594006 dur_us=4291
UKL-MQTT-BENCH: BUFFULL run_id=try3-c4-sysonly start_us=12596596 end_us=12599156 dur_us=2560
UKL-MQTT-BENCH: BUFFULL run_id=try3-c4-sysonly start_us=12601777 end_us=12605082 dur_us=3305
UKL-MQTT-BENCH: BUFFULL run_id=try3-c4-sysonly start_us=12607703 end_us=12609977 dur_us=2273
UKL-MQTT-BENCH: BUFFULL run_id=try3-c4-sysonly start_us=12612067 end_us=12616005 dur_us=3938
UKL-MQTT-BENCH: BUFFULL run_id=try3-c4-sysonly start_us=12618589 end_us=12622029 dur_us=3439
UKL-MQTT-BENCH: BUFFULL run_id=try3-c4-sysonly start_us=12624611 end_us=12627178 dur_us=2566
UKL-MQTT-BENCH: BUFFULL run_id=try3-c4-sysonly start_us=12629762 end_us=12632997 dur_us=3235
UKL-MQTT-BENCH: BUFFULL run_id=try3-c4-sysonly start_us=12635577 end_us=12637989 dur_us=2411
UKL-MQTT-BENCH: BUFFULL run_id=try3-c4-sysonly start_us=12642454 end_us=12646134 dur_us=3679
UKL-MQTT-BENCH: BUFFULL run_id=try3-c4-sysonly start_us=12648173 end_us=12650974 dur_us=2801
UKL-MQTT-BENCH: BUFFULL run_id=try3-c4-sysonly start_us=12653034 end_us=12657034 dur_us=4000
UKL-MQTT-BENCH: BUFFULL run_id=try3-c4-sysonly start_us=12660139 end_us=12661943 dur_us=1803
UKL-MQTT-BENCH: BUFFULL run_id=try3-c4-sysonly start_us=12663979 end_us=12667169 dur_us=3190
UKL-MQTT-BENCH: BUFFULL run_id=try3-c4-sysonly start_us=12669747 end_us=12670911 dur_us=1164
UKL-MQTT-BENCH: BUFFULL run_id=try3-c4-sysonly start_us=12672429 end_us=12678056 dur_us=5626
UKL-MQTT-BENCH: BUFFULL run_id=try3-c4-sysonly start_us=12682902 end_us=12687026 dur_us=4123
UKL-MQTT-BENCH: BUFFULL run_id=try3-c4-sysonly start_us=12689775 end_us=12690924 dur_us=1148
UKL-MQTT-BENCH: BUFFULL run_id=try3-c4-sysonly start_us=12692538 end_us=12697018 dur_us=4479
UKL-MQTT-BENCH: BUFFULL run_id=try3-c4-sysonly start_us=12699643 end_us=12700901 dur_us=1257
UKL-MQTT-BENCH: BUFFULL run_id=try3-c4-sysonly start_us=12702410 end_us=12709058 dur_us=6647
UKL-MQTT-BENCH: BUFFULL run_id=try3-c4-sysonly start_us=12712703 end_us=12714003 dur_us=1299
UKL-MQTT-BENCH: BUFFULL run_id=try3-c4-sysonly start_us=12716583 end_us=12721181 dur_us=4598
UKL-MQTT-BENCH: BUFFULL run_id=try3-c4-sysonly start_us=12724265 end_us=12727028 dur_us=2763
UKL-MQTT-BENCH: BUFFULL run_id=try3-c4-sysonly start_us=12729623 end_us=12733028 dur_us=3404
UKL-MQTT-BENCH: BUFFULL run_id=try3-c4-sysonly start_us=12735667 end_us=12739023 dur_us=3355
UKL-MQTT-BENCH: BUFFULL run_id=try3-c4-sysonly start_us=12741593 end_us=12744151 dur_us=2557
UKL-MQTT-BENCH: BUFFULL run_id=try3-c4-sysonly start_us=12746719 end_us=12748933 dur_us=2214
UKL-MQTT-BENCH: BUFFULL run_id=try3-c4-sysonly start_us=12750948 end_us=12753123 dur_us=2175
UKL-MQTT-BENCH: BUFFULL run_id=try3-c4-sysonly start_us=12755156 end_us=12757957 dur_us=2800
UKL-MQTT-BENCH: BUFFULL run_id=try3-c4-sysonly start_us=12759993 end_us=12765036 dur_us=5042
UKL-MQTT-BENCH: BUFFULL run_id=try3-c4-sysonly start_us=12768129 end_us=12770991 dur_us=2862
UKL-MQTT-BENCH: BUFFULL run_id=try3-c4-sysonly start_us=12773579 end_us=12776141 dur_us=2561
UKL-MQTT-BENCH: BUFFULL run_id=try3-c4-sysonly start_us=12778734 end_us=12780951 dur_us=2217
UKL-MQTT-BENCH: BUFFULL run_id=try3-c4-sysonly start_us=12782982 end_us=12786967 dur_us=3984
UKL-MQTT-BENCH: BUFFULL run_id=try3-c4-sysonly start_us=12788987 end_us=12791085 dur_us=2097
UKL-MQTT-BENCH: BUFFULL run_id=try3-c4-sysonly start_us=12793667 end_us=12796991 dur_us=3324
UKL-MQTT-BENCH: BUFFULL run_id=try3-c4-sysonly start_us=12799563 end_us=12803079 dur_us=3515
UKL-MQTT-BENCH: BUFFULL run_id=try3-c4-sysonly start_us=12805672 end_us=12809031 dur_us=3358
UKL-MQTT-BENCH: BUFFULL run_id=try3-c4-sysonly start_us=12811054 end_us=12815015 dur_us=3961
UKL-MQTT-BENCH: BUFFULL run_id=try3-c4-sysonly start_us=12820663 end_us=12821982 dur_us=1318
UKL-MQTT-BENCH: BUFFULL run_id=try3-c4-sysonly start_us=12823543 end_us=12828025 dur_us=4481
UKL-MQTT-BENCH: BUFFULL run_id=try3-c4-sysonly start_us=12830627 end_us=12835059 dur_us=4432
UKL-MQTT-BENCH: BUFFULL run_id=try3-c4-sysonly start_us=12838144 end_us=12841009 dur_us=2865
UKL-MQTT-BENCH: BUFFULL run_id=try3-c4-sysonly start_us=12843593 end_us=12846152 dur_us=2558
UKL-MQTT-BENCH: BUFFULL run_id=try3-c4-sysonly start_us=12848741 end_us=12852019 dur_us=3278
UKL-MQTT-BENCH: BUFFULL run_id=try3-c4-sysonly start_us=12854606 end_us=12858019 dur_us=3412
UKL-MQTT-BENCH: BUFFULL run_id=try3-c4-sysonly start_us=12860597 end_us=12863998 dur_us=3401
UKL-MQTT-BENCH: BUFFULL run_id=try3-c4-sysonly start_us=12866562 end_us=12870006 dur_us=3443
UKL-MQTT-BENCH: BUFFULL run_id=try3-c4-sysonly start_us=12872615 end_us=12873945 dur_us=1330
UKL-MQTT-BENCH: BUFFULL run_id=try3-c4-sysonly start_us=12875975 end_us=12878967 dur_us=2991
UKL-MQTT-BENCH: BUFFULL run_id=try3-c4-sysonly start_us=12880977 end_us=12883127 dur_us=2150
UKL-MQTT-BENCH: BUFFULL run_id=try3-c4-sysonly start_us=12885154 end_us=12890181 dur_us=5026
UKL-MQTT-BENCH: BUFFULL run_id=try3-c4-sysonly start_us=12893262 end_us=12894933 dur_us=1671
UKL-MQTT-BENCH: BUFFULL run_id=try3-c4-sysonly start_us=12896959 end_us=12900998 dur_us=4039
UKL-MQTT-BENCH: BUFFULL run_id=try3-c4-sysonly start_us=12905450 end_us=12911132 dur_us=5681
UKL-MQTT-BENCH: BUFFULL run_id=try3-c4-sysonly start_us=12914202 end_us=12916980 dur_us=2778
UKL-MQTT-BENCH: BUFFULL run_id=try3-c4-sysonly start_us=12919064 end_us=12923026 dur_us=3961
UKL-MQTT-BENCH: BUFFULL run_id=try3-c4-sysonly start_us=12927269 end_us=12932041 dur_us=4772
UKL-MQTT-BENCH: BUFFULL run_id=try3-c4-sysonly start_us=12935229 end_us=12937994 dur_us=2765
UKL-MQTT-BENCH: BUFFULL run_id=try3-c4-sysonly start_us=12940573 end_us=12944011 dur_us=3438
UKL-MQTT-BENCH: BUFFULL run_id=try3-c4-sysonly start_us=12946585 end_us=12950005 dur_us=3419
UKL-MQTT-BENCH: BUFFULL run_id=try3-c4-sysonly start_us=12954452 end_us=12960040 dur_us=5587
UKL-MQTT-BENCH: BUFFULL run_id=try3-c4-sysonly start_us=12963152 end_us=12965993 dur_us=2841
UKL-MQTT-BENCH: BUFFULL run_id=try3-c4-sysonly start_us=12968602 end_us=12972009 dur_us=3407
UKL-MQTT-BENCH: BUFFULL run_id=try3-c4-sysonly start_us=12974587 end_us=12978006 dur_us=3419
UKL-MQTT-BENCH: BUFFULL run_id=try3-c4-sysonly start_us=12980574 end_us=12983166 dur_us=2591
UKL-MQTT-BENCH: BUFFULL run_id=try3-c4-sysonly start_us=12985762 end_us=12988982 dur_us=3220
UKL-MQTT-BENCH: BUFFULL run_id=try3-c4-sysonly start_us=12991563 end_us=12994976 dur_us=3413
UKL-MQTT-BENCH: BUFFULL run_id=try3-c4-sysonly start_us=12997553 end_us=12999946 dur_us=2392
UKL-MQTT-BENCH: BUFFULL run_id=try3-c4-sysonly start_us=13001977 end_us=13003943 dur_us=1966
UKL-MQTT-BENCH: BUFFULL run_id=try3-c4-sysonly start_us=13005975 end_us=13010002 dur_us=4026
UKL-MQTT-BENCH: BUFFULL run_id=try3-c4-sysonly start_us=13012589 end_us=13015983 dur_us=3393
UKL-MQTT-BENCH: BUFFULL run_id=try3-c4-sysonly start_us=13018558 end_us=13022008 dur_us=3450
UKL-MQTT-BENCH: BUFFULL run_id=try3-c4-sysonly start_us=13024589 end_us=13026992 dur_us=2403
UKL-MQTT-BENCH: BUFFULL run_id=try3-c4-sysonly start_us=13029568 end_us=13032995 dur_us=3426
UKL-MQTT-BENCH: BUFFULL run_id=try3-c4-sysonly start_us=13035578 end_us=13037933 dur_us=2355
UKL-MQTT-BENCH: BUFFULL run_id=try3-c4-sysonly start_us=13039966 end_us=13043144 dur_us=3178
UKL-MQTT-BENCH: BUFFULL run_id=try3-c4-sysonly start_us=13045725 end_us=13047950 dur_us=2225
UKL-MQTT-BENCH: BUFFULL run_id=try3-c4-sysonly start_us=13049969 end_us=13055025 dur_us=5055
UKL-MQTT-BENCH: BUFFULL run_id=try3-c4-sysonly start_us=13058122 end_us=13059944 dur_us=1822
UKL-MQTT-BENCH: BUFFULL run_id=try3-c4-sysonly start_us=13061982 end_us=13063942 dur_us=1960
UKL-MQTT-BENCH: BUFFULL run_id=try3-c4-sysonly start_us=13065969 end_us=13067931 dur_us=1962
UKL-MQTT-BENCH: BUFFULL run_id=try3-c4-sysonly start_us=13069444 end_us=13074999 dur_us=5554
UKL-MQTT-BENCH: BUFFULL run_id=try3-c4-sysonly start_us=13078085 end_us=13080995 dur_us=2909
UKL-MQTT-BENCH: BUFFULL run_id=try3-c4-sysonly start_us=13083572 end_us=13087023 dur_us=3450
UKL-MQTT-BENCH: BUFFULL run_id=try3-c4-sysonly start_us=13090119 end_us=13091959 dur_us=1839
UKL-MQTT-BENCH: BUFFULL run_id=try3-c4-sysonly start_us=13093990 end_us=13099026 dur_us=5036
UKL-MQTT-BENCH: BUFFULL run_id=try3-c4-sysonly start_us=13101596 end_us=13103139 dur_us=1542
UKL-MQTT-BENCH: BUFFULL run_id=try3-c4-sysonly start_us=13105722 end_us=13109007 dur_us=3285
UKL-MQTT-BENCH: BUFFULL run_id=try3-c4-sysonly start_us=13111586 end_us=13112901 dur_us=1315
UKL-MQTT-BENCH: BUFFULL run_id=try3-c4-sysonly start_us=13114415 end_us=13116957 dur_us=2542
UKL-MQTT-BENCH: BUFFULL run_id=try3-c4-sysonly start_us=13118998 end_us=13121964 dur_us=2965
UKL-MQTT-BENCH: BUFFULL run_id=try3-c4-sysonly start_us=13123997 end_us=13127983 dur_us=3985
UKL-MQTT-BENCH: BUFFULL run_id=try3-c4-sysonly start_us=13130575 end_us=13133150 dur_us=2575
UKL-MQTT-BENCH: BUFFULL run_id=try3-c4-sysonly start_us=13135746 end_us=13139011 dur_us=3265
UKL-MQTT-BENCH: BUFFULL run_id=try3-c4-sysonly start_us=13141626 end_us=13144987 dur_us=3361
UKL-MQTT-BENCH: BUFFULL run_id=try3-c4-sysonly start_us=13147569 end_us=13150965 dur_us=3396
UKL-MQTT-BENCH: BUFFULL run_id=try3-c4-sysonly start_us=13153552 end_us=13156985 dur_us=3432
UKL-MQTT-BENCH: BUFFULL run_id=try3-c4-sysonly start_us=13159562 end_us=13162980 dur_us=3417
UKL-MQTT-BENCH: BUFFULL run_id=try3-c4-sysonly start_us=13165594 end_us=13168152 dur_us=2558
UKL-MQTT-BENCH: BUFFULL run_id=try3-c4-sysonly start_us=13170732 end_us=13175026 dur_us=4293
UKL-MQTT-BENCH: BUFFULL run_id=try3-c4-sysonly start_us=13178134 end_us=13180974 dur_us=2840
UKL-MQTT-BENCH: BUFFULL run_id=try3-c4-sysonly start_us=13183599 end_us=13187002 dur_us=3403
UKL-MQTT-BENCH: BUFFULL run_id=try3-c4-sysonly start_us=13189590 end_us=13193004 dur_us=3413
UKL-MQTT-BENCH: BUFFULL run_id=try3-c4-sysonly start_us=13195589 end_us=13196928 dur_us=1338
UKL-MQTT-BENCH: BUFFULL run_id=try3-c4-sysonly start_us=13198453 end_us=13203000 dur_us=4546
UKL-MQTT-BENCH: BUFFULL run_id=try3-c4-sysonly start_us=13207883 end_us=13213006 dur_us=5123
UKL-MQTT-BENCH: BUFFULL run_id=try3-c4-sysonly start_us=13218428 end_us=13223017 dur_us=4588
UKL-MQTT-BENCH: BUFFULL run_id=try3-c4-sysonly start_us=13225590 end_us=13226925 dur_us=1335
UKL-MQTT-BENCH: BUFFULL run_id=try3-c4-sysonly start_us=13228437 end_us=13234018 dur_us=5581
UKL-MQTT-BENCH: BUFFULL run_id=try3-c4-sysonly start_us=13237675 end_us=13238946 dur_us=1270
UKL-MQTT-BENCH: BUFFULL run_id=try3-c4-sysonly start_us=13240980 end_us=13244994 dur_us=4014
UKL-MQTT-BENCH: BUFFULL run_id=try3-c4-sysonly start_us=13247577 end_us=13249986 dur_us=2408
UKL-MQTT-BENCH: BUFFULL run_id=try3-c4-sysonly start_us=13252664 end_us=13257049 dur_us=4384
UKL-MQTT-BENCH: BUFFULL run_id=try3-c4-sysonly start_us=13259633 end_us=13261975 dur_us=2342
UKL-MQTT-BENCH: BUFFULL run_id=try3-c4-sysonly start_us=13264554 end_us=13266964 dur_us=2409
UKL-MQTT-BENCH: BUFFULL run_id=try3-c4-sysonly start_us=13268975 end_us=13270958 dur_us=1983
UKL-MQTT-BENCH: BUFFULL run_id=try3-c4-sysonly start_us=13272981 end_us=13277984 dur_us=5003
UKL-MQTT-BENCH: BUFFULL run_id=try3-c4-sysonly start_us=13280587 end_us=13282947 dur_us=2359
UKL-MQTT-BENCH: BUFFULL run_id=try3-c4-sysonly start_us=13285522 end_us=13288150 dur_us=2628
UKL-MQTT-BENCH: BUFFULL run_id=try3-c4-sysonly start_us=13290724 end_us=13294337 dur_us=3612
UKL-MQTT-BENCH: BUFFULL run_id=try3-c4-sysonly start_us=13296913 end_us=13299978 dur_us=3064
UKL-MQTT-BENCH: BUFFULL run_id=try3-c4-sysonly start_us=13302561 end_us=13305974 dur_us=3412
UKL-MQTT-BENCH: BUFFULL run_id=try3-c4-sysonly start_us=13308550 end_us=13312170 dur_us=3620
UKL-MQTT-BENCH: BUFFULL run_id=try3-c4-sysonly start_us=13315260 end_us=13317116 dur_us=1855
UKL-MQTT-BENCH: BUFFULL run_id=try3-c4-sysonly start_us=13319144 end_us=13322969 dur_us=3825
UKL-MQTT-BENCH: BUFFULL run_id=try3-c4-sysonly start_us=13327426 end_us=13331968 dur_us=4541
UKL-MQTT-BENCH: BUFFULL run_id=try3-c4-sysonly start_us=13334533 end_us=13338995 dur_us=4462
UKL-MQTT-BENCH: BUFFULL run_id=try3-c4-sysonly start_us=13341584 end_us=13344172 dur_us=2587
UKL-MQTT-BENCH: BUFFULL run_id=try3-c4-sysonly start_us=13347311 end_us=13350175 dur_us=2863
UKL-MQTT-BENCH: BUFFULL run_id=try3-c4-sysonly start_us=13352758 end_us=13355994 dur_us=3236
UKL-MQTT-BENCH: BUFFULL run_id=try3-c4-sysonly start_us=13358563 end_us=13360958 dur_us=2395
UKL-MQTT-BENCH: BUFFULL run_id=try3-c4-sysonly start_us=13362996 end_us=13366148 dur_us=3152
UKL-MQTT-BENCH: BUFFULL run_id=try3-c4-sysonly start_us=13368739 end_us=13370922 dur_us=2182
UKL-MQTT-BENCH: BUFFULL run_id=try3-c4-sysonly start_us=13372430 end_us=13375922 dur_us=3491
UKL-MQTT-BENCH: BUFFULL run_id=try3-c4-sysonly start_us=13378502 end_us=13379945 dur_us=1443
UKL-MQTT-BENCH: BUFFULL run_id=try3-c4-sysonly start_us=13381954 end_us=13387007 dur_us=5053
UKL-MQTT-BENCH: BUFFULL run_id=try3-c4-sysonly start_us=13390105 end_us=13392988 dur_us=2883
UKL-MQTT-BENCH: BUFFULL run_id=try3-c4-sysonly start_us=13395578 end_us=13397083 dur_us=1505
UKL-MQTT-BENCH: BUFFULL run_id=try3-c4-sysonly start_us=13399128 end_us=13400900 dur_us=1771
UKL-MQTT-BENCH: BUFFULL run_id=try3-c4-sysonly start_us=13402415 end_us=13405950 dur_us=3535
UKL-MQTT-BENCH: BUFFULL run_id=try3-c4-sysonly start_us=13407969 end_us=13412003 dur_us=4033
UKL-MQTT-BENCH: BUFFULL run_id=try3-c4-sysonly start_us=13415095 end_us=13417982 dur_us=2887
UKL-MQTT-BENCH: BUFFULL run_id=try3-c4-sysonly start_us=13420552 end_us=13423981 dur_us=3428
UKL-MQTT-BENCH: BUFFULL run_id=try3-c4-sysonly start_us=13426556 end_us=13427956 dur_us=1400
UKL-MQTT-BENCH: BUFFULL run_id=try3-c4-sysonly start_us=13429983 end_us=13432924 dur_us=2941
UKL-MQTT-BENCH: BUFFULL run_id=try3-c4-sysonly start_us=13434960 end_us=13439996 dur_us=5035
UKL-MQTT-BENCH: BUFFULL run_id=try3-c4-sysonly start_us=13445950 end_us=13449992 dur_us=4041
UKL-MQTT-BENCH: BUFFULL run_id=try3-c4-sysonly start_us=13454558 end_us=13458985 dur_us=4426
UKL-MQTT-BENCH: BUFFULL run_id=try3-c4-sysonly start_us=13461556 end_us=13463930 dur_us=2373
UKL-MQTT-BENCH: BUFFULL run_id=try3-c4-sysonly start_us=13465943 end_us=13470978 dur_us=5034
UKL-MQTT-BENCH: BUFFULL run_id=try3-c4-sysonly start_us=13474064 end_us=13475984 dur_us=1919
UKL-MQTT-BENCH: BUFFULL run_id=try3-c4-sysonly start_us=13478553 end_us=13481993 dur_us=3439
UKL-MQTT-BENCH: BUFFULL run_id=try3-c4-sysonly start_us=13484565 end_us=13487959 dur_us=3393
UKL-MQTT-BENCH: BUFFULL run_id=try3-c4-sysonly start_us=13490533 end_us=13492117 dur_us=1584
UKL-MQTT-BENCH: BUFFULL run_id=try3-c4-sysonly start_us=13494140 end_us=13496936 dur_us=2795
UKL-MQTT-BENCH: BUFFULL run_id=try3-c4-sysonly start_us=13498965 end_us=13504011 dur_us=5046
UKL-MQTT-BENCH: BUFFULL run_id=try3-c4-sysonly start_us=13507089 end_us=13508910 dur_us=1820
UKL-MQTT-BENCH: BUFFULL run_id=try3-c4-sysonly start_us=13510942 end_us=13513961 dur_us=3019
UKL-MQTT-BENCH: BUFFULL run_id=try3-c4-sysonly start_us=13516526 end_us=13517917 dur_us=1391
UKL-MQTT-BENCH: BUFFULL run_id=try3-c4-sysonly start_us=13519433 end_us=13525002 dur_us=5568
UKL-MQTT-BENCH: BUFFULL run_id=try3-c4-sysonly start_us=13528081 end_us=13529972 dur_us=1891
UKL-MQTT-BENCH: BUFFULL run_id=try3-c4-sysonly start_us=13532540 end_us=13536000 dur_us=3459
UKL-MQTT-BENCH: BUFFULL run_id=try3-c4-sysonly start_us=13538571 end_us=13540910 dur_us=2339
UKL-MQTT-BENCH: BUFFULL run_id=try3-c4-sysonly start_us=13542928 end_us=13544956 dur_us=2027
UKL-MQTT-BENCH: BUFFULL run_id=try3-c4-sysonly start_us=13546987 end_us=13549953 dur_us=2966
UKL-MQTT-BENCH: BUFFULL run_id=try3-c4-sysonly start_us=13551983 end_us=13557018 dur_us=5034
UKL-MQTT-BENCH: BUFFULL run_id=try3-c4-sysonly start_us=13560112 end_us=13561942 dur_us=1830
UKL-MQTT-BENCH: BUFFULL run_id=try3-c4-sysonly start_us=13563969 end_us=13566982 dur_us=3012
UKL-MQTT-BENCH: BUFFULL run_id=try3-c4-sysonly start_us=13569580 end_us=13570911 dur_us=1330
UKL-MQTT-BENCH: BUFFULL run_id=try3-c4-sysonly start_us=13572429 end_us=13575029 dur_us=2599
UKL-MQTT-BENCH: BUFFULL run_id=try3-c4-sysonly start_us=13577053 end_us=13582020 dur_us=4967
UKL-MQTT-BENCH: BUFFULL run_id=try3-c4-sysonly start_us=13585119 end_us=13586955 dur_us=1835
UKL-MQTT-BENCH: BUFFULL run_id=try3-c4-sysonly start_us=13588991 end_us=13591977 dur_us=2986
UKL-MQTT-BENCH: BUFFULL run_id=try3-c4-sysonly start_us=13595816 end_us=13599926 dur_us=4110
UKL-MQTT-BENCH: BUFFULL run_id=try3-c4-sysonly start_us=13601978 end_us=13604947 dur_us=2969
UKL-MQTT-BENCH: BUFFULL run_id=try3-c4-sysonly start_us=13607530 end_us=13613039 dur_us=5508
UKL-MQTT-BENCH: BUFFULL run_id=try3-c4-sysonly start_us=13616735 end_us=13618136 dur_us=1400
UKL-MQTT-BENCH: BUFFULL run_id=try3-c4-sysonly start_us=13620172 end_us=13624203 dur_us=4031
UKL-MQTT-BENCH: BUFFULL run_id=try3-c4-sysonly start_us=13627297 end_us=13628919 dur_us=1622
UKL-MQTT-BENCH: BUFFULL run_id=try3-c4-sysonly start_us=13630932 end_us=13636028 dur_us=5095
UKL-MQTT-BENCH: BUFFULL run_id=try3-c4-sysonly start_us=13639162 end_us=13640284 dur_us=1122
UKL-MQTT-BENCH: BUFFULL run_id=try3-c4-sysonly start_us=13642322 end_us=13645983 dur_us=3660
UKL-MQTT-BENCH: BUFFULL run_id=try3-c4-sysonly start_us=13648568 end_us=13649906 dur_us=1338
UKL-MQTT-BENCH: BUFFULL run_id=try3-c4-sysonly start_us=13651421 end_us=13655159 dur_us=3737
UKL-MQTT-BENCH: BUFFULL run_id=try3-c4-sysonly start_us=13657762 end_us=13659932 dur_us=2169
UKL-MQTT-BENCH: BUFFULL run_id=try3-c4-sysonly start_us=13661939 end_us=13667001 dur_us=5062
UKL-MQTT-BENCH: BUFFULL run_id=try3-c4-sysonly start_us=13670036 end_us=13672984 dur_us=2947
UKL-MQTT-BENCH: BUFFULL run_id=try3-c4-sysonly start_us=13675537 end_us=13677936 dur_us=2398
UKL-MQTT-BENCH: BUFFULL run_id=try3-c4-sysonly start_us=13679922 end_us=13684006 dur_us=4083
UKL-MQTT-BENCH: BUFFULL run_id=try3-c4-sysonly start_us=13687234 end_us=13688943 dur_us=1708
UKL-MQTT-BENCH: BUFFULL run_id=try3-c4-sysonly start_us=13691066 end_us=13696028 dur_us=4961
UKL-MQTT-BENCH: BUFFULL run_id=try3-c4-sysonly start_us=13699275 end_us=13701953 dur_us=2677
UKL-MQTT-BENCH: BUFFULL run_id=try3-c4-sysonly start_us=13703928 end_us=13707965 dur_us=4036
UKL-MQTT-BENCH: BUFFULL run_id=try3-c4-sysonly start_us=13710498 end_us=13712152 dur_us=1653
UKL-MQTT-BENCH: BUFFULL run_id=try3-c4-sysonly start_us=13714693 end_us=13717973 dur_us=3279
UKL-MQTT-BENCH: BUFFULL run_id=try3-c4-sysonly start_us=13720506 end_us=13723968 dur_us=3462
UKL-MQTT-BENCH: BUFFULL run_id=try3-c4-sysonly start_us=13726515 end_us=13729979 dur_us=3464
UKL-MQTT-BENCH: BUFFULL run_id=try3-c4-sysonly start_us=13732517 end_us=13734962 dur_us=2445
UKL-MQTT-BENCH: BUFFULL run_id=try3-c4-sysonly start_us=13737519 end_us=13740990 dur_us=3470
UKL-MQTT-BENCH: BUFFULL run_id=try3-c4-sysonly start_us=13743510 end_us=13745092 dur_us=1581
UKL-MQTT-BENCH: BUFFULL run_id=try3-c4-sysonly start_us=13747086 end_us=13750959 dur_us=3873
UKL-MQTT-BENCH: BUFFULL run_id=try3-c4-sysonly start_us=13753533 end_us=13756027 dur_us=2493
UKL-MQTT-BENCH: BUFFULL run_id=try3-c4-sysonly start_us=13758022 end_us=13762213 dur_us=4190
UKL-MQTT-BENCH: BUFFULL run_id=try3-c4-sysonly start_us=13765261 end_us=13767978 dur_us=2717
UKL-MQTT-BENCH: BUFFULL run_id=try3-c4-sysonly start_us=13770525 end_us=13771881 dur_us=1355
UKL-MQTT-BENCH: BUFFULL run_id=try3-c4-sysonly start_us=13773376 end_us=13775060 dur_us=1683
UKL-MQTT-BENCH: BUFFULL run_id=try3-c4-sysonly start_us=13776555 end_us=13780974 dur_us=4418
UKL-MQTT-BENCH: BUFFULL run_id=try3-c4-sysonly start_us=13783503 end_us=13784916 dur_us=1413
UKL-MQTT-BENCH: BUFFULL run_id=try3-c4-sysonly start_us=13786912 end_us=13792017 dur_us=5105
UKL-MQTT-BENCH: BUFFULL run_id=try3-c4-sysonly start_us=13796799 end_us=13802009 dur_us=5210
UKL-MQTT-BENCH: BUFFULL run_id=try3-c4-sysonly start_us=13805060 end_us=13806902 dur_us=1842
UKL-MQTT-BENCH: BUFFULL run_id=try3-c4-sysonly start_us=13808895 end_us=13812975 dur_us=4079
UKL-MQTT-BENCH: BUFFULL run_id=try3-c4-sysonly start_us=13815493 end_us=13816968 dur_us=1474
UKL-MQTT-BENCH: BUFFULL run_id=try3-c4-sysonly start_us=13818976 end_us=13822978 dur_us=4002
UKL-MQTT-BENCH: BUFFULL run_id=try3-c4-sysonly start_us=13825522 end_us=13827964 dur_us=2441
UKL-MQTT-BENCH: BUFFULL run_id=try3-c4-sysonly start_us=13830513 end_us=13832915 dur_us=2402
UKL-MQTT-BENCH: BUFFULL run_id=try3-c4-sysonly start_us=13834949 end_us=13837132 dur_us=2183
UKL-MQTT-BENCH: BUFFULL run_id=try3-c4-sysonly start_us=13839121 end_us=13841944 dur_us=2823
UKL-MQTT-BENCH: BUFFULL run_id=try3-c4-sysonly start_us=13843947 end_us=13849023 dur_us=5076
UKL-MQTT-BENCH: BUFFULL run_id=try3-c4-sysonly start_us=13854907 end_us=13858974 dur_us=4067
UKL-MQTT-BENCH: BUFFULL run_id=try3-c4-sysonly start_us=13863561 end_us=13869099 dur_us=5538
UKL-MQTT-BENCH: BUFFULL run_id=try3-c4-sysonly start_us=13872152 end_us=13874990 dur_us=2838
UKL-MQTT-BENCH: BUFFULL run_id=try3-c4-sysonly start_us=13877532 end_us=13880988 dur_us=3455
UKL-MQTT-BENCH: BUFFULL run_id=try3-c4-sysonly start_us=13884127 end_us=13887935 dur_us=3808
UKL-MQTT-BENCH: BUFFULL run_id=try3-c4-sysonly start_us=13890478 end_us=13892942 dur_us=2464
UKL-MQTT-BENCH: BUFFULL run_id=try3-c4-sysonly start_us=13895503 end_us=13897936 dur_us=2432
UKL-MQTT-BENCH: BUFFULL run_id=try3-c4-sysonly start_us=13899927 end_us=13901924 dur_us=1996
UKL-MQTT-BENCH: BUFFULL run_id=try3-c4-sysonly start_us=13903916 end_us=13907968 dur_us=4052
UKL-MQTT-BENCH: BUFFULL run_id=try3-c4-sysonly start_us=13910499 end_us=13913951 dur_us=3452
UKL-MQTT-BENCH: BUFFULL run_id=try3-c4-sysonly start_us=13916479 end_us=13918950 dur_us=2471
UKL-MQTT-BENCH: BUFFULL run_id=try3-c4-sysonly start_us=13921482 end_us=13923917 dur_us=2434
UKL-MQTT-BENCH: BUFFULL run_id=try3-c4-sysonly start_us=13925902 end_us=13930999 dur_us=5097
UKL-MQTT-BENCH: BUFFULL run_id=try3-c4-sysonly start_us=13934088 end_us=13935949 dur_us=1860
UKL-MQTT-BENCH: BUFFULL run_id=try3-c4-sysonly start_us=13937939 end_us=13941983 dur_us=4044
UKL-MQTT-BENCH: BUFFULL run_id=try3-c4-sysonly start_us=13947082 end_us=13950974 dur_us=3891
UKL-MQTT-BENCH: BUFFULL run_id=try3-c4-sysonly start_us=13953539 end_us=13955924 dur_us=2385
UKL-MQTT-BENCH: BUFFULL run_id=try3-c4-sysonly start_us=13957955 end_us=13961148 dur_us=3192
UKL-MQTT-BENCH: BUFFULL run_id=try3-c4-sysonly start_us=13963680 end_us=13967171 dur_us=3490
UKL-MQTT-BENCH: BUFFULL run_id=try3-c4-sysonly start_us=13969712 end_us=13972967 dur_us=3254
UKL-MQTT-BENCH: BUFFULL run_id=try3-c4-sysonly start_us=13975508 end_us=13978956 dur_us=3448
UKL-MQTT-BENCH: BUFFULL run_id=try3-c4-sysonly start_us=13981514 end_us=13983801 dur_us=2287
UKL-MQTT-BENCH: BUFFULL run_id=try3-c4-sysonly start_us=13986344 end_us=13988933 dur_us=2589
UKL-MQTT-BENCH: BUFFULL run_id=try3-c4-sysonly start_us=13990913 end_us=13993961 dur_us=3048
UKL-MQTT-BENCH: BUFFULL run_id=try3-c4-sysonly start_us=13996491 end_us=13999949 dur_us=3457
UKL-MQTT-BENCH: BUFFULL run_id=try3-c4-sysonly start_us=14002488 end_us=14004103 dur_us=1614
UKL-MQTT-BENCH: BUFFULL run_id=try3-c4-sysonly start_us=14006100 end_us=14009930 dur_us=3830
UKL-MQTT-BENCH: BUFFULL run_id=try3-c4-sysonly start_us=14012468 end_us=14015951 dur_us=3483
UKL-MQTT-BENCH: BUFFULL run_id=try3-c4-sysonly start_us=14018483 end_us=14020955 dur_us=2472
UKL-MQTT-BENCH: BUFFULL run_id=try3-c4-sysonly start_us=14023513 end_us=14027999 dur_us=4485
UKL-MQTT-BENCH: BUFFULL run_id=try3-c4-sysonly start_us=14031035 end_us=14033950 dur_us=2914
UKL-MQTT-BENCH: BUFFULL run_id=try3-c4-sysonly start_us=14036488 end_us=14039974 dur_us=3486
UKL-MQTT-BENCH: BUFFULL run_id=try3-c4-sysonly start_us=14043004 end_us=14044907 dur_us=1902
UKL-MQTT-BENCH: BUFFULL run_id=try3-c4-sysonly start_us=14046891 end_us=14051203 dur_us=4312
UKL-MQTT-BENCH: BUFFULL run_id=try3-c4-sysonly start_us=14056370 end_us=14060976 dur_us=4605
UKL-MQTT-BENCH: BUFFULL run_id=try3-c4-sysonly start_us=14063510 end_us=14064929 dur_us=1419
UKL-MQTT-BENCH: BUFFULL run_id=try3-c4-sysonly start_us=14066912 end_us=14070960 dur_us=4047
UKL-MQTT-BENCH: BUFFULL run_id=try3-c4-sysonly start_us=14073504 end_us=14076101 dur_us=2597
UKL-MQTT-BENCH: BUFFULL run_id=try3-c4-sysonly start_us=14078222 end_us=14082011 dur_us=3788
UKL-MQTT-BENCH: BUFFULL run_id=try3-c4-sysonly start_us=14084537 end_us=14086915 dur_us=2377
UKL-MQTT-BENCH: BUFFULL run_id=try3-c4-sysonly start_us=14088411 end_us=14092191 dur_us=3780
UKL-MQTT-BENCH: BUFFULL run_id=try3-c4-sysonly start_us=14096408 end_us=14101174 dur_us=4766
UKL-MQTT-BENCH: BUFFULL run_id=try3-c4-sysonly start_us=14106367 end_us=14111980 dur_us=5612
UKL-MQTT-BENCH: BUFFULL run_id=try3-c4-sysonly start_us=14116734 end_us=14120970 dur_us=4236
UKL-MQTT-BENCH: BUFFULL run_id=try3-c4-sysonly start_us=14123544 end_us=14125135 dur_us=1591
UKL-MQTT-BENCH: BUFFULL run_id=try3-c4-sysonly start_us=14127177 end_us=14132192 dur_us=5015
UKL-MQTT-BENCH: BUFFULL run_id=try3-c4-sysonly start_us=14135242 end_us=14137966 dur_us=2724
UKL-MQTT-BENCH: BUFFULL run_id=try3-c4-sysonly start_us=14140506 end_us=14143960 dur_us=3453
UKL-MQTT-BENCH: BUFFULL run_id=try3-c4-sysonly start_us=14146483 end_us=14148098 dur_us=1614
UKL-MQTT-BENCH: BUFFULL run_id=try3-c4-sysonly start_us=14150090 end_us=14152922 dur_us=2831
UKL-MQTT-BENCH: BUFFULL run_id=try3-c4-sysonly start_us=14154908 end_us=14157124 dur_us=2215
UKL-MQTT-BENCH: BUFFULL run_id=try3-c4-sysonly start_us=14159109 end_us=14163980 dur_us=4870
UKL-MQTT-BENCH: BUFFULL run_id=try3-c4-sysonly start_us=14167023 end_us=14170157 dur_us=3133
UKL-MQTT-BENCH: BUFFULL run_id=try3-c4-sysonly start_us=14172697 end_us=14175964 dur_us=3266
UKL-MQTT-BENCH: BUFFULL run_id=try3-c4-sysonly start_us=14178487 end_us=14181154 dur_us=2666
UKL-MQTT-BENCH: BUFFULL run_id=try3-c4-sysonly start_us=14183695 end_us=14185904 dur_us=2208
UKL-MQTT-BENCH: BUFFULL run_id=try3-c4-sysonly start_us=14187392 end_us=14191976 dur_us=4584
UKL-MQTT-BENCH: BUFFULL run_id=try3-c4-sysonly start_us=14197890 end_us=14201979 dur_us=4089
UKL-MQTT-BENCH: BUFFULL run_id=try3-c4-sysonly start_us=14206353 end_us=14212012 dur_us=5659
UKL-MQTT-BENCH: BUFFULL run_id=try3-c4-sysonly start_us=14216778 end_us=14220964 dur_us=4186
UKL-MQTT-BENCH: BUFFULL run_id=try3-c4-sysonly start_us=14223534 end_us=14224858 dur_us=1324
UKL-MQTT-BENCH: BUFFULL run_id=try3-c4-sysonly start_us=14226343 end_us=14229953 dur_us=3610
UKL-MQTT-BENCH: BUFFULL run_id=try3-c4-sysonly start_us=14232486 end_us=14233858 dur_us=1371
UKL-MQTT-BENCH: BUFFULL run_id=try3-c4-sysonly start_us=14235356 end_us=14241999 dur_us=6643
UKL-MQTT-BENCH: BUFFULL run_id=try3-c4-sysonly start_us=14245580 end_us=14246942 dur_us=1362
UKL-MQTT-BENCH: BUFFULL run_id=try3-c4-sysonly start_us=14249470 end_us=14254191 dur_us=4721
UKL-MQTT-BENCH: BUFFULL run_id=try3-c4-sysonly start_us=14257243 end_us=14259962 dur_us=2719
UKL-MQTT-BENCH: BUFFULL run_id=try3-c4-sysonly start_us=14262505 end_us=14265954 dur_us=3448
UKL-MQTT-BENCH: BUFFULL run_id=try3-c4-sysonly start_us=14268489 end_us=14270953 dur_us=2463
UKL-MQTT-BENCH: BUFFULL run_id=try3-c4-sysonly start_us=14273485 end_us=14276965 dur_us=3480
UKL-MQTT-BENCH: BUFFULL run_id=try3-c4-sysonly start_us=14279497 end_us=14281084 dur_us=1586
UKL-MQTT-BENCH: BUFFULL run_id=try3-c4-sysonly start_us=14283072 end_us=14286975 dur_us=3903
UKL-MQTT-BENCH: BUFFULL run_id=try3-c4-sysonly start_us=14289515 end_us=14291892 dur_us=2377
UKL-MQTT-BENCH: BUFFULL run_id=try3-c4-sysonly start_us=14293875 end_us=14298981 dur_us=5105
UKL-MQTT-BENCH: BUFFULL run_id=try3-c4-sysonly start_us=14304904 end_us=14308954 dur_us=4050
UKL-MQTT-BENCH: BUFFULL run_id=try3-c4-sysonly start_us=14311484 end_us=14312892 dur_us=1407
UKL-MQTT-BENCH: BUFFULL run_id=try3-c4-sysonly start_us=14314879 end_us=14317892 dur_us=3013
UKL-MQTT-BENCH: BUFFULL run_id=try3-c4-sysonly start_us=14319881 end_us=14322116 dur_us=2235
UKL-MQTT-BENCH: BUFFULL run_id=try3-c4-sysonly start_us=14324104 end_us=14328990 dur_us=4886
UKL-MQTT-BENCH: BUFFULL run_id=try3-c4-sysonly start_us=14332034 end_us=14334958 dur_us=2924
UKL-MQTT-BENCH: BUFFULL run_id=try3-c4-sysonly start_us=14337492 end_us=14339947 dur_us=2455
UKL-MQTT-BENCH: BUFFULL run_id=try3-c4-sysonly start_us=14341939 end_us=14343867 dur_us=1927
UKL-MQTT-BENCH: BUFFULL run_id=try3-c4-sysonly start_us=14345846 end_us=14348122 dur_us=2276
UKL-MQTT-BENCH: BUFFULL run_id=try3-c4-sysonly start_us=14350104 end_us=14353950 dur_us=3846
UKL-MQTT-BENCH: BUFFULL run_id=try3-c4-sysonly start_us=14356490 end_us=14359960 dur_us=3470
UKL-MQTT-BENCH: BUFFULL run_id=try3-c4-sysonly start_us=14362534 end_us=14365158 dur_us=2624
UKL-MQTT-BENCH: BUFFULL run_id=try3-c4-sysonly start_us=14367692 end_us=14369904 dur_us=2211
UKL-MQTT-BENCH: BUFFULL run_id=try3-c4-sysonly start_us=14371893 end_us=14374949 dur_us=3055
UKL-MQTT-BENCH: BUFFULL run_id=try3-c4-sysonly start_us=14376926 end_us=14379953 dur_us=3027
UKL-MQTT-BENCH: BUFFULL run_id=try3-c4-sysonly start_us=14382493 end_us=14385965 dur_us=3472
UKL-MQTT-BENCH: BUFFULL run_id=try3-c4-sysonly start_us=14388518 end_us=14391954 dur_us=3436
UKL-MQTT-BENCH: BUFFULL run_id=try3-c4-sysonly start_us=14394487 end_us=14397139 dur_us=2651
UKL-MQTT-BENCH: BUFFULL run_id=try3-c4-sysonly start_us=14399684 end_us=14402952 dur_us=3268
UKL-MQTT-BENCH: BUFFULL run_id=try3-c4-sysonly start_us=14405486 end_us=14408938 dur_us=3451
UKL-MQTT-BENCH: BUFFULL run_id=try3-c4-sysonly start_us=14411486 end_us=14414160 dur_us=2674
UKL-MQTT-BENCH: BUFFULL run_id=try3-c4-sysonly start_us=14416703 end_us=14419932 dur_us=3229
UKL-MQTT-BENCH: BUFFULL run_id=try3-c4-sysonly start_us=14422463 end_us=14425964 dur_us=3500
UKL-MQTT-BENCH: BUFFULL run_id=try3-c4-sysonly start_us=14428496 end_us=14431144 dur_us=2647
UKL-MQTT-BENCH: BUFFULL run_id=try3-c4-sysonly start_us=14433687 end_us=14436931 dur_us=3244
UKL-MQTT-BENCH: BUFFULL run_id=try3-c4-sysonly start_us=14439466 end_us=14442973 dur_us=3506
UKL-MQTT-BENCH: BUFFULL run_id=try3-c4-sysonly start_us=14445514 end_us=14448122 dur_us=2607
UKL-MQTT-BENCH: BUFFULL run_id=try3-c4-sysonly start_us=14450657 end_us=14453954 dur_us=3297
UKL-MQTT-BENCH: BUFFULL run_id=try3-c4-sysonly start_us=14456500 end_us=14459949 dur_us=3449
UKL-MQTT-BENCH: BUFFULL run_id=try3-c4-sysonly start_us=14462491 end_us=14464090 dur_us=1599
UKL-MQTT-BENCH: BUFFULL run_id=try3-c4-sysonly start_us=14466062 end_us=14468909 dur_us=2847
UKL-MQTT-BENCH: BUFFULL run_id=try3-c4-sysonly start_us=14470917 end_us=14474959 dur_us=4042
UKL-MQTT-BENCH: BUFFULL run_id=try3-c4-sysonly start_us=14477491 end_us=14480957 dur_us=3465
UKL-MQTT-BENCH: BUFFULL run_id=try3-c4-sysonly start_us=14483495 end_us=14485936 dur_us=2440
UKL-MQTT-BENCH: BUFFULL run_id=try3-c4-sysonly start_us=14488486 end_us=14491946 dur_us=3459
UKL-MQTT-BENCH: BUFFULL run_id=try3-c4-sysonly start_us=14494477 end_us=14497121 dur_us=2644
UKL-MQTT-BENCH: BUFFULL run_id=try3-c4-sysonly start_us=14499655 end_us=14502926 dur_us=3270
UKL-MQTT-BENCH: BUFFULL run_id=try3-c4-sysonly start_us=14505465 end_us=14508925 dur_us=3459
UKL-MQTT-BENCH: BUFFULL run_id=try3-c4-sysonly start_us=14511467 end_us=14514943 dur_us=3475
UKL-MQTT-BENCH: BUFFULL run_id=try3-c4-sysonly start_us=14517471 end_us=14520969 dur_us=3497
UKL-MQTT-BENCH: BUFFULL run_id=try3-c4-sysonly start_us=14524007 end_us=14527163 dur_us=3156
UKL-MQTT-BENCH: BUFFULL run_id=try3-c4-sysonly start_us=14529709 end_us=14533190 dur_us=3481
UKL-MQTT-BENCH: BUFFULL run_id=try3-c4-sysonly start_us=14536258 end_us=14538956 dur_us=2697
UKL-MQTT-BENCH: BUFFULL run_id=try3-c4-sysonly start_us=14541493 end_us=14543882 dur_us=2388
UKL-MQTT-BENCH: BUFFULL run_id=try3-c4-sysonly start_us=14545371 end_us=14546885 dur_us=1513
UKL-MQTT-BENCH: BUFFULL run_id=try3-c4-sysonly start_us=14548878 end_us=14551895 dur_us=3016
UKL-MQTT-BENCH: BUFFULL run_id=try3-c4-sysonly start_us=14553870 end_us=14558201 dur_us=4330
UKL-MQTT-BENCH: BUFFULL run_id=try3-c4-sysonly start_us=14561259 end_us=14562878 dur_us=1618
UKL-MQTT-BENCH: BUFFULL run_id=try3-c4-sysonly start_us=14564909 end_us=14569000 dur_us=4091
UKL-MQTT-BENCH: BUFFULL run_id=try3-c4-sysonly start_us=14572806 end_us=14577983 dur_us=5176
UKL-MQTT-BENCH: BUFFULL run_id=try3-c4-sysonly start_us=14581035 end_us=14582125 dur_us=1089
UKL-MQTT-BENCH: BUFFULL run_id=try3-c4-sysonly start_us=14584126 end_us=14588936 dur_us=4810
UKL-MQTT-BENCH: BUFFULL run_id=try3-c4-sysonly start_us=14591465 end_us=14592883 dur_us=1418
UKL-MQTT-BENCH: BUFFULL run_id=try3-c4-sysonly start_us=14594861 end_us=14597951 dur_us=3090
UKL-MQTT-BENCH: BUFFULL run_id=try3-c4-sysonly start_us=14600492 end_us=14603944 dur_us=3451
UKL-MQTT-BENCH: BUFFULL run_id=try3-c4-sysonly start_us=14606485 end_us=14608090 dur_us=1605
UKL-MQTT-BENCH: BUFFULL run_id=try3-c4-sysonly start_us=14610072 end_us=14612903 dur_us=2830
UKL-MQTT-BENCH: BUFFULL run_id=try3-c4-sysonly start_us=14614912 end_us=14617894 dur_us=2982
UKL-MQTT-BENCH: BUFFULL run_id=try3-c4-sysonly start_us=14619874 end_us=14624196 dur_us=4321
UKL-MQTT-BENCH: BUFFULL run_id=try3-c4-sysonly start_us=14627227 end_us=14628879 dur_us=1651
UKL-MQTT-BENCH: BUFFULL run_id=try3-c4-sysonly start_us=14630857 end_us=14634954 dur_us=4096
UKL-MQTT-BENCH: BUFFULL run_id=try3-c4-sysonly start_us=14637483 end_us=14638871 dur_us=1388
UKL-MQTT-BENCH: BUFFULL run_id=try3-c4-sysonly start_us=14640849 end_us=14645960 dur_us=5110
UKL-MQTT-BENCH: BUFFULL run_id=try3-c4-sysonly start_us=14648998 end_us=14650116 dur_us=1118
UKL-MQTT-BENCH: BUFFULL run_id=try3-c4-sysonly start_us=14652104 end_us=14655924 dur_us=3820
UKL-MQTT-BENCH: BUFFULL run_id=try3-c4-sysonly start_us=14657908 end_us=14659909 dur_us=2000
UKL-MQTT-BENCH: BUFFULL run_id=try3-c4-sysonly start_us=14661879 end_us=14665153 dur_us=3274
UKL-MQTT-BENCH: BUFFULL run_id=try3-c4-sysonly start_us=14667690 end_us=14670944 dur_us=3254
UKL-MQTT-BENCH: BUFFULL run_id=try3-c4-sysonly start_us=14673488 end_us=14676553 dur_us=3064
UKL-MQTT-BENCH: BUFFULL run_id=try3-c4-sysonly start_us=14679125 end_us=14680883 dur_us=1757
UKL-MQTT-BENCH: BUFFULL run_id=try3-c4-sysonly start_us=14682376 end_us=14685876 dur_us=3500
UKL-MQTT-BENCH: BUFFULL run_id=try3-c4-sysonly start_us=14688011 end_us=14690917 dur_us=2905
UKL-MQTT-BENCH: BUFFULL run_id=try3-c4-sysonly start_us=14693622 end_us=14697990 dur_us=4368
UKL-MQTT-BENCH: BUFFULL run_id=try3-c4-sysonly start_us=14701222 end_us=14703929 dur_us=2706
UKL-MQTT-BENCH: BUFFULL run_id=try3-c4-sysonly start_us=14706450 end_us=14709918 dur_us=3467
UKL-MQTT-BENCH: BUFFULL run_id=try3-c4-sysonly start_us=14712453 end_us=14713917 dur_us=1464
UKL-MQTT-BENCH: BUFFULL run_id=try3-c4-sysonly start_us=14715902 end_us=14719931 dur_us=4028
UKL-MQTT-BENCH: BUFFULL run_id=try3-c4-sysonly start_us=14723014 end_us=14726979 dur_us=3965
UKL-MQTT-BENCH: BUFFULL run_id=try3-c4-sysonly start_us=14729521 end_us=14732141 dur_us=2620
UKL-MQTT-BENCH: BUFFULL run_id=try3-c4-sysonly start_us=14734670 end_us=14737940 dur_us=3270
UKL-MQTT-BENCH: BUFFULL run_id=try3-c4-sysonly start_us=14740509 end_us=14743923 dur_us=3413
UKL-MQTT-BENCH: BUFFULL run_id=try3-c4-sysonly start_us=14746443 end_us=14749912 dur_us=3469
UKL-MQTT-BENCH: BUFFULL run_id=try3-c4-sysonly start_us=14751904 end_us=14755139 dur_us=3234
UKL-MQTT-BENCH: BUFFULL run_id=try3-c4-sysonly start_us=14758169 end_us=14760942 dur_us=2772
UKL-MQTT-BENCH: BUFFULL run_id=try3-c4-sysonly start_us=14763475 end_us=14766948 dur_us=3472
UKL-MQTT-BENCH: BUFFULL run_id=try3-c4-sysonly start_us=14769512 end_us=14772174 dur_us=2661
UKL-MQTT-BENCH: BUFFULL run_id=try3-c4-sysonly start_us=14774737 end_us=14776879 dur_us=2141
UKL-MQTT-BENCH: BUFFULL run_id=try3-c4-sysonly start_us=14778870 end_us=14783974 dur_us=5104
UKL-MQTT-BENCH: BUFFULL run_id=try3-c4-sysonly start_us=14787014 end_us=14788097 dur_us=1082
UKL-MQTT-BENCH: BUFFULL run_id=try3-c4-sysonly start_us=14790086 end_us=14793941 dur_us=3854
UKL-MQTT-BENCH: BUFFULL run_id=try3-c4-sysonly start_us=14796503 end_us=14797843 dur_us=1340
UKL-MQTT-BENCH: BUFFULL run_id=try3-c4-sysonly start_us=14799348 end_us=14802932 dur_us=3584
UKL-MQTT-BENCH: BUFFULL run_id=try3-c4-sysonly start_us=14805484 end_us=14807891 dur_us=2407
UKL-MQTT-BENCH: BUFFULL run_id=try3-c4-sysonly start_us=14809878 end_us=14814944 dur_us=5065
UKL-MQTT-BENCH: BUFFULL run_id=try3-c4-sysonly start_us=14817997 end_us=14819939 dur_us=1942
UKL-MQTT-BENCH: BUFFULL run_id=try3-c4-sysonly start_us=14822475 end_us=14825945 dur_us=3469
UKL-MQTT-BENCH: BUFFULL run_id=try3-c4-sysonly start_us=14828526 end_us=14831925 dur_us=3399
UKL-MQTT-BENCH: BUFFULL run_id=try3-c4-sysonly start_us=14834482 end_us=14837148 dur_us=2666
UKL-MQTT-BENCH: BUFFULL run_id=try3-c4-sysonly start_us=14839686 end_us=14842951 dur_us=3264
UKL-MQTT-BENCH: BUFFULL run_id=try3-c4-sysonly start_us=14845491 end_us=14848909 dur_us=3417
UKL-MQTT-BENCH: BUFFULL run_id=try3-c4-sysonly start_us=14851472 end_us=14854170 dur_us=2697
UKL-MQTT-BENCH: BUFFULL run_id=try3-c4-sysonly start_us=14856718 end_us=14859935 dur_us=3217
UKL-MQTT-BENCH: BUFFULL run_id=try3-c4-sysonly start_us=14862480 end_us=14865958 dur_us=3478
UKL-MQTT-BENCH: BUFFULL run_id=try3-c4-sysonly start_us=14868543 end_us=14870103 dur_us=1560
UKL-MQTT-BENCH: BUFFULL run_id=try3-c4-sysonly start_us=14871604 end_us=14874873 dur_us=3268
UKL-MQTT-BENCH: BUFFULL run_id=try3-c4-sysonly start_us=14877506 end_us=14879919 dur_us=2412
UKL-MQTT-BENCH: BUFFULL run_id=try3-c4-sysonly start_us=14881915 end_us=14886208 dur_us=4293
UKL-MQTT-BENCH: BUFFULL run_id=try3-c4-sysonly start_us=14889266 end_us=14891912 dur_us=2646
UKL-MQTT-BENCH: BUFFULL run_id=try3-c4-sysonly start_us=14894441 end_us=14897924 dur_us=3482
UKL-MQTT-BENCH: BUFFULL run_id=try3-c4-sysonly start_us=14900451 end_us=14902102 dur_us=1651
UKL-MQTT-BENCH: BUFFULL run_id=try3-c4-sysonly start_us=14904098 end_us=14908947 dur_us=4849
UKL-MQTT-BENCH: BUFFULL run_id=try3-c4-sysonly start_us=14911983 end_us=14913921 dur_us=1937
UKL-MQTT-BENCH: BUFFULL run_id=try3-c4-sysonly start_us=14915923 end_us=14919946 dur_us=4023
UKL-MQTT-BENCH: BUFFULL run_id=try3-c4-sysonly start_us=14922486 end_us=14924908 dur_us=2422
UKL-MQTT-BENCH: BUFFULL run_id=try3-c4-sysonly start_us=14927471 end_us=14929914 dur_us=2442
UKL-MQTT-BENCH: BUFFULL run_id=try3-c4-sysonly start_us=14931914 end_us=14933926 dur_us=2011
UKL-MQTT-BENCH: BUFFULL run_id=try3-c4-sysonly start_us=14935919 end_us=14938904 dur_us=2985
UKL-MQTT-BENCH: BUFFULL run_id=try3-c4-sysonly start_us=14940883 end_us=14945998 dur_us=5114
UKL-MQTT-BENCH: BUFFULL run_id=try3-c4-sysonly start_us=14949044 end_us=14950969 dur_us=1925
UKL-MQTT-BENCH: BUFFULL run_id=try3-c4-sysonly start_us=14953506 end_us=14956944 dur_us=3437
UKL-MQTT-BENCH: BUFFULL run_id=try3-c4-sysonly start_us=14959479 end_us=14962955 dur_us=3476
UKL-MQTT-BENCH: BUFFULL run_id=try3-c4-sysonly start_us=14966096 end_us=14970985 dur_us=4889
UKL-MQTT-BENCH: BUFFULL run_id=try3-c4-sysonly start_us=14974044 end_us=14975140 dur_us=1096
UKL-MQTT-BENCH: BUFFULL run_id=try3-c4-sysonly start_us=14977162 end_us=14981958 dur_us=4795
UKL-MQTT-BENCH: BUFFULL run_id=try3-c4-sysonly start_us=14984513 end_us=14986112 dur_us=1598
UKL-MQTT-BENCH: BUFFULL run_id=try3-c4-sysonly start_us=14988095 end_us=14991956 dur_us=3860
UKL-MQTT-BENCH: BUFFULL run_id=try3-c4-sysonly start_us=14994991 end_us=14996876 dur_us=1884
UKL-MQTT-BENCH: BUFFULL run_id=try3-c4-sysonly start_us=14998864 end_us=15003176 dur_us=4311
UKL-MQTT-BENCH: BUFFULL run_id=try3-c4-sysonly start_us=15006205 end_us=15008119 dur_us=1913
UKL-MQTT-BENCH: BUFFULL run_id=try3-c4-sysonly start_us=15010099 end_us=15014169 dur_us=4070
UKL-MQTT-BENCH: BUFFULL run_id=try3-c4-sysonly start_us=15016732 end_us=15017848 dur_us=1115
UKL-MQTT-BENCH: BUFFULL run_id=try3-c4-sysonly start_us=15019834 end_us=15023644 dur_us=3810
UKL-MQTT-BENCH: BUFFULL run_id=try3-c4-sysonly start_us=15026181 end_us=15028086 dur_us=1904
UKL-MQTT-BENCH: BUFFULL run_id=try3-c4-sysonly start_us=15030073 end_us=15034973 dur_us=4900
UKL-MQTT-BENCH: BUFFULL run_id=try3-c4-sysonly start_us=15037998 end_us=15039908 dur_us=1910
UKL-MQTT-BENCH: BUFFULL run_id=try3-c4-sysonly start_us=15041893 end_us=15045939 dur_us=4045
UKL-MQTT-BENCH: BUFFULL run_id=try3-c4-sysonly start_us=15048484 end_us=15049855 dur_us=1371
UKL-MQTT-BENCH: BUFFULL run_id=try3-c4-sysonly start_us=15051354 end_us=15055163 dur_us=3809
UKL-MQTT-BENCH: BUFFULL run_id=try3-c4-sysonly start_us=15058203 end_us=15059855 dur_us=1651
UKL-MQTT-BENCH: BUFFULL run_id=try3-c4-sysonly start_us=15061837 end_us=15065960 dur_us=4123
UKL-MQTT-BENCH: BUFFULL run_id=try3-c4-sysonly start_us=15070328 end_us=15075985 dur_us=5656
UKL-MQTT-BENCH: BUFFULL run_id=try3-c4-sysonly start_us=15080827 end_us=15084928 dur_us=4101
UKL-MQTT-BENCH: BUFFULL run_id=try3-c4-sysonly start_us=15087468 end_us=15088847 dur_us=1379
UKL-MQTT-BENCH: BUFFULL run_id=try3-c4-sysonly start_us=15090344 end_us=15092861 dur_us=2517
UKL-MQTT-BENCH: BUFFULL run_id=try3-c4-sysonly start_us=15094878 end_us=15097908 dur_us=3029
UKL-MQTT-BENCH: BUFFULL run_id=try3-c4-sysonly start_us=15099878 end_us=15103956 dur_us=4077
UKL-MQTT-BENCH: BUFFULL run_id=try3-c4-sysonly start_us=15107058 end_us=15109928 dur_us=2869
UKL-MQTT-BENCH: BUFFULL run_id=try3-c4-sysonly start_us=15112453 end_us=15115161 dur_us=2708
UKL-MQTT-BENCH: BUFFULL run_id=try3-c4-sysonly start_us=15117698 end_us=15119855 dur_us=2156
UKL-MQTT-BENCH: BUFFULL run_id=try3-c4-sysonly start_us=15121831 end_us=15124890 dur_us=3059
UKL-MQTT-BENCH: BUFFULL run_id=try3-c4-sysonly start_us=15126857 end_us=15128886 dur_us=2028
UKL-MQTT-BENCH: BUFFULL run_id=try3-c4-sysonly start_us=15130854 end_us=15134927 dur_us=4072
UKL-MQTT-BENCH: BUFFULL run_id=try3-c4-sysonly start_us=15137448 end_us=15138859 dur_us=1410
UKL-MQTT-BENCH: BUFFULL run_id=try3-c4-sysonly start_us=15140834 end_us=15143894 dur_us=3060
UKL-MQTT-BENCH: BUFFULL run_id=try3-c4-sysonly start_us=15145871 end_us=15150183 dur_us=4311
UKL-MQTT-BENCH: BUFFULL run_id=try3-c4-sysonly start_us=15153209 end_us=15155110 dur_us=1901
UKL-MQTT-BENCH: BUFFULL run_id=try3-c4-sysonly start_us=15157089 end_us=15160919 dur_us=3830
UKL-MQTT-BENCH: BUFFULL run_id=try3-c4-sysonly start_us=15165315 end_us=15169953 dur_us=4637
UKL-MQTT-BENCH: BUFFULL run_id=try3-c4-sysonly start_us=15172624 end_us=15175964 dur_us=3339
UKL-MQTT-BENCH: BUFFULL run_id=try3-c4-sysonly start_us=15178521 end_us=15181226 dur_us=2705
UKL-MQTT-BENCH: BUFFULL run_id=try3-c4-sysonly start_us=15183958 end_us=15186164 dur_us=2205
UKL-MQTT-BENCH: BUFFULL run_id=try3-c4-sysonly start_us=15188291 end_us=15190886 dur_us=2595
UKL-MQTT-BENCH: BUFFULL run_id=try3-c4-sysonly start_us=15193012 end_us=15195940 dur_us=2928
UKL-MQTT-BENCH: BUFFULL run_id=try3-c4-sysonly start_us=15198059 end_us=15202989 dur_us=4930
UKL-MQTT-BENCH: BUFFULL run_id=try3-c4-sysonly start_us=15206069 end_us=15208969 dur_us=2899
UKL-MQTT-BENCH: BUFFULL run_id=try3-c4-sysonly start_us=15211525 end_us=15214186 dur_us=2661
UKL-MQTT-BENCH: BUFFULL run_id=try3-c4-sysonly start_us=15216182 end_us=15217867 dur_us=1684
UKL-MQTT-BENCH: BUFFULL run_id=try3-c4-sysonly start_us=15219864 end_us=15222949 dur_us=3084
UKL-MQTT-BENCH: BUFFULL run_id=try3-c4-sysonly start_us=15224948 end_us=15227961 dur_us=3012
UKL-MQTT-BENCH: BUFFULL run_id=try3-c4-sysonly start_us=15230511 end_us=15234190 dur_us=3678
UKL-MQTT-BENCH: BUFFULL run_id=try3-c4-sysonly start_us=15236746 end_us=15239923 dur_us=3177
UKL-MQTT-BENCH: BUFFULL run_id=try3-c4-sysonly start_us=15242467 end_us=15244116 dur_us=1648
UKL-MQTT-BENCH: BUFFULL run_id=try3-c4-sysonly start_us=15246146 end_us=15248926 dur_us=2779
UKL-MQTT-BENCH: BUFFULL run_id=try3-c4-sysonly start_us=15250911 end_us=15254936 dur_us=4024
UKL-MQTT-BENCH: BUFFULL run_id=try3-c4-sysonly start_us=15257474 end_us=15259952 dur_us=2477
UKL-MQTT-BENCH: BUFFULL run_id=try3-c4-sysonly start_us=15262525 end_us=15265930 dur_us=3405
UKL-MQTT-BENCH: BUFFULL run_id=try3-c4-sysonly start_us=15268478 end_us=15271954 dur_us=3476
UKL-MQTT-BENCH: BUFFULL run_id=try3-c4-sysonly start_us=15274489 end_us=15277164 dur_us=2675
UKL-MQTT-BENCH: BUFFULL run_id=try3-c4-sysonly start_us=15279818 end_us=15283950 dur_us=4131
UKL-MQTT-BENCH: BUFFULL run_id=try3-c4-sysonly start_us=15286659 end_us=15289949 dur_us=3289
UKL-MQTT-BENCH: BUFFULL run_id=try3-c4-sysonly start_us=15292664 end_us=15295967 dur_us=3303
UKL-MQTT-BENCH: BUFFULL run_id=try3-c4-sysonly start_us=15298683 end_us=15301958 dur_us=3275
UKL-MQTT-BENCH: BUFFULL run_id=try3-c4-sysonly start_us=15304671 end_us=15307966 dur_us=3295
UKL-MQTT-BENCH: BUFFULL run_id=try3-c4-sysonly start_us=15310678 end_us=15313944 dur_us=3266
UKL-MQTT-BENCH: BUFFULL run_id=try3-c4-sysonly start_us=15316673 end_us=15319968 dur_us=3295
UKL-MQTT-BENCH: BUFFULL run_id=try3-c4-sysonly start_us=15322706 end_us=15327266 dur_us=4560
UKL-MQTT-BENCH: BUFFULL run_id=try3-c4-sysonly start_us=15330525 end_us=15334217 dur_us=3692
UKL-MQTT-BENCH: BUFFULL run_id=try3-c4-sysonly start_us=15336778 end_us=15339938 dur_us=3160
UKL-MQTT-BENCH: BUFFULL run_id=try3-c4-sysonly start_us=15343038 end_us=15345943 dur_us=2904
UKL-MQTT-BENCH: BUFFULL run_id=try3-c4-sysonly start_us=15348480 end_us=15351942 dur_us=3462
UKL-MQTT-BENCH: BUFFULL run_id=try3-c4-sysonly start_us=15354479 end_us=15356140 dur_us=1661
UKL-MQTT-BENCH: BUFFULL run_id=try3-c4-sysonly start_us=15358129 end_us=15361918 dur_us=3788
UKL-MQTT-BENCH: BUFFULL run_id=try3-c4-sysonly start_us=15364446 end_us=15366895 dur_us=2448
UKL-MQTT-BENCH: BUFFULL run_id=try3-c4-sysonly start_us=15368890 end_us=15372228 dur_us=3338
UKL-MQTT-BENCH: BUFFULL run_id=try3-c4-sysonly start_us=15374771 end_us=15377934 dur_us=3162
UKL-MQTT-BENCH: BUFFULL run_id=try3-c4-sysonly start_us=15380497 end_us=15383975 dur_us=3477
UKL-MQTT-BENCH: BUFFULL run_id=try3-c4-sysonly start_us=15386521 end_us=15389951 dur_us=3430
UKL-MQTT-BENCH: BUFFULL run_id=try3-c4-sysonly start_us=15392499 end_us=15395183 dur_us=2684
UKL-MQTT-BENCH: BUFFULL run_id=try3-c4-sysonly start_us=15397759 end_us=15400940 dur_us=3180
UKL-MQTT-BENCH: BUFFULL run_id=try3-c4-sysonly start_us=15403472 end_us=15406944 dur_us=3471
UKL-MQTT-BENCH: BUFFULL run_id=try3-c4-sysonly start_us=15409477 end_us=15411091 dur_us=1613
UKL-MQTT-BENCH: BUFFULL run_id=try3-c4-sysonly start_us=15412581 end_us=15414820 dur_us=2238
UKL-MQTT-BENCH: BUFFULL run_id=try3-c4-sysonly start_us=15416807 end_us=15419893 dur_us=3086
UKL-MQTT-BENCH: BUFFULL run_id=try3-c4-sysonly start_us=15421899 end_us=15425992 dur_us=4093
UKL-MQTT-BENCH: BUFFULL run_id=try3-c4-sysonly start_us=15429227 end_us=15431913 dur_us=2686
UKL-MQTT-BENCH: BUFFULL run_id=try3-c4-sysonly start_us=15434030 end_us=15437911 dur_us=3880
UKL-MQTT-BENCH: BUFFULL run_id=try3-c4-sysonly start_us=15440608 end_us=15441873 dur_us=1264
UKL-MQTT-BENCH: BUFFULL run_id=try3-c4-sysonly start_us=15446317 end_us=15450916 dur_us=4599
UKL-MQTT-BENCH: BUFFULL run_id=try3-c4-sysonly start_us=15453460 end_us=15455121 dur_us=1661
UKL-MQTT-BENCH: BUFFULL run_id=try3-c4-sysonly start_us=15457114 end_us=15462197 dur_us=5082
UKL-MQTT-BENCH: BUFFULL run_id=try3-c4-sysonly start_us=15465243 end_us=15467119 dur_us=1875
UKL-MQTT-BENCH: BUFFULL run_id=try3-c4-sysonly start_us=15469120 end_us=15473167 dur_us=4047
UKL-MQTT-BENCH: BUFFULL run_id=try3-c4-sysonly start_us=15475728 end_us=15476841 dur_us=1112
UKL-MQTT-BENCH: BUFFULL run_id=try3-c4-sysonly start_us=15478834 end_us=15482934 dur_us=4099
UKL-MQTT-BENCH: BUFFULL run_id=try3-c4-sysonly start_us=15487347 end_us=15492952 dur_us=5604
UKL-MQTT-BENCH: BUFFULL run_id=try3-c4-sysonly start_us=15496001 end_us=15497853 dur_us=1851
UKL-MQTT-BENCH: BUFFULL run_id=try3-c4-sysonly start_us=15499852 end_us=15502918 dur_us=3066
UKL-MQTT-BENCH: BUFFULL run_id=try3-c4-sysonly start_us=15505454 end_us=15506817 dur_us=1363
UKL-MQTT-BENCH: BUFFULL run_id=try3-c4-sysonly start_us=15508308 end_us=15512143 dur_us=3834
UKL-MQTT-BENCH: BUFFULL run_id=try3-c4-sysonly start_us=15514694 end_us=15515831 dur_us=1137
UKL-MQTT-BENCH: BUFFULL run_id=try3-c4-sysonly start_us=15517340 end_us=15522187 dur_us=4847
UKL-MQTT-BENCH: BUFFULL run_id=try3-c4-sysonly start_us=15525223 end_us=15527868 dur_us=2645
UKL-MQTT-BENCH: BUFFULL run_id=try3-c4-sysonly start_us=15529844 end_us=15533930 dur_us=4085
UKL-MQTT-BENCH: BUFFULL run_id=try3-c4-sysonly start_us=15536968 end_us=15538125 dur_us=1157
UKL-MQTT-BENCH: BUFFULL run_id=try3-c4-sysonly start_us=15540118 end_us=15544952 dur_us=4834
UKL-MQTT-BENCH: BUFFULL run_id=try3-c4-sysonly start_us=15547999 end_us=15549835 dur_us=1835
UKL-MQTT-BENCH: BUFFULL run_id=try3-c4-sysonly start_us=15551827 end_us=15555147 dur_us=3320
UKL-MQTT-BENCH: BUFFULL run_id=try3-c4-sysonly start_us=15557696 end_us=15559865 dur_us=2169
UKL-MQTT-BENCH: BUFFULL run_id=try3-c4-sysonly start_us=15561858 end_us=15566947 dur_us=5089
UKL-MQTT-BENCH: BUFFULL run_id=try3-c4-sysonly start_us=15569975 end_us=15572940 dur_us=2965
UKL-MQTT-BENCH: BUFFULL run_id=try3-c4-sysonly start_us=15575668 end_us=15578180 dur_us=2512
UKL-MQTT-BENCH: BUFFULL run_id=try3-c4-sysonly start_us=15580740 end_us=15582919 dur_us=2179
UKL-MQTT-BENCH: BUFFULL run_id=try3-c4-sysonly start_us=15584917 end_us=15588918 dur_us=4001
UKL-MQTT-BENCH: BUFFULL run_id=try3-c4-sysonly start_us=15591461 end_us=15594954 dur_us=3493
UKL-MQTT-BENCH: BUFFULL run_id=try3-c4-sysonly start_us=15599327 end_us=15603944 dur_us=4616
UKL-MQTT-BENCH: BUFFULL run_id=try3-c4-sysonly start_us=15606477 end_us=15608097 dur_us=1620
UKL-MQTT-BENCH: BUFFULL run_id=try3-c4-sysonly start_us=15610083 end_us=15614953 dur_us=4870
UKL-MQTT-BENCH: BUFFULL run_id=try3-c4-sysonly start_us=15617993 end_us=15619894 dur_us=1901
UKL-MQTT-BENCH: BUFFULL run_id=try3-c4-sysonly start_us=15621897 end_us=15625136 dur_us=3238
UKL-MQTT-BENCH: BUFFULL run_id=try3-c4-sysonly start_us=15627673 end_us=15628845 dur_us=1172
UKL-MQTT-BENCH: BUFFULL run_id=try3-c4-sysonly start_us=15630328 end_us=15634166 dur_us=3838
UKL-MQTT-BENCH: BUFFULL run_id=try3-c4-sysonly start_us=15636708 end_us=15639901 dur_us=3192
UKL-MQTT-BENCH: BUFFULL run_id=try3-c4-sysonly start_us=15642429 end_us=15645907 dur_us=3478
UKL-MQTT-BENCH: BUFFULL run_id=try3-c4-sysonly start_us=15648447 end_us=15651154 dur_us=2707
UKL-MQTT-BENCH: BUFFULL run_id=try3-c4-sysonly start_us=15653696 end_us=15656916 dur_us=3219
UKL-MQTT-BENCH: BUFFULL run_id=try3-c4-sysonly start_us=15659452 end_us=15662884 dur_us=3432
UKL-MQTT-BENCH: BUFFULL run_id=try3-c4-sysonly start_us=15665448 end_us=15667088 dur_us=1639
UKL-MQTT-BENCH: BUFFULL run_id=try3-c4-sysonly start_us=15669092 end_us=15672925 dur_us=3833
UKL-MQTT-BENCH: BUFFULL run_id=try3-c4-sysonly start_us=15675463 end_us=15677861 dur_us=2397
UKL-MQTT-BENCH: BUFFULL run_id=try3-c4-sysonly start_us=15679858 end_us=15683153 dur_us=3294
UKL-MQTT-BENCH: BUFFULL run_id=try3-c4-sysonly start_us=15685711 end_us=15686845 dur_us=1134
UKL-MQTT-BENCH: BUFFULL run_id=try3-c4-sysonly start_us=15688406 end_us=15692925 dur_us=4519
UKL-MQTT-BENCH: BUFFULL run_id=try3-c4-sysonly start_us=15695640 end_us=15698921 dur_us=3280
UKL-MQTT-BENCH: BUFFULL run_id=try3-c4-sysonly start_us=15701624 end_us=15704908 dur_us=3283
UKL-MQTT-BENCH: BUFFULL run_id=try3-c4-sysonly start_us=15707433 end_us=15708857 dur_us=1424
UKL-MQTT-BENCH: BUFFULL run_id=try3-c4-sysonly start_us=15710847 end_us=15713589 dur_us=2741
UKL-MQTT-BENCH: BUFFULL run_id=try3-c4-sysonly start_us=15715572 end_us=15719121 dur_us=3548
UKL-MQTT-BENCH: BUFFULL run_id=try3-c4-sysonly start_us=15721665 end_us=15724916 dur_us=3250
UKL-MQTT-BENCH: BUFFULL run_id=try3-c4-sysonly start_us=15727480 end_us=15730922 dur_us=3442
UKL-MQTT-BENCH: BUFFULL run_id=try3-c4-sysonly start_us=15733461 end_us=15736913 dur_us=3451
UKL-MQTT-BENCH: BUFFULL run_id=try3-c4-sysonly start_us=15739451 end_us=15742163 dur_us=2712
UKL-MQTT-BENCH: BUFFULL run_id=try3-c4-sysonly start_us=15744716 end_us=15747906 dur_us=3190
UKL-MQTT-BENCH: BUFFULL run_id=try3-c4-sysonly start_us=15750445 end_us=15752088 dur_us=1643
UKL-MQTT-BENCH: BUFFULL run_id=try3-c4-sysonly start_us=15754074 end_us=15756840 dur_us=2766
UKL-MQTT-BENCH: BUFFULL run_id=try3-c4-sysonly start_us=15758821 end_us=15762911 dur_us=4090
UKL-MQTT-BENCH: BUFFULL run_id=try3-c4-sysonly start_us=15765447 end_us=15768883 dur_us=3436
UKL-MQTT-BENCH: BUFFULL run_id=try3-c4-sysonly start_us=15771415 end_us=15773896 dur_us=2481
UKL-MQTT-BENCH: BUFFULL run_id=try3-c4-sysonly start_us=15776444 end_us=15778085 dur_us=1641
UKL-MQTT-BENCH: BUFFULL run_id=try3-c4-sysonly start_us=15780084 end_us=15783894 dur_us=3809
UKL-MQTT-BENCH: BUFFULL run_id=try3-c4-sysonly start_us=15786451 end_us=15789907 dur_us=3455
UKL-MQTT-BENCH: BUFFULL run_id=try3-c4-sysonly start_us=15792527 end_us=15795913 dur_us=3385
UKL-MQTT-BENCH: BUFFULL run_id=try3-c4-sysonly start_us=15798449 end_us=15801168 dur_us=2718
UKL-MQTT-BENCH: BUFFULL run_id=try3-c4-sysonly start_us=15803707 end_us=15806895 dur_us=3187
UKL-MQTT-BENCH: BUFFULL run_id=try3-c4-sysonly start_us=15809437 end_us=15811872 dur_us=2435
UKL-MQTT-BENCH: BUFFULL run_id=try3-c4-sysonly start_us=15813855 end_us=15816884 dur_us=3028
UKL-MQTT-BENCH: BUFFULL run_id=try3-c4-sysonly start_us=15819414 end_us=15822916 dur_us=3501
UKL-MQTT-BENCH: BUFFULL run_id=try3-c4-sysonly start_us=15825466 end_us=15828897 dur_us=3431
UKL-MQTT-BENCH: BUFFULL run_id=try3-c4-sysonly start_us=15831423 end_us=15834173 dur_us=2749
UKL-MQTT-BENCH: BUFFULL run_id=try3-c4-sysonly start_us=15836726 end_us=15839911 dur_us=3184
UKL-MQTT-BENCH: BUFFULL run_id=try3-c4-sysonly start_us=15842459 end_us=15845903 dur_us=3444
UKL-MQTT-BENCH: BUFFULL run_id=try3-c4-sysonly start_us=15848445 end_us=15850142 dur_us=1696
UKL-MQTT-BENCH: BUFFULL run_id=try3-c4-sysonly start_us=15852169 end_us=15854855 dur_us=2686
UKL-MQTT-BENCH: BUFFULL run_id=try3-c4-sysonly start_us=15856844 end_us=15860909 dur_us=4065
UKL-MQTT-BENCH: BUFFULL run_id=try3-c4-sysonly start_us=15863429 end_us=15865917 dur_us=2487
UKL-MQTT-BENCH: BUFFULL run_id=try3-c4-sysonly start_us=15868522 end_us=15871908 dur_us=3386
UKL-MQTT-BENCH: BUFFULL run_id=try3-c4-sysonly start_us=15874433 end_us=15876843 dur_us=2409
UKL-MQTT-BENCH: BUFFULL run_id=try3-c4-sysonly start_us=15878838 end_us=15880834 dur_us=1996
UKL-MQTT-BENCH: BUFFULL run_id=try3-c4-sysonly start_us=15882820 end_us=15886921 dur_us=4100
UKL-MQTT-BENCH: BUFFULL run_id=try3-c4-sysonly start_us=15889467 end_us=15892903 dur_us=3435
UKL-MQTT-BENCH: BUFFULL run_id=try3-c4-sysonly start_us=15895435 end_us=15897913 dur_us=2478
UKL-MQTT-BENCH: BUFFULL run_id=try3-c4-sysonly start_us=15900459 end_us=15902832 dur_us=2373
UKL-MQTT-BENCH: BUFFULL run_id=try3-c4-sysonly start_us=15904824 end_us=15908139 dur_us=3315
UKL-MQTT-BENCH: BUFFULL run_id=try3-c4-sysonly start_us=15910681 end_us=15913867 dur_us=3185
UKL-MQTT-BENCH: BUFFULL run_id=try3-c4-sysonly start_us=15915862 end_us=15919903 dur_us=4040
UKL-MQTT-BENCH: BUFFULL run_id=try3-c4-sysonly start_us=15922929 end_us=15925918 dur_us=2988
UKL-MQTT-BENCH: BUFFULL run_id=try3-c4-sysonly start_us=15928450 end_us=15930917 dur_us=2466
UKL-MQTT-BENCH: BUFFULL run_id=try3-c4-sysonly start_us=15933478 end_us=15936927 dur_us=3448
UKL-MQTT-BENCH: BUFFULL run_id=try3-c4-sysonly start_us=15939465 end_us=15941852 dur_us=2386
UKL-MQTT-BENCH: BUFFULL run_id=try3-c4-sysonly start_us=15943363 end_us=15946941 dur_us=3577
UKL-MQTT-BENCH: BUFFULL run_id=try3-c4-sysonly start_us=15949981 end_us=15951844 dur_us=1863
UKL-MQTT-BENCH: BUFFULL run_id=try3-c4-sysonly start_us=15953829 end_us=15957153 dur_us=3323
UKL-MQTT-BENCH: BUFFULL run_id=try3-c4-sysonly start_us=15959683 end_us=15960835 dur_us=1151
UKL-MQTT-BENCH: BUFFULL run_id=try3-c4-sysonly start_us=15962310 end_us=15966906 dur_us=4595
UKL-MQTT-BENCH: BUFFULL run_id=try3-c4-sysonly start_us=15969449 end_us=15971894 dur_us=2445
UKL-MQTT-BENCH: BUFFULL run_id=try3-c4-sysonly start_us=15974425 end_us=15977898 dur_us=3472
UKL-MQTT-BENCH: BUFFULL run_id=try3-c4-sysonly start_us=15980449 end_us=15983884 dur_us=3435
UKL-MQTT-BENCH: BUFFULL run_id=try3-c4-sysonly start_us=15986429 end_us=15989134 dur_us=2705
UKL-MQTT-BENCH: BUFFULL run_id=try3-c4-sysonly start_us=15991725 end_us=15994931 dur_us=3205
UKL-MQTT-BENCH: BUFFULL run_id=try3-c4-sysonly start_us=15997481 end_us=16000877 dur_us=3395
UKL-MQTT-BENCH: BUFFULL run_id=try3-c4-sysonly start_us=16003415 end_us=16006174 dur_us=2759
UKL-MQTT-BENCH: BUFFULL run_id=try3-c4-sysonly start_us=16008716 end_us=16009805 dur_us=1088
UKL-MQTT-BENCH: BUFFULL run_id=try3-c4-sysonly start_us=16011297 end_us=16015881 dur_us=4583
UKL-MQTT-BENCH: BUFFULL run_id=try3-c4-sysonly start_us=16018439 end_us=16020904 dur_us=2464
UKL-MQTT-BENCH: BUFFULL run_id=try3-c4-sysonly start_us=16023438 end_us=16026923 dur_us=3484
UKL-MQTT-BENCH: BUFFULL run_id=try3-c4-sysonly start_us=16029467 end_us=16032894 dur_us=3426
UKL-MQTT-BENCH: BUFFULL run_id=try3-c4-sysonly start_us=16035422 end_us=16036832 dur_us=1409
UKL-MQTT-BENCH: BUFFULL run_id=try3-c4-sysonly start_us=16038816 end_us=16042908 dur_us=4091
UKL-MQTT-BENCH: BUFFULL run_id=try3-c4-sysonly start_us=16045438 end_us=16047107 dur_us=1669
UKL-MQTT-BENCH: BUFFULL run_id=try3-c4-sysonly start_us=16049095 end_us=16052899 dur_us=3804
UKL-MQTT-BENCH: BUFFULL run_id=try3-c4-sysonly start_us=16055428 end_us=16057101 dur_us=1673
UKL-MQTT-BENCH: BUFFULL run_id=try3-c4-sysonly start_us=16059084 end_us=16064111 dur_us=5026
UKL-MQTT-BENCH: BUFFULL run_id=try3-c4-sysonly start_us=16067148 end_us=16068829 dur_us=1680
UKL-MQTT-BENCH: BUFFULL run_id=try3-c4-sysonly start_us=16070816 end_us=16074152 dur_us=3336
UKL-MQTT-BENCH: BUFFULL run_id=try3-c4-sysonly start_us=16076707 end_us=16077806 dur_us=1099
UKL-MQTT-BENCH: BUFFULL run_id=try3-c4-sysonly start_us=16079302 end_us=16084934 dur_us=5631
UKL-MQTT-BENCH: BUFFULL run_id=try3-c4-sysonly start_us=16088029 end_us=16089096 dur_us=1066
UKL-MQTT-BENCH: BUFFULL run_id=try3-c4-sysonly start_us=16091086 end_us=16095937 dur_us=4850
UKL-MQTT-BENCH: BUFFULL run_id=try3-c4-sysonly start_us=16098984 end_us=16100833 dur_us=1849
UKL-MQTT-BENCH: BUFFULL run_id=try3-c4-sysonly start_us=16102823 end_us=16106906 dur_us=4083
UKL-MQTT-BENCH: BUFFULL run_id=try3-c4-sysonly start_us=16109438 end_us=16110825 dur_us=1387
UKL-MQTT-BENCH: BUFFULL run_id=try3-c4-sysonly start_us=16112816 end_us=16117915 dur_us=5099
UKL-MQTT-BENCH: BUFFULL run_id=try3-c4-sysonly start_us=16121597 end_us=16126912 dur_us=5315
UKL-MQTT-BENCH: BUFFULL run_id=try3-c4-sysonly start_us=16132302 end_us=16136935 dur_us=4633
UKL-MQTT-BENCH: BUFFULL run_id=try3-c4-sysonly start_us=16141692 end_us=16146924 dur_us=5232
UKL-MQTT-BENCH: BUFFULL run_id=try3-c4-sysonly start_us=16152294 end_us=16157172 dur_us=4877
UKL-MQTT-BENCH: BUFFULL run_id=try3-c4-sysonly start_us=16162309 end_us=16166149 dur_us=3839
UKL-MQTT-BENCH: BUFFULL run_id=try3-c4-sysonly start_us=16168694 end_us=16170070 dur_us=1375
UKL-MQTT-BENCH: BUFFULL run_id=try3-c4-sysonly start_us=16171586 end_us=16175163 dur_us=3577
UKL-MQTT-BENCH: BUFFULL run_id=try3-c4-sysonly start_us=16177727 end_us=16179857 dur_us=2130
UKL-MQTT-BENCH: BUFFULL run_id=try3-c4-sysonly start_us=16181912 end_us=16186924 dur_us=5011
UKL-MQTT-BENCH: BUFFULL run_id=try3-c4-sysonly start_us=16189964 end_us=16192904 dur_us=2939
UKL-MQTT-BENCH: BUFFULL run_id=try3-c4-sysonly start_us=16195469 end_us=16198189 dur_us=2719
UKL-MQTT-BENCH: BUFFULL run_id=try3-c4-sysonly start_us=16200768 end_us=16203860 dur_us=3092
UKL-MQTT-BENCH: BUFFULL run_id=try3-c4-sysonly start_us=16206431 end_us=16209877 dur_us=3445
UKL-MQTT-BENCH: BUFFULL run_id=try3-c4-sysonly start_us=16212412 end_us=16215164 dur_us=2752
UKL-MQTT-BENCH: BUFFULL run_id=try3-c4-sysonly start_us=16217699 end_us=16221149 dur_us=3449
UKL-MQTT-BENCH: BUFFULL run_id=try3-c4-sysonly start_us=16223715 end_us=16226907 dur_us=3192
UKL-MQTT-BENCH: BUFFULL run_id=try3-c4-sysonly start_us=16229447 end_us=16232865 dur_us=3418
UKL-MQTT-BENCH: BUFFULL run_id=try3-c4-sysonly start_us=16235404 end_us=16238153 dur_us=2749
UKL-MQTT-BENCH: BUFFULL run_id=try3-c4-sysonly start_us=16240694 end_us=16242842 dur_us=2148
UKL-MQTT-BENCH: BUFFULL run_id=try3-c4-sysonly start_us=16244836 end_us=16247886 dur_us=3049
UKL-MQTT-BENCH: BUFFULL run_id=try3-c4-sysonly start_us=16250429 end_us=16253878 dur_us=3448
UKL-MQTT-BENCH: BUFFULL run_id=try3-c4-sysonly start_us=16256411 end_us=16259876 dur_us=3464
UKL-MQTT-BENCH: BUFFULL run_id=try3-c4-sysonly start_us=16262416 end_us=16265153 dur_us=2737
UKL-MQTT-BENCH: BUFFULL run_id=try3-c4-sysonly start_us=16267703 end_us=16269837 dur_us=2134
UKL-MQTT-BENCH: BUFFULL run_id=try3-c4-sysonly start_us=16271847 end_us=16276919 dur_us=5072
UKL-MQTT-BENCH: BUFFULL run_id=try3-c4-sysonly start_us=16279942 end_us=16282917 dur_us=2974
UKL-MQTT-BENCH: BUFFULL run_id=try3-c4-sysonly start_us=16285450 end_us=16287905 dur_us=2454
UKL-MQTT-BENCH: BUFFULL run_id=try3-c4-sysonly start_us=16290450 end_us=16293922 dur_us=3472
UKL-MQTT-BENCH: BUFFULL run_id=try3-c4-sysonly start_us=16296457 end_us=16298107 dur_us=1649
UKL-MQTT-BENCH: BUFFULL run_id=try3-c4-sysonly start_us=16299603 end_us=16305199 dur_us=5596
UKL-MQTT-BENCH: BUFFULL run_id=try3-c4-sysonly start_us=16308801 end_us=16309829 dur_us=1027
UKL-MQTT-BENCH: BUFFULL run_id=try3-c4-sysonly start_us=16311819 end_us=16316168 dur_us=4349
UKL-MQTT-BENCH: BUFFULL run_id=try3-c4-sysonly start_us=16318710 end_us=16319833 dur_us=1122
UKL-MQTT-BENCH: BUFFULL run_id=try3-c4-sysonly start_us=16321828 end_us=16326930 dur_us=5101
UKL-MQTT-BENCH: BUFFULL run_id=try3-c4-sysonly start_us=16331115 end_us=16334892 dur_us=3777
UKL-MQTT-BENCH: BUFFULL run_id=try3-c4-sysonly start_us=16337426 end_us=16339878 dur_us=2452
UKL-MQTT-BENCH: BUFFULL run_id=try3-c4-sysonly start_us=16341881 end_us=16345918 dur_us=4036
UKL-MQTT-BENCH: BUFFULL run_id=try3-c4-sysonly start_us=16348947 end_us=16351862 dur_us=2914
UKL-MQTT-BENCH: BUFFULL run_id=try3-c4-sysonly start_us=16354404 end_us=16357158 dur_us=2754
UKL-MQTT-BENCH: BUFFULL run_id=try3-c4-sysonly start_us=16359708 end_us=16361820 dur_us=2111
UKL-MQTT-BENCH: BUFFULL run_id=try3-c4-sysonly start_us=16363810 end_us=16368916 dur_us=5105
UKL-MQTT-BENCH: BUFFULL run_id=try3-c4-sysonly start_us=16371961 end_us=16373112 dur_us=1150
UKL-MQTT-BENCH: BUFFULL run_id=try3-c4-sysonly start_us=16375111 end_us=16378883 dur_us=3772
UKL-MQTT-BENCH: BUFFULL run_id=try3-c4-sysonly start_us=16383562 end_us=16387877 dur_us=4315
UKL-MQTT-BENCH: BUFFULL run_id=try3-c4-sysonly start_us=16390421 end_us=16393897 dur_us=3476
UKL-MQTT-BENCH: BUFFULL run_id=try3-c4-sysonly start_us=16396433 end_us=16400187 dur_us=3753
UKL-MQTT-BENCH: BUFFULL run_id=try3-c4-sysonly start_us=16403287 end_us=16406148 dur_us=2860
UKL-MQTT-BENCH: BUFFULL run_id=try3-c4-sysonly start_us=16408692 end_us=16411900 dur_us=3207
UKL-MQTT-BENCH: BUFFULL run_id=try3-c4-sysonly start_us=16414445 end_us=16417904 dur_us=3458
UKL-MQTT-BENCH: BUFFULL run_id=try3-c4-sysonly start_us=16420436 end_us=16423879 dur_us=3443
UKL-MQTT-BENCH: BUFFULL run_id=try3-c4-sysonly start_us=16426445 end_us=16428890 dur_us=2444
UKL-MQTT-BENCH: BUFFULL run_id=try3-c4-sysonly start_us=16431428 end_us=16434863 dur_us=3434
UKL-MQTT-BENCH: BUFFULL run_id=try3-c4-sysonly start_us=16437406 end_us=16440868 dur_us=3462
UKL-MQTT-BENCH: BUFFULL run_id=try3-c4-sysonly start_us=16443414 end_us=16446171 dur_us=2756
UKL-MQTT-BENCH: BUFFULL run_id=try3-c4-sysonly start_us=16448715 end_us=16451883 dur_us=3167
UKL-MQTT-BENCH: BUFFULL run_id=try3-c4-sysonly start_us=16454417 end_us=16457854 dur_us=3437
UKL-MQTT-BENCH: BUFFULL run_id=try3-c4-sysonly start_us=16460387 end_us=16461848 dur_us=1460
UKL-MQTT-BENCH: BUFFULL run_id=try3-c4-sysonly start_us=16463831 end_us=16465826 dur_us=1994
UKL-MQTT-BENCH: BUFFULL run_id=try3-c4-sysonly start_us=16467319 end_us=16470875 dur_us=3556
UKL-MQTT-BENCH: BUFFULL run_id=try3-c4-sysonly start_us=16473405 end_us=16476874 dur_us=3469
UKL-MQTT-BENCH: BUFFULL run_id=try3-c4-sysonly start_us=16479416 end_us=16482871 dur_us=3455
UKL-MQTT-BENCH: BUFFULL run_id=try3-c4-sysonly start_us=16485403 end_us=16488135 dur_us=2732
UKL-MQTT-BENCH: BUFFULL run_id=try3-c4-sysonly start_us=16490713 end_us=16492811 dur_us=2098
UKL-MQTT-BENCH: BUFFULL run_id=try3-c4-sysonly start_us=16494799 end_us=16499900 dur_us=5101
UKL-MQTT-BENCH: BUFFULL run_id=try3-c4-sysonly start_us=16502938 end_us=16504127 dur_us=1189
UKL-MQTT-BENCH: BUFFULL run_id=try3-c4-sysonly start_us=16506115 end_us=16509900 dur_us=3785
UKL-MQTT-BENCH: BUFFULL run_id=try3-c4-sysonly start_us=16514546 end_us=16518852 dur_us=4306
UKL-MQTT-BENCH: BUFFULL run_id=try3-c4-sysonly start_us=16521384 end_us=16523098 dur_us=1713
UKL-MQTT-BENCH: BUFFULL run_id=try3-c4-sysonly start_us=16525077 end_us=16528867 dur_us=3790
UKL-MQTT-BENCH: BUFFULL run_id=try3-c4-sysonly start_us=16531408 end_us=16536149 dur_us=4741
UKL-MQTT-BENCH: BUFFULL run_id=try3-c4-sysonly start_us=16539182 end_us=16541883 dur_us=2700
UKL-MQTT-BENCH: BUFFULL run_id=try3-c4-sysonly start_us=16544414 end_us=16548180 dur_us=3766
UKL-MQTT-BENCH: BUFFULL run_id=try3-c4-sysonly start_us=16551228 end_us=16553883 dur_us=2655
UKL-MQTT-BENCH: BUFFULL run_id=try3-c4-sysonly start_us=16556423 end_us=16559871 dur_us=3448
UKL-MQTT-BENCH: BUFFULL run_id=try3-c4-sysonly start_us=16562406 end_us=16564090 dur_us=1684
UKL-MQTT-BENCH: BUFFULL run_id=try3-c4-sysonly start_us=16565576 end_us=16569895 dur_us=4318
UKL-MQTT-BENCH: BUFFULL run_id=try3-c4-sysonly start_us=16572905 end_us=16574087 dur_us=1182
UKL-MQTT-BENCH: BUFFULL run_id=try3-c4-sysonly start_us=16576070 end_us=16579868 dur_us=3797
UKL-MQTT-BENCH: BUFFULL run_id=try3-c4-sysonly start_us=16582402 end_us=16583810 dur_us=1408
UKL-MQTT-BENCH: BUFFULL run_id=try3-c4-sysonly start_us=16585293 end_us=16589156 dur_us=3862
UKL-MQTT-BENCH: BUFFULL run_id=try3-c4-sysonly start_us=16591698 end_us=16594870 dur_us=3172
UKL-MQTT-BENCH: BUFFULL run_id=try3-c4-sysonly start_us=16597403 end_us=16600871 dur_us=3468
UKL-MQTT-BENCH: BUFFULL run_id=try3-c4-sysonly start_us=16603437 end_us=16606195 dur_us=2757
UKL-MQTT-BENCH: BUFFULL run_id=try3-c4-sysonly start_us=16608750 end_us=16612173 dur_us=3422
UKL-MQTT-BENCH: BUFFULL run_id=try3-c4-sysonly start_us=16614722 end_us=16617886 dur_us=3163
UKL-MQTT-BENCH: BUFFULL run_id=try3-c4-sysonly start_us=16620420 end_us=16623873 dur_us=3452
UKL-MQTT-BENCH: BUFFULL run_id=try3-c4-sysonly start_us=16626406 end_us=16627833 dur_us=1426
UKL-MQTT-BENCH: BUFFULL run_id=try3-c4-sysonly start_us=16629819 end_us=16632832 dur_us=3013
UKL-MQTT-BENCH: BUFFULL run_id=try3-c4-sysonly start_us=16634819 end_us=16636798 dur_us=1978
UKL-MQTT-BENCH: BUFFULL run_id=try3-c4-sysonly start_us=16638780 end_us=16644147 dur_us=5366
UKL-MQTT-BENCH: BUFFULL run_id=try3-c4-sysonly start_us=16647171 end_us=16649881 dur_us=2710
UKL-MQTT-BENCH: BUFFULL run_id=try3-c4-sysonly start_us=16652423 end_us=16656195 dur_us=3771
UKL-MQTT-BENCH: BUFFULL run_id=try3-c4-sysonly start_us=16659223 end_us=16661853 dur_us=2629
UKL-MQTT-BENCH: BUFFULL run_id=try3-c4-sysonly start_us=16664380 end_us=16667857 dur_us=3477
UKL-MQTT-BENCH: BUFFULL run_id=try3-c4-sysonly start_us=16670379 end_us=16672102 dur_us=1722
UKL-MQTT-BENCH: BUFFULL run_id=try3-c4-sysonly start_us=16674080 end_us=16678884 dur_us=4803
UKL-MQTT-BENCH: BUFFULL run_id=try3-c4-sysonly start_us=16681915 end_us=16683857 dur_us=1942
UKL-MQTT-BENCH: BUFFULL run_id=try3-c4-sysonly start_us=16685911 end_us=16690181 dur_us=4269
UKL-MQTT-BENCH: BUFFULL run_id=try3-c4-sysonly start_us=16692889 end_us=16695857 dur_us=2967
UKL-MQTT-BENCH: BUFFULL run_id=try3-c4-sysonly start_us=16698564 end_us=16700122 dur_us=1558
UKL-MQTT-BENCH: BUFFULL run_id=try3-c4-sysonly start_us=16702235 end_us=16704846 dur_us=2611
UKL-MQTT-BENCH: BUFFULL run_id=try3-c4-sysonly start_us=16706871 end_us=16709835 dur_us=2964
UKL-MQTT-BENCH: BUFFULL run_id=try3-c4-sysonly start_us=16711818 end_us=16716922 dur_us=5103
UKL-MQTT-BENCH: BUFFULL run_id=try3-c4-sysonly start_us=16719950 end_us=16721875 dur_us=1924
UKL-MQTT-BENCH: BUFFULL run_id=try3-c4-sysonly start_us=16724417 end_us=16727871 dur_us=3454
UKL-MQTT-BENCH: BUFFULL run_id=try3-c4-sysonly start_us=16730400 end_us=16733881 dur_us=3481
UKL-MQTT-BENCH: BUFFULL run_id=try3-c4-sysonly start_us=16736431 end_us=16739155 dur_us=2724
UKL-MQTT-BENCH: BUFFULL run_id=try3-c4-sysonly start_us=16741698 end_us=16744858 dur_us=3159
UKL-MQTT-BENCH: BUFFULL run_id=try3-c4-sysonly start_us=16747397 end_us=16749837 dur_us=2440
UKL-MQTT-BENCH: BUFFULL run_id=try3-c4-sysonly start_us=16751821 end_us=16753832 dur_us=2010
UKL-MQTT-BENCH: BUFFULL run_id=try3-c4-sysonly start_us=16755813 end_us=16760907 dur_us=5093
UKL-MQTT-BENCH: BUFFULL run_id=try3-c4-sysonly start_us=16763945 end_us=16765859 dur_us=1913
UKL-MQTT-BENCH: BUFFULL run_id=try3-c4-sysonly start_us=16767848 end_us=16771875 dur_us=4027
UKL-MQTT-BENCH: BUFFULL run_id=try3-c4-sysonly start_us=16774425 end_us=16776842 dur_us=2416
UKL-MQTT-BENCH: BUFFULL run_id=try3-c4-sysonly start_us=16779379 end_us=16782853 dur_us=3474
UKL-MQTT-BENCH: BUFFULL run_id=try3-c4-sysonly start_us=16785385 end_us=16788159 dur_us=2773
UKL-MQTT-BENCH: BUFFULL run_id=try3-c4-sysonly start_us=16790685 end_us=16793853 dur_us=3167
UKL-MQTT-BENCH: BUFFULL run_id=try3-c4-sysonly start_us=16796459 end_us=16799870 dur_us=3411
UKL-MQTT-BENCH: BUFFULL run_id=try3-c4-sysonly start_us=16802412 end_us=16805189 dur_us=2777
UKL-MQTT-BENCH: BUFFULL run_id=try3-c4-sysonly start_us=16807736 end_us=16811140 dur_us=3404
UKL-MQTT-BENCH: BUFFULL run_id=try3-c4-sysonly start_us=16813678 end_us=16815835 dur_us=2157
UKL-MQTT-BENCH: BUFFULL run_id=try3-c4-sysonly start_us=16817824 end_us=16820131 dur_us=2307
UKL-MQTT-BENCH: BUFFULL run_id=try3-c4-sysonly start_us=16822127 end_us=16825865 dur_us=3738
UKL-MQTT-BENCH: BUFFULL run_id=try3-c4-sysonly start_us=16828518 end_us=16830874 dur_us=2355
UKL-MQTT-BENCH: BUFFULL run_id=try3-c4-sysonly start_us=16832910 end_us=16836166 dur_us=3255
UKL-MQTT-BENCH: BUFFULL run_id=try3-c4-sysonly start_us=16838720 end_us=16841897 dur_us=3176
UKL-MQTT-BENCH: BUFFULL run_id=try3-c4-sysonly start_us=16844431 end_us=16846802 dur_us=2370
UKL-MQTT-BENCH: BUFFULL run_id=try3-c4-sysonly start_us=16848284 end_us=16852181 dur_us=3896
UKL-MQTT-BENCH: BUFFULL run_id=try3-c4-sysonly start_us=16855221 end_us=16857877 dur_us=2655
UKL-MQTT-BENCH: BUFFULL run_id=try3-c4-sysonly start_us=16860396 end_us=16863878 dur_us=3481
UKL-MQTT-BENCH: BUFFULL run_id=try3-c4-sysonly start_us=16866412 end_us=16868097 dur_us=1684
UKL-MQTT-BENCH: BUFFULL run_id=try3-c4-sysonly start_us=16869587 end_us=16872808 dur_us=3220
UKL-MQTT-BENCH: BUFFULL run_id=try3-c4-sysonly start_us=16875357 end_us=16878158 dur_us=2801
UKL-MQTT-BENCH: BUFFULL run_id=try3-c4-sysonly start_us=16880683 end_us=16884149 dur_us=3465
UKL-MQTT-BENCH: BUFFULL run_id=try3-c4-sysonly start_us=16886681 end_us=16889850 dur_us=3168
UKL-MQTT-BENCH: BUFFULL run_id=try3-c4-sysonly start_us=16892383 end_us=16895852 dur_us=3469
UKL-MQTT-BENCH: BUFFULL run_id=try3-c4-sysonly start_us=16898388 end_us=16901138 dur_us=2749
UKL-MQTT-BENCH: BUFFULL run_id=try3-c4-sysonly start_us=16903664 end_us=16906864 dur_us=3199
UKL-MQTT-BENCH: BUFFULL run_id=try3-c4-sysonly start_us=16909392 end_us=16912855 dur_us=3463
UKL-MQTT-BENCH: BUFFULL run_id=try3-c4-sysonly start_us=16915393 end_us=16919175 dur_us=3781
UKL-MQTT-BENCH: BUFFULL run_id=try3-c4-sysonly start_us=16922209 end_us=16924880 dur_us=2670
UKL-MQTT-BENCH: BUFFULL run_id=try3-c4-sysonly start_us=16927415 end_us=16930871 dur_us=3455
UKL-MQTT-BENCH: BUFFULL run_id=try3-c4-sysonly start_us=16933409 end_us=16936860 dur_us=3450
UKL-MQTT-BENCH: BUFFULL run_id=try3-c4-sysonly start_us=16939390 end_us=16941847 dur_us=2456
UKL-MQTT-BENCH: BUFFULL run_id=try3-c4-sysonly start_us=16944376 end_us=16947882 dur_us=3506
UKL-MQTT-BENCH: BUFFULL run_id=try3-c4-sysonly start_us=16950420 end_us=16953885 dur_us=3465
UKL-MQTT-BENCH: BUFFULL run_id=try3-c4-sysonly start_us=16956424 end_us=16959184 dur_us=2759
UKL-MQTT-BENCH: BUFFULL run_id=try3-c4-sysonly start_us=16961719 end_us=16964843 dur_us=3124
UKL-MQTT-BENCH: BUFFULL run_id=try3-c4-sysonly start_us=16967444 end_us=16970855 dur_us=3411
UKL-MQTT-BENCH: BUFFULL run_id=try3-c4-sysonly start_us=16973402 end_us=16975092 dur_us=1690
UKL-MQTT-BENCH: BUFFULL run_id=try3-c4-sysonly start_us=16977086 end_us=16980880 dur_us=3793
UKL-MQTT-BENCH: BUFFULL run_id=try3-c4-sysonly start_us=16983428 end_us=16987906 dur_us=4477
UKL-MQTT-BENCH: BUFFULL run_id=try3-c4-sysonly start_us=16990944 end_us=16993166 dur_us=2221
UKL-MQTT-BENCH: BUFFULL run_id=try3-c4-sysonly start_us=16995720 end_us=16999211 dur_us=3491
UKL-MQTT-BENCH: BUFFULL run_id=try3-c4-sysonly start_us=17001827 end_us=17004875 dur_us=3048
UKL-MQTT-BENCH: BUFFULL run_id=try3-c4-sysonly start_us=17007418 end_us=17010886 dur_us=3467
UKL-MQTT-BENCH: BUFFULL run_id=try3-c4-sysonly start_us=17013472 end_us=17016893 dur_us=3420
UKL-MQTT-BENCH: BUFFULL run_id=try3-c4-sysonly start_us=17019438 end_us=17022865 dur_us=3427
UKL-MQTT-BENCH: BUFFULL run_id=try3-c4-sysonly start_us=17025398 end_us=17027852 dur_us=2453
UKL-MQTT-BENCH: BUFFULL run_id=try3-c4-sysonly start_us=17030412 end_us=17033865 dur_us=3453
UKL-MQTT-BENCH: BUFFULL run_id=try3-c4-sysonly start_us=17036407 end_us=17039868 dur_us=3460
UKL-MQTT-BENCH: BUFFULL run_id=try3-c4-sysonly start_us=17042415 end_us=17045166 dur_us=2750
UKL-MQTT-BENCH: BUFFULL run_id=try3-c4-sysonly start_us=17047711 end_us=17050869 dur_us=3158
UKL-MQTT-BENCH: BUFFULL run_id=try3-c4-sysonly start_us=17055543 end_us=17058074 dur_us=2531
UKL-MQTT-BENCH: BUFFULL run_id=try3-c4-sysonly start_us=17059573 end_us=17063123 dur_us=3549
UKL-MQTT-BENCH: BUFFULL run_id=try3-c4-sysonly start_us=17065663 end_us=17067094 dur_us=1430
UKL-MQTT-BENCH: BUFFULL run_id=try3-c4-sysonly start_us=17068590 end_us=17074916 dur_us=6325
UKL-MQTT-BENCH: BUFFULL run_id=try3-c4-sysonly start_us=17081107 end_us=17086188 dur_us=5080
UKL-MQTT-BENCH: BUFFULL run_id=try3-c4-sysonly start_us=17089209 end_us=17090797 dur_us=1587
UKL-MQTT-BENCH: BUFFULL run_id=try3-c4-sysonly start_us=17092788 end_us=17096871 dur_us=4083
UKL-MQTT-BENCH: BUFFULL run_id=try3-c4-sysonly start_us=17099417 end_us=17100790 dur_us=1373
UKL-MQTT-BENCH: BUFFULL run_id=try3-c4-sysonly start_us=17102773 end_us=17107907 dur_us=5133
UKL-MQTT-BENCH: BUFFULL run_id=try3-c4-sysonly start_us=17110933 end_us=17112811 dur_us=1877
UKL-MQTT-BENCH: BUFFULL run_id=try3-c4-sysonly start_us=17114808 end_us=17118869 dur_us=4060
UKL-MQTT-BENCH: BUFFULL run_id=try3-c4-sysonly start_us=17121405 end_us=17122638 dur_us=1232
UKL-MQTT-BENCH: BUFFULL run_id=try3-c4-sysonly start_us=17124644 end_us=17129910 dur_us=5266
UKL-MQTT-BENCH: BUFFULL run_id=try3-c4-sysonly start_us=17132945 end_us=17134835 dur_us=1890
UKL-MQTT-BENCH: BUFFULL run_id=try3-c4-sysonly start_us=17136816 end_us=17140871 dur_us=4054
UKL-MQTT-BENCH: BUFFULL run_id=try3-c4-sysonly start_us=17143407 end_us=17145828 dur_us=2421
UKL-MQTT-BENCH: BUFFULL run_id=try3-c4-sysonly start_us=17148394 end_us=17151152 dur_us=2758
UKL-MQTT-BENCH: BUFFULL run_id=try3-c4-sysonly start_us=17153678 end_us=17157149 dur_us=3471
UKL-MQTT-BENCH: BUFFULL run_id=try3-c4-sysonly start_us=17159689 end_us=17162854 dur_us=3165
UKL-MQTT-BENCH: BUFFULL run_id=try3-c4-sysonly start_us=17165383 end_us=17168129 dur_us=2746
UKL-MQTT-BENCH: BUFFULL run_id=try3-c4-sysonly start_us=17170690 end_us=17174158 dur_us=3467
UKL-MQTT-BENCH: BUFFULL run_id=try3-c4-sysonly start_us=17176755 end_us=17179820 dur_us=3064
UKL-MQTT-BENCH: BUFFULL run_id=try3-c4-sysonly start_us=17181850 end_us=17184118 dur_us=2267
UKL-MQTT-BENCH: BUFFULL run_id=try3-c4-sysonly start_us=17186655 end_us=17188809 dur_us=2154
UKL-MQTT-BENCH: BUFFULL run_id=try3-c4-sysonly start_us=17190790 end_us=17195894 dur_us=5103
UKL-MQTT-BENCH: BUFFULL run_id=try3-c4-sysonly start_us=17198936 end_us=17201843 dur_us=2907
UKL-MQTT-BENCH: BUFFULL run_id=try3-c4-sysonly start_us=17204368 end_us=17206840 dur_us=2472
UKL-MQTT-BENCH: BUFFULL run_id=try3-c4-sysonly start_us=17209372 end_us=17211788 dur_us=2416
UKL-MQTT-BENCH: BUFFULL run_id=try3-c4-sysonly start_us=17213793 end_us=17217163 dur_us=3370
UKL-MQTT-BENCH: BUFFULL run_id=try3-c4-sysonly start_us=17219736 end_us=17221823 dur_us=2086
UKL-MQTT-BENCH: BUFFULL run_id=try3-c4-sysonly start_us=17223870 end_us=17227859 dur_us=3988
UKL-MQTT-BENCH: BUFFULL run_id=try3-c4-sysonly start_us=17230405 end_us=17232100 dur_us=1695
UKL-MQTT-BENCH: BUFFULL run_id=try3-c4-sysonly start_us=17234099 end_us=17236803 dur_us=2704
UKL-MQTT-BENCH: BUFFULL run_id=try3-c4-sysonly start_us=17238796 end_us=17242869 dur_us=4073
UKL-MQTT-BENCH: BUFFULL run_id=try3-c4-sysonly start_us=17245415 end_us=17248825 dur_us=3410
UKL-MQTT-BENCH: BUFFULL run_id=try3-c4-sysonly start_us=17251371 end_us=17254179 dur_us=2807
UKL-MQTT-BENCH: BUFFULL run_id=try3-c4-sysonly start_us=17256748 end_us=17260866 dur_us=4117
UKL-MQTT-BENCH: BUFFULL run_id=try3-c4-sysonly start_us=17263413 end_us=17266825 dur_us=3411
UKL-MQTT-BENCH: BUFFULL run_id=try3-c4-sysonly start_us=17269351 end_us=17271834 dur_us=2482
UKL-MQTT-BENCH: BUFFULL run_id=try3-c4-sysonly start_us=17274380 end_us=17277851 dur_us=3470
UKL-MQTT-BENCH: BUFFULL run_id=try3-c4-sysonly start_us=17280398 end_us=17283847 dur_us=3449
UKL-MQTT-BENCH: BUFFULL run_id=try3-c4-sysonly start_us=17286385 end_us=17289837 dur_us=3451
UKL-MQTT-BENCH: BUFFULL run_id=try3-c4-sysonly start_us=17292370 end_us=17295142 dur_us=2771
UKL-MQTT-BENCH: BUFFULL run_id=try3-c4-sysonly start_us=17297687 end_us=17300835 dur_us=3148
UKL-MQTT-BENCH: BUFFULL run_id=try3-c4-sysonly start_us=17303364 end_us=17306831 dur_us=3467
UKL-MQTT-BENCH: BUFFULL run_id=try3-c4-sysonly start_us=17309356 end_us=17312151 dur_us=2794
UKL-MQTT-BENCH: BUFFULL run_id=try3-c4-sysonly start_us=17314707 end_us=17318166 dur_us=3459
UKL-MQTT-BENCH: BUFFULL run_id=try3-c4-sysonly start_us=17320709 end_us=17323844 dur_us=3135
UKL-MQTT-BENCH: BUFFULL run_id=try3-c4-sysonly start_us=17326418 end_us=17330196 dur_us=3778
UKL-MQTT-BENCH: BUFFULL run_id=try3-c4-sysonly start_us=17333243 end_us=17335871 dur_us=2628
UKL-MQTT-BENCH: BUFFULL run_id=try3-c4-sysonly start_us=17338409 end_us=17340791 dur_us=2381
UKL-MQTT-BENCH: BUFFULL run_id=try3-c4-sysonly start_us=17342289 end_us=17343752 dur_us=1462
UKL-MQTT-BENCH: BUFFULL run_id=try3-c4-sysonly start_us=17345736 end_us=17348822 dur_us=3086
UKL-MQTT-BENCH: BUFFULL run_id=try3-c4-sysonly start_us=17350812 end_us=17355188 dur_us=4376
UKL-MQTT-BENCH: BUFFULL run_id=try3-c4-sysonly start_us=17358234 end_us=17360819 dur_us=2585
UKL-MQTT-BENCH: BUFFULL run_id=try3-c4-sysonly start_us=17362795 end_us=17365112 dur_us=2316
UKL-MQTT-BENCH: BUFFULL run_id=try3-c4-sysonly start_us=17367640 end_us=17369825 dur_us=2185
UKL-MQTT-BENCH: BUFFULL run_id=try3-c4-sysonly start_us=17371804 end_us=17373059 dur_us=1254
UKL-MQTT-BENCH: BUFFULL run_id=try3-c4-sysonly start_us=17374549 end_us=17379886 dur_us=5336
UKL-MQTT-BENCH: BUFFULL run_id=try3-c4-sysonly start_us=17382939 end_us=17384791 dur_us=1852
UKL-MQTT-BENCH: BUFFULL run_id=try3-c4-sysonly start_us=17386779 end_us=17390171 dur_us=3392
UKL-MQTT-BENCH: BUFFULL run_id=try3-c4-sysonly start_us=17392722 end_us=17393755 dur_us=1032
UKL-MQTT-BENCH: BUFFULL run_id=try3-c4-sysonly start_us=17395235 end_us=17400903 dur_us=5668
UKL-MQTT-BENCH: BUFFULL run_id=try3-c4-sysonly start_us=17405633 end_us=17409810 dur_us=4176
UKL-MQTT-BENCH: BUFFULL run_id=try3-c4-sysonly start_us=17414550 end_us=17418853 dur_us=4303
UKL-MQTT-BENCH: BUFFULL run_id=try3-c4-sysonly start_us=17421451 end_us=17425872 dur_us=4421
UKL-MQTT-BENCH: BUFFULL run_id=try3-c4-sysonly start_us=17428911 end_us=17431159 dur_us=2247
UKL-MQTT-BENCH: BUFFULL run_id=try3-c4-sysonly start_us=17433707 end_us=17436838 dur_us=3130
UKL-MQTT-BENCH: BUFFULL run_id=try3-c4-sysonly start_us=17439378 end_us=17442828 dur_us=3450
UKL-MQTT-BENCH: BUFFULL run_id=try3-c4-sysonly start_us=17445366 end_us=17448856 dur_us=3489
UKL-MQTT-BENCH: BUFFULL run_id=try3-c4-sysonly start_us=17451385 end_us=17454127 dur_us=2742
UKL-MQTT-BENCH: BUFFULL run_id=try3-c4-sysonly start_us=17456664 end_us=17459829 dur_us=3165
UKL-MQTT-BENCH: BUFFULL run_id=try3-c4-sysonly start_us=17462389 end_us=17464083 dur_us=1694
UKL-MQTT-BENCH: BUFFULL run_id=try3-c4-sysonly start_us=17466078 end_us=17469827 dur_us=3748
UKL-MQTT-BENCH: BUFFULL run_id=try3-c4-sysonly start_us=17472345 end_us=17475579 dur_us=3234
UKL-MQTT-BENCH: BUFFULL run_id=try3-c4-sysonly start_us=17478120 end_us=17481165 dur_us=3045
UKL-MQTT-BENCH: BUFFULL run_id=try3-c4-sysonly start_us=17483711 end_us=17487162 dur_us=3451
UKL-MQTT-BENCH: BUFFULL run_id=try3-c4-sysonly start_us=17489697 end_us=17492847 dur_us=3150
UKL-MQTT-BENCH: BUFFULL run_id=try3-c4-sysonly start_us=17495369 end_us=17498827 dur_us=3457
UKL-MQTT-BENCH: BUFFULL run_id=try3-c4-sysonly start_us=17501356 end_us=17502792 dur_us=1435
UKL-MQTT-BENCH: BUFFULL run_id=try3-c4-sysonly start_us=17504769 end_us=17506758 dur_us=1989
UKL-MQTT-BENCH: BUFFULL run_id=try3-c4-sysonly start_us=17508257 end_us=17513162 dur_us=4905
UKL-MQTT-BENCH: BUFFULL run_id=try3-c4-sysonly start_us=17515708 end_us=17518832 dur_us=3124
UKL-MQTT-BENCH: BUFFULL run_id=try3-c4-sysonly start_us=17521892 end_us=17525870 dur_us=3977
UKL-MQTT-BENCH: BUFFULL run_id=try3-c4-sysonly start_us=17528903 end_us=17531165 dur_us=2261
UKL-MQTT-BENCH: BUFFULL run_id=try3-c4-sysonly start_us=17533712 end_us=17536839 dur_us=3127
UKL-MQTT-BENCH: BUFFULL run_id=try3-c4-sysonly start_us=17539365 end_us=17542794 dur_us=3428
UKL-MQTT-BENCH: BUFFULL run_id=try3-c4-sysonly start_us=17544785 end_us=17547116 dur_us=2330
UKL-MQTT-BENCH: BUFFULL run_id=try3-c4-sysonly start_us=17549661 end_us=17552846 dur_us=3184
UKL-MQTT-BENCH: BUFFULL run_id=try3-c4-sysonly start_us=17555380 end_us=17558829 dur_us=3448
UKL-MQTT-BENCH: BUFFULL run_id=try3-c4-sysonly start_us=17561401 end_us=17564138 dur_us=2737
UKL-MQTT-BENCH: BUFFULL run_id=try3-c4-sysonly start_us=17566678 end_us=17568806 dur_us=2127
UKL-MQTT-BENCH: BUFFULL run_id=try3-c4-sysonly start_us=17570790 end_us=17574831 dur_us=4040
UKL-MQTT-BENCH: BUFFULL run_id=try3-c4-sysonly start_us=17577356 end_us=17580129 dur_us=2772
UKL-MQTT-BENCH: BUFFULL run_id=try3-c4-sysonly start_us=17582673 end_us=17585823 dur_us=3149
UKL-MQTT-BENCH: BUFFULL run_id=try3-c4-sysonly start_us=17588389 end_us=17591858 dur_us=3469
UKL-MQTT-BENCH: BUFFULL run_id=try3-c4-sysonly start_us=17594587 end_us=17598198 dur_us=3611
UKL-MQTT-BENCH: BUFFULL run_id=try3-c4-sysonly start_us=17600903 end_us=17604146 dur_us=3243
UKL-MQTT-BENCH: BUFFULL run_id=try3-c4-sysonly start_us=17606766 end_us=17609853 dur_us=3087
UKL-MQTT-BENCH: BUFFULL run_id=try3-c4-sysonly start_us=17612396 end_us=17614820 dur_us=2423
UKL-MQTT-BENCH: BUFFULL run_id=try3-c4-sysonly start_us=17616820 end_us=17620185 dur_us=3365
UKL-MQTT-BENCH: BUFFULL run_id=try3-c4-sysonly start_us=17622762 end_us=17624797 dur_us=2035
UKL-MQTT-BENCH: BUFFULL run_id=try3-c4-sysonly start_us=17626787 end_us=17630852 dur_us=4064
UKL-MQTT-BENCH: BUFFULL run_id=try3-c4-sysonly start_us=17635255 end_us=17640947 dur_us=5691
UKL-MQTT-BENCH: BUFFULL run_id=try3-c4-sysonly start_us=17643982 end_us=17645899 dur_us=1916
UKL-MQTT-BENCH: BUFFULL run_id=try3-c4-sysonly start_us=17647890 end_us=17651213 dur_us=3323
UKL-MQTT-BENCH: BUFFULL run_id=try3-c4-sysonly start_us=17655269 end_us=17657847 dur_us=2578
UKL-MQTT-BENCH: BUFFULL run_id=try3-c4-sysonly start_us=17659333 end_us=17662790 dur_us=3456
UKL-MQTT-BENCH: BUFFULL run_id=try3-c4-sysonly start_us=17667240 end_us=17670791 dur_us=3550
UKL-MQTT-BENCH: BUFFULL run_id=try3-c4-sysonly start_us=17673330 end_us=17675127 dur_us=1796
UKL-MQTT-BENCH: BUFFULL run_id=try3-c4-sysonly start_us=17677120 end_us=17680832 dur_us=3712
UKL-MQTT-BENCH: BUFFULL run_id=try3-c4-sysonly start_us=17683379 end_us=17686824 dur_us=3444
UKL-MQTT-BENCH: BUFFULL run_id=try3-c4-sysonly start_us=17689359 end_us=17692847 dur_us=3487
UKL-MQTT-BENCH: BUFFULL run_id=try3-c4-sysonly start_us=17695561 end_us=17698821 dur_us=3259
UKL-MQTT-BENCH: BUFFULL run_id=try3-c4-sysonly start_us=17701528 end_us=17704815 dur_us=3287
UKL-MQTT-BENCH: BUFFULL run_id=try3-c4-sysonly start_us=17707360 end_us=17710144 dur_us=2783
UKL-MQTT-BENCH: BUFFULL run_id=try3-c4-sysonly start_us=17712684 end_us=17715820 dur_us=3135
UKL-MQTT-BENCH: BUFFULL run_id=try3-c4-sysonly start_us=17718357 end_us=17721818 dur_us=3460
UKL-MQTT-BENCH: BUFFULL run_id=try3-c4-sysonly start_us=17724356 end_us=17727215 dur_us=2858
UKL-MQTT-BENCH: BUFFULL run_id=try3-c4-sysonly start_us=17729749 end_us=17733151 dur_us=3402
UKL-MQTT-BENCH: BUFFULL run_id=try3-c4-sysonly start_us=17735709 end_us=17738819 dur_us=3109
UKL-MQTT-BENCH: BUFFULL run_id=try3-c4-sysonly start_us=17741357 end_us=17743113 dur_us=1755
UKL-MQTT-BENCH: BUFFULL run_id=try3-c4-sysonly start_us=17745098 end_us=17748843 dur_us=3744
UKL-MQTT-BENCH: BUFFULL run_id=try3-c4-sysonly start_us=17751389 end_us=17755131 dur_us=3741
UKL-MQTT-BENCH: BUFFULL run_id=try3-c4-sysonly start_us=17757674 end_us=17760830 dur_us=3156
UKL-MQTT-BENCH: BUFFULL run_id=try3-c4-sysonly start_us=17763366 end_us=17766114 dur_us=2748
UKL-MQTT-BENCH: BUFFULL run_id=try3-c4-sysonly start_us=17768099 end_us=17771812 dur_us=3713
UKL-MQTT-BENCH: BUFFULL run_id=try3-c4-sysonly start_us=17774865 end_us=17778849 dur_us=3983
UKL-MQTT-BENCH: BUFFULL run_id=try3-c4-sysonly start_us=17781900 end_us=17784142 dur_us=2242
UKL-MQTT-BENCH: BUFFULL run_id=try3-c4-sysonly start_us=17786688 end_us=17789839 dur_us=3150
UKL-MQTT-BENCH: BUFFULL run_id=try3-c4-sysonly start_us=17792375 end_us=17794786 dur_us=2410
UKL-MQTT-BENCH: BUFFULL run_id=try3-c4-sysonly start_us=17796839 end_us=17801181 dur_us=4342
UKL-MQTT-BENCH: BUFFULL run_id=try3-c4-sysonly start_us=17804213 end_us=17807141 dur_us=2928
UKL-MQTT-BENCH: BUFFULL run_id=try3-c4-sysonly start_us=17809682 end_us=17812801 dur_us=3119
UKL-MQTT-BENCH: BUFFULL run_id=try3-c4-sysonly start_us=17814788 end_us=17817123 dur_us=2335
UKL-MQTT-BENCH: BUFFULL run_id=try3-c4-sysonly start_us=17819650 end_us=17822829 dur_us=3178
UKL-MQTT-BENCH: BUFFULL run_id=try3-c4-sysonly start_us=17825387 end_us=17828638 dur_us=3251
UKL-MQTT-BENCH: BUFFULL run_id=try3-c4-sysonly start_us=17831239 end_us=17834852 dur_us=3612
UKL-MQTT-BENCH: BUFFULL run_id=try3-c4-sysonly start_us=17837384 end_us=17840118 dur_us=2734
UKL-MQTT-BENCH: BUFFULL run_id=try3-c4-sysonly start_us=17842105 end_us=17844770 dur_us=2664
UKL-MQTT-BENCH: BUFFULL run_id=try3-c4-sysonly start_us=17847303 end_us=17849132 dur_us=1828
UKL-MQTT-BENCH: BUFFULL run_id=try3-c4-sysonly start_us=17851168 end_us=17856201 dur_us=5033
UKL-MQTT-BENCH: BUFFULL run_id=try3-c4-sysonly start_us=17859241 end_us=17861814 dur_us=2572
UKL-MQTT-BENCH: BUFFULL run_id=try3-c4-sysonly start_us=17864377 end_us=17867831 dur_us=3454
UKL-MQTT-BENCH: BUFFULL run_id=try3-c4-sysonly start_us=17870385 end_us=17872117 dur_us=1732
UKL-MQTT-BENCH: BUFFULL run_id=try3-c4-sysonly start_us=17874106 end_us=17878879 dur_us=4773
UKL-MQTT-BENCH: BUFFULL run_id=try3-c4-sysonly start_us=17881928 end_us=17884829 dur_us=2900
UKL-MQTT-BENCH: BUFFULL run_id=try3-c4-sysonly start_us=17887375 end_us=17890833 dur_us=3458
UKL-MQTT-BENCH: BUFFULL run_id=try3-c4-sysonly start_us=17893362 end_us=17894774 dur_us=1411
UKL-MQTT-BENCH: BUFFULL run_id=try3-c4-sysonly start_us=17896755 end_us=17899789 dur_us=3033
UKL-MQTT-BENCH: BUFFULL run_id=try3-c4-sysonly start_us=17901777 end_us=17903771 dur_us=1993
UKL-MQTT-BENCH: BUFFULL run_id=try3-c4-sysonly start_us=17905763 end_us=17910875 dur_us=5111
UKL-MQTT-BENCH: BUFFULL run_id=try3-c4-sysonly start_us=17913905 end_us=17916807 dur_us=2902
UKL-MQTT-BENCH: BUFFULL run_id=try3-c4-sysonly start_us=17919349 end_us=17922144 dur_us=2795
UKL-MQTT-BENCH: BUFFULL run_id=try3-c4-sysonly start_us=17924680 end_us=17926759 dur_us=2079
UKL-MQTT-BENCH: BUFFULL run_id=try3-c4-sysonly start_us=17928754 end_us=17932848 dur_us=4093
UKL-MQTT-BENCH: BUFFULL run_id=try3-c4-sysonly start_us=17935393 end_us=17936793 dur_us=1400
UKL-MQTT-BENCH: BUFFULL run_id=try3-c4-sysonly start_us=17938781 end_us=17942820 dur_us=4039
UKL-MQTT-BENCH: BUFFULL run_id=try3-c4-sysonly start_us=17947265 end_us=17952910 dur_us=5645
UKL-MQTT-BENCH: BUFFULL run_id=try3-c4-sysonly start_us=17955963 end_us=17957794 dur_us=1831
UKL-MQTT-BENCH: BUFFULL run_id=try3-c4-sysonly start_us=17959782 end_us=17964222 dur_us=4439
UKL-MQTT-BENCH: BUFFULL run_id=try3-c4-sysonly start_us=17969716 end_us=17974878 dur_us=5162
UKL-MQTT-BENCH: BUFFULL run_id=try3-c4-sysonly start_us=17979633 end_us=17983823 dur_us=4190
UKL-MQTT-BENCH: BUFFULL run_id=try3-c4-sysonly start_us=17986361 end_us=17987738 dur_us=1377
UKL-MQTT-BENCH: BUFFULL run_id=try3-c4-sysonly start_us=17989236 end_us=17994897 dur_us=5661
UKL-MQTT-BENCH: BUFFULL run_id=try3-c4-sysonly start_us=17998483 end_us=17999764 dur_us=1280
UKL-MQTT-BENCH: BUFFULL run_id=try3-c4-sysonly start_us=18001735 end_us=18006179 dur_us=4443
UKL-MQTT-BENCH: BUFFULL run_id=try3-c4-sysonly start_us=18009226 end_us=18010802 dur_us=1575
UKL-MQTT-BENCH: BUFFULL run_id=try3-c4-sysonly start_us=18012789 end_us=18016812 dur_us=4022
UKL-MQTT-BENCH: BUFFULL run_id=try3-c4-sysonly start_us=18021253 end_us=18025809 dur_us=4556
UKL-MQTT-BENCH: BUFFULL run_id=try3-c4-sysonly start_us=18028358 end_us=18031855 dur_us=3496
UKL-MQTT-BENCH: BUFFULL run_id=try3-c4-sysonly start_us=18034438 end_us=18037817 dur_us=3378
UKL-MQTT-BENCH: BUFFULL run_id=try3-c4-sysonly start_us=18040868 end_us=18044884 dur_us=4016
UKL-MQTT-BENCH: BUFFULL run_id=try3-c4-sysonly start_us=18047422 end_us=18049802 dur_us=2380
UKL-MQTT-BENCH: BUFFULL run_id=try3-c4-sysonly start_us=18052419 end_us=18055837 dur_us=3417
UKL-MQTT-BENCH: BUFFULL run_id=try3-c4-sysonly start_us=18060226 end_us=18065195 dur_us=4968
UKL-MQTT-BENCH: BUFFULL run_id=try3-c4-sysonly start_us=18070221 end_us=18075866 dur_us=5644
UKL-MQTT-BENCH: BUFFULL run_id=try3-c4-sysonly start_us=18078909 end_us=18080090 dur_us=1181
UKL-MQTT-BENCH: BUFFULL run_id=try3-c4-sysonly start_us=18082097 end_us=18086837 dur_us=4740
UKL-MQTT-BENCH: BUFFULL run_id=try3-c4-sysonly start_us=18092080 end_us=18095805 dur_us=3724
UKL-MQTT-BENCH: BUFFULL run_id=try3-c4-sysonly start_us=18098327 end_us=18101805 dur_us=3477
UKL-MQTT-BENCH: BUFFULL run_id=try3-c4-sysonly start_us=18104346 end_us=18107134 dur_us=2788
UKL-MQTT-BENCH: BUFFULL run_id=try3-c4-sysonly start_us=18109691 end_us=18112821 dur_us=3130
UKL-MQTT-BENCH: BUFFULL run_id=try3-c4-sysonly start_us=18115354 end_us=18118798 dur_us=3444
UKL-MQTT-BENCH: BUFFULL run_id=try3-c4-sysonly start_us=18121336 end_us=18124820 dur_us=3483
UKL-MQTT-BENCH: BUFFULL run_id=try3-c4-sysonly start_us=18127416 end_us=18131197 dur_us=3781
UKL-MQTT-BENCH: BUFFULL run_id=try3-c4-sysonly start_us=18134251 end_us=18136826 dur_us=2574
UKL-MQTT-BENCH: BUFFULL run_id=try3-c4-sysonly start_us=18139371 end_us=18142140 dur_us=2768
UKL-MQTT-BENCH: BUFFULL run_id=try3-c4-sysonly start_us=18144700 end_us=18145729 dur_us=1029
UKL-MQTT-BENCH: BUFFULL run_id=try3-c4-sysonly start_us=18147225 end_us=18151832 dur_us=4607
UKL-MQTT-BENCH: BUFFULL run_id=try3-c4-sysonly start_us=18154369 end_us=18156095 dur_us=1726
UKL-MQTT-BENCH: BUFFULL run_id=try3-c4-sysonly start_us=18158086 end_us=18161818 dur_us=3732
UKL-MQTT-BENCH: BUFFULL run_id=try3-c4-sysonly start_us=18164369 end_us=18167813 dur_us=3444
UKL-MQTT-BENCH: BUFFULL run_id=try3-c4-sysonly start_us=18170336 end_us=18173154 dur_us=2818
UKL-MQTT-BENCH: BUFFULL run_id=try3-c4-sysonly start_us=18175720 end_us=18178819 dur_us=3098
UKL-MQTT-BENCH: BUFFULL run_id=try3-c4-sysonly start_us=18181418 end_us=18184837 dur_us=3419
UKL-MQTT-BENCH: BUFFULL run_id=try3-c4-sysonly start_us=18187378 end_us=18189088 dur_us=1709
UKL-MQTT-BENCH: BUFFULL run_id=try3-c4-sysonly start_us=18191084 end_us=18195865 dur_us=4780
UKL-MQTT-BENCH: BUFFULL run_id=try3-c4-sysonly start_us=18198908 end_us=18200805 dur_us=1897
UKL-MQTT-BENCH: BUFFULL run_id=try3-c4-sysonly start_us=18202791 end_us=18206823 dur_us=4032
UKL-MQTT-BENCH: BUFFULL run_id=try3-c4-sysonly start_us=18209365 end_us=18210753 dur_us=1387
UKL-MQTT-BENCH: BUFFULL run_id=try3-c4-sysonly start_us=18212751 end_us=18215084 dur_us=2332
UKL-MQTT-BENCH: BUFFULL run_id=try3-c4-sysonly start_us=18217077 end_us=18219784 dur_us=2706
UKL-MQTT-BENCH: BUFFULL run_id=try3-c4-sysonly start_us=18221774 end_us=18226858 dur_us=5084
UKL-MQTT-BENCH: BUFFULL run_id=try3-c4-sysonly start_us=18229896 end_us=18232159 dur_us=2263
UKL-MQTT-BENCH: BUFFULL run_id=try3-c4-sysonly start_us=18234741 end_us=18237850 dur_us=3108
UKL-MQTT-BENCH: BUFFULL run_id=try3-c4-sysonly start_us=18240405 end_us=18242765 dur_us=2359
UKL-MQTT-BENCH: BUFFULL run_id=try3-c4-sysonly start_us=18244262 end_us=18248160 dur_us=3897
UKL-MQTT-BENCH: BUFFULL run_id=try3-c4-sysonly start_us=18251210 end_us=18252801 dur_us=1590
UKL-MQTT-BENCH: BUFFULL run_id=try3-c4-sysonly start_us=18254806 end_us=18259868 dur_us=5062
UKL-MQTT-BENCH: BUFFULL run_id=try3-c4-sysonly start_us=18262919 end_us=18264088 dur_us=1168
UKL-MQTT-BENCH: BUFFULL run_id=try3-c4-sysonly start_us=18266067 end_us=18268758 dur_us=2690
UKL-MQTT-BENCH: BUFFULL run_id=try3-c4-sysonly start_us=18270759 end_us=18272785 dur_us=2026
UKL-MQTT-BENCH: BUFFULL run_id=try3-c4-sysonly start_us=18274278 end_us=18279256 dur_us=4977
UKL-MQTT-BENCH: BUFFULL run_id=try3-c4-sysonly start_us=18282313 end_us=18284831 dur_us=2518
UKL-MQTT-BENCH: BUFFULL run_id=try3-c4-sysonly start_us=18287371 end_us=18290791 dur_us=3420
UKL-MQTT-BENCH: BUFFULL run_id=try3-c4-sysonly start_us=18294492 end_us=18297793 dur_us=3300
UKL-MQTT-BENCH: BUFFULL run_id=try3-c4-sysonly start_us=18299779 end_us=18303132 dur_us=3352
UKL-MQTT-BENCH: BUFFULL run_id=try3-c4-sysonly start_us=18305669 end_us=18307745 dur_us=2075
UKL-MQTT-BENCH: BUFFULL run_id=try3-c4-sysonly start_us=18309730 end_us=18313164 dur_us=3434
UKL-MQTT-BENCH: BUFFULL run_id=try3-c4-sysonly start_us=18315710 end_us=18318800 dur_us=3089
UKL-MQTT-BENCH: BUFFULL run_id=try3-c4-sysonly start_us=18321343 end_us=18324776 dur_us=3433
UKL-MQTT-BENCH: BUFFULL run_id=try3-c4-sysonly start_us=18326769 end_us=18330158 dur_us=3388
UKL-MQTT-BENCH: BUFFULL run_id=try3-c4-sysonly start_us=18333199 end_us=18336163 dur_us=2963
UKL-MQTT-BENCH: BUFFULL run_id=try3-c4-sysonly start_us=18338704 end_us=18342865 dur_us=4160
UKL-MQTT-BENCH: BUFFULL run_id=try3-c4-sysonly start_us=18345924 end_us=18348791 dur_us=2866
UKL-MQTT-BENCH: BUFFULL run_id=try3-c4-sysonly start_us=18351354 end_us=18354164 dur_us=2810
UKL-MQTT-BENCH: BUFFULL run_id=try3-c4-sysonly start_us=18356712 end_us=18358745 dur_us=2032
UKL-MQTT-BENCH: BUFFULL run_id=try3-c4-sysonly start_us=18360739 end_us=18365860 dur_us=5121
UKL-MQTT-BENCH: BUFFULL run_id=try3-c4-sysonly start_us=18368902 end_us=18370081 dur_us=1179
UKL-MQTT-BENCH: BUFFULL run_id=try3-c4-sysonly start_us=18372078 end_us=18375786 dur_us=3708
UKL-MQTT-BENCH: BUFFULL run_id=try3-c4-sysonly start_us=18377777 end_us=18379765 dur_us=1987
UKL-MQTT-BENCH: BUFFULL run_id=try3-c4-sysonly start_us=18381777 end_us=18386196 dur_us=4418
UKL-MQTT-BENCH: BUFFULL run_id=try3-c4-sysonly start_us=18389245 end_us=18391781 dur_us=2535
UKL-MQTT-BENCH: BUFFULL run_id=try3-c4-sysonly start_us=18393767 end_us=18397174 dur_us=3406
UKL-MQTT-BENCH: BUFFULL run_id=try3-c4-sysonly start_us=18399761 end_us=18402141 dur_us=2379
UKL-MQTT-BENCH: BUFFULL run_id=try3-c4-sysonly start_us=18404699 end_us=18407819 dur_us=3120
UKL-MQTT-BENCH: BUFFULL run_id=try3-c4-sysonly start_us=18412551 end_us=18415748 dur_us=3196
UKL-MQTT-BENCH: BUFFULL run_id=try3-c4-sysonly start_us=18417736 end_us=18420786 dur_us=3050
UKL-MQTT-BENCH: BUFFULL run_id=try3-c4-sysonly start_us=18422839 end_us=18425784 dur_us=2944
UKL-MQTT-BENCH: BUFFULL run_id=try3-c4-sysonly start_us=18428322 end_us=18432818 dur_us=4496
UKL-MQTT-BENCH: BUFFULL run_id=try3-c4-sysonly start_us=18435882 end_us=18438824 dur_us=2942
UKL-MQTT-BENCH: BUFFULL run_id=try3-c4-sysonly start_us=18441414 end_us=18445844 dur_us=4429
UKL-MQTT-BENCH: BUFFULL run_id=try3-c4-sysonly start_us=18448886 end_us=18451166 dur_us=2279
UKL-MQTT-BENCH: BUFFULL run_id=try3-c4-sysonly start_us=18453706 end_us=18457142 dur_us=3435
UKL-MQTT-BENCH: BUFFULL run_id=try3-c4-sysonly start_us=18459691 end_us=18463818 dur_us=4127
UKL-MQTT-BENCH: BUFFULL run_id=try3-c4-sysonly start_us=18466377 end_us=18468786 dur_us=2409
UKL-MQTT-BENCH: BUFFULL run_id=try3-c4-sysonly start_us=18471336 end_us=18474813 dur_us=3476
UKL-MQTT-BENCH: BUFFULL run_id=try3-c4-sysonly start_us=18477364 end_us=18480159 dur_us=2795
UKL-MQTT-BENCH: BUFFULL run_id=try3-c4-sysonly start_us=18482738 end_us=18484746 dur_us=2007
UKL-MQTT-BENCH: BUFFULL run_id=try3-c4-sysonly start_us=18489221 end_us=18493139 dur_us=3917
UKL-MQTT-BENCH: BUFFULL run_id=try3-c4-sysonly start_us=18495135 end_us=18499141 dur_us=4005
UKL-MQTT-BENCH: BUFFULL run_id=try3-c4-sysonly start_us=18502188 end_us=18504809 dur_us=2620
UKL-MQTT-BENCH: BUFFULL run_id=try3-c4-sysonly start_us=18507340 end_us=18509743 dur_us=2403
UKL-MQTT-BENCH: BUFFULL run_id=try3-c4-sysonly start_us=18511735 end_us=18512737 dur_us=1001
UKL-MQTT-BENCH: BUFFULL run_id=try3-c4-sysonly start_us=18514233 end_us=18517764 dur_us=3530
UKL-MQTT-BENCH: BUFFULL run_id=try3-c4-sysonly start_us=18519763 end_us=18524192 dur_us=4428
UKL-MQTT-BENCH: BUFFULL run_id=try3-c4-sysonly start_us=18527225 end_us=18529790 dur_us=2564
UKL-MQTT-BENCH: BUFFULL run_id=try3-c4-sysonly start_us=18531779 end_us=18535841 dur_us=4061
UKL-MQTT-BENCH: BUFFULL run_id=try3-c4-sysonly start_us=18538880 end_us=18540089 dur_us=1209
UKL-MQTT-BENCH: BUFFULL run_id=try3-c4-sysonly start_us=18542115 end_us=18544773 dur_us=2658
UKL-MQTT-BENCH: BUFFULL run_id=try3-c4-sysonly start_us=18546798 end_us=18548720 dur_us=1922
UKL-MQTT-BENCH: BUFFULL run_id=try3-c4-sysonly start_us=18550207 end_us=18555184 dur_us=4977
UKL-MQTT-BENCH: BUFFULL run_id=try3-c4-sysonly start_us=18558213 end_us=18560798 dur_us=2585
UKL-MQTT-BENCH: BUFFULL run_id=try3-c4-sysonly start_us=18563347 end_us=18566812 dur_us=3464
UKL-MQTT-BENCH: BUFFULL run_id=try3-c4-sysonly start_us=18569366 end_us=18571118 dur_us=1751
UKL-MQTT-BENCH: BUFFULL run_id=try3-c4-sysonly start_us=18573115 end_us=18576803 dur_us=3687
UKL-MQTT-BENCH: BUFFULL run_id=try3-c4-sysonly start_us=18579341 end_us=18581743 dur_us=2402
UKL-MQTT-BENCH: BUFFULL run_id=try3-c4-sysonly start_us=18583731 end_us=18587149 dur_us=3418
UKL-MQTT-BENCH: BUFFULL run_id=try3-c4-sysonly start_us=18589706 end_us=18592813 dur_us=3106
UKL-MQTT-BENCH: BUFFULL run_id=try3-c4-sysonly start_us=18595358 end_us=18598802 dur_us=3443
UKL-MQTT-BENCH: BUFFULL run_id=try3-c4-sysonly start_us=18601348 end_us=18604801 dur_us=3453
UKL-MQTT-BENCH: BUFFULL run_id=try3-c4-sysonly start_us=18607343 end_us=18610156 dur_us=2813
UKL-MQTT-BENCH: BUFFULL run_id=try3-c4-sysonly start_us=18612701 end_us=18615785 dur_us=3084
UKL-MQTT-BENCH: BUFFULL run_id=try3-c4-sysonly start_us=18618323 end_us=18621780 dur_us=3456
UKL-MQTT-BENCH: BUFFULL run_id=try3-c4-sysonly start_us=18626198 end_us=18631804 dur_us=5606
UKL-MQTT-BENCH: BUFFULL run_id=try3-c4-sysonly start_us=18634847 end_us=18637149 dur_us=2301
UKL-MQTT-BENCH: BUFFULL run_id=try3-c4-sysonly start_us=18639713 end_us=18642833 dur_us=3120
UKL-MQTT-BENCH: BUFFULL run_id=try3-c4-sysonly start_us=18644904 end_us=18647827 dur_us=2923
UKL-MQTT-BENCH: BUFFULL run_id=try3-c4-sysonly start_us=18650372 end_us=18653823 dur_us=3451
UKL-MQTT-BENCH: BUFFULL run_id=try3-c4-sysonly start_us=18657527 end_us=18660755 dur_us=3228
UKL-MQTT-BENCH: BUFFULL run_id=try3-c4-sysonly start_us=18662768 end_us=18666180 dur_us=3412
UKL-MQTT-BENCH: BUFFULL run_id=try3-c4-sysonly start_us=18668722 end_us=18671789 dur_us=3066
UKL-MQTT-BENCH: BUFFULL run_id=try3-c4-sysonly start_us=18674317 end_us=18677817 dur_us=3500
UKL-MQTT-BENCH: BUFFULL run_id=try3-c4-sysonly start_us=18682203 end_us=18687835 dur_us=5632
UKL-MQTT-BENCH: BUFFULL run_id=try3-c4-sysonly start_us=18690877 end_us=18692340 dur_us=1463
UKL-MQTT-BENCH: BUFFULL run_id=try3-c4-sysonly start_us=18694454 end_us=18698827 dur_us=4373
UKL-MQTT-BENCH: BUFFULL run_id=try3-c4-sysonly start_us=18703676 end_us=18709170 dur_us=5494
UKL-MQTT-BENCH: BUFFULL run_id=try3-c4-sysonly start_us=18714216 end_us=18718157 dur_us=3941
UKL-MQTT-BENCH: BUFFULL run_id=try3-c4-sysonly start_us=18720686 end_us=18722095 dur_us=1408
UKL-MQTT-BENCH: BUFFULL run_id=try3-c4-sysonly start_us=18723590 end_us=18727171 dur_us=3580
UKL-MQTT-BENCH: BUFFULL run_id=try3-c4-sysonly start_us=18729715 end_us=18731728 dur_us=2013
UKL-MQTT-BENCH: BUFFULL run_id=try3-c4-sysonly start_us=18733709 end_us=18736737 dur_us=3028
UKL-MQTT-BENCH: BUFFULL run_id=try3-c4-sysonly start_us=18738739 end_us=18740770 dur_us=2031
UKL-MQTT-BENCH: BUFFULL run_id=try3-c4-sysonly start_us=18742742 end_us=18747843 dur_us=5101
UKL-MQTT-BENCH: BUFFULL run_id=try3-c4-sysonly start_us=18750860 end_us=18753807 dur_us=2947
UKL-MQTT-BENCH: BUFFULL run_id=try3-c4-sysonly start_us=18756353 end_us=18758800 dur_us=2447
UKL-MQTT-BENCH: BUFFULL run_id=try3-c4-sysonly start_us=18760780 end_us=18762729 dur_us=1948
UKL-MQTT-BENCH: BUFFULL run_id=try3-c4-sysonly start_us=18764719 end_us=18767119 dur_us=2400
UKL-MQTT-BENCH: BUFFULL run_id=try3-c4-sysonly start_us=18769107 end_us=18772806 dur_us=3698
UKL-MQTT-BENCH: BUFFULL run_id=try3-c4-sysonly start_us=18775349 end_us=18778808 dur_us=3458
UKL-MQTT-BENCH: BUFFULL run_id=try3-c4-sysonly start_us=18781357 end_us=18784137 dur_us=2779
UKL-MQTT-BENCH: BUFFULL run_id=try3-c4-sysonly start_us=18786681 end_us=18788747 dur_us=2065
UKL-MQTT-BENCH: BUFFULL run_id=try3-c4-sysonly start_us=18790774 end_us=18793109 dur_us=2335
UKL-MQTT-BENCH: BUFFULL run_id=try3-c4-sysonly start_us=18795147 end_us=18799158 dur_us=4011
UKL-MQTT-BENCH: BUFFULL run_id=try3-c4-sysonly start_us=18801698 end_us=18804780 dur_us=3082
UKL-MQTT-BENCH: BUFFULL run_id=try3-c4-sysonly start_us=18807307 end_us=18810777 dur_us=3470
UKL-MQTT-BENCH: BUFFULL run_id=try3-c4-sysonly start_us=18813322 end_us=18816133 dur_us=2810
UKL-MQTT-BENCH: BUFFULL run_id=try3-c4-sysonly start_us=18818661 end_us=18821792 dur_us=3130
UKL-MQTT-BENCH: BUFFULL run_id=try3-c4-sysonly start_us=18824331 end_us=18827770 dur_us=3439
UKL-MQTT-BENCH: BUFFULL run_id=try3-c4-sysonly start_us=18830349 end_us=18833148 dur_us=2799
UKL-MQTT-BENCH: BUFFULL run_id=try3-c4-sysonly start_us=18835703 end_us=18837754 dur_us=2051
UKL-MQTT-BENCH: BUFFULL run_id=try3-c4-sysonly start_us=18839769 end_us=18843820 dur_us=4050
UKL-MQTT-BENCH: BUFFULL run_id=try3-c4-sysonly start_us=18846345 end_us=18848105 dur_us=1760
UKL-MQTT-BENCH: BUFFULL run_id=try3-c4-sysonly start_us=18850134 end_us=18853770 dur_us=3636
UKL-MQTT-BENCH: BUFFULL run_id=try3-c4-sysonly start_us=18858585 end_us=18863953 dur_us=5368
UKL-MQTT-BENCH: BUFFULL run_id=try3-c4-sysonly start_us=18866987 end_us=18869797 dur_us=2810
UKL-MQTT-BENCH: BUFFULL run_id=try3-c4-sysonly start_us=18872341 end_us=18875152 dur_us=2811
UKL-MQTT-BENCH: BUFFULL run_id=try3-c4-sysonly start_us=18877745 end_us=18881151 dur_us=3406
UKL-MQTT-BENCH: BUFFULL run_id=try3-c4-sysonly start_us=18883704 end_us=18886823 dur_us=3119
UKL-MQTT-BENCH: BUFFULL run_id=try3-c4-sysonly start_us=18889352 end_us=18891208 dur_us=1856
UKL-MQTT-BENCH: BUFFULL run_id=try3-c4-sysonly start_us=18893188 end_us=18897171 dur_us=3982
UKL-MQTT-BENCH: BUFFULL run_id=try3-c4-sysonly start_us=18899723 end_us=18901717 dur_us=1994
UKL-MQTT-BENCH: BUFFULL run_id=try3-c4-sysonly start_us=18904997 end_us=18909774 dur_us=4776
UKL-MQTT-BENCH: BUFFULL run_id=try3-c4-sysonly start_us=18912315 end_us=18914125 dur_us=1810
UKL-MQTT-BENCH: BUFFULL run_id=try3-c4-sysonly start_us=18916112 end_us=18920793 dur_us=4681
UKL-MQTT-BENCH: BUFFULL run_id=try3-c4-sysonly start_us=18926075 end_us=18929790 dur_us=3714
UKL-MQTT-BENCH: BUFFULL run_id=try3-c4-sysonly start_us=18932327 end_us=18936142 dur_us=3814
UKL-MQTT-BENCH: BUFFULL run_id=try3-c4-sysonly start_us=18938670 end_us=18941765 dur_us=3094
UKL-MQTT-BENCH: BUFFULL run_id=try3-c4-sysonly start_us=18944358 end_us=18948162 dur_us=3804
UKL-MQTT-BENCH: BUFFULL run_id=try3-c4-sysonly start_us=18951228 end_us=18953824 dur_us=2596
UKL-MQTT-BENCH: BUFFULL run_id=try3-c4-sysonly start_us=18956370 end_us=18959829 dur_us=3458
UKL-MQTT-BENCH: BUFFULL run_id=try3-c4-sysonly start_us=18962343 end_us=18965802 dur_us=3458
UKL-MQTT-BENCH: BUFFULL run_id=try3-c4-sysonly start_us=18968344 end_us=18970805 dur_us=2460
UKL-MQTT-BENCH: BUFFULL run_id=try3-c4-sysonly start_us=18973337 end_us=18976792 dur_us=3454
UKL-MQTT-BENCH: BUFFULL run_id=try3-c4-sysonly start_us=18979335 end_us=18981098 dur_us=1763
UKL-MQTT-BENCH: BUFFULL run_id=try3-c4-sysonly start_us=18983093 end_us=18985755 dur_us=2662
UKL-MQTT-BENCH: BUFFULL run_id=try3-c4-sysonly start_us=18987741 end_us=18990120 dur_us=2379
UKL-MQTT-BENCH: BUFFULL run_id=try3-c4-sysonly start_us=18992107 end_us=18997208 dur_us=5100
UKL-MQTT-BENCH: BUFFULL run_id=try3-c4-sysonly start_us=19000237 end_us=19001719 dur_us=1481
UKL-MQTT-BENCH: BUFFULL run_id=try3-c4-sysonly start_us=19003718 end_us=19007169 dur_us=3451
UKL-MQTT-BENCH: BUFFULL run_id=try3-c4-sysonly start_us=19009694 end_us=19010695 dur_us=1001
UKL-MQTT-BENCH: BUFFULL run_id=try3-c4-sysonly start_us=19012189 end_us=19017826 dur_us=5637
UKL-MQTT-BENCH: BUFFULL run_id=try3-c4-sysonly start_us=19020875 end_us=19022803 dur_us=1928
UKL-MQTT-BENCH: BUFFULL run_id=try3-c4-sysonly start_us=19025329 end_us=19029811 dur_us=4481
UKL-MQTT-BENCH: BUFFULL run_id=try3-c4-sysonly start_us=19032847 end_us=19034748 dur_us=1901
UKL-MQTT-BENCH: BUFFULL run_id=try3-c4-sysonly start_us=19036735 end_us=19040162 dur_us=3426
UKL-MQTT-BENCH: BUFFULL run_id=try3-c4-sysonly start_us=19042701 end_us=19043704 dur_us=1003
UKL-MQTT-BENCH: BUFFULL run_id=try3-c4-sysonly start_us=19045203 end_us=19049155 dur_us=3952
UKL-MQTT-BENCH: BUFFULL run_id=try3-c4-sysonly start_us=19051728 end_us=19055198 dur_us=3469
UKL-MQTT-BENCH: BUFFULL run_id=try3-c4-sysonly start_us=19057742 end_us=19061813 dur_us=4071
UKL-MQTT-BENCH: BUFFULL run_id=try3-c4-sysonly start_us=19064866 end_us=19067791 dur_us=2925
UKL-MQTT-BENCH: BUFFULL run_id=try3-c4-sysonly start_us=19070331 end_us=19072777 dur_us=2446
UKL-MQTT-BENCH: BUFFULL run_id=try3-c4-sysonly start_us=19074768 end_us=19076718 dur_us=1950
UKL-MQTT-BENCH: BUFFULL run_id=try3-c4-sysonly start_us=19078703 end_us=19081103 dur_us=2399
UKL-MQTT-BENCH: BUFFULL run_id=try3-c4-sysonly start_us=19083089 end_us=19086786 dur_us=3696
UKL-MQTT-BENCH: BUFFULL run_id=try3-c4-sysonly start_us=19089315 end_us=19093821 dur_us=4506
UKL-MQTT-BENCH: BUFFULL run_id=try3-c4-sysonly start_us=19096847 end_us=19099142 dur_us=2294
UKL-MQTT-BENCH: BUFFULL run_id=try3-c4-sysonly start_us=19101674 end_us=19104770 dur_us=3096
UKL-MQTT-BENCH: BUFFULL run_id=try3-c4-sysonly start_us=19107292 end_us=19109734 dur_us=2442
UKL-MQTT-BENCH: BUFFULL run_id=try3-c4-sysonly start_us=19111720 end_us=19116197 dur_us=4477
UKL-MQTT-BENCH: BUFFULL run_id=try3-c4-sysonly start_us=19119234 end_us=19121101 dur_us=1867
UKL-MQTT-BENCH: BUFFULL run_id=try3-c4-sysonly start_us=19123080 end_us=19127155 dur_us=4075
UKL-MQTT-BENCH: BUFFULL run_id=try3-c4-sysonly start_us=19129681 end_us=19130710 dur_us=1028
UKL-MQTT-BENCH: BUFFULL run_id=try3-c4-sysonly start_us=19132685 end_us=19136771 dur_us=4085
UKL-MQTT-BENCH: BUFFULL run_id=try3-c4-sysonly start_us=19139310 end_us=19142143 dur_us=2832
UKL-MQTT-BENCH: BUFFULL run_id=try3-c4-sysonly start_us=19144680 end_us=19147782 dur_us=3102
UKL-MQTT-BENCH: BUFFULL run_id=try3-c4-sysonly start_us=19150302 end_us=19153760 dur_us=3457
UKL-MQTT-BENCH: BUFFULL run_id=try3-c4-sysonly start_us=19156297 end_us=19159794 dur_us=3497
UKL-MQTT-BENCH: BUFFULL run_id=try3-c4-sysonly start_us=19162326 end_us=19164787 dur_us=2460
UKL-MQTT-BENCH: BUFFULL run_id=try3-c4-sysonly start_us=19167322 end_us=19170757 dur_us=3434
UKL-MQTT-BENCH: BUFFULL run_id=try3-c4-sysonly start_us=19173288 end_us=19176156 dur_us=2867
UKL-MQTT-BENCH: BUFFULL run_id=try3-c4-sysonly start_us=19178704 end_us=19180740 dur_us=2035
UKL-MQTT-BENCH: BUFFULL run_id=try3-c4-sysonly start_us=19182722 end_us=19186780 dur_us=4058
UKL-MQTT-BENCH: BUFFULL run_id=try3-c4-sysonly start_us=19189364 end_us=19191098 dur_us=1733
UKL-MQTT-BENCH: BUFFULL run_id=try3-c4-sysonly start_us=19193098 end_us=19198165 dur_us=5066
UKL-MQTT-BENCH: BUFFULL run_id=try3-c4-sysonly start_us=19201187 end_us=19203109 dur_us=1922
UKL-MQTT-BENCH: BUFFULL run_id=try3-c4-sysonly start_us=19205098 end_us=19209811 dur_us=4712
UKL-MQTT-BENCH: BUFFULL run_id=try3-c4-sysonly start_us=19212828 end_us=19215082 dur_us=2254
UKL-MQTT-BENCH: BUFFULL run_id=try3-c4-sysonly start_us=19217616 end_us=19220803 dur_us=3187
UKL-MQTT-BENCH: BUFFULL run_id=try3-c4-sysonly start_us=19223368 end_us=19225090 dur_us=1721
UKL-MQTT-BENCH: BUFFULL run_id=try3-c4-sysonly start_us=19227064 end_us=19229715 dur_us=2650
UKL-MQTT-BENCH: BUFFULL run_id=try3-c4-sysonly start_us=19231699 end_us=19234743 dur_us=3043
UKL-MQTT-BENCH: BUFFULL run_id=try3-c4-sysonly start_us=19236719 end_us=19241187 dur_us=4468
UKL-MQTT-BENCH: BUFFULL run_id=try3-c4-sysonly start_us=19244220 end_us=19246146 dur_us=1926
UKL-MQTT-BENCH: BUFFULL run_id=try3-c4-sysonly start_us=19248132 end_us=19251775 dur_us=3643
UKL-MQTT-BENCH: BUFFULL run_id=try3-c4-sysonly start_us=19254322 end_us=19256101 dur_us=1779
UKL-MQTT-BENCH: BUFFULL run_id=try3-c4-sysonly start_us=19258122 end_us=19261808 dur_us=3685
UKL-MQTT-BENCH: BUFFULL run_id=try3-c4-sysonly start_us=19264349 end_us=19266737 dur_us=2388
UKL-MQTT-BENCH: BUFFULL run_id=try3-c4-sysonly start_us=19268724 end_us=19273205 dur_us=4480
UKL-MQTT-BENCH: BUFFULL run_id=try3-c4-sysonly start_us=19276267 end_us=19279171 dur_us=2904
UKL-MQTT-BENCH: BUFFULL run_id=try3-c4-sysonly start_us=19281744 end_us=19284751 dur_us=3006
UKL-MQTT-BENCH: BUFFULL run_id=try3-c4-sysonly start_us=19287289 end_us=19290763 dur_us=3474
UKL-MQTT-BENCH: BUFFULL run_id=try3-c4-sysonly start_us=19293300 end_us=19296145 dur_us=2845
UKL-MQTT-BENCH: BUFFULL run_id=try3-c4-sysonly start_us=19298682 end_us=19302160 dur_us=3477
UKL-MQTT-BENCH: BUFFULL run_id=try3-c4-sysonly start_us=19304702 end_us=19307756 dur_us=3054
UKL-MQTT-BENCH: BUFFULL run_id=try3-c4-sysonly start_us=19310283 end_us=19313749 dur_us=3466
UKL-MQTT-BENCH: BUFFULL run_id=try3-c4-sysonly start_us=19316281 end_us=19318758 dur_us=2477
UKL-MQTT-BENCH: BUFFULL run_id=try3-c4-sysonly start_us=19321284 end_us=19324759 dur_us=3474
UKL-MQTT-BENCH: BUFFULL run_id=try3-c4-sysonly start_us=19327295 end_us=19330772 dur_us=3476
UKL-MQTT-BENCH: BUFFULL run_id=try3-c4-sysonly start_us=19333306 end_us=19336806 dur_us=3499
UKL-MQTT-BENCH: BUFFULL run_id=try3-c4-sysonly start_us=19339843 end_us=19342775 dur_us=2932
UKL-MQTT-BENCH: BUFFULL run_id=try3-c4-sysonly start_us=19345304 end_us=19348155 dur_us=2850
UKL-MQTT-BENCH: BUFFULL run_id=try3-c4-sysonly start_us=19350145 end_us=19351694 dur_us=1548
UKL-MQTT-BENCH: BUFFULL run_id=try3-c4-sysonly start_us=19353672 end_us=19357761 dur_us=4089
UKL-MQTT-BENCH: BUFFULL run_id=try3-c4-sysonly start_us=19360294 end_us=19362140 dur_us=1845
UKL-MQTT-BENCH: BUFFULL run_id=try3-c4-sysonly start_us=19364134 end_us=19368821 dur_us=4686
UKL-MQTT-BENCH: BUFFULL run_id=try3-c4-sysonly start_us=19371864 end_us=19373745 dur_us=1881
UKL-MQTT-BENCH: BUFFULL run_id=try3-c4-sysonly start_us=19375731 end_us=19379154 dur_us=3422
UKL-MQTT-BENCH: BUFFULL run_id=try3-c4-sysonly start_us=19384175 end_us=19388130 dur_us=3955
UKL-MQTT-BENCH: BUFFULL run_id=try3-c4-sysonly start_us=19390719 end_us=19392752 dur_us=2032
UKL-MQTT-BENCH: BUFFULL run_id=try3-c4-sysonly start_us=19394733 end_us=19398779 dur_us=4045
UKL-MQTT-BENCH: BUFFULL run_id=try3-c4-sysonly start_us=19401317 end_us=19404167 dur_us=2849
UKL-MQTT-BENCH: BUFFULL run_id=try3-c4-sysonly start_us=19409169 end_us=19413113 dur_us=3944
UKL-MQTT-BENCH: BUFFULL run_id=try3-c4-sysonly start_us=19415097 end_us=19417746 dur_us=2649
UKL-MQTT-BENCH: BUFFULL run_id=try3-c4-sysonly start_us=19420282 end_us=19424802 dur_us=4519
UKL-MQTT-BENCH: BUFFULL run_id=try3-c4-sysonly start_us=19427839 end_us=19430754 dur_us=2914
UKL-MQTT-BENCH: BUFFULL run_id=try3-c4-sysonly start_us=19433292 end_us=19434718 dur_us=1425
UKL-MQTT-BENCH: BUFFULL run_id=try3-c4-sysonly start_us=19436705 end_us=19438717 dur_us=2012
UKL-MQTT-BENCH: BUFFULL run_id=try3-c4-sysonly start_us=19440209 end_us=19444147 dur_us=3937
UKL-MQTT-BENCH: BUFFULL run_id=try3-c4-sysonly start_us=19446686 end_us=19449757 dur_us=3071
UKL-MQTT-BENCH: BUFFULL run_id=try3-c4-sysonly start_us=19452291 end_us=19455765 dur_us=3473
UKL-MQTT-BENCH: BUFFULL run_id=try3-c4-sysonly start_us=19458300 end_us=19460106 dur_us=1806
UKL-MQTT-BENCH: BUFFULL run_id=try3-c4-sysonly start_us=19462101 end_us=19465790 dur_us=3689
UKL-MQTT-BENCH: BUFFULL run_id=try3-c4-sysonly start_us=19468329 end_us=19471762 dur_us=3432
UKL-MQTT-BENCH: BUFFULL run_id=try3-c4-sysonly start_us=19474296 end_us=19477166 dur_us=2870
UKL-MQTT-BENCH: BUFFULL run_id=try3-c4-sysonly start_us=19479730 end_us=19482756 dur_us=3025
UKL-MQTT-BENCH: BUFFULL run_id=try3-c4-sysonly start_us=19485279 end_us=19488779 dur_us=3500
UKL-MQTT-BENCH: BUFFULL run_id=try3-c4-sysonly start_us=19491315 end_us=19493084 dur_us=1769
UKL-MQTT-BENCH: BUFFULL run_id=try3-c4-sysonly start_us=19495065 end_us=19498771 dur_us=3705
UKL-MQTT-BENCH: BUFFULL run_id=try3-c4-sysonly start_us=19501294 end_us=19503109 dur_us=1814
UKL-MQTT-BENCH: BUFFULL run_id=try3-c4-sysonly start_us=19505094 end_us=19509147 dur_us=4052
UKL-MQTT-BENCH: BUFFULL run_id=try3-c4-sysonly start_us=19511671 end_us=19512699 dur_us=1028
UKL-MQTT-BENCH: BUFFULL run_id=try3-c4-sysonly start_us=19514199 end_us=19519187 dur_us=4988
UKL-MQTT-BENCH: BUFFULL run_id=try3-c4-sysonly start_us=19522213 end_us=19523703 dur_us=1489
UKL-MQTT-BENCH: BUFFULL run_id=try3-c4-sysonly start_us=19525754 end_us=19530824 dur_us=5070
UKL-MQTT-BENCH: BUFFULL run_id=try3-c4-sysonly start_us=19536051 end_us=19540807 dur_us=4756
UKL-MQTT-BENCH: BUFFULL run_id=try3-c4-sysonly start_us=19545566 end_us=19550145 dur_us=4578
UKL-MQTT-BENCH: BUFFULL run_id=try3-c4-sysonly start_us=19552682 end_us=19554065 dur_us=1383
UKL-MQTT-BENCH: BUFFULL run_id=try3-c4-sysonly start_us=19555570 end_us=19561458 dur_us=5888
UKL-MQTT-BENCH: BUFFULL run_id=try3-c4-sysonly start_us=19567693 end_us=19572782 dur_us=5088
UKL-MQTT-BENCH: BUFFULL run_id=try3-c4-sysonly start_us=19575809 end_us=19577136 dur_us=1327
UKL-MQTT-BENCH: BUFFULL run_id=try3-c4-sysonly start_us=19579135 end_us=19582749 dur_us=3614
UKL-MQTT-BENCH: BUFFULL run_id=try3-c4-sysonly start_us=19587569 end_us=19592160 dur_us=4591
UKL-MQTT-BENCH: BUFFULL run_id=try3-c4-sysonly start_us=19594709 end_us=19598809 dur_us=4099
UKL-MQTT-BENCH: BUFFULL run_id=try3-c4-sysonly start_us=19601332 end_us=19604787 dur_us=3455
UKL-MQTT-BENCH: BUFFULL run_id=try3-c4-sysonly start_us=19607829 end_us=19610135 dur_us=2305
UKL-MQTT-BENCH: BUFFULL run_id=try3-c4-sysonly start_us=19612656 end_us=19614728 dur_us=2071
UKL-MQTT-BENCH: BUFFULL run_id=try3-c4-sysonly start_us=19616699 end_us=19619118 dur_us=2419
UKL-MQTT-BENCH: BUFFULL run_id=try3-c4-sysonly start_us=19621083 end_us=19624763 dur_us=3679
UKL-MQTT-BENCH: BUFFULL run_id=try3-c4-sysonly start_us=19627307 end_us=19629731 dur_us=2424
UKL-MQTT-BENCH: BUFFULL run_id=try3-c4-sysonly start_us=19631710 end_us=19635130 dur_us=3420
UKL-MQTT-BENCH: BUFFULL run_id=try3-c4-sysonly start_us=19637669 end_us=19640750 dur_us=3080
UKL-MQTT-BENCH: BUFFULL run_id=try3-c4-sysonly start_us=19643281 end_us=19646772 dur_us=3490
UKL-MQTT-BENCH: BUFFULL run_id=try3-c4-sysonly start_us=19649295 end_us=19652152 dur_us=2856
UKL-MQTT-BENCH: BUFFULL run_id=try3-c4-sysonly start_us=19654707 end_us=19657757 dur_us=3050
UKL-MQTT-BENCH: BUFFULL run_id=try3-c4-sysonly start_us=19660302 end_us=19663736 dur_us=3433
UKL-MQTT-BENCH: BUFFULL run_id=try3-c4-sysonly start_us=19665722 end_us=19669181 dur_us=3458
UKL-MQTT-BENCH: BUFFULL run_id=try3-c4-sysonly start_us=19672217 end_us=19673732 dur_us=1514
UKL-MQTT-BENCH: BUFFULL run_id=try3-c4-sysonly start_us=19675718 end_us=19680779 dur_us=5061
UKL-MQTT-BENCH: BUFFULL run_id=try3-c4-sysonly start_us=19683317 end_us=19685094 dur_us=1776
UKL-MQTT-BENCH: BUFFULL run_id=try3-c4-sysonly start_us=19687634 end_us=19691145 dur_us=3511
UKL-MQTT-BENCH: BUFFULL run_id=try3-c4-sysonly start_us=19693684 end_us=19696726 dur_us=3042
UKL-MQTT-BENCH: BUFFULL run_id=try3-c4-sysonly start_us=19699294 end_us=19703159 dur_us=3864
UKL-MQTT-BENCH: BUFFULL run_id=try3-c4-sysonly start_us=19705699 end_us=19709774 dur_us=4075
UKL-MQTT-BENCH: BUFFULL run_id=try3-c4-sysonly start_us=19712800 end_us=19716136 dur_us=3336
UKL-MQTT-BENCH: BUFFULL run_id=try3-c4-sysonly start_us=19719179 end_us=19722170 dur_us=2990
UKL-MQTT-BENCH: BUFFULL run_id=try3-c4-sysonly start_us=19724716 end_us=19728758 dur_us=4041
UKL-MQTT-BENCH: BUFFULL run_id=try3-c4-sysonly start_us=19731813 end_us=19734153 dur_us=2339
UKL-MQTT-BENCH: BUFFULL run_id=try3-c4-sysonly start_us=19736706 end_us=19739763 dur_us=3057
UKL-MQTT-BENCH: BUFFULL run_id=try3-c4-sysonly start_us=19742303 end_us=19745739 dur_us=3435
UKL-MQTT-BENCH: BUFFULL run_id=try3-c4-sysonly start_us=19748275 end_us=19751150 dur_us=2874
UKL-MQTT-BENCH: BUFFULL run_id=try3-c4-sysonly start_us=19753696 end_us=19757150 dur_us=3454
UKL-MQTT-BENCH: BUFFULL run_id=try3-c4-sysonly start_us=19759694 end_us=19762758 dur_us=3064
UKL-MQTT-BENCH: BUFFULL run_id=try3-c4-sysonly start_us=19765284 end_us=19768146 dur_us=2861
UKL-MQTT-BENCH: BUFFULL run_id=try3-c4-sysonly start_us=19770703 end_us=19772703 dur_us=2000
UKL-MQTT-BENCH: BUFFULL run_id=try3-c4-sysonly start_us=19774694 end_us=19779801 dur_us=5107
UKL-MQTT-BENCH: BUFFULL run_id=try3-c4-sysonly start_us=19782847 end_us=19784114 dur_us=1267
UKL-MQTT-BENCH: BUFFULL run_id=try3-c4-sysonly start_us=19786110 end_us=19790164 dur_us=4053
UKL-MQTT-BENCH: BUFFULL run_id=try3-c4-sysonly start_us=19795204 end_us=19798091 dur_us=2887
UKL-MQTT-BENCH: BUFFULL run_id=try3-c4-sysonly start_us=19800085 end_us=19803753 dur_us=3667
UKL-MQTT-BENCH: BUFFULL run_id=try3-c4-sysonly start_us=19806292 end_us=19809243 dur_us=2950
UKL-MQTT-BENCH: BUFFULL run_id=try3-c4-sysonly start_us=19811791 end_us=19815157 dur_us=3366
UKL-MQTT-BENCH: BUFFULL run_id=try3-c4-sysonly start_us=19817142 end_us=19820770 dur_us=3627
UKL-MQTT-BENCH: BUFFULL run_id=try3-c4-sysonly start_us=19824440 end_us=19827705 dur_us=3265
UKL-MQTT-BENCH: BUFFULL run_id=try3-c4-sysonly start_us=19830266 end_us=19833115 dur_us=2849
UKL-MQTT-BENCH: BUFFULL run_id=try3-c4-sysonly start_us=19835104 end_us=19836694 dur_us=1590
UKL-MQTT-BENCH: BUFFULL run_id=try3-c4-sysonly start_us=19838687 end_us=19843798 dur_us=5110
UKL-MQTT-BENCH: BUFFULL run_id=try3-c4-sysonly start_us=19846865 end_us=19848736 dur_us=1870
UKL-MQTT-BENCH: BUFFULL run_id=try3-c4-sysonly start_us=19850721 end_us=19854785 dur_us=4064
UKL-MQTT-BENCH: BUFFULL run_id=try3-c4-sysonly start_us=19857820 end_us=19859092 dur_us=1271
UKL-MQTT-BENCH: BUFFULL run_id=try3-c4-sysonly start_us=19861086 end_us=19865156 dur_us=4070
UKL-MQTT-BENCH: BUFFULL run_id=try3-c4-sysonly start_us=19870173 end_us=19875212 dur_us=5038
UKL-MQTT-BENCH: BUFFULL run_id=try3-c4-sysonly start_us=19878272 end_us=19879735 dur_us=1462
UKL-MQTT-BENCH: BUFFULL run_id=try3-c4-sysonly start_us=19881727 end_us=19886802 dur_us=5075
UKL-MQTT-BENCH: BUFFULL run_id=try3-c4-sysonly start_us=19889844 end_us=19891087 dur_us=1242
UKL-MQTT-BENCH: BUFFULL run_id=try3-c4-sysonly start_us=19892586 end_us=19895694 dur_us=3107
UKL-MQTT-BENCH: BUFFULL run_id=try3-c4-sysonly start_us=19898234 end_us=19900743 dur_us=2509
UKL-MQTT-BENCH: BUFFULL run_id=try3-c4-sysonly start_us=19902741 end_us=19907180 dur_us=4439
UKL-MQTT-BENCH: BUFFULL run_id=try3-c4-sysonly start_us=19910225 end_us=19912913 dur_us=2688
UKL-MQTT-BENCH: BUFFULL run_id=try3-c4-sysonly start_us=19915443 end_us=19918774 dur_us=3331
UKL-MQTT-BENCH: BUFFULL run_id=try3-c4-sysonly start_us=19921314 end_us=19923094 dur_us=1779
UKL-MQTT-BENCH: BUFFULL run_id=try3-c4-sysonly start_us=19924593 end_us=19928752 dur_us=4158
UKL-MQTT-BENCH: BUFFULL run_id=try3-c4-sysonly start_us=19931784 end_us=19933736 dur_us=1951
UKL-MQTT-BENCH: BUFFULL run_id=try3-c4-sysonly start_us=19935752 end_us=19940202 dur_us=4450
UKL-MQTT-BENCH: BUFFULL run_id=try3-c4-sysonly start_us=19943244 end_us=19944675 dur_us=1431
UKL-MQTT-BENCH: BUFFULL run_id=try3-c4-sysonly start_us=19946666 end_us=19949692 dur_us=3026
UKL-MQTT-BENCH: BUFFULL run_id=try3-c4-sysonly start_us=19951677 end_us=19953718 dur_us=2040
UKL-MQTT-BENCH: BUFFULL run_id=try3-c4-sysonly start_us=19955205 end_us=19959862 dur_us=4656
UKL-MQTT-BENCH: BUFFULL run_id=try3-c4-sysonly start_us=19963110 end_us=19965821 dur_us=2711
UKL-MQTT-BENCH: BUFFULL run_id=try3-c4-sysonly start_us=19968384 end_us=19971787 dur_us=3403
UKL-MQTT-BENCH: BUFFULL run_id=try3-c4-sysonly start_us=19975551 end_us=19979168 dur_us=3616
UKL-MQTT-BENCH: BUFFULL run_id=try3-c4-sysonly start_us=19981170 end_us=19984753 dur_us=3583
UKL-MQTT-BENCH: BUFFULL run_id=try3-c4-sysonly start_us=19987300 end_us=19991778 dur_us=4477
UKL-MQTT-BENCH: BUFFULL run_id=try3-c4-sysonly start_us=19994866 end_us=19997161 dur_us=2295
UKL-MQTT-BENCH: BUFFULL run_id=try3-c4-sysonly start_us=19999713 end_us=20003783 dur_us=4070
UKL-MQTT-BENCH: BUFFULL run_id=try3-c4-sysonly start_us=20006821 end_us=20008717 dur_us=1896
UKL-MQTT-BENCH: BUFFULL run_id=try3-c4-sysonly start_us=20010705 end_us=20013751 dur_us=3045
UKL-MQTT-BENCH: BUFFULL run_id=try3-c4-sysonly start_us=20018556 end_us=20024192 dur_us=5635
UKL-MQTT-BENCH: BUFFULL run_id=try3-c4-sysonly start_us=20027274 end_us=20028708 dur_us=1434
UKL-MQTT-BENCH: BUFFULL run_id=try3-c4-sysonly start_us=20030690 end_us=20034170 dur_us=3479
UKL-MQTT-BENCH: BUFFULL run_id=try3-c4-sysonly start_us=20039166 end_us=20044799 dur_us=5632
UKL-MQTT-BENCH: BUFFULL run_id=try3-c4-sysonly start_us=20049564 end_us=20053757 dur_us=4193
UKL-MQTT-BENCH: BUFFULL run_id=try3-c4-sysonly start_us=20056406 end_us=20057689 dur_us=1282
UKL-MQTT-BENCH: BUFFULL run_id=try3-c4-sysonly start_us=20059195 end_us=20063198 dur_us=4002
UKL-MQTT-BENCH: BUFFULL run_id=try3-c4-sysonly start_us=20065739 end_us=20067718 dur_us=1979
UKL-MQTT-BENCH: BUFFULL run_id=try3-c4-sysonly start_us=20069694 end_us=20074770 dur_us=5076
UKL-MQTT-BENCH: BUFFULL run_id=try3-c4-sysonly start_us=20077814 end_us=20080191 dur_us=2376
UKL-MQTT-BENCH: BUFFULL run_id=try3-c4-sysonly start_us=20082744 end_us=20086203 dur_us=3459
UKL-MQTT-BENCH: BUFFULL run_id=try3-c4-sysonly start_us=20088765 end_us=20091756 dur_us=2990
UKL-MQTT-BENCH: BUFFULL run_id=try3-c4-sysonly start_us=20094289 end_us=20096117 dur_us=1828
UKL-MQTT-BENCH: BUFFULL run_id=try3-c4-sysonly start_us=20098111 end_us=20099682 dur_us=1571
UKL-MQTT-BENCH: BUFFULL run_id=try3-c4-sysonly start_us=20101177 end_us=20106799 dur_us=5621
UKL-MQTT-BENCH: BUFFULL run_id=try3-c4-sysonly start_us=20109843 end_us=20112742 dur_us=2898
UKL-MQTT-BENCH: BUFFULL run_id=try3-c4-sysonly start_us=20115294 end_us=20118790 dur_us=3495
UKL-MQTT-BENCH: BUFFULL run_id=try3-c4-sysonly start_us=20121829 end_us=20125160 dur_us=3331
UKL-MQTT-BENCH: BUFFULL run_id=try3-c4-sysonly start_us=20127710 end_us=20130140 dur_us=2430
UKL-MQTT-BENCH: BUFFULL run_id=try3-c4-sysonly start_us=20132682 end_us=20134705 dur_us=2023
UKL-MQTT-BENCH: BUFFULL run_id=try3-c4-sysonly start_us=20136685 end_us=20139120 dur_us=2435
UKL-MQTT-BENCH: BUFFULL run_id=try3-c4-sysonly start_us=20141105 end_us=20145159 dur_us=4053
UKL-MQTT-BENCH: BUFFULL run_id=try3-c4-sysonly start_us=20147703 end_us=20150745 dur_us=3042
UKL-MQTT-BENCH: BUFFULL run_id=try3-c4-sysonly start_us=20153274 end_us=20156736 dur_us=3461
UKL-MQTT-BENCH: BUFFULL run_id=try3-c4-sysonly start_us=20159307 end_us=20162164 dur_us=2856
UKL-MQTT-BENCH: BUFFULL run_id=try3-c4-sysonly start_us=20164742 end_us=20167750 dur_us=3007
UKL-MQTT-BENCH: BUFFULL run_id=try3-c4-sysonly start_us=20170287 end_us=20173730 dur_us=3443
UKL-MQTT-BENCH: BUFFULL run_id=try3-c4-sysonly start_us=20176266 end_us=20178115 dur_us=1848
UKL-MQTT-BENCH: BUFFULL run_id=try3-c4-sysonly start_us=20180116 end_us=20182724 dur_us=2607
UKL-MQTT-BENCH: BUFFULL run_id=try3-c4-sysonly start_us=20184734 end_us=20189784 dur_us=5049
UKL-MQTT-BENCH: BUFFULL run_id=try3-c4-sysonly start_us=20192846 end_us=20195166 dur_us=2320
UKL-MQTT-BENCH: BUFFULL run_id=try3-c4-sysonly start_us=20197709 end_us=20200749 dur_us=3039
UKL-MQTT-BENCH: BUFFULL run_id=try3-c4-sysonly start_us=20203273 end_us=20205672 dur_us=2398
UKL-MQTT-BENCH: BUFFULL run_id=try3-c4-sysonly start_us=20207658 end_us=20208669 dur_us=1010
UKL-MQTT-BENCH: BUFFULL run_id=try3-c4-sysonly start_us=20210161 end_us=20214734 dur_us=4573
UKL-MQTT-BENCH: BUFFULL run_id=try3-c4-sysonly start_us=20217263 end_us=20220132 dur_us=2868
UKL-MQTT-BENCH: BUFFULL run_id=try3-c4-sysonly start_us=20222676 end_us=20225743 dur_us=3066
UKL-MQTT-BENCH: BUFFULL run_id=try3-c4-sysonly start_us=20228276 end_us=20230089 dur_us=1812
UKL-MQTT-BENCH: BUFFULL run_id=try3-c4-sysonly start_us=20232083 end_us=20236159 dur_us=4075
UKL-MQTT-BENCH: BUFFULL run_id=try3-c4-sysonly start_us=20238697 end_us=20240698 dur_us=2001
UKL-MQTT-BENCH: BUFFULL run_id=try3-c4-sysonly start_us=20242683 end_us=20246138 dur_us=3455
UKL-MQTT-BENCH: BUFFULL run_id=try3-c4-sysonly start_us=20251165 end_us=20256408 dur_us=5242
UKL-MQTT-BENCH: BUFFULL run_id=try3-c4-sysonly start_us=20259440 end_us=20260671 dur_us=1230
UKL-MQTT-BENCH: BUFFULL run_id=try3-c4-sysonly start_us=20262672 end_us=20267791 dur_us=5119
UKL-MQTT-BENCH: BUFFULL run_id=try3-c4-sysonly start_us=20273071 end_us=20278192 dur_us=5121
UKL-MQTT-BENCH: BUFFULL run_id=try3-c4-sysonly start_us=20283154 end_us=20287124 dur_us=3970
UKL-MQTT-BENCH: BUFFULL run_id=try3-c4-sysonly start_us=20289111 end_us=20291095 dur_us=1984
UKL-MQTT-BENCH: BUFFULL run_id=try3-c4-sysonly start_us=20293087 end_us=20298769 dur_us=5681
UKL-MQTT-BENCH: BUFFULL run_id=try3-c4-sysonly start_us=20302352 end_us=20304163 dur_us=1811
UKL-MQTT-BENCH: BUFFULL run_id=try3-c4-sysonly start_us=20306697 end_us=20311190 dur_us=4493
UKL-MQTT-BENCH: BUFFULL run_id=try3-c4-sysonly start_us=20314225 end_us=20316733 dur_us=2507
UKL-MQTT-BENCH: BUFFULL run_id=try3-c4-sysonly start_us=20319273 end_us=20322163 dur_us=2890
UKL-MQTT-BENCH: BUFFULL run_id=try3-c4-sysonly start_us=20324704 end_us=20326669 dur_us=1965
UKL-MQTT-BENCH: BUFFULL run_id=try3-c4-sysonly start_us=20328655 end_us=20331678 dur_us=3022
UKL-MQTT-BENCH: BUFFULL run_id=try3-c4-sysonly start_us=20333651 end_us=20335694 dur_us=2043
UKL-MQTT-BENCH: BUFFULL run_id=try3-c4-sysonly start_us=20337686 end_us=20342757 dur_us=5071
UKL-MQTT-BENCH: BUFFULL run_id=try3-c4-sysonly start_us=20345792 end_us=20347701 dur_us=1909
UKL-MQTT-BENCH: BUFFULL run_id=try3-c4-sysonly start_us=20349682 end_us=20354164 dur_us=4481
UKL-MQTT-BENCH: BUFFULL run_id=try3-c4-sysonly start_us=20357222 end_us=20358707 dur_us=1484
UKL-MQTT-BENCH: BUFFULL run_id=try3-c4-sysonly start_us=20360697 end_us=20364135 dur_us=3438
UKL-MQTT-BENCH: BUFFULL run_id=try3-c4-sysonly start_us=20366834 end_us=20370777 dur_us=3942
UKL-MQTT-BENCH: BUFFULL run_id=try3-c4-sysonly start_us=20373363 end_us=20376249 dur_us=2886
UKL-MQTT-BENCH: BUFFULL run_id=try3-c4-sysonly start_us=20378783 end_us=20380690 dur_us=1906
UKL-MQTT-BENCH: BUFFULL run_id=try3-c4-sysonly start_us=20382174 end_us=20385165 dur_us=2990
UKL-MQTT-BENCH: BUFFULL run_id=try3-c4-sysonly start_us=20387735 end_us=20389116 dur_us=1380
UKL-MQTT-BENCH: BUFFULL run_id=try3-c4-sysonly start_us=20390621 end_us=20393689 dur_us=3068
UKL-MQTT-BENCH: BUFFULL run_id=try3-c4-sysonly start_us=20395668 end_us=20398115 dur_us=2447
UKL-MQTT-BENCH: BUFFULL run_id=try3-c4-sysonly start_us=20400099 end_us=20402667 dur_us=2568
UKL-MQTT-BENCH: BUFFULL run_id=try3-c4-sysonly start_us=20404652 end_us=20409184 dur_us=4532
UKL-MQTT-BENCH: BUFFULL run_id=try3-c4-sysonly start_us=20412215 end_us=20414737 dur_us=2521
UKL-MQTT-BENCH: BUFFULL run_id=try3-c4-sysonly start_us=20417287 end_us=20420749 dur_us=3461
UKL-MQTT-BENCH: BUFFULL run_id=try3-c4-sysonly start_us=20423283 end_us=20426157 dur_us=2873
UKL-MQTT-BENCH: BUFFULL run_id=try3-c4-sysonly start_us=20428697 end_us=20431734 dur_us=3036
UKL-MQTT-BENCH: BUFFULL run_id=try3-c4-sysonly start_us=20434276 end_us=20436695 dur_us=2418
UKL-MQTT-BENCH: BUFFULL run_id=try3-c4-sysonly start_us=20438675 end_us=20441092 dur_us=2417
UKL-MQTT-BENCH: BUFFULL run_id=try3-c4-sysonly start_us=20443066 end_us=20445699 dur_us=2632
UKL-MQTT-BENCH: BUFFULL run_id=try3-c4-sysonly start_us=20447688 end_us=20450099 dur_us=2411
UKL-MQTT-BENCH: BUFFULL run_id=try3-c4-sysonly start_us=20452077 end_us=20456766 dur_us=4688
UKL-MQTT-BENCH: BUFFULL run_id=try3-c4-sysonly start_us=20459809 end_us=20462728 dur_us=2918
UKL-MQTT-BENCH: BUFFULL run_id=try3-c4-sysonly start_us=20465266 end_us=20468146 dur_us=2879
UKL-MQTT-BENCH: BUFFULL run_id=try3-c4-sysonly start_us=20470690 end_us=20472682 dur_us=1991
UKL-MQTT-BENCH: BUFFULL run_id=try3-c4-sysonly start_us=20474671 end_us=20477109 dur_us=2437
UKL-MQTT-BENCH: BUFFULL run_id=try3-c4-sysonly start_us=20479118 end_us=20484175 dur_us=5056
UKL-MQTT-BENCH: BUFFULL run_id=try3-c4-sysonly start_us=20487221 end_us=20489722 dur_us=2501
UKL-MQTT-BENCH: BUFFULL run_id=try3-c4-sysonly start_us=20492254 end_us=20495720 dur_us=3465
UKL-MQTT-BENCH: BUFFULL run_id=try3-c4-sysonly start_us=20498271 end_us=20501142 dur_us=2870
UKL-MQTT-BENCH: BUFFULL run_id=try3-c4-sysonly start_us=20503700 end_us=20507197 dur_us=3496
UKL-MQTT-BENCH: BUFFULL run_id=try3-c4-sysonly start_us=20509774 end_us=20512737 dur_us=2962
UKL-MQTT-BENCH: BUFFULL run_id=try3-c4-sysonly start_us=20515286 end_us=20518730 dur_us=3444
UKL-MQTT-BENCH: BUFFULL run_id=try3-c4-sysonly start_us=20521260 end_us=20523101 dur_us=1840
UKL-MQTT-BENCH: BUFFULL run_id=try3-c4-sysonly start_us=20525087 end_us=20529775 dur_us=4688
UKL-MQTT-BENCH: BUFFULL run_id=try3-c4-sysonly start_us=20532815 end_us=20534703 dur_us=1888
UKL-MQTT-BENCH: BUFFULL run_id=try3-c4-sysonly start_us=20536685 end_us=20540724 dur_us=4038
UKL-MQTT-BENCH: BUFFULL run_id=try3-c4-sysonly start_us=20543255 end_us=20544673 dur_us=1417
UKL-MQTT-BENCH: BUFFULL run_id=try3-c4-sysonly start_us=20546646 end_us=20550134 dur_us=3487
UKL-MQTT-BENCH: BUFFULL run_id=try3-c4-sysonly start_us=20552702 end_us=20556731 dur_us=4028
UKL-MQTT-BENCH: BUFFULL run_id=try3-c4-sysonly start_us=20559268 end_us=20562759 dur_us=3490
UKL-MQTT-BENCH: BUFFULL run_id=try3-c4-sysonly start_us=20565808 end_us=20569155 dur_us=3346
UKL-MQTT-BENCH: BUFFULL run_id=try3-c4-sysonly start_us=20571689 end_us=20574135 dur_us=2446
UKL-MQTT-BENCH: BUFFULL run_id=try3-c4-sysonly start_us=20576713 end_us=20578656 dur_us=1943
UKL-MQTT-BENCH: BUFFULL run_id=try3-c4-sysonly start_us=20580646 end_us=20583105 dur_us=2459
UKL-MQTT-BENCH: BUFFULL run_id=try3-c4-sysonly start_us=20585093 end_us=20587069 dur_us=1975
UKL-MQTT-BENCH: BUFFULL run_id=try3-c4-sysonly start_us=20588563 end_us=20593203 dur_us=4639
UKL-MQTT-BENCH: BUFFULL run_id=try3-c4-sysonly start_us=20596245 end_us=20599165 dur_us=2919
UKL-MQTT-BENCH: BUFFULL run_id=try3-c4-sysonly start_us=20601722 end_us=20604680 dur_us=2957
UKL-MQTT-BENCH: BUFFULL run_id=try3-c4-sysonly start_us=20607225 end_us=20610738 dur_us=3512
UKL-MQTT-BENCH: BUFFULL run_id=try3-c4-sysonly start_us=20615120 end_us=20619763 dur_us=4642
UKL-MQTT-BENCH: BUFFULL run_id=try3-c4-sysonly start_us=20623129 end_us=20626711 dur_us=3582
UKL-MQTT-BENCH: BUFFULL run_id=try3-c4-sysonly start_us=20629370 end_us=20632702 dur_us=3331
UKL-MQTT-BENCH: BUFFULL run_id=try3-c4-sysonly start_us=20634819 end_us=20639162 dur_us=4342
UKL-MQTT-BENCH: BUFFULL run_id=try3-c4-sysonly start_us=20643737 end_us=20644904 dur_us=1167
UKL-MQTT-BENCH: BUFFULL run_id=try3-c4-sysonly start_us=20649253 end_us=20650955 dur_us=1701
UKL-MQTT-BENCH: BUFFULL run_id=try3-c4-sysonly start_us=20655689 end_us=20658000 dur_us=2310
UKL-MQTT-BENCH: BUFFULL run_id=try3-c4-sysonly start_us=20668774 end_us=20670388 dur_us=1614
UKL-MQTT-BENCH: BUFFULL run_id=try3-c4-sysonly start_us=20679217 end_us=20681368 dur_us=2151
UKL-MQTT-BENCH: BUFFULL run_id=try3-c4-sysonly start_us=20689750 end_us=20693299 dur_us=3549
UKL-MQTT-BENCH: BUFFULL run_id=try3-c4-sysonly start_us=20696536 end_us=20698784 dur_us=2247
UKL-MQTT-BENCH: BUFFULL run_id=try3-c4-sysonly start_us=20701015 end_us=20702713 dur_us=1697
UKL-MQTT-BENCH: BUFFULL run_id=try3-c4-sysonly start_us=20704838 end_us=20707124 dur_us=2286
UKL-MQTT-BENCH: BUFFULL run_id=try3-c4-sysonly start_us=20708717 end_us=20712743 dur_us=4026
UKL-MQTT-BENCH: BUFFULL run_id=try3-c4-sysonly start_us=20715372 end_us=20719810 dur_us=4437
UKL-MQTT-BENCH: BUFFULL run_id=try3-c4-sysonly start_us=20723049 end_us=20725785 dur_us=2735
UKL-MQTT-BENCH: BUFFULL run_id=try3-c4-sysonly start_us=20728528 end_us=20731778 dur_us=3249
UKL-MQTT-BENCH: BUFFULL run_id=try3-c4-sysonly start_us=20734435 end_us=20737725 dur_us=3289
UKL-MQTT-BENCH: BUFFULL run_id=try3-c4-sysonly start_us=20740270 end_us=20743157 dur_us=2887
UKL-MQTT-BENCH: BUFFULL run_id=try3-c4-sysonly start_us=20745753 end_us=20747671 dur_us=1918
UKL-MQTT-BENCH: BUFFULL run_id=try3-c4-sysonly start_us=20749660 end_us=20752670 dur_us=3010
UKL-MQTT-BENCH: BUFFULL run_id=try3-c4-sysonly start_us=20754729 end_us=20758165 dur_us=3435
UKL-MQTT-BENCH: BUFFULL run_id=try3-c4-sysonly start_us=20760714 end_us=20763760 dur_us=3046
UKL-MQTT-BENCH: BUFFULL run_id=try3-c4-sysonly start_us=20766292 end_us=20769732 dur_us=3439
UKL-MQTT-BENCH: BUFFULL run_id=try3-c4-sysonly start_us=20772299 end_us=20775743 dur_us=3444
UKL-MQTT-BENCH: BUFFULL run_id=try3-c4-sysonly start_us=20778487 end_us=20780116 dur_us=1629
UKL-MQTT-BENCH: BUFFULL run_id=try3-c4-sysonly start_us=20782232 end_us=20785141 dur_us=2908
UKL-MQTT-BENCH: BUFFULL run_id=try3-c4-sysonly start_us=20787256 end_us=20789695 dur_us=2439
UKL-MQTT-BENCH: BUFFULL run_id=try3-c4-sysonly start_us=20791816 end_us=20797224 dur_us=5408
UKL-MQTT-BENCH: BUFFULL run_id=try3-c4-sysonly start_us=20800266 end_us=20802738 dur_us=2471
UKL-MQTT-BENCH: BUFFULL run_id=try3-c4-sysonly start_us=20805289 end_us=20808167 dur_us=2878
UKL-MQTT-BENCH: BUFFULL run_id=try3-c4-sysonly start_us=20810716 end_us=20812660 dur_us=1943
UKL-MQTT-BENCH: BUFFULL run_id=try3-c4-sysonly start_us=20814649 end_us=20819768 dur_us=5119
UKL-MQTT-BENCH: BUFFULL run_id=try3-c4-sysonly start_us=20822808 end_us=20824683 dur_us=1874
UKL-MQTT-BENCH: BUFFULL run_id=try3-c4-sysonly start_us=20826672 end_us=20830720 dur_us=4047
UKL-MQTT-BENCH: BUFFULL run_id=try3-c4-sysonly start_us=20833259 end_us=20834651 dur_us=1391
UKL-MQTT-BENCH: BUFFULL run_id=try3-c4-sysonly start_us=20836641 end_us=20840153 dur_us=3511
UKL-MQTT-BENCH: BUFFULL run_id=try3-c4-sysonly start_us=20842690 end_us=20845730 dur_us=3039
UKL-MQTT-BENCH: BUFFULL run_id=try3-c4-sysonly start_us=20848259 end_us=20851704 dur_us=3445
UKL-MQTT-BENCH: BUFFULL run_id=try3-c4-sysonly start_us=20854245 end_us=20857145 dur_us=2899
UKL-MQTT-BENCH: BUFFULL run_id=try3-c4-sysonly start_us=20859698 end_us=20862684 dur_us=2985
UKL-MQTT-BENCH: BUFFULL run_id=try3-c4-sysonly start_us=20864677 end_us=20868706 dur_us=4029
UKL-MQTT-BENCH: BUFFULL run_id=try3-c4-sysonly start_us=20871745 end_us=20874159 dur_us=2413
UKL-MQTT-BENCH: BUFFULL run_id=try3-c4-sysonly start_us=20876698 end_us=20880130 dur_us=3432
UKL-MQTT-BENCH: BUFFULL run_id=try3-c4-sysonly start_us=20882691 end_us=20885731 dur_us=3040
UKL-MQTT-BENCH: BUFFULL run_id=try3-c4-sysonly start_us=20888279 end_us=20891703 dur_us=3424
UKL-MQTT-BENCH: BUFFULL run_id=try3-c4-sysonly start_us=20893696 end_us=20896160 dur_us=2463
UKL-MQTT-BENCH: BUFFULL run_id=try3-c4-sysonly start_us=20898829 end_us=20900703 dur_us=1873
UKL-MQTT-BENCH: BUFFULL run_id=try3-c4-sysonly start_us=20902833 end_us=20908162 dur_us=5328
UKL-MQTT-BENCH: BUFFULL run_id=try3-c4-sysonly start_us=20911211 end_us=20913723 dur_us=2511
UKL-MQTT-BENCH: BUFFULL run_id=try3-c4-sysonly start_us=20916264 end_us=20919187 dur_us=2922
UKL-MQTT-BENCH: BUFFULL run_id=try3-c4-sysonly start_us=20921736 end_us=20926207 dur_us=4471
UKL-MQTT-BENCH: BUFFULL run_id=try3-c4-sysonly start_us=20929250 end_us=20930697 dur_us=1447
UKL-MQTT-BENCH: BUFFULL run_id=try3-c4-sysonly start_us=20932679 end_us=20936147 dur_us=3468
UKL-MQTT-BENCH: BUFFULL run_id=try3-c4-sysonly start_us=20941142 end_us=20943649 dur_us=2506
UKL-MQTT-BENCH: BUFFULL run_id=try3-c4-sysonly start_us=20945159 end_us=20949125 dur_us=3966
UKL-MQTT-BENCH: BUFFULL run_id=try3-c4-sysonly start_us=20951673 end_us=20955810 dur_us=4137
UKL-MQTT-BENCH: BUFFULL run_id=try3-c4-sysonly start_us=20958833 end_us=20961211 dur_us=2377
UKL-MQTT-BENCH: BUFFULL run_id=try3-c4-sysonly start_us=20963770 end_us=20967754 dur_us=3983
UKL-MQTT-BENCH: BUFFULL run_id=try3-c4-sysonly start_us=20970391 end_us=20971655 dur_us=1263
UKL-MQTT-BENCH: BUFFULL run_id=try3-c4-sysonly start_us=20973146 end_us=20975101 dur_us=1954
UKL-MQTT-BENCH: BUFFULL run_id=try3-c4-sysonly start_us=20977089 end_us=20980123 dur_us=3034
UKL-MQTT-BENCH: BUFFULL run_id=try3-c4-sysonly start_us=20982106 end_us=20985116 dur_us=3009
UKL-MQTT-BENCH: BUFFULL run_id=try3-c4-sysonly start_us=20987656 end_us=20990685 dur_us=3028
UKL-MQTT-BENCH: BUFFULL run_id=try3-c4-sysonly start_us=20993213 end_us=20996706 dur_us=3492
UKL-MQTT-BENCH: BUFFULL run_id=try3-c4-sysonly start_us=20999286 end_us=21002125 dur_us=2838
UKL-MQTT-BENCH: BUFFULL run_id=try3-c4-sysonly start_us=21004100 end_us=21008167 dur_us=4067
UKL-MQTT-BENCH: BUFFULL run_id=try3-c4-sysonly start_us=21011216 end_us=21013721 dur_us=2505
UKL-MQTT-BENCH: BUFFULL run_id=try3-c4-sysonly start_us=21016250 end_us=21019157 dur_us=2906
UKL-MQTT-BENCH: BUFFULL run_id=try3-c4-sysonly start_us=21021689 end_us=21023643 dur_us=1953
UKL-MQTT-BENCH: BUFFULL run_id=try3-c4-sysonly start_us=21025628 end_us=21027066 dur_us=1437
UKL-MQTT-BENCH: BUFFULL run_id=try3-c4-sysonly start_us=21028553 end_us=21032691 dur_us=4137
UKL-MQTT-BENCH: BUFFULL run_id=try3-c4-sysonly start_us=21035230 end_us=21038709 dur_us=3478
UKL-MQTT-BENCH: BUFFULL run_id=try3-c4-sysonly start_us=21041243 end_us=21044138 dur_us=2895
UKL-MQTT-BENCH: BUFFULL run_id=try3-c4-sysonly start_us=21046677 end_us=21049718 dur_us=3041
UKL-MQTT-BENCH: BUFFULL run_id=try3-c4-sysonly start_us=21052248 end_us=21055686 dur_us=3438
UKL-MQTT-BENCH: BUFFULL run_id=try3-c4-sysonly start_us=21058224 end_us=21061161 dur_us=2936
UKL-MQTT-BENCH: BUFFULL run_id=try3-c4-sysonly start_us=21063707 end_us=21067150 dur_us=3442
UKL-MQTT-BENCH: BUFFULL run_id=try3-c4-sysonly start_us=21069701 end_us=21072696 dur_us=2995
UKL-MQTT-BENCH: BUFFULL run_id=try3-c4-sysonly start_us=21075236 end_us=21078154 dur_us=2917
UKL-MQTT-BENCH: BUFFULL run_id=try3-c4-sysonly start_us=21080686 end_us=21084178 dur_us=3492
UKL-MQTT-BENCH: BUFFULL run_id=try3-c4-sysonly start_us=21086737 end_us=21089687 dur_us=2950
UKL-MQTT-BENCH: BUFFULL run_id=try3-c4-sysonly start_us=21092259 end_us=21095175 dur_us=2915
UKL-MQTT-BENCH: BUFFULL run_id=try3-c4-sysonly start_us=21097704 end_us=21101171 dur_us=3467
UKL-MQTT-BENCH: BUFFULL run_id=try3-c4-sysonly start_us=21103709 end_us=21106711 dur_us=3002
UKL-MQTT-BENCH: BUFFULL run_id=try3-c4-sysonly start_us=21109242 end_us=21112142 dur_us=2899
UKL-MQTT-BENCH: BUFFULL run_id=try3-c4-sysonly start_us=21114673 end_us=21118163 dur_us=3490
UKL-MQTT-BENCH: BUFFULL run_id=try3-c4-sysonly start_us=21120694 end_us=21122651 dur_us=1956
UKL-MQTT-BENCH: BUFFULL run_id=try3-c4-sysonly start_us=21124644 end_us=21129197 dur_us=4552
UKL-MQTT-BENCH: BUFFULL run_id=try3-c4-sysonly start_us=21132216 end_us=21134119 dur_us=1902
UKL-MQTT-BENCH: BUFFULL run_id=try3-c4-sysonly start_us=21136100 end_us=21140154 dur_us=4053
UKL-MQTT-BENCH: BUFFULL run_id=try3-c4-sysonly start_us=21142704 end_us=21144090 dur_us=1386
UKL-MQTT-BENCH: BUFFULL run_id=try3-c4-sysonly start_us=21146084 end_us=21149705 dur_us=3620
UKL-MQTT-BENCH: BUFFULL run_id=try3-c4-sysonly start_us=21152239 end_us=21154102 dur_us=1863
UKL-MQTT-BENCH: BUFFULL run_id=try3-c4-sysonly start_us=21156077 end_us=21161192 dur_us=5114
UKL-MQTT-BENCH: BUFFULL run_id=try3-c4-sysonly start_us=21164214 end_us=21166688 dur_us=2473
UKL-MQTT-BENCH: BUFFULL run_id=try3-c4-sysonly start_us=21169239 end_us=21172712 dur_us=3472
UKL-MQTT-BENCH: BUFFULL run_id=try3-c4-sysonly start_us=21175245 end_us=21177089 dur_us=1844
UKL-MQTT-BENCH: BUFFULL run_id=try3-c4-sysonly start_us=21179142 end_us=21182712 dur_us=3570
UKL-MQTT-BENCH: BUFFULL run_id=try3-c4-sysonly start_us=21185269 end_us=21187641 dur_us=2372
UKL-MQTT-BENCH: BUFFULL run_id=try3-c4-sysonly start_us=21189638 end_us=21193150 dur_us=3512
UKL-MQTT-BENCH: BUFFULL run_id=try3-c4-sysonly start_us=21198211 end_us=21203211 dur_us=5000
UKL-MQTT-BENCH: BUFFULL run_id=try3-c4-sysonly start_us=21206232 end_us=21207640 dur_us=1407
UKL-MQTT-BENCH: BUFFULL run_id=try3-c4-sysonly start_us=21209619 end_us=21214751 dur_us=5132
UKL-MQTT-BENCH: BUFFULL run_id=try3-c4-sysonly start_us=21220046 end_us=21225198 dur_us=5152
UKL-MQTT-BENCH: BUFFULL run_id=try3-c4-sysonly start_us=21229968 end_us=21234145 dur_us=4177
UKL-MQTT-BENCH: BUFFULL run_id=try3-c4-sysonly start_us=21236681 end_us=21238066 dur_us=1385
UKL-MQTT-BENCH: BUFFULL run_id=try3-c4-sysonly start_us=21239551 end_us=21245731 dur_us=6179
UKL-MQTT-BENCH: BUFFULL run_id=try3-c4-sysonly start_us=21251631 end_us=21256747 dur_us=5116
UKL-MQTT-BENCH: BUFFULL run_id=try3-c4-sysonly start_us=21259769 end_us=21262105 dur_us=2336
UKL-MQTT-BENCH: BUFFULL run_id=try3-c4-sysonly start_us=21264087 end_us=21268172 dur_us=4084
UKL-MQTT-BENCH: BUFFULL run_id=try3-c4-sysonly start_us=21271207 end_us=21272626 dur_us=1418
UKL-MQTT-BENCH: BUFFULL run_id=try3-c4-sysonly start_us=21274611 end_us=21279181 dur_us=4569
UKL-MQTT-BENCH: BUFFULL run_id=try3-c4-sysonly start_us=21282203 end_us=21284112 dur_us=1909
UKL-MQTT-BENCH: BUFFULL run_id=try3-c4-sysonly start_us=21286092 end_us=21290133 dur_us=4040
UKL-MQTT-BENCH: BUFFULL run_id=try3-c4-sysonly start_us=21292675 end_us=21294127 dur_us=1451
UKL-MQTT-BENCH: BUFFULL run_id=try3-c4-sysonly start_us=21296112 end_us=21299722 dur_us=3610
UKL-MQTT-BENCH: BUFFULL run_id=try3-c4-sysonly start_us=21302244 end_us=21305741 dur_us=3496
UKL-MQTT-BENCH: BUFFULL run_id=try3-c4-sysonly start_us=21308285 end_us=21311269 dur_us=2983
UKL-MQTT-BENCH: BUFFULL run_id=try3-c4-sysonly start_us=21313797 end_us=21317164 dur_us=3367
UKL-MQTT-BENCH: BUFFULL run_id=try3-c4-sysonly start_us=21319736 end_us=21322695 dur_us=2958
UKL-MQTT-BENCH: BUFFULL run_id=try3-c4-sysonly start_us=21325220 end_us=21327093 dur_us=1872
UKL-MQTT-BENCH: BUFFULL run_id=try3-c4-sysonly start_us=21329088 end_us=21331663 dur_us=2575
UKL-MQTT-BENCH: BUFFULL run_id=try3-c4-sysonly start_us=21333659 end_us=21337698 dur_us=4039
UKL-MQTT-BENCH: BUFFULL run_id=try3-c4-sysonly start_us=21340229 end_us=21343685 dur_us=3455
UKL-MQTT-BENCH: BUFFULL run_id=try3-c4-sysonly start_us=21346219 end_us=21348679 dur_us=2460
UKL-MQTT-BENCH: BUFFULL run_id=try3-c4-sysonly start_us=21351200 end_us=21354669 dur_us=3469
UKL-MQTT-BENCH: BUFFULL run_id=try3-c4-sysonly start_us=21357198 end_us=21360664 dur_us=3466
UKL-MQTT-BENCH: BUFFULL run_id=try3-c4-sysonly start_us=21363188 end_us=21365675 dur_us=2487
UKL-MQTT-BENCH: BUFFULL run_id=try3-c4-sysonly start_us=21368255 end_us=21371694 dur_us=3439
UKL-MQTT-BENCH: BUFFULL run_id=try3-c4-sysonly start_us=21374224 end_us=21377696 dur_us=3471
UKL-MQTT-BENCH: BUFFULL run_id=try3-c4-sysonly start_us=21380229 end_us=21383154 dur_us=2924
UKL-MQTT-BENCH: BUFFULL run_id=try3-c4-sysonly start_us=21385692 end_us=21388684 dur_us=2991
UKL-MQTT-BENCH: BUFFULL run_id=try3-c4-sysonly start_us=21391207 end_us=21393084 dur_us=1876
UKL-MQTT-BENCH: BUFFULL run_id=try3-c4-sysonly start_us=21395063 end_us=21397660 dur_us=2597
UKL-MQTT-BENCH: BUFFULL run_id=try3-c4-sysonly start_us=21399652 end_us=21404726 dur_us=5073
UKL-MQTT-BENCH: BUFFULL run_id=try3-c4-sysonly start_us=21407769 end_us=21409679 dur_us=1910
UKL-MQTT-BENCH: BUFFULL run_id=try3-c4-sysonly start_us=21411658 end_us=21414691 dur_us=3032
UKL-MQTT-BENCH: BUFFULL run_id=try3-c4-sysonly start_us=21417221 end_us=21419118 dur_us=1897
UKL-MQTT-BENCH: BUFFULL run_id=try3-c4-sysonly start_us=21421097 end_us=21425137 dur_us=4039
UKL-MQTT-BENCH: BUFFULL run_id=try3-c4-sysonly start_us=21427695 end_us=21430699 dur_us=3004
UKL-MQTT-BENCH: BUFFULL run_id=try3-c4-sysonly start_us=21433237 end_us=21435088 dur_us=1850
UKL-MQTT-BENCH: BUFFULL run_id=try3-c4-sysonly start_us=21436573 end_us=21440713 dur_us=4140
UKL-MQTT-BENCH: BUFFULL run_id=try3-c4-sysonly start_us=21443729 end_us=21446682 dur_us=2952
UKL-MQTT-BENCH: BUFFULL run_id=try3-c4-sysonly start_us=21449240 end_us=21452156 dur_us=2916
UKL-MQTT-BENCH: BUFFULL run_id=try3-c4-sysonly start_us=21454695 end_us=21456631 dur_us=1936
UKL-MQTT-BENCH: BUFFULL run_id=try3-c4-sysonly start_us=21458117 end_us=21461089 dur_us=2972
UKL-MQTT-BENCH: BUFFULL run_id=try3-c4-sysonly start_us=21463628 end_us=21467140 dur_us=3511
UKL-MQTT-BENCH: BUFFULL run_id=try3-c4-sysonly start_us=21469675 end_us=21472787 dur_us=3112
UKL-MQTT-BENCH: BUFFULL run_id=try3-c4-sysonly start_us=21475326 end_us=21478199 dur_us=2872
UKL-MQTT-BENCH: BUFFULL run_id=try3-c4-sysonly start_us=21480748 end_us=21484180 dur_us=3432
UKL-MQTT-BENCH: BUFFULL run_id=try3-c4-sysonly start_us=21487280 end_us=21491158 dur_us=3877
UKL-MQTT-BENCH: BUFFULL run_id=try3-c4-sysonly start_us=21493680 end_us=21495632 dur_us=1952
UKL-MQTT-BENCH: BUFFULL run_id=try3-c4-sysonly start_us=21500079 end_us=21503658 dur_us=3579
UKL-MQTT-BENCH: BUFFULL run_id=try3-c4-sysonly start_us=21505635 end_us=21509160 dur_us=3525
UKL-MQTT-BENCH: BUFFULL run_id=try3-c4-sysonly start_us=21511713 end_us=21514681 dur_us=2967
UKL-MQTT-BENCH: BUFFULL run_id=try3-c4-sysonly start_us=21517205 end_us=21520167 dur_us=2962
UKL-MQTT-BENCH: BUFFULL run_id=try3-c4-sysonly start_us=21522716 end_us=21526142 dur_us=3426
UKL-MQTT-BENCH: BUFFULL run_id=try3-c4-sysonly start_us=21528686 end_us=21531689 dur_us=3002
UKL-MQTT-BENCH: BUFFULL run_id=try3-c4-sysonly start_us=21534220 end_us=21537705 dur_us=3484
UKL-MQTT-BENCH: BUFFULL run_id=try3-c4-sysonly start_us=21540238 end_us=21543172 dur_us=2933
UKL-MQTT-BENCH: BUFFULL run_id=try3-c4-sysonly start_us=21545699 end_us=21547612 dur_us=1912
UKL-MQTT-BENCH: BUFFULL run_id=try3-c4-sysonly start_us=21549602 end_us=21552093 dur_us=2491
UKL-MQTT-BENCH: BUFFULL run_id=try3-c4-sysonly start_us=21554075 end_us=21556638 dur_us=2562
UKL-MQTT-BENCH: BUFFULL run_id=try3-c4-sysonly start_us=21558620 end_us=21563698 dur_us=5078
UKL-MQTT-BENCH: BUFFULL run_id=try3-c4-sysonly start_us=21566717 end_us=21568650 dur_us=1933
UKL-MQTT-BENCH: BUFFULL run_id=try3-c4-sysonly start_us=21570650 end_us=21574696 dur_us=4046
UKL-MQTT-BENCH: BUFFULL run_id=try3-c4-sysonly start_us=21577717 end_us=21579120 dur_us=1403
UKL-MQTT-BENCH: BUFFULL run_id=try3-c4-sysonly start_us=21581085 end_us=21585130 dur_us=4044
UKL-MQTT-BENCH: BUFFULL run_id=try3-c4-sysonly start_us=21587656 end_us=21590691 dur_us=3034
UKL-MQTT-BENCH: BUFFULL run_id=try3-c4-sysonly start_us=21593214 end_us=21596238 dur_us=3024
UKL-MQTT-BENCH: BUFFULL run_id=try3-c4-sysonly start_us=21598781 end_us=21600671 dur_us=1889
UKL-MQTT-BENCH: BUFFULL run_id=try3-c4-sysonly start_us=21602171 end_us=21605681 dur_us=3510
UKL-MQTT-BENCH: BUFFULL run_id=try3-c4-sysonly start_us=21610581 end_us=21613637 dur_us=3055
UKL-MQTT-BENCH: BUFFULL run_id=try3-c4-sysonly start_us=21615621 end_us=21618101 dur_us=2480
UKL-MQTT-BENCH: BUFFULL run_id=try3-c4-sysonly start_us=21620082 end_us=21623671 dur_us=3588
UKL-MQTT-BENCH: BUFFULL run_id=try3-c4-sysonly start_us=21626196 end_us=21629138 dur_us=2941
UKL-MQTT-BENCH: BUFFULL run_id=try3-c4-sysonly start_us=21631664 end_us=21634667 dur_us=3003
UKL-MQTT-BENCH: BUFFULL run_id=try3-c4-sysonly start_us=21637195 end_us=21640692 dur_us=3496
UKL-MQTT-BENCH: BUFFULL run_id=try3-c4-sysonly start_us=21643226 end_us=21646157 dur_us=2930
UKL-MQTT-BENCH: BUFFULL run_id=try3-c4-sysonly start_us=21648699 end_us=21651973 dur_us=3273
UKL-MQTT-BENCH: BUFFULL run_id=try3-c4-sysonly start_us=21654503 end_us=21657658 dur_us=3154
UKL-MQTT-BENCH: BUFFULL run_id=try3-c4-sysonly start_us=21662558 end_us=21667683 dur_us=5125
UKL-MQTT-BENCH: BUFFULL run_id=try3-c4-sysonly start_us=21670723 end_us=21673162 dur_us=2438
UKL-MQTT-BENCH: BUFFULL run_id=try3-c4-sysonly start_us=21675704 end_us=21679154 dur_us=3450
UKL-MQTT-BENCH: BUFFULL run_id=try3-c4-sysonly start_us=21681705 end_us=21684692 dur_us=2986
UKL-MQTT-BENCH: BUFFULL run_id=try3-c4-sysonly start_us=21687207 end_us=21690646 dur_us=3439
UKL-MQTT-BENCH: BUFFULL run_id=try3-c4-sysonly start_us=21692636 end_us=21696161 dur_us=3525
UKL-MQTT-BENCH: BUFFULL run_id=try3-c4-sysonly start_us=21699194 end_us=21701708 dur_us=2514
UKL-MQTT-BENCH: BUFFULL run_id=try3-c4-sysonly start_us=21704245 end_us=21707696 dur_us=3450
UKL-MQTT-BENCH: BUFFULL run_id=try3-c4-sysonly start_us=21710211 end_us=21712094 dur_us=1882
UKL-MQTT-BENCH: BUFFULL run_id=try3-c4-sysonly start_us=21714076 end_us=21716657 dur_us=2581
UKL-MQTT-BENCH: BUFFULL run_id=try3-c4-sysonly start_us=21718640 end_us=21721106 dur_us=2465
UKL-MQTT-BENCH: BUFFULL run_id=try3-c4-sysonly start_us=21723090 end_us=21727702 dur_us=4612
UKL-MQTT-BENCH: BUFFULL run_id=try3-c4-sysonly start_us=21730751 end_us=21733116 dur_us=2364
UKL-MQTT-BENCH: BUFFULL run_id=try3-c4-sysonly start_us=21735121 end_us=21738154 dur_us=3032
UKL-MQTT-BENCH: BUFFULL run_id=try3-c4-sysonly start_us=21743073 end_us=21746182 dur_us=3109
UKL-MQTT-BENCH: BUFFULL run_id=try3-c4-sysonly start_us=21748174 end_us=21753211 dur_us=5036
UKL-MQTT-BENCH: BUFFULL run_id=try3-c4-sysonly start_us=21756236 end_us=21758121 dur_us=1885
UKL-MQTT-BENCH: BUFFULL run_id=try3-c4-sysonly start_us=21760113 end_us=21763145 dur_us=3032
UKL-MQTT-BENCH: BUFFULL run_id=try3-c4-sysonly start_us=21766854 end_us=21770669 dur_us=3814
UKL-MQTT-BENCH: BUFFULL run_id=try3-c4-sysonly start_us=21773226 end_us=21776139 dur_us=2912
UKL-MQTT-BENCH: BUFFULL run_id=try3-c4-sysonly start_us=21778176 end_us=21782710 dur_us=4533
UKL-MQTT-BENCH: BUFFULL run_id=try3-c4-sysonly start_us=21785747 end_us=21787652 dur_us=1904
UKL-MQTT-BENCH: BUFFULL run_id=try3-c4-sysonly start_us=21789628 end_us=21792637 dur_us=3009
UKL-MQTT-BENCH: BUFFULL run_id=try3-c4-sysonly start_us=21794657 end_us=21796074 dur_us=1416
UKL-MQTT-BENCH: BUFFULL run_id=try3-c4-sysonly start_us=21798058 end_us=21801656 dur_us=3597
UKL-MQTT-BENCH: BUFFULL run_id=try3-c4-sysonly start_us=21804182 end_us=21808132 dur_us=3950
UKL-MQTT-BENCH: BUFFULL run_id=try3-c4-sysonly start_us=21810761 end_us=21813186 dur_us=2424
UKL-MQTT-BENCH: BUFFULL run_id=try3-c4-sysonly start_us=21815904 end_us=21820722 dur_us=4817
UKL-MQTT-BENCH: BUFFULL run_id=try3-c4-sysonly start_us=21823959 end_us=21826727 dur_us=2768
UKL-MQTT-BENCH: BUFFULL run_id=try3-c4-sysonly start_us=21829449 end_us=21832697 dur_us=3247
UKL-MQTT-BENCH: BUFFULL run_id=try3-c4-sysonly start_us=21835238 end_us=21838679 dur_us=3441
UKL-MQTT-BENCH: BUFFULL run_id=try3-c4-sysonly start_us=21841254 end_us=21843122 dur_us=1867
UKL-MQTT-BENCH: BUFFULL run_id=try3-c4-sysonly start_us=21845113 end_us=21847623 dur_us=2510
UKL-MQTT-BENCH: BUFFULL run_id=try3-c4-sysonly start_us=21849610 end_us=21854205 dur_us=4595
UKL-MQTT-BENCH: BUFFULL run_id=try3-c4-sysonly start_us=21857285 end_us=21859131 dur_us=1846
UKL-MQTT-BENCH: BUFFULL run_id=try3-c4-sysonly start_us=21861119 end_us=21865710 dur_us=4590
UKL-MQTT-BENCH: BUFFULL run_id=try3-c4-sysonly start_us=21868745 end_us=21870115 dur_us=1369
UKL-MQTT-BENCH: BUFFULL run_id=try3-c4-sysonly start_us=21872108 end_us=21876190 dur_us=4082
UKL-MQTT-BENCH: BUFFULL run_id=try3-c4-sysonly start_us=21878866 end_us=21881133 dur_us=2266
UKL-MQTT-BENCH: BUFFULL run_id=try3-c4-sysonly start_us=21883117 end_us=21886692 dur_us=3574
UKL-MQTT-BENCH: BUFFULL run_id=try3-c4-sysonly start_us=21889229 end_us=21892148 dur_us=2919
UKL-MQTT-BENCH: BUFFULL run_id=try3-c4-sysonly start_us=21894705 end_us=21898159 dur_us=3454
UKL-MQTT-BENCH: BUFFULL run_id=try3-c4-sysonly start_us=21900703 end_us=21903699 dur_us=2995
UKL-MQTT-BENCH: BUFFULL run_id=try3-c4-sysonly start_us=21906228 end_us=21909681 dur_us=3453
UKL-MQTT-BENCH: BUFFULL run_id=try3-c4-sysonly start_us=21912215 end_us=21915161 dur_us=2945
UKL-MQTT-BENCH: BUFFULL run_id=try3-c4-sysonly start_us=21917699 end_us=21920688 dur_us=2988
UKL-MQTT-BENCH: BUFFULL run_id=try3-c4-sysonly start_us=21923226 end_us=21925098 dur_us=1871
UKL-MQTT-BENCH: BUFFULL run_id=try3-c4-sysonly start_us=21927072 end_us=21932202 dur_us=5129
UKL-MQTT-BENCH: BUFFULL run_id=try3-c4-sysonly start_us=21935236 end_us=21937123 dur_us=1887
UKL-MQTT-BENCH: BUFFULL run_id=try3-c4-sysonly start_us=21939102 end_us=21943704 dur_us=4601
UKL-MQTT-BENCH: BUFFULL run_id=try3-c4-sysonly start_us=21946732 end_us=21948118 dur_us=1386
UKL-MQTT-BENCH: BUFFULL run_id=try3-c4-sysonly start_us=21950099 end_us=21953674 dur_us=3575
UKL-MQTT-BENCH: BUFFULL run_id=try3-c4-sysonly start_us=21956211 end_us=21958121 dur_us=1909
UKL-MQTT-BENCH: BUFFULL run_id=try3-c4-sysonly start_us=21960116 end_us=21964147 dur_us=4031
UKL-MQTT-BENCH: BUFFULL run_id=try3-c4-sysonly start_us=21966679 end_us=21969664 dur_us=2984
UKL-MQTT-BENCH: BUFFULL run_id=try3-c4-sysonly start_us=21972369 end_us=21975694 dur_us=3325
UKL-MQTT-BENCH: BUFFULL run_id=try3-c4-sysonly start_us=21978228 end_us=21981125 dur_us=2896
UKL-MQTT-BENCH: BUFFULL run_id=try3-c4-sysonly start_us=21983701 end_us=21987169 dur_us=3467
UKL-MQTT-BENCH: BUFFULL run_id=try3-c4-sysonly start_us=21989760 end_us=21992672 dur_us=2912
UKL-MQTT-BENCH: BUFFULL run_id=try3-c4-sysonly start_us=21995251 end_us=21998663 dur_us=3412
UKL-MQTT-BENCH: BUFFULL run_id=try3-c4-sysonly start_us=22001212 end_us=22004269 dur_us=3057
UKL-MQTT-BENCH: BUFFULL run_id=try3-c4-sysonly start_us=22006804 end_us=22010165 dur_us=3360
UKL-MQTT-BENCH: BUFFULL run_id=try3-c4-sysonly start_us=22012705 end_us=22014602 dur_us=1896
UKL-MQTT-BENCH: BUFFULL run_id=try3-c4-sysonly start_us=22016585 end_us=22021726 dur_us=5141
UKL-MQTT-BENCH: BUFFULL run_id=try3-c4-sysonly start_us=22024778 end_us=22026633 dur_us=1854
UKL-MQTT-BENCH: BUFFULL run_id=try3-c4-sysonly start_us=22028620 end_us=22032713 dur_us=4092
UKL-MQTT-BENCH: BUFFULL run_id=try3-c4-sysonly start_us=22038087 end_us=22042168 dur_us=4080
UKL-MQTT-BENCH: BUFFULL run_id=try3-c4-sysonly start_us=22047274 end_us=22052293 dur_us=5019
UKL-MQTT-BENCH: BUFFULL run_id=try3-c4-sysonly start_us=22055336 end_us=22057109 dur_us=1773
UKL-MQTT-BENCH: BUFFULL run_id=try3-c4-sysonly start_us=22059090 end_us=22063725 dur_us=4635
UKL-MQTT-BENCH: BUFFULL run_id=try3-c4-sysonly start_us=22066757 end_us=22068099 dur_us=1342
UKL-MQTT-BENCH: BUFFULL run_id=try3-c4-sysonly start_us=22070105 end_us=22074702 dur_us=4596
UKL-MQTT-BENCH: BUFFULL run_id=try3-c4-sysonly start_us=22077240 end_us=22078672 dur_us=1432
UKL-MQTT-BENCH: BUFFULL run_id=try3-c4-sysonly start_us=22080671 end_us=22085756 dur_us=5085
UKL-MQTT-BENCH: BUFFULL run_id=try3-c4-sysonly start_us=22088779 end_us=22090092 dur_us=1313
UKL-MQTT-BENCH: BUFFULL run_id=try3-c4-sysonly start_us=22091583 end_us=22094601 dur_us=3017
UKL-MQTT-BENCH: BUFFULL run_id=try3-c4-sysonly start_us=22096579 end_us=22098603 dur_us=2024
UKL-MQTT-BENCH: BUFFULL run_id=try3-c4-sysonly start_us=22100609 end_us=22104704 dur_us=4095
UKL-MQTT-BENCH: BUFFULL run_id=try3-c4-sysonly start_us=22107741 end_us=22110679 dur_us=2938
UKL-MQTT-BENCH: BUFFULL run_id=try3-c4-sysonly start_us=22113212 end_us=22116175 dur_us=2962
UKL-MQTT-BENCH: BUFFULL run_id=try3-c4-sysonly start_us=22118706 end_us=22120603 dur_us=1897
UKL-MQTT-BENCH: BUFFULL run_id=try3-c4-sysonly start_us=22122600 end_us=22125106 dur_us=2506
UKL-MQTT-BENCH: BUFFULL run_id=try3-c4-sysonly start_us=22127149 end_us=22130122 dur_us=2973
UKL-MQTT-BENCH: BUFFULL run_id=try3-c4-sysonly start_us=22132111 end_us=22136705 dur_us=4593
UKL-MQTT-BENCH: BUFFULL run_id=try3-c4-sysonly start_us=22139749 end_us=22141653 dur_us=1903
UKL-MQTT-BENCH: BUFFULL run_id=try3-c4-sysonly start_us=22143648 end_us=22147153 dur_us=3505
UKL-MQTT-BENCH: BUFFULL run_id=try3-c4-sysonly start_us=22149698 end_us=22151608 dur_us=1909
UKL-MQTT-BENCH: BUFFULL run_id=try3-c4-sysonly start_us=22153596 end_us=22157149 dur_us=3552
UKL-MQTT-BENCH: BUFFULL run_id=try3-c4-sysonly start_us=22159684 end_us=22161691 dur_us=2006
UKL-MQTT-BENCH: BUFFULL run_id=try3-c4-sysonly start_us=22163678 end_us=22168722 dur_us=5043
UKL-MQTT-BENCH: BUFFULL run_id=try3-c4-sysonly start_us=22171802 end_us=22173625 dur_us=1822
UKL-MQTT-BENCH: BUFFULL run_id=try3-c4-sysonly start_us=22175611 end_us=22178617 dur_us=3005
UKL-MQTT-BENCH: BUFFULL run_id=try3-c4-sysonly start_us=22183085 end_us=22186659 dur_us=3573
UKL-MQTT-BENCH: BUFFULL run_id=try3-c4-sysonly start_us=22189195 end_us=22191621 dur_us=2426
UKL-MQTT-BENCH: BUFFULL run_id=try3-c4-sysonly start_us=22193625 end_us=22197155 dur_us=3529
UKL-MQTT-BENCH: BUFFULL run_id=try3-c4-sysonly start_us=22202051 end_us=22207192 dur_us=5141
UKL-MQTT-BENCH: BUFFULL run_id=try3-c4-sysonly start_us=22210218 end_us=22211595 dur_us=1377
UKL-MQTT-BENCH: BUFFULL run_id=try3-c4-sysonly start_us=22213557 end_us=22217669 dur_us=4112
UKL-MQTT-BENCH: BUFFULL run_id=try3-c4-sysonly start_us=22222068 end_us=22227712 dur_us=5644
UKL-MQTT-BENCH: BUFFULL run_id=try3-c4-sysonly start_us=22232589 end_us=22238705 dur_us=6116
UKL-MQTT-BENCH: BUFFULL run_id=try3-c4-sysonly start_us=22244655 end_us=22249201 dur_us=4545
UKL-MQTT-BENCH: BUFFULL run_id=try3-c4-sysonly start_us=22252245 end_us=22254669 dur_us=2423
UKL-MQTT-BENCH: BUFFULL run_id=try3-c4-sysonly start_us=22257343 end_us=22258603 dur_us=1260
UKL-MQTT-BENCH: BUFFULL run_id=try3-c4-sysonly start_us=22260094 end_us=22262576 dur_us=2481
UKL-MQTT-BENCH: BUFFULL run_id=try3-c4-sysonly start_us=22264068 end_us=22267668 dur_us=3599
UKL-MQTT-BENCH: BUFFULL run_id=try3-c4-sysonly start_us=22270197 end_us=22272106 dur_us=1908
UKL-MQTT-BENCH: BUFFULL run_id=try3-c4-sysonly start_us=22274096 end_us=22279173 dur_us=5077
UKL-MQTT-BENCH: BUFFULL run_id=try3-c4-sysonly start_us=22282205 end_us=22284652 dur_us=2446
UKL-MQTT-BENCH: BUFFULL run_id=try3-c4-sysonly start_us=22287179 end_us=22290157 dur_us=2977
UKL-MQTT-BENCH: BUFFULL run_id=try3-c4-sysonly start_us=22292705 end_us=22296140 dur_us=3435
UKL-MQTT-BENCH: BUFFULL run_id=try3-c4-sysonly start_us=22298692 end_us=22302158 dur_us=3466
UKL-MQTT-BENCH: BUFFULL run_id=try3-c4-sysonly start_us=22304702 end_us=22307682 dur_us=2979
UKL-MQTT-BENCH: BUFFULL run_id=try3-c4-sysonly start_us=22310203 end_us=22313164 dur_us=2960
UKL-MQTT-BENCH: BUFFULL run_id=try3-c4-sysonly start_us=22315697 end_us=22319156 dur_us=3459
UKL-MQTT-BENCH: BUFFULL run_id=try3-c4-sysonly start_us=22321694 end_us=22323598 dur_us=1903
UKL-MQTT-BENCH: BUFFULL run_id=try3-c4-sysonly start_us=22325581 end_us=22328140 dur_us=2558
UKL-MQTT-BENCH: BUFFULL run_id=try3-c4-sysonly start_us=22330116 end_us=22333652 dur_us=3536
UKL-MQTT-BENCH: BUFFULL run_id=try3-c4-sysonly start_us=22336186 end_us=22339649 dur_us=3462
UKL-MQTT-BENCH: BUFFULL run_id=try3-c4-sysonly start_us=22342179 end_us=22345106 dur_us=2926
UKL-MQTT-BENCH: BUFFULL run_id=try3-c4-sysonly start_us=22347651 end_us=22351145 dur_us=3493
UKL-MQTT-BENCH: BUFFULL run_id=try3-c4-sysonly start_us=22353687 end_us=22356629 dur_us=2942
UKL-MQTT-BENCH: BUFFULL run_id=try3-c4-sysonly start_us=22359160 end_us=22362136 dur_us=2975
UKL-MQTT-BENCH: BUFFULL run_id=try3-c4-sysonly start_us=22364685 end_us=22367662 dur_us=2977
UKL-MQTT-BENCH: BUFFULL run_id=try3-c4-sysonly start_us=22370203 end_us=22373678 dur_us=3474
UKL-MQTT-BENCH: BUFFULL run_id=try3-c4-sysonly start_us=22376238 end_us=22379157 dur_us=2918
UKL-MQTT-BENCH: BUFFULL run_id=try3-c4-sysonly start_us=22381704 end_us=22385166 dur_us=3462
UKL-MQTT-BENCH: BUFFULL run_id=try3-c4-sysonly start_us=22387718 end_us=22390645 dur_us=2927
UKL-MQTT-BENCH: BUFFULL run_id=try3-c4-sysonly start_us=22393182 end_us=22396631 dur_us=3448
UKL-MQTT-BENCH: BUFFULL run_id=try3-c4-sysonly start_us=22399152 end_us=22400606 dur_us=1454
UKL-MQTT-BENCH: BUFFULL run_id=try3-c4-sysonly start_us=22402585 end_us=22405090 dur_us=2505
UKL-MQTT-BENCH: BUFFULL run_id=try3-c4-sysonly start_us=22407069 end_us=22411116 dur_us=4046
UKL-MQTT-BENCH: BUFFULL run_id=try3-c4-sysonly start_us=22413651 end_us=22416657 dur_us=3006
UKL-MQTT-BENCH: BUFFULL run_id=try3-c4-sysonly start_us=22419192 end_us=22422144 dur_us=2951
UKL-MQTT-BENCH: BUFFULL run_id=try3-c4-sysonly start_us=22424682 end_us=22429206 dur_us=4524
UKL-MQTT-BENCH: BUFFULL run_id=try3-c4-sysonly start_us=22432423 end_us=22434106 dur_us=1683
UKL-MQTT-BENCH: BUFFULL run_id=try3-c4-sysonly start_us=22436115 end_us=22439640 dur_us=3524
UKL-MQTT-BENCH: BUFFULL run_id=try3-c4-sysonly start_us=22442177 end_us=22444098 dur_us=1920
UKL-MQTT-BENCH: BUFFULL run_id=try3-c4-sysonly start_us=22446096 end_us=22451171 dur_us=5074
UKL-MQTT-BENCH: BUFFULL run_id=try3-c4-sysonly start_us=22454221 end_us=22456136 dur_us=1914
UKL-MQTT-BENCH: BUFFULL run_id=try3-c4-sysonly start_us=22458125 end_us=22461130 dur_us=3004
UKL-MQTT-BENCH: BUFFULL run_id=try3-c4-sysonly start_us=22463685 end_us=22467143 dur_us=3457
UKL-MQTT-BENCH: BUFFULL run_id=try3-c4-sysonly start_us=22469149 end_us=22472672 dur_us=3522
UKL-MQTT-BENCH: BUFFULL run_id=try3-c4-sysonly start_us=22475711 end_us=22478166 dur_us=2454
UKL-MQTT-BENCH: BUFFULL run_id=try3-c4-sysonly start_us=22480735 end_us=22484174 dur_us=3438
UKL-MQTT-BENCH: BUFFULL run_id=try3-c4-sysonly start_us=22486723 end_us=22488582 dur_us=1858
UKL-MQTT-BENCH: BUFFULL run_id=try3-c4-sysonly start_us=22490561 end_us=22493086 dur_us=2524
UKL-MQTT-BENCH: BUFFULL run_id=try3-c4-sysonly start_us=22495073 end_us=22497606 dur_us=2532
UKL-MQTT-BENCH: BUFFULL run_id=try3-c4-sysonly start_us=22499587 end_us=22504654 dur_us=5066
UKL-MQTT-BENCH: BUFFULL run_id=try3-c4-sysonly start_us=22507686 end_us=22510161 dur_us=2474
UKL-MQTT-BENCH: BUFFULL run_id=try3-c4-sysonly start_us=22512724 end_us=22515633 dur_us=2909
UKL-MQTT-BENCH: BUFFULL run_id=try3-c4-sysonly start_us=22518194 end_us=22521651 dur_us=3456
UKL-MQTT-BENCH: BUFFULL run_id=try3-c4-sysonly start_us=22524186 end_us=22526125 dur_us=1939
UKL-MQTT-BENCH: BUFFULL run_id=try3-c4-sysonly start_us=22528113 end_us=22530589 dur_us=2475
UKL-MQTT-BENCH: BUFFULL run_id=try3-c4-sysonly start_us=22532597 end_us=22537716 dur_us=5118
UKL-MQTT-BENCH: BUFFULL run_id=try3-c4-sysonly start_us=22540909 end_us=22542678 dur_us=1768
UKL-MQTT-BENCH: BUFFULL run_id=try3-c4-sysonly start_us=22544681 end_us=22548196 dur_us=3514
UKL-MQTT-BENCH: BUFFULL run_id=try3-c4-sysonly start_us=22553090 end_us=22557181 dur_us=4090
UKL-MQTT-BENCH: BUFFULL run_id=try3-c4-sysonly start_us=22559762 end_us=22563156 dur_us=3393
UKL-MQTT-BENCH: BUFFULL run_id=try3-c4-sysonly start_us=22565733 end_us=22569695 dur_us=3962
UKL-MQTT-BENCH: BUFFULL run_id=try3-c4-sysonly start_us=22572750 end_us=22575754 dur_us=3003
UKL-MQTT-BENCH: BUFFULL run_id=try3-c4-sysonly start_us=22578282 end_us=22581185 dur_us=2902
UKL-MQTT-BENCH: BUFFULL run_id=try3-c4-sysonly start_us=22583752 end_us=22587172 dur_us=3420
UKL-MQTT-BENCH: BUFFULL run_id=try3-c4-sysonly start_us=22590936 end_us=22594120 dur_us=3184
UKL-MQTT-BENCH: BUFFULL run_id=try3-c4-sysonly start_us=22596111 end_us=22599663 dur_us=3552
UKL-MQTT-BENCH: BUFFULL run_id=try3-c4-sysonly start_us=22602196 end_us=22604110 dur_us=1914
UKL-MQTT-BENCH: BUFFULL run_id=try3-c4-sysonly start_us=22606121 end_us=22611211 dur_us=5090
UKL-MQTT-BENCH: BUFFULL run_id=try3-c4-sysonly start_us=22614278 end_us=22615588 dur_us=1310
UKL-MQTT-BENCH: BUFFULL run_id=try3-c4-sysonly start_us=22617566 end_us=22622035 dur_us=4468
UKL-MQTT-BENCH: BUFFULL run_id=try3-c4-sysonly start_us=22624715 end_us=22626142 dur_us=1427
UKL-MQTT-BENCH: BUFFULL run_id=try3-c4-sysonly start_us=22628149 end_us=22633008 dur_us=4859
UKL-MQTT-BENCH: BUFFULL run_id=try3-c4-sysonly start_us=22636167 end_us=22637692 dur_us=1524
UKL-MQTT-BENCH: BUFFULL run_id=try3-c4-sysonly start_us=22639725 end_us=22644792 dur_us=5066
UKL-MQTT-BENCH: BUFFULL run_id=try3-c4-sysonly start_us=22647427 end_us=22649683 dur_us=2256
UKL-MQTT-BENCH: BUFFULL run_id=try3-c4-sysonly start_us=22652239 end_us=22655673 dur_us=3434
UKL-MQTT-BENCH: BUFFULL run_id=try3-c4-sysonly start_us=22658206 end_us=22661170 dur_us=2964
UKL-MQTT-BENCH: BUFFULL run_id=try3-c4-sysonly start_us=22663751 end_us=22666667 dur_us=2915
UKL-MQTT-BENCH: BUFFULL run_id=try3-c4-sysonly start_us=22669284 end_us=22671586 dur_us=2302
UKL-MQTT-BENCH: BUFFULL run_id=try3-c4-sysonly start_us=22673567 end_us=22676100 dur_us=2533
UKL-MQTT-BENCH: BUFFULL run_id=try3-c4-sysonly start_us=22678083 end_us=22680623 dur_us=2539
UKL-MQTT-BENCH: BUFFULL run_id=try3-c4-sysonly start_us=22682604 end_us=22687658 dur_us=5054
UKL-MQTT-BENCH: BUFFULL run_id=try3-c4-sysonly start_us=22690686 end_us=22693182 dur_us=2496
UKL-MQTT-BENCH: BUFFULL run_id=try3-c4-sysonly start_us=22695752 end_us=22698804 dur_us=3051
UKL-MQTT-BENCH: BUFFULL run_id=try3-c4-sysonly start_us=22701516 end_us=22705199 dur_us=3683
UKL-MQTT-BENCH: BUFFULL run_id=try3-c4-sysonly start_us=22707910 end_us=22710108 dur_us=2197
UKL-MQTT-BENCH: BUFFULL run_id=try3-c4-sysonly start_us=22712222 end_us=22714629 dur_us=2407
UKL-MQTT-BENCH: BUFFULL run_id=try3-c4-sysonly start_us=22716669 end_us=22720645 dur_us=3976
UKL-MQTT-BENCH: BUFFULL run_id=try3-c4-sysonly start_us=22723190 end_us=22726165 dur_us=2975
UKL-MQTT-BENCH: BUFFULL run_id=try3-c4-sysonly start_us=22728759 end_us=22731113 dur_us=2353
UKL-MQTT-BENCH: BUFFULL run_id=try3-c4-sysonly start_us=22733088 end_us=22735621 dur_us=2532
UKL-MQTT-BENCH: BUFFULL run_id=try3-c4-sysonly start_us=22737634 end_us=22741185 dur_us=3551
UKL-MQTT-BENCH: BUFFULL run_id=try3-c4-sysonly start_us=22743777 end_us=22747166 dur_us=3388
UKL-MQTT-BENCH: BUFFULL run_id=try3-c4-sysonly start_us=22749802 end_us=22753156 dur_us=3354
UKL-MQTT-BENCH: BUFFULL run_id=try3-c4-sysonly start_us=22755711 end_us=22758633 dur_us=2921
UKL-MQTT-BENCH: BUFFULL run_id=try3-c4-sysonly start_us=22761183 end_us=22763137 dur_us=1953
UKL-MQTT-BENCH: BUFFULL run_id=try3-c4-sysonly start_us=22765117 end_us=22768647 dur_us=3530
UKL-MQTT-BENCH: BUFFULL run_id=try3-c4-sysonly start_us=22771176 end_us=22774651 dur_us=3474
UKL-MQTT-BENCH: BUFFULL run_id=try3-c4-sysonly start_us=22777222 end_us=22779143 dur_us=1920
UKL-MQTT-BENCH: BUFFULL run_id=try3-c4-sysonly start_us=22781142 end_us=22786382 dur_us=5240
UKL-MQTT-BENCH: BUFFULL run_id=try3-c4-sysonly start_us=22789762 end_us=22792214 dur_us=2452
UKL-MQTT-BENCH: BUFFULL run_id=try3-c4-sysonly start_us=22794846 end_us=22798336 dur_us=3490
UKL-MQTT-BENCH: BUFFULL run_id=try3-c4-sysonly start_us=22800969 end_us=22804363 dur_us=3394
UKL-MQTT-BENCH: BUFFULL run_id=try3-c4-sysonly start_us=22806943 end_us=22810407 dur_us=3463
UKL-MQTT-BENCH: BUFFULL run_id=try3-c4-sysonly start_us=22813057 end_us=22814674 dur_us=1617
UKL-MQTT-BENCH: BUFFULL run_id=try3-c4-sysonly start_us=22816213 end_us=22817693 dur_us=1480
UKL-MQTT-BENCH: BUFFULL run_id=try3-c4-sysonly start_us=22819236 end_us=22823671 dur_us=4435
UKL-MQTT-BENCH: BUFFULL run_id=try3-c4-sysonly start_us=22826340 end_us=22829944 dur_us=3603
UKL-MQTT-BENCH: BUFFULL run_id=try3-c4-sysonly start_us=22833130 end_us=22836764 dur_us=3633
UKL-MQTT-BENCH: BUFFULL run_id=try3-c4-sysonly start_us=22839485 end_us=22842239 dur_us=2754
UKL-MQTT-BENCH: BUFFULL run_id=try3-c4-sysonly start_us=22845054 end_us=22847170 dur_us=2116
UKL-MQTT-BENCH: BUFFULL run_id=try3-c4-sysonly start_us=22849310 end_us=22852819 dur_us=3509
UKL-MQTT-BENCH: BUFFULL run_id=try3-c4-sysonly start_us=22855523 end_us=22858751 dur_us=3228
UKL-MQTT-BENCH: BUFFULL run_id=try3-c4-sysonly start_us=22861443 end_us=22864849 dur_us=3405
UKL-MQTT-BENCH: BUFFULL run_id=try3-c4-sysonly start_us=22867532 end_us=22870694 dur_us=3162
UKL-MQTT-BENCH: BUFFULL run_id=try3-c4-sysonly start_us=22873321 end_us=22876794 dur_us=3473
UKL-MQTT-BENCH: BUFFULL run_id=try3-c4-sysonly start_us=22879387 end_us=22882678 dur_us=3291
UKL-MQTT-BENCH: BUFFULL run_id=try3-c4-sysonly start_us=22885375 end_us=22888685 dur_us=3310
UKL-MQTT-BENCH: BUFFULL run_id=try3-c4-sysonly start_us=22892445 end_us=22896676 dur_us=4230
UKL-MQTT-BENCH: BUFFULL run_id=try3-c4-sysonly start_us=22899274 end_us=22901691 dur_us=2416
UKL-MQTT-BENCH: BUFFULL run_id=try3-c4-sysonly start_us=22903811 end_us=22908754 dur_us=4942
UKL-MQTT-BENCH: BUFFULL run_id=try3-c4-sysonly start_us=22911874 end_us=22914207 dur_us=2333
UKL-MQTT-BENCH: BUFFULL run_id=try3-c4-sysonly start_us=22916962 end_us=22921282 dur_us=4319
UKL-MQTT-BENCH: BUFFULL run_id=try3-c4-sysonly start_us=22924432 end_us=22926704 dur_us=2271
UKL-MQTT-BENCH: BUFFULL run_id=try3-c4-sysonly start_us=22928771 end_us=22932245 dur_us=3473
UKL-MQTT-BENCH: BUFFULL run_id=try3-c4-sysonly start_us=22937397 end_us=22940638 dur_us=3240
UKL-MQTT-BENCH: BUFFULL run_id=try3-c4-sysonly start_us=22942846 end_us=22946191 dur_us=3344
UKL-MQTT-BENCH: BUFFULL run_id=try3-c4-sysonly start_us=22948329 end_us=22953254 dur_us=4924
UKL-MQTT-BENCH: BUFFULL run_id=try3-c4-sysonly start_us=22956569 end_us=22958674 dur_us=2104
UKL-MQTT-BENCH: BUFFULL run_id=try3-c4-sysonly start_us=22960810 end_us=22964210 dur_us=3400
UKL-MQTT-BENCH: BUFFULL run_id=try3-c4-sysonly start_us=22968185 end_us=22972678 dur_us=4492
UKL-MQTT-BENCH: BUFFULL run_id=try3-c4-sysonly start_us=22975641 end_us=22979341 dur_us=3699
UKL-MQTT-BENCH: BUFFULL run_id=try3-c4-sysonly start_us=22982967 end_us=22986755 dur_us=3787
UKL-MQTT-BENCH: BUFFULL run_id=try3-c4-sysonly start_us=22989396 end_us=22992837 dur_us=3440
UKL-MQTT-BENCH: BUFFULL run_id=try3-c4-sysonly start_us=22995455 end_us=22999454 dur_us=3998
UKL-MQTT-BENCH: BUFFULL run_id=try3-c4-sysonly start_us=23003975 end_us=23005574 dur_us=1598
UKL-MQTT-BENCH: BUFFULL run_id=try3-c4-sysonly start_us=23008229 end_us=23011850 dur_us=3620
UKL-MQTT-BENCH: BUFFULL run_id=try3-c4-sysonly start_us=23014495 end_us=23017793 dur_us=3297
UKL-MQTT-BENCH: BUFFULL run_id=try3-c4-sysonly start_us=23020515 end_us=23023374 dur_us=2858
UKL-MQTT-BENCH: BUFFULL run_id=try3-c4-sysonly start_us=23026038 end_us=23028152 dur_us=2114
UKL-MQTT-BENCH: BUFFULL run_id=try3-c4-sysonly start_us=23030231 end_us=23034240 dur_us=4009
UKL-MQTT-BENCH: BUFFULL run_id=try3-c4-sysonly start_us=23039255 end_us=23044939 dur_us=5683
UKL-MQTT-BENCH: BUFFULL run_id=try3-c4-sysonly start_us=23048222 end_us=23049745 dur_us=1522
UKL-MQTT-BENCH: BUFFULL run_id=try3-c4-sysonly start_us=23051352 end_us=23054599 dur_us=3246
UKL-MQTT-BENCH: BUFFULL run_id=try3-c4-sysonly start_us=23057320 end_us=23058650 dur_us=1329
UKL-MQTT-BENCH: BUFFULL run_id=try3-c4-sysonly start_us=23060265 end_us=23065543 dur_us=5278
UKL-MQTT-BENCH: BUFFULL run_id=try3-c4-sysonly start_us=23068803 end_us=23071720 dur_us=2916
UKL-MQTT-BENCH: BUFFULL run_id=try3-c4-sysonly start_us=23074463 end_us=23077703 dur_us=3240
UKL-MQTT-BENCH: BUFFULL run_id=try3-c4-sysonly start_us=23080442 end_us=23084297 dur_us=3855
UKL-MQTT-BENCH: BUFFULL run_id=try3-c4-sysonly start_us=23087033 end_us=23090253 dur_us=3219
UKL-MQTT-BENCH: BUFFULL run_id=try3-c4-sysonly start_us=23092989 end_us=23096193 dur_us=3204
UKL-MQTT-BENCH: BUFFULL run_id=try3-c4-sysonly start_us=23098913 end_us=23102071 dur_us=3157
UKL-MQTT-BENCH: BUFFULL run_id=try3-c4-sysonly start_us=23104782 end_us=23107140 dur_us=2357
UKL-MQTT-BENCH: BUFFULL run_id=try3-c4-sysonly start_us=23109301 end_us=23114860 dur_us=5559
UKL-MQTT-BENCH: BUFFULL run_id=try3-c4-sysonly start_us=23118136 end_us=23119196 dur_us=1060
UKL-MQTT-BENCH: BUFFULL run_id=try3-c4-sysonly start_us=23121325 end_us=23125660 dur_us=4334
UKL-MQTT-BENCH: BUFFULL run_id=try3-c4-sysonly start_us=23129681 end_us=23134148 dur_us=4466
UKL-MQTT-BENCH: BUFFULL run_id=try3-c4-sysonly start_us=23136857 end_us=23140211 dur_us=3354
UKL-MQTT-BENCH: BUFFULL run_id=try3-c4-sysonly start_us=23142927 end_us=23146146 dur_us=3219
UKL-MQTT-BENCH: BUFFULL run_id=try3-c4-sysonly start_us=23148825 end_us=23152198 dur_us=3373
UKL-MQTT-BENCH: BUFFULL run_id=try3-c4-sysonly start_us=23154773 end_us=23157639 dur_us=2866
UKL-MQTT-BENCH: BUFFULL run_id=try3-c4-sysonly start_us=23160332 end_us=23163860 dur_us=3528
UKL-MQTT-BENCH: BUFFULL run_id=try3-c4-sysonly start_us=23166625 end_us=23169685 dur_us=3060
UKL-MQTT-BENCH: BUFFULL run_id=try3-c4-sysonly start_us=23172547 end_us=23175728 dur_us=3181
UKL-MQTT-BENCH: BUFFULL run_id=try3-c4-sysonly start_us=23178615 end_us=23182213 dur_us=3597
UKL-MQTT-BENCH: BUFFULL run_id=try3-c4-sysonly start_us=23185128 end_us=23188248 dur_us=3119
UKL-MQTT-BENCH: BUFFULL run_id=try3-c4-sysonly start_us=23190966 end_us=23192620 dur_us=1653
UKL-MQTT-BENCH: BUFFULL run_id=try3-c4-sysonly start_us=23194720 end_us=23198760 dur_us=4039
UKL-MQTT-BENCH: BUFFULL run_id=try3-c4-sysonly start_us=23201468 end_us=23204879 dur_us=3411
UKL-MQTT-BENCH: BUFFULL run_id=try3-c4-sysonly start_us=23207770 end_us=23211356 dur_us=3585
UKL-MQTT-BENCH: BUFFULL run_id=try3-c4-sysonly start_us=23214124 end_us=23218333 dur_us=4209
UKL-MQTT-BENCH: BUFFULL run_id=try3-c4-sysonly start_us=23221662 end_us=23224238 dur_us=2576
UKL-MQTT-BENCH: BUFFULL run_id=try3-c4-sysonly start_us=23226921 end_us=23230208 dur_us=3287
UKL-MQTT-BENCH: BUFFULL run_id=try3-c4-sysonly start_us=23232235 end_us=23236252 dur_us=4017
UKL-MQTT-BENCH: BUFFULL run_id=try3-c4-sysonly start_us=23239337 end_us=23240593 dur_us=1256
UKL-MQTT-BENCH: BUFFULL run_id=try3-c4-sysonly start_us=23242689 end_us=23246813 dur_us=4124
UKL-MQTT-BENCH: BUFFULL run_id=try3-c4-sysonly start_us=23249598 end_us=23250598 dur_us=1000
UKL-MQTT-BENCH: BUFFULL run_id=try3-c4-sysonly start_us=23252121 end_us=23256247 dur_us=4125
UKL-MQTT-BENCH: BUFFULL run_id=try3-c4-sysonly start_us=23259066 end_us=23261537 dur_us=2471
UKL-MQTT-BENCH: BUFFULL run_id=try3-c4-sysonly start_us=23263709 end_us=23269010 dur_us=5300
UKL-MQTT-BENCH: BUFFULL run_id=try3-c4-sysonly start_us=23272259 end_us=23273711 dur_us=1452
UKL-MQTT-BENCH: BUFFULL run_id=try3-c4-sysonly start_us=23276544 end_us=23281334 dur_us=4789
UKL-MQTT-BENCH: BUFFULL run_id=try3-c4-sysonly start_us=23284114 end_us=23286138 dur_us=2024
UKL-MQTT-BENCH: BUFFULL run_id=try3-c4-sysonly start_us=23288272 end_us=23289496 dur_us=1224
UKL-MQTT-BENCH: BUFFULL run_id=try3-c4-sysonly start_us=23290511 end_us=23295234 dur_us=4722
UKL-MQTT-BENCH: BUFFULL run_id=try3-c4-sysonly start_us=23298028 end_us=23300697 dur_us=2668
UKL-MQTT-BENCH: BUFFULL run_id=try3-c4-sysonly start_us=23303420 end_us=23308294 dur_us=4873
UKL-MQTT-BENCH: BUFFULL run_id=try3-c4-sysonly start_us=23311570 end_us=23313612 dur_us=2042
UKL-MQTT-BENCH: BUFFULL run_id=try3-c4-sysonly start_us=23315652 end_us=23319671 dur_us=4019
UKL-MQTT-BENCH: BUFFULL run_id=try3-c4-sysonly start_us=23325156 end_us=23330270 dur_us=5114
UKL-MQTT-BENCH: BUFFULL run_id=try3-c4-sysonly start_us=23335078 end_us=23339648 dur_us=4570
UKL-MQTT-BENCH: BUFFULL run_id=try3-c4-sysonly start_us=23344579 end_us=23349769 dur_us=5190
UKL-MQTT-BENCH: BUFFULL run_id=try3-c4-sysonly start_us=23352875 end_us=23354109 dur_us=1233
UKL-MQTT-BENCH: BUFFULL run_id=try3-c4-sysonly start_us=23355618 end_us=23360183 dur_us=4565
UKL-MQTT-BENCH: BUFFULL run_id=try3-c4-sysonly start_us=23363882 end_us=23367138 dur_us=3255
UKL-MQTT-BENCH: BUFFULL run_id=try3-c4-sysonly start_us=23369704 end_us=23372647 dur_us=2943
UKL-MQTT-BENCH: BUFFULL run_id=try3-c4-sysonly start_us=23375249 end_us=23377109 dur_us=1859
UKL-MQTT-BENCH: BUFFULL run_id=try3-c4-sysonly start_us=23379147 end_us=23382100 dur_us=2952
UKL-MQTT-BENCH: BUFFULL run_id=try3-c4-sysonly start_us=23384110 end_us=23387625 dur_us=3515
UKL-MQTT-BENCH: BUFFULL run_id=try3-c4-sysonly start_us=23390232 end_us=23393601 dur_us=3368
UKL-MQTT-BENCH: BUFFULL run_id=try3-c4-sysonly start_us=23396157 end_us=23399180 dur_us=3023
UKL-MQTT-BENCH: BUFFULL run_id=try3-c4-sysonly start_us=23401882 end_us=23405360 dur_us=3478
UKL-MQTT-BENCH: BUFFULL run_id=try3-c4-sysonly start_us=23407945 end_us=23411189 dur_us=3243
UKL-MQTT-BENCH: BUFFULL run_id=try3-c4-sysonly start_us=23413879 end_us=23415579 dur_us=1700
UKL-MQTT-BENCH: BUFFULL run_id=try3-c4-sysonly start_us=23417574 end_us=23422683 dur_us=5108
UKL-MQTT-BENCH: BUFFULL run_id=try3-c4-sysonly start_us=23425747 end_us=23427099 dur_us=1351
UKL-MQTT-BENCH: BUFFULL run_id=try3-c4-sysonly start_us=23429122 end_us=23433199 dur_us=4076
UKL-MQTT-BENCH: BUFFULL run_id=try3-c4-sysonly start_us=23438091 end_us=23443679 dur_us=5587
UKL-MQTT-BENCH: BUFFULL run_id=try3-c4-sysonly start_us=23448581 end_us=23452637 dur_us=4056
UKL-MQTT-BENCH: BUFFULL run_id=try3-c4-sysonly start_us=23455277 end_us=23456552 dur_us=1274
UKL-MQTT-BENCH: BUFFULL run_id=try3-c4-sysonly start_us=23458115 end_us=23462166 dur_us=4051
UKL-MQTT-BENCH: BUFFULL run_id=try3-c4-sysonly start_us=23464758 end_us=23466069 dur_us=1310
UKL-MQTT-BENCH: BUFFULL run_id=try3-c4-sysonly start_us=23467573 end_us=23474232 dur_us=6658
UKL-MQTT-BENCH: BUFFULL run_id=try3-c4-sysonly start_us=23477897 end_us=23479622 dur_us=1725
UKL-MQTT-BENCH: BUFFULL run_id=try3-c4-sysonly start_us=23482222 end_us=23486654 dur_us=4431
UKL-MQTT-BENCH: BUFFULL run_id=try3-c4-sysonly start_us=23489716 end_us=23492196 dur_us=2479
UKL-MQTT-BENCH: BUFFULL run_id=try3-c4-sysonly start_us=23494758 end_us=23498161 dur_us=3402
UKL-MQTT-BENCH: BUFFULL run_id=try3-c4-sysonly start_us=23500768 end_us=23503606 dur_us=2837
UKL-MQTT-BENCH: BUFFULL run_id=try3-c4-sysonly start_us=23506206 end_us=23509387 dur_us=3181
UKL-MQTT-BENCH: BUFFULL run_id=try3-c4-sysonly start_us=23512015 end_us=23515229 dur_us=3213
UKL-MQTT-BENCH: BUFFULL run_id=try3-c4-sysonly start_us=23517928 end_us=23521217 dur_us=3289
UKL-MQTT-BENCH: BUFFULL run_id=try3-c4-sysonly start_us=23523846 end_us=23525594 dur_us=1748
UKL-MQTT-BENCH: BUFFULL run_id=try3-c4-sysonly start_us=23527142 end_us=23530603 dur_us=3460
UKL-MQTT-BENCH: BUFFULL run_id=try3-c4-sysonly start_us=23532755 end_us=23535245 dur_us=2490
UKL-MQTT-BENCH: BUFFULL run_id=try3-c4-sysonly start_us=23537986 end_us=23542721 dur_us=4735
UKL-MQTT-BENCH: BUFFULL run_id=try3-c4-sysonly start_us=23545991 end_us=23548674 dur_us=2682
UKL-MQTT-BENCH: BUFFULL run_id=try3-c4-sysonly start_us=23551394 end_us=23554743 dur_us=3348
UKL-MQTT-BENCH: BUFFULL run_id=try3-c4-sysonly start_us=23557480 end_us=23559698 dur_us=2218
UKL-MQTT-BENCH: BUFFULL run_id=try3-c4-sysonly start_us=23561865 end_us=23566240 dur_us=4374
UKL-MQTT-BENCH: BUFFULL run_id=try3-c4-sysonly start_us=23569032 end_us=23570641 dur_us=1609
UKL-MQTT-BENCH: BUFFULL run_id=try3-c4-sysonly start_us=23572986 end_us=23578493 dur_us=5506
UKL-MQTT-BENCH: BUFFULL run_id=try3-c4-sysonly start_us=23582048 end_us=23583694 dur_us=1645
UKL-MQTT-BENCH: BUFFULL run_id=try3-c4-sysonly start_us=23585906 end_us=23588220 dur_us=2313
UKL-MQTT-BENCH: BUFFULL run_id=try3-c4-sysonly start_us=23590460 end_us=23592206 dur_us=1745
UKL-MQTT-BENCH: BUFFULL run_id=try3-c4-sysonly start_us=23593964 end_us=23597744 dur_us=3780
UKL-MQTT-BENCH: BUFFULL run_id=try3-c4-sysonly start_us=23600482 end_us=23604763 dur_us=4280
UKL-MQTT-BENCH: BUFFULL run_id=try3-c4-sysonly start_us=23608151 end_us=23610388 dur_us=2237
UKL-MQTT-BENCH: BUFFULL run_id=try3-c4-sysonly start_us=23613064 end_us=23615269 dur_us=2204
UKL-MQTT-BENCH: BUFFULL run_id=try3-c4-sysonly start_us=23617399 end_us=23620230 dur_us=2830
UKL-MQTT-BENCH: BUFFULL run_id=try3-c4-sysonly start_us=23622603 end_us=23624722 dur_us=2118
UKL-MQTT-BENCH: BUFFULL run_id=try3-c4-sysonly start_us=23626740 end_us=23631807 dur_us=5066
UKL-MQTT-BENCH: BUFFULL run_id=try3-c4-sysonly start_us=23635058 end_us=23636281 dur_us=1222
UKL-MQTT-BENCH: BUFFULL run_id=try3-c4-sysonly start_us=23638365 end_us=23642245 dur_us=3880
UKL-MQTT-BENCH: BUFFULL run_id=try3-c4-sysonly start_us=23647173 end_us=23653345 dur_us=6172
UKL-MQTT-BENCH: BUFFULL run_id=try3-c4-sysonly start_us=23656961 end_us=23658982 dur_us=2021
UKL-MQTT-BENCH: BUFFULL run_id=try3-c4-sysonly start_us=23661754 end_us=23666780 dur_us=5025
UKL-MQTT-BENCH: BUFFULL run_id=try3-c4-sysonly start_us=23670024 end_us=23671187 dur_us=1162
UKL-MQTT-BENCH: BUFFULL run_id=try3-c4-sysonly start_us=23673256 end_us=23677477 dur_us=4220
UKL-MQTT-BENCH: BUFFULL run_id=try3-c4-sysonly start_us=23682817 end_us=23685673 dur_us=2855
UKL-MQTT-BENCH: BUFFULL run_id=try3-c4-sysonly start_us=23687799 end_us=23691488 dur_us=3688
UKL-MQTT-BENCH: BUFFULL run_id=try3-c4-sysonly start_us=23693676 end_us=23697952 dur_us=4276
UKL-MQTT-BENCH: DRAIN run_id=try3-c4-sysonly syncs=200 drain_us=34 errors=0 unsent_after_drain=555
UKL-MQTT-BENCH: RECORDS run_id=try3-c4-sysonly buffull_long_logged=4096 buffull_long_dropped=1075 sync_errors=0 sync_errors_dropped=0
UKL-MQTT-BENCH: RESULT run_id=try3-c4-sysonly messages=21835467 elapsed_sec=30.000 throughput_msgs_per_sec=727848.9
UKL-MQTT-BENCH: CLIENT run_id=try3-c4-sysonly client_error_at_end=1 queue_len_at_end=555
UKL-MQTT-BENCH: done, idling
LAUNCHER_STATUS=done run_id=try3-c4-sysonly mode=ukl loop=recover
