c[?7l[2J[0mSeaBIOS (version 1.16.3-debian-1.16.3-2)


iPXE (https://ipxe.org) 00:02.0 C000 PCI2.10 PnP PMM+BEFCAD50+BEF0AD50 C000
Press Ctrl-B to configure iPXE (PCI 00:02.0)...                                                                               


Booting from ROM..c[?7l[2J[    0.000000] Linux version 6.3.0 (@de33e1c68a14) (gcc (Ubuntu 11.4.0-1ubuntu1~22.04.3) 11.4.0, GNU ld (GNU Binutils for Ubuntu) 2.38) #1 SMP PREEMPT_DYNAMIC Mon Sep 28 19:01:14 UTC 2026
[    0.000000] Command line: console=ttyS0 panic=1 net.ifnames=0 biosdevname=0 clearcpuid=smap,smep mitigations=off mds=off -- 192.168.150.128 52:54:00:12:34:56 user try5-c2-cpu recover
[    0.000000] Clearing CPUID bits: smap smep
[    0.000000] x86/fpu: Supporting XSAVE feature 0x001: 'x87 floating point registers'
[    0.000000] x86/fpu: Supporting XSAVE feature 0x002: 'SSE registers'
[    0.000000] x86/fpu: Supporting XSAVE feature 0x004: 'AVX registers'
[    0.000000] x86/fpu: Supporting XSAVE feature 0x200: 'Protection Keys User registers'
[    0.000000] x86/fpu: xstate_offset[2]:  576, xstate_sizes[2]:  256
[    0.000000] x86/fpu: xstate_offset[9]:  832, xstate_sizes[9]:    8
[    0.000000] x86/fpu: Enabled xstate features 0x207, context size is 840 bytes, using 'compacted' format.
[    0.000000] signal: max sigframe size: 3632
[    0.000000] BIOS-provided physical RAM map:
[    0.000000] BIOS-e820: [mem 0x0000000000000000-0x000000000009fbff] usable
[    0.000000] BIOS-e820: [mem 0x000000000009fc00-0x000000000009ffff] reserved
[    0.000000] BIOS-e820: [mem 0x00000000000f0000-0x00000000000fffff] reserved
[    0.000000] BIOS-e820: [mem 0x0000000000100000-0x00000000bffdffff] usable
[    0.000000] BIOS-e820: [mem 0x00000000bffe0000-0x00000000bfffffff] reserved
[    0.000000] BIOS-e820: [mem 0x00000000feffc000-0x00000000feffffff] reserved
[    0.000000] BIOS-e820: [mem 0x00000000fffc0000-0x00000000ffffffff] reserved
[    0.000000] BIOS-e820: [mem 0x0000000100000000-0x000000013fffffff] usable
[    0.000000] NX (Execute Disable) protection: active
[    0.000000] SMBIOS 3.0.0 present.
[    0.000000] DMI: QEMU Ubuntu 24.04 PC v2 (i440FX + PIIX, arch_caps fix, 1996), BIOS 1.16.3-debian-1.16.3-2 04/01/2014
[    0.000000] tsc: Fast TSC calibration using PIT
[    0.000000] tsc: Detected 2496.045 MHz processor
[    0.000119] last_pfn = 0x140000 max_arch_pfn = 0x400000000
[    0.000147] x86/PAT: Configuration [0-7]: WB  WC  UC- UC  WB  WP  UC- WT  
[    0.000179] last_pfn = 0xbffe0 max_arch_pfn = 0x400000000
[    0.001000] found SMP MP-table at [mem 0x000f5480-0x000f548f]
[    0.001000] Using GB pages for direct mapping
[    0.001000] RAMDISK: [mem 0xbf75a000-0xbffdffff]
[    0.001000] ACPI: Early table checksum verification disabled
[    0.001000] ACPI: RSDP 0x00000000000F5270 000014 (v00 BOCHS )
[    0.001000] ACPI: RSDT 0x00000000BFFE1C29 000034 (v01 BOCHS  BXPC     00000001 BXPC 00000001)
[    0.001000] ACPI: FACP 0x00000000BFFE1ADD 000074 (v01 BOCHS  BXPC     00000001 BXPC 00000001)
[    0.001000] ACPI: DSDT 0x00000000BFFE0040 001A9D (v01 BOCHS  BXPC     00000001 BXPC 00000001)
[    0.001000] ACPI: FACS 0x00000000BFFE0000 000040
[    0.001000] ACPI: APIC 0x00000000BFFE1B51 000078 (v03 BOCHS  BXPC     00000001 BXPC 00000001)
[    0.001000] ACPI: HPET 0x00000000BFFE1BC9 000038 (v01 BOCHS  BXPC     00000001 BXPC 00000001)
[    0.001000] ACPI: WAET 0x00000000BFFE1C01 000028 (v01 BOCHS  BXPC     00000001 BXPC 00000001)
[    0.001000] ACPI: Reserving FACP table memory at [mem 0xbffe1add-0xbffe1b50]
[    0.001000] ACPI: Reserving DSDT table memory at [mem 0xbffe0040-0xbffe1adc]
[    0.001000] ACPI: Reserving FACS table memory at [mem 0xbffe0000-0xbffe003f]
[    0.001000] ACPI: Reserving APIC table memory at [mem 0xbffe1b51-0xbffe1bc8]
[    0.001000] ACPI: Reserving HPET table memory at [mem 0xbffe1bc9-0xbffe1c00]
[    0.001000] ACPI: Reserving WAET table memory at [mem 0xbffe1c01-0xbffe1c28]
[    0.001000] No NUMA configuration found
[    0.001000] Faking a node at [mem 0x0000000000000000-0x000000013fffffff]
[    0.001000] NODE_DATA(0) allocated [mem 0x13fffa000-0x13fffdfff]
[    0.001000] Zone ranges:
[    0.001000]   DMA      [mem 0x0000000000001000-0x0000000000ffffff]
[    0.001000]   DMA32    [mem 0x0000000001000000-0x00000000ffffffff]
[    0.001000]   Normal   [mem 0x0000000100000000-0x000000013fffffff]
[    0.001000] Movable zone start for each node
[    0.001000] Early memory node ranges
[    0.001000]   node   0: [mem 0x0000000000001000-0x000000000009efff]
[    0.001000]   node   0: [mem 0x0000000000100000-0x00000000bffdffff]
[    0.001000]   node   0: [mem 0x0000000100000000-0x000000013fffffff]
[    0.001000] Initmem setup node 0 [mem 0x0000000000001000-0x000000013fffffff]
[    0.001000] On node 0, zone DMA: 1 pages in unavailable ranges
[    0.001000] On node 0, zone DMA: 97 pages in unavailable ranges
[    0.001000] On node 0, zone Normal: 32 pages in unavailable ranges
[    0.001000] ACPI: PM-Timer IO Port: 0x608
[    0.001000] ACPI: LAPIC_NMI (acpi_id[0xff] dfl dfl lint[0x1])
[    0.001000] IOAPIC[0]: apic_id 0, version 17, address 0xfec00000, GSI 0-23
[    0.001000] ACPI: INT_SRC_OVR (bus 0 bus_irq 0 global_irq 2 dfl dfl)
[    0.001000] ACPI: INT_SRC_OVR (bus 0 bus_irq 5 global_irq 5 high level)
[    0.001000] ACPI: INT_SRC_OVR (bus 0 bus_irq 9 global_irq 9 high level)
[    0.001000] ACPI: INT_SRC_OVR (bus 0 bus_irq 10 global_irq 10 high level)
[    0.001000] ACPI: INT_SRC_OVR (bus 0 bus_irq 11 global_irq 11 high level)
[    0.001000] ACPI: Using ACPI (MADT) for SMP configuration information
[    0.001000] ACPI: HPET id: 0x8086a201 base: 0xfed00000
[    0.001000] TSC deadline timer available
[    0.001000] smpboot: Allowing 1 CPUs, 0 hotplug CPUs
[    0.001000] PM: hibernation: Registered nosave memory: [mem 0x00000000-0x00000fff]
[    0.001000] PM: hibernation: Registered nosave memory: [mem 0x0009f000-0x0009ffff]
[    0.001000] PM: hibernation: Registered nosave memory: [mem 0x000a0000-0x000effff]
[    0.001000] PM: hibernation: Registered nosave memory: [mem 0x000f0000-0x000fffff]
[    0.001000] PM: hibernation: Registered nosave memory: [mem 0xbffe0000-0xbfffffff]
[    0.001000] PM: hibernation: Registered nosave memory: [mem 0xc0000000-0xfeffbfff]
[    0.001000] PM: hibernation: Registered nosave memory: [mem 0xfeffc000-0xfeffffff]
[    0.001000] PM: hibernation: Registered nosave memory: [mem 0xff000000-0xfffbffff]
[    0.001000] PM: hibernation: Registered nosave memory: [mem 0xfffc0000-0xffffffff]
[    0.001000] [mem 0xc0000000-0xfeffbfff] available for PCI devices
[    0.001000] clocksource: refined-jiffies: mask: 0xffffffff max_cycles: 0xffffffff, max_idle_ns: 1910969940391419 ns
[    0.001000] setup_percpu: NR_CPUS:64 nr_cpumask_bits:1 nr_cpu_ids:1 nr_node_ids:1
[    0.001000] percpu: Embedded 53 pages/cpu s185512 r0 d31576 u2097152
[    0.001000] Fallback order for Node 0: 0 
[    0.001000] Built 1 zonelists, mobility grouping on.  Total pages: 1031904
[    0.001000] Policy zone: Normal
[    0.001000] Kernel command line: console=ttyS0 panic=1 net.ifnames=0 biosdevname=0 clearcpuid=smap,smep mitigations=off mds=off -- 192.168.150.128 52:54:00:12:34:56 user try5-c2-cpu recover
[    0.001000] Unknown kernel command line parameters "biosdevname=0", will be passed to user space.
[    0.001000] random: crng init done
[    0.001000] Dentry cache hash table entries: 524288 (order: 10, 4194304 bytes, linear)
[    0.001000] Inode-cache hash table entries: 262144 (order: 9, 2097152 bytes, linear)
[    0.001000] mem auto-init: stack:off, heap alloc:off, heap free:off
[    0.001000] software IO TLB: area num 1.
[    0.001000] Memory: 4006952K/4193784K available (20480K kernel code, 2841K rwdata, 5084K rodata, 1324K init, 1692K bss, 186576K reserved, 0K cma-reserved)
[    0.001000] SLUB: HWalign=64, Order=0-3, MinObjects=0, CPUs=1, Nodes=1
[    0.001000] Dynamic Preempt: none
[    0.001000] rcu: Preemptible hierarchical RCU implementation.
[    0.001000] rcu: 	RCU event tracing is enabled.
[    0.001000] rcu: 	RCU restricting CPUs from NR_CPUS=64 to nr_cpu_ids=1.
[    0.001000] 	Trampoline variant of Tasks RCU enabled.
[    0.001000] 	Tracing variant of Tasks RCU enabled.
[    0.001000] rcu: RCU calculated value of scheduler-enlistment delay is 100 jiffies.
[    0.001000] rcu: Adjusting geometry for rcu_fanout_leaf=16, nr_cpu_ids=1
[    0.001000] NR_IRQS: 4352, nr_irqs: 256, preallocated irqs: 16
[    0.001000] rcu: srcu_init: Setting srcu_struct sizes based on contention.
[    0.001000] Console: colour *CGA 80x25
[    0.001000] printk: console [ttyS0] enabled
[    0.001000] ACPI: Core revision 20221020
[    0.001000] clocksource: hpet: mask: 0xffffffff max_cycles: 0xffffffff, max_idle_ns: 19112604467 ns
[    0.001000] APIC: Switch to symmetric I/O mode setup
[    0.001000] ..TIMER: vector=0x30 apic1=0 pin1=2 apic2=-1 pin2=-1
[    0.001000] clocksource: tsc-early: mask: 0xffffffffffffffff max_cycles: 0x23faa1861bf, max_idle_ns: 440795228679 ns
[    0.096429] Calibrating delay loop (skipped), value calculated using timer frequency.. 4992.09 BogoMIPS (lpj=2496045)
[    0.097428] pid_max: default: 32768 minimum: 301
[    0.097741] LSM: initializing lsm=capability,integrity,selinux
[    0.098429] SELinux:  Initializing.
[    0.098676] Mount-cache hash table entries: 8192 (order: 4, 65536 bytes, linear)
[    0.099166] Mountpoint-cache hash table entries: 8192 (order: 4, 65536 bytes, linear)
[    0.099590] x86/cpu: User Mode Instruction Prevention (UMIP) activated
[    0.100472] Last level iTLB entries: 4KB 0, 2MB 0, 4MB 0
[    0.100822] Last level dTLB entries: 4KB 0, 2MB 0, 4MB 0, 1GB 0
[    0.101217] Spectre V2 : User space: Vulnerable
[    0.101428] Speculative Store Bypass: Vulnerable
[    0.104723] Freeing SMP alternatives memory: 52K
[    0.105108] smpboot: CPU0: 12th Gen Intel(R) Core(TM) i5-12450H (family: 0x6, model: 0x9a, stepping: 0x3)
[    0.105427] cblist_init_generic: Setting adjustable number of callback queues.
[    0.105429] cblist_init_generic: Setting shift to 0 and lim to 1.
[    0.105836] cblist_init_generic: Setting shift to 0 and lim to 1.
[    0.106243] Performance Events: unsupported p6 CPU model 154 no PMU driver, software events only.
[    0.106450] rcu: Hierarchical SRCU implementation.
[    0.106768] rcu: 	Max phase no-delay instances is 400.
[    0.107322] smp: Bringing up secondary CPUs ...
[    0.107429] smp: Brought up 1 node, 1 CPU
[    0.107697] smpboot: Max logical packages: 1
[    0.107985] smpboot: Total of 1 processors activated (4992.09 BogoMIPS)
[    0.108527] devtmpfs: initialized
[    0.108835] clocksource: jiffies: mask: 0xffffffff max_cycles: 0xffffffff, max_idle_ns: 1911260446275000 ns
[    0.109429] futex hash table entries: 256 (order: 2, 16384 bytes, linear)
[    0.109928] PM: RTC time: 18:12:51, date: 2026-10-04
[    0.110289] NET: Registered PF_NETLINK/PF_ROUTE protocol family
[    0.110456] audit: initializing netlink subsys (disabled)
[    0.110846] thermal_sys: Registered thermal governor 'step_wise'
[    0.110847] thermal_sys: Registered thermal governor 'user_space'
[    0.111251] audit: type=2000 audit(1791137571.020:1): state=initialized audit_enabled=0 res=1
[    0.111989] cpuidle: using governor menu
[    0.112322] PCI: Using configuration type 1 for base access
[    0.158089] HugeTLB: registered 2.00 MiB page size, pre-allocated 0 pages
[    0.158429] HugeTLB: 28 KiB vmemmap can be freed for a 2.00 MiB page
[    0.158922] ACPI: Added _OSI(Module Device)
[    0.159203] ACPI: Added _OSI(Processor Device)
[    0.159428] ACPI: Added _OSI(3.0 _SCP Extensions)
[    0.159742] ACPI: Added _OSI(Processor Aggregator Device)
[    0.160281] ACPI: 1 ACPI AML tables successfully acquired and loaded
[    0.160841] ACPI: Interpreter enabled
[    0.161096] ACPI: PM: (supports S0 S3 S4 S5)
[    0.161391] ACPI: Using IOAPIC for interrupt routing
[    0.161434] PCI: Using host bridge windows from ACPI; if necessary, use "pci=nocrs" and report a bug
[    0.162033] PCI: Using E820 reservations for host bridge windows
[    0.162457] ACPI: Enabled 2 GPEs in block 00 to 0F
[    0.163402] ACPI: PCI Root Bridge [PCI0] (domain 0000 [bus 00-ff])
[    0.163431] acpi PNP0A03:00: _OSC: OS supports [ASPM ClockPM Segments MSI HPX-Type3]
[    0.163945] acpi PNP0A03:00: _OSC: not requesting OS control; OS requires [ExtendedConfig ASPM ClockPM MSI]
[    0.164432] acpi PNP0A03:00: fail to add MMCONFIG information, can't access extended configuration space under this bridge
[    0.165190] PCI host bridge to bus 0000:00
[    0.165428] pci_bus 0000:00: root bus resource [io  0x0000-0x0cf7 window]
[    0.165879] pci_bus 0000:00: root bus resource [io  0x0d00-0xffff window]
[    0.166326] pci_bus 0000:00: root bus resource [mem 0x000a0000-0x000bffff window]
[    0.166428] pci_bus 0000:00: root bus resource [mem 0xc0000000-0xfebfffff window]
[    0.166921] pci_bus 0000:00: root bus resource [mem 0x7000000000-0x707fffffff window]
[    0.167428] pci_bus 0000:00: root bus resource [bus 00-ff]
[    0.167815] pci 0000:00:00.0: [8086:1237] type 00 class 0x060000
[    0.168447] pci 0000:00:01.0: [8086:7000] type 00 class 0x060100
[    0.169153] pci 0000:00:01.1: [8086:7010] type 00 class 0x010180
[    0.170430] pci 0000:00:01.1: reg 0x20: [io  0xc020-0xc02f]
[    0.171233] pci 0000:00:01.1: legacy IDE quirk: reg 0x10: [io  0x01f0-0x01f7]
[    0.171429] pci 0000:00:01.1: legacy IDE quirk: reg 0x14: [io  0x03f6]
[    0.171861] pci 0000:00:01.1: legacy IDE quirk: reg 0x18: [io  0x0170-0x0177]
[    0.172331] pci 0000:00:01.1: legacy IDE quirk: reg 0x1c: [io  0x0376]
[    0.172517] pci 0000:00:01.3: [8086:7113] type 00 class 0x068000
[    0.173160] pci 0000:00:01.3: quirk: [io  0x0600-0x063f] claimed by PIIX4 ACPI
[    0.173433] pci 0000:00:01.3: quirk: [io  0x0700-0x070f] claimed by PIIX4 SMB
[    0.174069] pci 0000:00:02.0: [1af4:1000] type 00 class 0x020000
[    0.174989] pci 0000:00:02.0: reg 0x10: [io  0xc000-0xc01f]
[    0.175690] pci 0000:00:02.0: reg 0x14: [mem 0xfeb80000-0xfeb80fff]
[    0.177429] pci 0000:00:02.0: reg 0x20: [mem 0x7000000000-0x7000003fff 64bit pref]
[    0.178429] pci 0000:00:02.0: reg 0x30: [mem 0xfeb00000-0xfeb7ffff pref]
[    0.179868] ACPI: PCI: Interrupt link LNKA configured for IRQ 10
[    0.180312] ACPI: PCI: Interrupt link LNKB configured for IRQ 10
[    0.180465] ACPI: PCI: Interrupt link LNKC configured for IRQ 11
[    0.180896] ACPI: PCI: Interrupt link LNKD configured for IRQ 11
[    0.181315] ACPI: PCI: Interrupt link LNKS configured for IRQ 9
[    0.181504] iommu: Default domain type: Translated 
[    0.181827] iommu: DMA domain TLB invalidation policy: lazy mode 
[    0.182259] SCSI subsystem initialized
[    0.182458] ACPI: bus type USB registered
[    0.182729] usbcore: registered new interface driver usbfs
[    0.183095] usbcore: registered new interface driver hub
[    0.183430] usbcore: registered new device driver usb
[    0.183770] pps_core: LinuxPPS API ver. 1 registered
[    0.184101] pps_core: Software ver. 5.3.6 - Copyright 2005-2007 Rodolfo Giometti <giometti@linux.it>
[    0.184429] PTP clock support registered
[    0.184728] EDAC MC: Ver: 3.0.0
[    0.185006] Advanced Linux Sound Architecture Driver Initialized.
[    0.185496] NetLabel: Initializing
[    0.185728] NetLabel:  domain hash size = 128
[    0.186017] NetLabel:  protocols = UNLABELED CIPSOv4 CALIPSO
[    0.186397] NetLabel:  unlabeled traffic allowed by default
[    0.186445] PCI: Using ACPI for IRQ routing
[    0.186779] vgaarb: loaded
[    0.186987] hpet0: at MMIO 0xfed00000, IRQs 2, 8, 0
[    0.187314] hpet0: 3 comparators, 64-bit 100.000000 MHz counter
[    0.192441] clocksource: Switched to clocksource tsc-early
[    0.192854] VFS: Disk quotas dquot_6.6.0
[    0.193118] VFS: Dquot-cache hash table entries: 512 (order 0, 4096 bytes)
[    0.193580] pnp: PnP ACPI init
[    0.193897] pnp: PnP ACPI: found 5 devices
[    0.199031] clocksource: acpi_pm: mask: 0xffffff max_cycles: 0xffffff, max_idle_ns: 2085701024 ns
[    0.199627] NET: Registered PF_INET protocol family
[    0.200175] IP idents hash table entries: 65536 (order: 7, 524288 bytes, linear)
[    0.201059] tcp_listen_portaddr_hash hash table entries: 2048 (order: 3, 32768 bytes, linear)
[    0.201633] Table-perturb hash table entries: 65536 (order: 6, 262144 bytes, linear)
[    0.202145] TCP established hash table entries: 32768 (order: 6, 262144 bytes, linear)
[    0.202680] TCP bind hash table entries: 32768 (order: 8, 1048576 bytes, linear)
[    0.203218] TCP: Hash tables configured (established 32768 bind 32768)
[    0.203668] UDP hash table entries: 2048 (order: 4, 65536 bytes, linear)
[    0.204291] UDP-Lite hash table entries: 2048 (order: 4, 65536 bytes, linear)
[    0.204783] NET: Registered PF_UNIX/PF_LOCAL protocol family
[    0.208404] RPC: Registered named UNIX socket transport module.
[    0.208812] RPC: Registered udp transport module.
[    0.209124] RPC: Registered tcp transport module.
[    0.209437] RPC: Registered tcp NFSv4.1 backchannel transport module.
[    0.209986] pci_bus 0000:00: resource 4 [io  0x0000-0x0cf7 window]
[    0.210395] pci_bus 0000:00: resource 5 [io  0x0d00-0xffff window]
[    0.210806] pci_bus 0000:00: resource 6 [mem 0x000a0000-0x000bffff window]
[    0.211258] pci_bus 0000:00: resource 7 [mem 0xc0000000-0xfebfffff window]
[    0.211713] pci_bus 0000:00: resource 8 [mem 0x7000000000-0x707fffffff window]
[    0.212207] pci 0000:00:01.0: PIIX3: Enabling Passive Release
[    0.212594] pci 0000:00:00.0: Limiting direct PCI/PCI transfers
[    0.213016] PCI: CLS 0 bytes, default 64
[    0.213280] PCI-DMA: Using software bounce buffering for IO (SWIOTLB)
[    0.213718] software IO TLB: mapped [mem 0x00000000bb75a000-0x00000000bf75a000] (64MB)
[    0.214303] Unpacking initramfs...
[    0.392152] RAPL PMU: API unit is 2^-32 Joules, 0 fixed counters, 10737418240 ms ovfl timer
[    0.392932] Initialise system trusted keyrings
[    0.393268] workingset: timestamp_bits=56 max_order=20 bucket_order=0
[    0.393758] NFS: Registering the id_resolver key type
[    0.394100] Key type id_resolver registered
[    0.394377] Key type id_legacy registered
[    0.399815] Key type asymmetric registered
[    0.400113] Asymmetric key parser 'x509' registered
[    0.400443] Block layer SCSI generic (bsg) driver version 0.4 loaded (major 251)
[    0.400930] io scheduler mq-deadline registered
[    0.401229] io scheduler kyber registered
[    0.401543] input: Power Button as /devices/LNXSYSTM:00/LNXPWRBN:00/input/input0
[    0.402043] ACPI: button: Power Button [PWRF]
[    0.407783] ACPI: \_SB_.LNKB: Enabled at IRQ 10
[    0.408691] Serial: 8250/16550 driver, 4 ports, IRQ sharing enabled
[    0.409184] 00:03: ttyS0 at I/O 0x3f8 (irq = 4, base_baud = 115200) is a 16550A
[    0.409798] Non-volatile memory driver v1.3
[    0.410078] Linux agpgart interface v0.103
[    0.410369] ACPI: bus type drm_connector registered
[    0.411237] loop: module loaded
[    0.411766] scsi host0: ata_piix
[    0.412016] scsi host1: ata_piix
[    0.412241] ata1: PATA max MWDMA2 cmd 0x1f0 ctl 0x3f6 bmdma 0xc020 irq 14
[    0.412690] ata2: PATA max MWDMA2 cmd 0x170 ctl 0x376 bmdma 0xc028 irq 15
[    0.414380] e100: Intel(R) PRO/100 Network Driver
[    0.414785] e100: Copyright(c) 1999-2006 Intel Corporation
[    0.415165] e1000: Intel(R) PRO/1000 Network Driver
[    0.415491] e1000: Copyright (c) 1999-2006 Intel Corporation.
[    0.415899] e1000e: Intel(R) PRO/1000 Network Driver
[    0.416231] e1000e: Copyright(c) 1999 - 2015 Intel Corporation.
[    0.416626] igb: Intel(R) Gigabit Ethernet Network Driver
[    0.416995] igb: Copyright (c) 2007-2014 Intel Corporation.
[    0.417365] ixgbe: Intel(R) 10 Gigabit PCI Express Network Driver
[    0.417769] ixgbe: Copyright (c) 1999-2016 Intel Corporation.
[    0.418184] ixgbevf: Intel(R) 10 Gigabit PCI Express Virtual Function Network Driver
[    0.418703] ixgbevf: Copyright (c) 2009 - 2018 Intel Corporation.
[    0.419138] i40e: Intel(R) Ethernet Connection XL710 Network Driver
[    0.419584] i40e: Copyright (c) 2013 - 2019 Intel Corporation.
[    0.419992] ixgb: Intel(R) PRO/10GbE Network Driver
[    0.420315] ixgb: Copyright (c) 1999-2008 Intel Corporation.
[    0.420708] sky2: driver version 1.30
[    0.420987] QLogic 1/10 GbE Converged/Intelligent Ethernet Driver v5.3.66
[    0.421441] QLogic/NetXen Network Driver v4.0.82
[    0.421748] QLogic FastLinQ 4xxxx Core Module qed
[    0.422074] qede init: QLogic FastLinQ 4xxxx Ethernet Driver qede
[    0.422486] Solarflare NET driver
[    0.422717] Solarflare Falcon driver v4.1
[    0.423005] Solarflare Siena driver
[    0.423282] usbcore: registered new interface driver usblp
[    0.423648] usbcore: registered new interface driver usb-storage
[    0.424071] i8042: PNP: PS/2 Controller [PNP0303:KBD,PNP0f13:MOU] at 0x60,0x64 irq 1,12
[    0.425049] serio: i8042 KBD port at 0x60,0x64 irq 1
[    0.425379] serio: i8042 AUX port at 0x60,0x64 irq 12
[    0.425756] rtc_cmos 00:04: RTC can wake from S4
[    0.426437] input: AT Translated Set 2 keyboard as /devices/platform/i8042/serio0/input/input1
[    0.427914] rtc_cmos 00:04: registered as rtc0
[    0.428244] rtc_cmos 00:04: alarms up to one day, y3k, 242 bytes nvram, hpet irqs
[    0.428771] device-mapper: ioctl: 4.47.0-ioctl (2022-07-28) initialised: dm-devel@redhat.com
[    0.429338] intel_pstate: CPU model not supported
[    0.429665] hid: raw HID events driver (C) Jiri Kosina
[    0.430053] usbcore: registered new interface driver usbhid
[    0.430421] usbhid: USB HID core driver
[    0.430868] Initializing XFRM netlink socket
[    0.431171] NET: Registered PF_INET6 protocol family
[    0.431592] Segment Routing with IPv6
[    0.431846] In-situ OAM (IOAM) with IPv6
[    0.432127] sit: IPv6, IPv4 and MPLS over IPv4 tunneling driver
[    0.432570] NET: Registered PF_PACKET protocol family
[    0.432925] Key type dns_resolver registered
[    0.433261] IPI shorthand broadcast: enabled
[    0.434588] sched_clock: Marking stable (345001478, 89427478)->(441113147, -6684191)
[    0.435152] registered taskstats version 1
[    0.435608] Loading compiled-in X.509 certificates
[    0.436303] PM:   Magic number: 14:402:240
[    0.436607] printk: console [netcon0] enabled
[    0.436909] netconsole: network logging started
[    0.437234] cfg80211: Loading compiled-in X.509 certificates for regulatory database
[    0.437782] cryptomgr_probe (55) used greatest stack depth: 15728 bytes left
[    0.438340] Loaded X.509 cert 'sforshee: 00b28ddf47aef9cea7'
[    0.438720] ALSA device list:
[    0.438942]   No soundcards found.
[    0.837156] Freeing initrd memory: 8728K
[    0.837515] platform regulatory.0: Direct firmware load for regulatory.db failed with error -2
[    0.838088] cfg80211: failed to load regulatory.db
[    0.838755] Freeing unused kernel image (initmem) memory: 1324K
[    0.839454] Write protecting the kernel read-only data: 26624k
[    0.839854] Freeing unused kernel image (rodata/data gap) memory: 1060K
[    0.840157] Run /init as init process
[    0.841552] mount (57) used greatest stack depth: 13472 bytes left
[    0.845340] awk (65) used greatest stack depth: 13408 bytes left
[    0.847301] ip (68) used greatest stack depth: 13240 bytes left
[    1.206974] input: ImExPS/2 Generic Explorer Mouse as /devices/platform/i8042/serio1/input/input3
[    1.402857] tsc: Refined TSC clocksource calibration: 2496.003 MHz
[    1.405466] clocksource: tsc: mask: 0xffffffffffffffff max_cycles: 0x23fa7a05128, max_idle_ns: 440795285767 ns
[    1.408289] clocksource: Switched to clocksource tsc
[    1.467991] IPv6: ADDRCONF(NETDEV_CHANGE): eth0: link becomes ready
RUN_START mode=user loop=recover run_id=try5-c2-cpu kernel=6.3.0 uptime=5.76
UKL-MQTT-BENCH: starting, run_id=try5-c2-cpu loop=recover duration=30 sec
UKL-MQTT-BENCH: broker connected, connect_us=556, running for 30 sec
UKL-MQTT-BENCH: WINDOW run_id=try5-c2-cpu loop=recover accepted=21806745 attempts=48629356 buffer_full_returns=26822611 window_ns=30000000462 payload_bytes=1297293590 payload_min=53 payload_max=60 stopped_on_error=0 stop_code=0
UKL-MQTT-BENCH: SECOND run_id=try5-c2-cpu s=0 accepted=764104
UKL-MQTT-BENCH: SECOND run_id=try5-c2-cpu s=1 accepted=734434
UKL-MQTT-BENCH: SECOND run_id=try5-c2-cpu s=2 accepted=730923
UKL-MQTT-BENCH: SECOND run_id=try5-c2-cpu s=3 accepted=734804
UKL-MQTT-BENCH: SECOND run_id=try5-c2-cpu s=4 accepted=743346
UKL-MQTT-BENCH: SECOND run_id=try5-c2-cpu s=5 accepted=735505
UKL-MQTT-BENCH: SECOND run_id=try5-c2-cpu s=6 accepted=727471
UKL-MQTT-BENCH: SECOND run_id=try5-c2-cpu s=7 accepted=719671
UKL-MQTT-BENCH: SECOND run_id=try5-c2-cpu s=8 accepted=735884
UKL-MQTT-BENCH: SECOND run_id=try5-c2-cpu s=9 accepted=734000
UKL-MQTT-BENCH: SECOND run_id=try5-c2-cpu s=10 accepted=735406
UKL-MQTT-BENCH: SECOND run_id=try5-c2-cpu s=11 accepted=735891
UKL-MQTT-BENCH: SECOND run_id=try5-c2-cpu s=12 accepted=733432
UKL-MQTT-BENCH: SECOND run_id=try5-c2-cpu s=13 accepted=733209
UKL-MQTT-BENCH: SECOND run_id=try5-c2-cpu s=14 accepted=732062
UKL-MQTT-BENCH: SECOND run_id=try5-c2-cpu s=15 accepted=729635
UKL-MQTT-BENCH: SECOND run_id=try5-c2-cpu s=16 accepted=727382
UKL-MQTT-BENCH: SECOND run_id=try5-c2-cpu s=17 accepted=727271
UKL-MQTT-BENCH: SECOND run_id=try5-c2-cpu s=18 accepted=722044
UKL-MQTT-BENCH: SECOND run_id=try5-c2-cpu s=19 accepted=728310
UKL-MQTT-BENCH: SECOND run_id=try5-c2-cpu s=20 accepted=726343
UKL-MQTT-BENCH: SECOND run_id=try5-c2-cpu s=21 accepted=730848
UKL-MQTT-BENCH: SECOND run_id=try5-c2-cpu s=22 accepted=727486
UKL-MQTT-BENCH: SECOND run_id=try5-c2-cpu s=23 accepted=727380
UKL-MQTT-BENCH: SECOND run_id=try5-c2-cpu s=24 accepted=730375
UKL-MQTT-BENCH: SECOND run_id=try5-c2-cpu s=25 accepted=729348
UKL-MQTT-BENCH: SECOND run_id=try5-c2-cpu s=26 accepted=693866
UKL-MQTT-BENCH: SECOND run_id=try5-c2-cpu s=27 accepted=688472
UKL-MQTT-BENCH: SECOND run_id=try5-c2-cpu s=28 accepted=689574
UKL-MQTT-BENCH: SECOND run_id=try5-c2-cpu s=29 accepted=698269
UKL-MQTT-BENCH: BUFFULL_SUMMARY run_id=try5-c2-cpu periods=5337 total_us=15662386 lt10us=0 lt100us=0 lt1ms=145 lt10ms=5192 lt100ms=0 ge100ms=0 open_at_window_end=1
UKL-MQTT-BENCH: BUFFULL run_id=try5-c2-cpu start_us=1498 end_us=2718 dur_us=1220
UKL-MQTT-BENCH: BUFFULL run_id=try5-c2-cpu start_us=2734 end_us=4137 dur_us=1402
UKL-MQTT-BENCH: BUFFULL run_id=try5-c2-cpu start_us=30437 end_us=31580 dur_us=1143
UKL-MQTT-BENCH: BUFFULL run_id=try5-c2-cpu start_us=34583 end_us=37679 dur_us=3095
UKL-MQTT-BENCH: BUFFULL run_id=try5-c2-cpu start_us=45826 end_us=48602 dur_us=2776
UKL-MQTT-BENCH: BUFFULL run_id=try5-c2-cpu start_us=51604 end_us=53573 dur_us=1968
UKL-MQTT-BENCH: BUFFULL run_id=try5-c2-cpu start_us=55983 end_us=59636 dur_us=3653
UKL-MQTT-BENCH: BUFFULL run_id=try5-c2-cpu start_us=62027 end_us=64920 dur_us=2893
UKL-MQTT-BENCH: BUFFULL run_id=try5-c2-cpu start_us=67916 end_us=70933 dur_us=3017
UKL-MQTT-BENCH: BUFFULL run_id=try5-c2-cpu start_us=74556 end_us=77607 dur_us=3051
UKL-MQTT-BENCH: BUFFULL run_id=try5-c2-cpu start_us=80599 end_us=83624 dur_us=3024
UKL-MQTT-BENCH: BUFFULL run_id=try5-c2-cpu start_us=86642 end_us=91000 dur_us=4358
UKL-MQTT-BENCH: BUFFULL run_id=try5-c2-cpu start_us=95227 end_us=98665 dur_us=3437
UKL-MQTT-BENCH: BUFFULL run_id=try5-c2-cpu start_us=104948 end_us=109667 dur_us=4719
UKL-MQTT-BENCH: BUFFULL run_id=try5-c2-cpu start_us=113836 end_us=115943 dur_us=2106
UKL-MQTT-BENCH: BUFFULL run_id=try5-c2-cpu start_us=118899 end_us=120901 dur_us=2002
UKL-MQTT-BENCH: BUFFULL run_id=try5-c2-cpu start_us=123243 end_us=127617 dur_us=4374
UKL-MQTT-BENCH: BUFFULL run_id=try5-c2-cpu start_us=130627 end_us=134647 dur_us=4019
UKL-MQTT-BENCH: BUFFULL run_id=try5-c2-cpu start_us=138826 end_us=140917 dur_us=2091
UKL-MQTT-BENCH: BUFFULL run_id=try5-c2-cpu start_us=143264 end_us=146907 dur_us=3642
UKL-MQTT-BENCH: BUFFULL run_id=try5-c2-cpu start_us=149872 end_us=154690 dur_us=4817
UKL-MQTT-BENCH: BUFFULL run_id=try5-c2-cpu start_us=160098 end_us=161988 dur_us=1890
UKL-MQTT-BENCH: BUFFULL run_id=try5-c2-cpu start_us=164940 end_us=166554 dur_us=1613
UKL-MQTT-BENCH: BUFFULL run_id=try5-c2-cpu start_us=168911 end_us=172958 dur_us=4047
UKL-MQTT-BENCH: BUFFULL run_id=try5-c2-cpu start_us=175926 end_us=177906 dur_us=1979
UKL-MQTT-BENCH: BUFFULL run_id=try5-c2-cpu start_us=180865 end_us=183943 dur_us=3077
UKL-MQTT-BENCH: BUFFULL run_id=try5-c2-cpu start_us=186298 end_us=189581 dur_us=3283
UKL-MQTT-BENCH: BUFFULL run_id=try5-c2-cpu start_us=192585 end_us=195626 dur_us=3041
UKL-MQTT-BENCH: BUFFULL run_id=try5-c2-cpu start_us=198591 end_us=202675 dur_us=4083
UKL-MQTT-BENCH: BUFFULL run_id=try5-c2-cpu start_us=205658 end_us=208653 dur_us=2995
UKL-MQTT-BENCH: BUFFULL run_id=try5-c2-cpu start_us=211606 end_us=213586 dur_us=1980
UKL-MQTT-BENCH: BUFFULL run_id=try5-c2-cpu start_us=216556 end_us=219638 dur_us=3081
UKL-MQTT-BENCH: BUFFULL run_id=try5-c2-cpu start_us=222004 end_us=224907 dur_us=2903
UKL-MQTT-BENCH: BUFFULL run_id=try5-c2-cpu start_us=227878 end_us=230614 dur_us=2735
UKL-MQTT-BENCH: BUFFULL run_id=try5-c2-cpu start_us=232967 end_us=236607 dur_us=3639
UKL-MQTT-BENCH: BUFFULL run_id=try5-c2-cpu start_us=239570 end_us=242599 dur_us=3028
UKL-MQTT-BENCH: BUFFULL run_id=try5-c2-cpu start_us=245598 end_us=248953 dur_us=3354
UKL-MQTT-BENCH: BUFFULL run_id=try5-c2-cpu start_us=251944 end_us=253592 dur_us=1647
UKL-MQTT-BENCH: BUFFULL run_id=try5-c2-cpu start_us=255993 end_us=260006 dur_us=4013
UKL-MQTT-BENCH: BUFFULL run_id=try5-c2-cpu start_us=262963 end_us=264918 dur_us=1954
UKL-MQTT-BENCH: BUFFULL run_id=try5-c2-cpu start_us=267263 end_us=270586 dur_us=3322
UKL-MQTT-BENCH: BUFFULL run_id=try5-c2-cpu start_us=273536 end_us=275587 dur_us=2051
UKL-MQTT-BENCH: BUFFULL run_id=try5-c2-cpu start_us=277942 end_us=279903 dur_us=1961
UKL-MQTT-BENCH: BUFFULL run_id=try5-c2-cpu start_us=282267 end_us=285951 dur_us=3683
UKL-MQTT-BENCH: BUFFULL run_id=try5-c2-cpu start_us=288302 end_us=290563 dur_us=2260
UKL-MQTT-BENCH: BUFFULL run_id=try5-c2-cpu start_us=292911 end_us=295598 dur_us=2686
UKL-MQTT-BENCH: BUFFULL run_id=try5-c2-cpu start_us=297958 end_us=300574 dur_us=2616
UKL-MQTT-BENCH: BUFFULL run_id=try5-c2-cpu start_us=303524 end_us=306930 dur_us=3406
UKL-MQTT-BENCH: BUFFULL run_id=try5-c2-cpu start_us=309892 end_us=313973 dur_us=4080
UKL-MQTT-BENCH: BUFFULL run_id=try5-c2-cpu start_us=316951 end_us=318871 dur_us=1919
UKL-MQTT-BENCH: BUFFULL run_id=try5-c2-cpu start_us=321234 end_us=325605 dur_us=4371
UKL-MQTT-BENCH: BUFFULL run_id=try5-c2-cpu start_us=329181 end_us=331180 dur_us=1998
UKL-MQTT-BENCH: BUFFULL run_id=try5-c2-cpu start_us=334151 end_us=337647 dur_us=3496
UKL-MQTT-BENCH: BUFFULL run_id=try5-c2-cpu start_us=340618 end_us=342575 dur_us=1957
UKL-MQTT-BENCH: BUFFULL run_id=try5-c2-cpu start_us=344944 end_us=348605 dur_us=3661
UKL-MQTT-BENCH: BUFFULL run_id=try5-c2-cpu start_us=351578 end_us=354643 dur_us=3065
UKL-MQTT-BENCH: BUFFULL run_id=try5-c2-cpu start_us=357032 end_us=359900 dur_us=2868
UKL-MQTT-BENCH: BUFFULL run_id=try5-c2-cpu start_us=362867 end_us=365627 dur_us=2759
UKL-MQTT-BENCH: BUFFULL run_id=try5-c2-cpu start_us=368595 end_us=372625 dur_us=4029
UKL-MQTT-BENCH: BUFFULL run_id=try5-c2-cpu start_us=375578 end_us=377586 dur_us=2008
UKL-MQTT-BENCH: BUFFULL run_id=try5-c2-cpu start_us=380555 end_us=383613 dur_us=3058
UKL-MQTT-BENCH: BUFFULL run_id=try5-c2-cpu start_us=386000 end_us=389587 dur_us=3586
UKL-MQTT-BENCH: BUFFULL run_id=try5-c2-cpu start_us=392610 end_us=394946 dur_us=2336
UKL-MQTT-BENCH: BUFFULL run_id=try5-c2-cpu start_us=397918 end_us=401965 dur_us=4046
UKL-MQTT-BENCH: BUFFULL run_id=try5-c2-cpu start_us=405542 end_us=406865 dur_us=1322
UKL-MQTT-BENCH: BUFFULL run_id=try5-c2-cpu start_us=408606 end_us=413630 dur_us=5023
UKL-MQTT-BENCH: BUFFULL run_id=try5-c2-cpu start_us=416597 end_us=418588 dur_us=1990
UKL-MQTT-BENCH: BUFFULL run_id=try5-c2-cpu start_us=421545 end_us=423915 dur_us=2369
UKL-MQTT-BENCH: BUFFULL run_id=try5-c2-cpu start_us=426256 end_us=429639 dur_us=3383
UKL-MQTT-BENCH: BUFFULL run_id=try5-c2-cpu start_us=432601 end_us=435630 dur_us=3028
UKL-MQTT-BENCH: BUFFULL run_id=try5-c2-cpu start_us=438595 end_us=440605 dur_us=2010
UKL-MQTT-BENCH: BUFFULL run_id=try5-c2-cpu start_us=442966 end_us=446608 dur_us=3642
UKL-MQTT-BENCH: BUFFULL run_id=try5-c2-cpu start_us=449601 end_us=452628 dur_us=3026
UKL-MQTT-BENCH: BUFFULL run_id=try5-c2-cpu start_us=454989 end_us=459629 dur_us=4639
UKL-MQTT-BENCH: BUFFULL run_id=try5-c2-cpu start_us=463811 end_us=465962 dur_us=2150
UKL-MQTT-BENCH: BUFFULL run_id=try5-c2-cpu start_us=468982 end_us=471941 dur_us=2959
UKL-MQTT-BENCH: BUFFULL run_id=try5-c2-cpu start_us=474910 end_us=477601 dur_us=2690
UKL-MQTT-BENCH: BUFFULL run_id=try5-c2-cpu start_us=479963 end_us=483635 dur_us=3671
UKL-MQTT-BENCH: BUFFULL run_id=try5-c2-cpu start_us=486621 end_us=489624 dur_us=3003
UKL-MQTT-BENCH: BUFFULL run_id=try5-c2-cpu start_us=492000 end_us=494920 dur_us=2920
UKL-MQTT-BENCH: BUFFULL run_id=try5-c2-cpu start_us=497905 end_us=500596 dur_us=2691
UKL-MQTT-BENCH: BUFFULL run_id=try5-c2-cpu start_us=503562 end_us=506625 dur_us=3063
UKL-MQTT-BENCH: BUFFULL run_id=try5-c2-cpu start_us=508987 end_us=511901 dur_us=2913
UKL-MQTT-BENCH: BUFFULL run_id=try5-c2-cpu start_us=514873 end_us=517943 dur_us=3070
UKL-MQTT-BENCH: BUFFULL run_id=try5-c2-cpu start_us=520905 end_us=523635 dur_us=2729
UKL-MQTT-BENCH: BUFFULL run_id=try5-c2-cpu start_us=526605 end_us=529609 dur_us=3003
UKL-MQTT-BENCH: BUFFULL run_id=try5-c2-cpu start_us=531979 end_us=534617 dur_us=2637
UKL-MQTT-BENCH: BUFFULL run_id=try5-c2-cpu start_us=536975 end_us=540601 dur_us=3625
UKL-MQTT-BENCH: BUFFULL run_id=try5-c2-cpu start_us=543575 end_us=546614 dur_us=3039
UKL-MQTT-BENCH: BUFFULL run_id=try5-c2-cpu start_us=549582 end_us=551606 dur_us=2024
UKL-MQTT-BENCH: BUFFULL run_id=try5-c2-cpu start_us=553982 end_us=557938 dur_us=3955
UKL-MQTT-BENCH: BUFFULL run_id=try5-c2-cpu start_us=560910 end_us=563582 dur_us=2671
UKL-MQTT-BENCH: BUFFULL run_id=try5-c2-cpu start_us=566576 end_us=568952 dur_us=2375
UKL-MQTT-BENCH: BUFFULL run_id=try5-c2-cpu start_us=571303 end_us=575633 dur_us=4329
UKL-MQTT-BENCH: BUFFULL run_id=try5-c2-cpu start_us=578604 end_us=580585 dur_us=1981
UKL-MQTT-BENCH: BUFFULL run_id=try5-c2-cpu start_us=583558 end_us=586626 dur_us=3068
UKL-MQTT-BENCH: BUFFULL run_id=try5-c2-cpu start_us=589588 end_us=591944 dur_us=2355
UKL-MQTT-BENCH: BUFFULL run_id=try5-c2-cpu start_us=594430 end_us=597662 dur_us=3232
UKL-MQTT-BENCH: BUFFULL run_id=try5-c2-cpu start_us=600028 end_us=603663 dur_us=3634
UKL-MQTT-BENCH: BUFFULL run_id=try5-c2-cpu start_us=606668 end_us=608620 dur_us=1952
UKL-MQTT-BENCH: BUFFULL run_id=try5-c2-cpu start_us=610979 end_us=614641 dur_us=3661
UKL-MQTT-BENCH: BUFFULL run_id=try5-c2-cpu start_us=617626 end_us=619920 dur_us=2294
UKL-MQTT-BENCH: BUFFULL run_id=try5-c2-cpu start_us=622935 end_us=625645 dur_us=2710
UKL-MQTT-BENCH: BUFFULL run_id=try5-c2-cpu start_us=628614 end_us=631585 dur_us=2970
UKL-MQTT-BENCH: BUFFULL run_id=try5-c2-cpu start_us=633959 end_us=636631 dur_us=2671
UKL-MQTT-BENCH: BUFFULL run_id=try5-c2-cpu start_us=638999 end_us=641915 dur_us=2915
UKL-MQTT-BENCH: BUFFULL run_id=try5-c2-cpu start_us=644278 end_us=646564 dur_us=2285
UKL-MQTT-BENCH: BUFFULL run_id=try5-c2-cpu start_us=648928 end_us=651624 dur_us=2696
UKL-MQTT-BENCH: BUFFULL run_id=try5-c2-cpu start_us=653989 end_us=656595 dur_us=2605
UKL-MQTT-BENCH: BUFFULL run_id=try5-c2-cpu start_us=659551 end_us=662636 dur_us=3085
UKL-MQTT-BENCH: BUFFULL run_id=try5-c2-cpu start_us=664992 end_us=667896 dur_us=2903
UKL-MQTT-BENCH: BUFFULL run_id=try5-c2-cpu start_us=670863 end_us=673633 dur_us=2770
UKL-MQTT-BENCH: BUFFULL run_id=try5-c2-cpu start_us=675991 end_us=679944 dur_us=3952
UKL-MQTT-BENCH: BUFFULL run_id=try5-c2-cpu start_us=682910 end_us=685601 dur_us=2691
UKL-MQTT-BENCH: BUFFULL run_id=try5-c2-cpu start_us=688563 end_us=690937 dur_us=2374
UKL-MQTT-BENCH: BUFFULL run_id=try5-c2-cpu start_us=693285 end_us=695866 dur_us=2581
UKL-MQTT-BENCH: BUFFULL run_id=try5-c2-cpu start_us=698209 end_us=700743 dur_us=2533
UKL-MQTT-BENCH: BUFFULL run_id=try5-c2-cpu start_us=703080 end_us=705917 dur_us=2836
UKL-MQTT-BENCH: BUFFULL run_id=try5-c2-cpu start_us=708914 end_us=711645 dur_us=2730
UKL-MQTT-BENCH: BUFFULL run_id=try5-c2-cpu start_us=713998 end_us=717920 dur_us=3922
UKL-MQTT-BENCH: BUFFULL run_id=try5-c2-cpu start_us=720876 end_us=723912 dur_us=3036
UKL-MQTT-BENCH: BUFFULL run_id=try5-c2-cpu start_us=726869 end_us=729602 dur_us=2733
UKL-MQTT-BENCH: BUFFULL run_id=try5-c2-cpu start_us=732650 end_us=735646 dur_us=2995
UKL-MQTT-BENCH: BUFFULL run_id=try5-c2-cpu start_us=737995 end_us=740639 dur_us=2643
UKL-MQTT-BENCH: BUFFULL run_id=try5-c2-cpu start_us=743594 end_us=746596 dur_us=3001
UKL-MQTT-BENCH: BUFFULL run_id=try5-c2-cpu start_us=749596 end_us=752649 dur_us=3053
UKL-MQTT-BENCH: BUFFULL run_id=try5-c2-cpu start_us=754996 end_us=757545 dur_us=2549
UKL-MQTT-BENCH: BUFFULL run_id=try5-c2-cpu start_us=759945 end_us=762613 dur_us=2668
UKL-MQTT-BENCH: BUFFULL run_id=try5-c2-cpu start_us=764964 end_us=767554 dur_us=2589
UKL-MQTT-BENCH: BUFFULL run_id=try5-c2-cpu start_us=769917 end_us=772915 dur_us=2997
UKL-MQTT-BENCH: BUFFULL run_id=try5-c2-cpu start_us=775869 end_us=778624 dur_us=2755
UKL-MQTT-BENCH: BUFFULL run_id=try5-c2-cpu start_us=780970 end_us=783574 dur_us=2604
UKL-MQTT-BENCH: BUFFULL run_id=try5-c2-cpu start_us=786524 end_us=789616 dur_us=3091
UKL-MQTT-BENCH: BUFFULL run_id=try5-c2-cpu start_us=791974 end_us=795642 dur_us=3667
UKL-MQTT-BENCH: BUFFULL run_id=try5-c2-cpu start_us=799232 end_us=801634 dur_us=2401
UKL-MQTT-BENCH: BUFFULL run_id=try5-c2-cpu start_us=804000 end_us=806894 dur_us=2894
UKL-MQTT-BENCH: BUFFULL run_id=try5-c2-cpu start_us=809851 end_us=812926 dur_us=3074
UKL-MQTT-BENCH: BUFFULL run_id=try5-c2-cpu start_us=815891 end_us=817909 dur_us=2018
UKL-MQTT-BENCH: BUFFULL run_id=try5-c2-cpu start_us=820262 end_us=824617 dur_us=4355
UKL-MQTT-BENCH: BUFFULL run_id=try5-c2-cpu start_us=827592 end_us=830972 dur_us=3380
UKL-MQTT-BENCH: BUFFULL run_id=try5-c2-cpu start_us=833952 end_us=838691 dur_us=4738
UKL-MQTT-BENCH: BUFFULL run_id=try5-c2-cpu start_us=845278 end_us=849676 dur_us=4398
UKL-MQTT-BENCH: BUFFULL run_id=try5-c2-cpu start_us=852650 end_us=854601 dur_us=1951
UKL-MQTT-BENCH: BUFFULL run_id=try5-c2-cpu start_us=857609 end_us=860640 dur_us=3030
UKL-MQTT-BENCH: BUFFULL run_id=try5-c2-cpu start_us=863010 end_us=865898 dur_us=2888
UKL-MQTT-BENCH: BUFFULL run_id=try5-c2-cpu start_us=868883 end_us=871631 dur_us=2748
UKL-MQTT-BENCH: BUFFULL run_id=try5-c2-cpu start_us=874611 end_us=878642 dur_us=4030
UKL-MQTT-BENCH: BUFFULL run_id=try5-c2-cpu start_us=882238 end_us=884897 dur_us=2659
UKL-MQTT-BENCH: BUFFULL run_id=try5-c2-cpu start_us=887861 end_us=890589 dur_us=2728
UKL-MQTT-BENCH: BUFFULL run_id=try5-c2-cpu start_us=892952 end_us=896968 dur_us=4016
UKL-MQTT-BENCH: BUFFULL run_id=try5-c2-cpu start_us=899942 end_us=903641 dur_us=3698
UKL-MQTT-BENCH: BUFFULL run_id=try5-c2-cpu start_us=906634 end_us=908593 dur_us=1959
UKL-MQTT-BENCH: BUFFULL run_id=try5-c2-cpu start_us=911565 end_us=914624 dur_us=3058
UKL-MQTT-BENCH: BUFFULL run_id=try5-c2-cpu start_us=917064 end_us=919564 dur_us=2500
UKL-MQTT-BENCH: BUFFULL run_id=try5-c2-cpu start_us=921943 end_us=923898 dur_us=1955
UKL-MQTT-BENCH: BUFFULL run_id=try5-c2-cpu start_us=926277 end_us=929596 dur_us=3318
UKL-MQTT-BENCH: BUFFULL run_id=try5-c2-cpu start_us=932570 end_us=935659 dur_us=3088
UKL-MQTT-BENCH: BUFFULL run_id=try5-c2-cpu start_us=938028 end_us=940583 dur_us=2554
UKL-MQTT-BENCH: BUFFULL run_id=try5-c2-cpu start_us=943549 end_us=946610 dur_us=3061
UKL-MQTT-BENCH: BUFFULL run_id=try5-c2-cpu start_us=948987 end_us=951953 dur_us=2965
UKL-MQTT-BENCH: BUFFULL run_id=try5-c2-cpu start_us=954936 end_us=958652 dur_us=3716
UKL-MQTT-BENCH: BUFFULL run_id=try5-c2-cpu start_us=961667 end_us=963587 dur_us=1920
UKL-MQTT-BENCH: BUFFULL run_id=try5-c2-cpu start_us=966564 end_us=969620 dur_us=3055
UKL-MQTT-BENCH: BUFFULL run_id=try5-c2-cpu start_us=971987 end_us=974909 dur_us=2922
UKL-MQTT-BENCH: BUFFULL run_id=try5-c2-cpu start_us=977908 end_us=980953 dur_us=3044
UKL-MQTT-BENCH: BUFFULL run_id=try5-c2-cpu start_us=983911 end_us=986590 dur_us=2678
UKL-MQTT-BENCH: BUFFULL run_id=try5-c2-cpu start_us=988961 end_us=992676 dur_us=3714
UKL-MQTT-BENCH: BUFFULL run_id=try5-c2-cpu start_us=995643 end_us=997667 dur_us=2024
UKL-MQTT-BENCH: BUFFULL run_id=try5-c2-cpu start_us=1000021 end_us=1003584 dur_us=3563
UKL-MQTT-BENCH: BUFFULL run_id=try5-c2-cpu start_us=1006546 end_us=1008921 dur_us=2375
UKL-MQTT-BENCH: BUFFULL run_id=try5-c2-cpu start_us=1011264 end_us=1014644 dur_us=3380
UKL-MQTT-BENCH: BUFFULL run_id=try5-c2-cpu start_us=1017594 end_us=1021630 dur_us=4035
UKL-MQTT-BENCH: BUFFULL run_id=try5-c2-cpu start_us=1024594 end_us=1026603 dur_us=2009
UKL-MQTT-BENCH: BUFFULL run_id=try5-c2-cpu start_us=1029576 end_us=1032615 dur_us=3038
UKL-MQTT-BENCH: BUFFULL run_id=try5-c2-cpu start_us=1034984 end_us=1037602 dur_us=2618
UKL-MQTT-BENCH: BUFFULL run_id=try5-c2-cpu start_us=1040569 end_us=1043658 dur_us=3088
UKL-MQTT-BENCH: BUFFULL run_id=try5-c2-cpu start_us=1046626 end_us=1050681 dur_us=4054
UKL-MQTT-BENCH: BUFFULL run_id=try5-c2-cpu start_us=1053655 end_us=1055570 dur_us=1914
UKL-MQTT-BENCH: BUFFULL run_id=try5-c2-cpu start_us=1057949 end_us=1061630 dur_us=3680
UKL-MQTT-BENCH: BUFFULL run_id=try5-c2-cpu start_us=1064597 end_us=1066581 dur_us=1984
UKL-MQTT-BENCH: BUFFULL run_id=try5-c2-cpu start_us=1069541 end_us=1072677 dur_us=3136
UKL-MQTT-BENCH: BUFFULL run_id=try5-c2-cpu start_us=1075032 end_us=1078637 dur_us=3604
UKL-MQTT-BENCH: BUFFULL run_id=try5-c2-cpu start_us=1081588 end_us=1084583 dur_us=2994
UKL-MQTT-BENCH: BUFFULL run_id=try5-c2-cpu start_us=1087558 end_us=1089915 dur_us=2356
UKL-MQTT-BENCH: BUFFULL run_id=try5-c2-cpu start_us=1092935 end_us=1095948 dur_us=3013
UKL-MQTT-BENCH: BUFFULL run_id=try5-c2-cpu start_us=1098300 end_us=1103688 dur_us=5388
UKL-MQTT-BENCH: BUFFULL run_id=try5-c2-cpu start_us=1107299 end_us=1108576 dur_us=1277
UKL-MQTT-BENCH: BUFFULL run_id=try5-c2-cpu start_us=1110943 end_us=1114641 dur_us=3698
UKL-MQTT-BENCH: BUFFULL run_id=try5-c2-cpu start_us=1117615 end_us=1119566 dur_us=1950
UKL-MQTT-BENCH: BUFFULL run_id=try5-c2-cpu start_us=1121920 end_us=1125601 dur_us=3680
UKL-MQTT-BENCH: BUFFULL run_id=try5-c2-cpu start_us=1128571 end_us=1130608 dur_us=2036
UKL-MQTT-BENCH: BUFFULL run_id=try5-c2-cpu start_us=1133577 end_us=1136639 dur_us=3061
UKL-MQTT-BENCH: BUFFULL run_id=try5-c2-cpu start_us=1139612 end_us=1143982 dur_us=4370
UKL-MQTT-BENCH: BUFFULL run_id=try5-c2-cpu start_us=1146959 end_us=1148869 dur_us=1909
UKL-MQTT-BENCH: BUFFULL run_id=try5-c2-cpu start_us=1151230 end_us=1154952 dur_us=3721
UKL-MQTT-BENCH: BUFFULL run_id=try5-c2-cpu start_us=1157951 end_us=1159895 dur_us=1944
UKL-MQTT-BENCH: BUFFULL run_id=try5-c2-cpu start_us=1162866 end_us=1165915 dur_us=3048
UKL-MQTT-BENCH: BUFFULL run_id=try5-c2-cpu start_us=1168275 end_us=1171594 dur_us=3319
UKL-MQTT-BENCH: BUFFULL run_id=try5-c2-cpu start_us=1174559 end_us=1177628 dur_us=3069
UKL-MQTT-BENCH: BUFFULL run_id=try5-c2-cpu start_us=1180600 end_us=1182935 dur_us=2334
UKL-MQTT-BENCH: BUFFULL run_id=try5-c2-cpu start_us=1185271 end_us=1189643 dur_us=4371
UKL-MQTT-BENCH: BUFFULL run_id=try5-c2-cpu start_us=1193292 end_us=1195642 dur_us=2350
UKL-MQTT-BENCH: BUFFULL run_id=try5-c2-cpu start_us=1197990 end_us=1200593 dur_us=2603
UKL-MQTT-BENCH: BUFFULL run_id=try5-c2-cpu start_us=1203568 end_us=1206611 dur_us=3043
UKL-MQTT-BENCH: BUFFULL run_id=try5-c2-cpu start_us=1209652 end_us=1212640 dur_us=2988
UKL-MQTT-BENCH: BUFFULL run_id=try5-c2-cpu start_us=1215009 end_us=1217586 dur_us=2576
UKL-MQTT-BENCH: BUFFULL run_id=try5-c2-cpu start_us=1220566 end_us=1223624 dur_us=3058
UKL-MQTT-BENCH: BUFFULL run_id=try5-c2-cpu start_us=1226587 end_us=1230665 dur_us=4078
UKL-MQTT-BENCH: BUFFULL run_id=try5-c2-cpu start_us=1233641 end_us=1236946 dur_us=3304
UKL-MQTT-BENCH: BUFFULL run_id=try5-c2-cpu start_us=1239910 end_us=1242597 dur_us=2687
UKL-MQTT-BENCH: BUFFULL run_id=try5-c2-cpu start_us=1245600 end_us=1247946 dur_us=2345
UKL-MQTT-BENCH: BUFFULL run_id=try5-c2-cpu start_us=1250291 end_us=1252868 dur_us=2576
UKL-MQTT-BENCH: BUFFULL run_id=try5-c2-cpu start_us=1255232 end_us=1257577 dur_us=2344
UKL-MQTT-BENCH: BUFFULL run_id=try5-c2-cpu start_us=1259980 end_us=1262898 dur_us=2918
UKL-MQTT-BENCH: BUFFULL run_id=try5-c2-cpu start_us=1265860 end_us=1268941 dur_us=3080
UKL-MQTT-BENCH: BUFFULL run_id=try5-c2-cpu start_us=1271296 end_us=1274587 dur_us=3290
UKL-MQTT-BENCH: BUFFULL run_id=try5-c2-cpu start_us=1277570 end_us=1280636 dur_us=3066
UKL-MQTT-BENCH: BUFFULL run_id=try5-c2-cpu start_us=1283122 end_us=1286643 dur_us=3520
UKL-MQTT-BENCH: BUFFULL run_id=try5-c2-cpu start_us=1290228 end_us=1292636 dur_us=2407
UKL-MQTT-BENCH: BUFFULL run_id=try5-c2-cpu start_us=1294999 end_us=1297884 dur_us=2884
UKL-MQTT-BENCH: BUFFULL run_id=try5-c2-cpu start_us=1300858 end_us=1303926 dur_us=3067
UKL-MQTT-BENCH: BUFFULL run_id=try5-c2-cpu start_us=1306900 end_us=1309614 dur_us=2714
UKL-MQTT-BENCH: BUFFULL run_id=try5-c2-cpu start_us=1311976 end_us=1315609 dur_us=3632
UKL-MQTT-BENCH: BUFFULL run_id=try5-c2-cpu start_us=1318581 end_us=1320622 dur_us=2040
UKL-MQTT-BENCH: BUFFULL run_id=try5-c2-cpu start_us=1322955 end_us=1326642 dur_us=3686
UKL-MQTT-BENCH: BUFFULL run_id=try5-c2-cpu start_us=1329560 end_us=1332936 dur_us=3375
UKL-MQTT-BENCH: BUFFULL run_id=try5-c2-cpu start_us=1335867 end_us=1338580 dur_us=2712
UKL-MQTT-BENCH: BUFFULL run_id=try5-c2-cpu start_us=1341509 end_us=1343938 dur_us=2429
UKL-MQTT-BENCH: BUFFULL run_id=try5-c2-cpu start_us=1346259 end_us=1349658 dur_us=3399
UKL-MQTT-BENCH: BUFFULL run_id=try5-c2-cpu start_us=1352579 end_us=1355605 dur_us=3026
UKL-MQTT-BENCH: BUFFULL run_id=try5-c2-cpu start_us=1358568 end_us=1360944 dur_us=2375
UKL-MQTT-BENCH: BUFFULL run_id=try5-c2-cpu start_us=1363263 end_us=1365571 dur_us=2307
UKL-MQTT-BENCH: BUFFULL run_id=try5-c2-cpu start_us=1367900 end_us=1369557 dur_us=1656
UKL-MQTT-BENCH: BUFFULL run_id=try5-c2-cpu start_us=1371291 end_us=1373549 dur_us=2258
UKL-MQTT-BENCH: BUFFULL run_id=try5-c2-cpu start_us=1375279 end_us=1379637 dur_us=4357
UKL-MQTT-BENCH: BUFFULL run_id=try5-c2-cpu start_us=1382561 end_us=1384559 dur_us=1998
UKL-MQTT-BENCH: BUFFULL run_id=try5-c2-cpu start_us=1386888 end_us=1390636 dur_us=3747
UKL-MQTT-BENCH: BUFFULL run_id=try5-c2-cpu start_us=1393631 end_us=1395578 dur_us=1947
UKL-MQTT-BENCH: BUFFULL run_id=try5-c2-cpu start_us=1398507 end_us=1401622 dur_us=3115
UKL-MQTT-BENCH: BUFFULL run_id=try5-c2-cpu start_us=1404544 end_us=1406582 dur_us=2038
UKL-MQTT-BENCH: BUFFULL run_id=try5-c2-cpu start_us=1408958 end_us=1412613 dur_us=3654
UKL-MQTT-BENCH: BUFFULL run_id=try5-c2-cpu start_us=1415547 end_us=1419641 dur_us=4094
UKL-MQTT-BENCH: BUFFULL run_id=try5-c2-cpu start_us=1422567 end_us=1426622 dur_us=4055
UKL-MQTT-BENCH: BUFFULL run_id=try5-c2-cpu start_us=1430156 end_us=1431606 dur_us=1449
UKL-MQTT-BENCH: BUFFULL run_id=try5-c2-cpu start_us=1433955 end_us=1437603 dur_us=3648
UKL-MQTT-BENCH: BUFFULL run_id=try5-c2-cpu start_us=1441125 end_us=1442803 dur_us=1678
UKL-MQTT-BENCH: BUFFULL run_id=try5-c2-cpu start_us=1445122 end_us=1448919 dur_us=3796
UKL-MQTT-BENCH: BUFFULL run_id=try5-c2-cpu start_us=1451841 end_us=1455674 dur_us=3833
UKL-MQTT-BENCH: BUFFULL run_id=try5-c2-cpu start_us=1459235 end_us=1461648 dur_us=2412
UKL-MQTT-BENCH: BUFFULL run_id=try5-c2-cpu start_us=1463974 end_us=1466903 dur_us=2928
UKL-MQTT-BENCH: BUFFULL run_id=try5-c2-cpu start_us=1469868 end_us=1472619 dur_us=2751
UKL-MQTT-BENCH: BUFFULL run_id=try5-c2-cpu start_us=1475619 end_us=1478624 dur_us=3005
UKL-MQTT-BENCH: BUFFULL run_id=try5-c2-cpu start_us=1481102 end_us=1484932 dur_us=3830
UKL-MQTT-BENCH: BUFFULL run_id=try5-c2-cpu start_us=1488031 end_us=1490632 dur_us=2601
UKL-MQTT-BENCH: BUFFULL run_id=try5-c2-cpu start_us=1493104 end_us=1497641 dur_us=4537
UKL-MQTT-BENCH: BUFFULL run_id=try5-c2-cpu start_us=1500623 end_us=1502598 dur_us=1975
UKL-MQTT-BENCH: BUFFULL run_id=try5-c2-cpu start_us=1505523 end_us=1508613 dur_us=3089
UKL-MQTT-BENCH: BUFFULL run_id=try5-c2-cpu start_us=1511537 end_us=1513616 dur_us=2078
UKL-MQTT-BENCH: BUFFULL run_id=try5-c2-cpu start_us=1515946 end_us=1518912 dur_us=2965
UKL-MQTT-BENCH: BUFFULL run_id=try5-c2-cpu start_us=1521223 end_us=1524570 dur_us=3347
UKL-MQTT-BENCH: BUFFULL run_id=try5-c2-cpu start_us=1527518 end_us=1529885 dur_us=2367
UKL-MQTT-BENCH: BUFFULL run_id=try5-c2-cpu start_us=1532189 end_us=1535654 dur_us=3464
UKL-MQTT-BENCH: BUFFULL run_id=try5-c2-cpu start_us=1538572 end_us=1541948 dur_us=3375
UKL-MQTT-BENCH: BUFFULL run_id=try5-c2-cpu start_us=1544871 end_us=1547618 dur_us=2747
UKL-MQTT-BENCH: BUFFULL run_id=try5-c2-cpu start_us=1550532 end_us=1552937 dur_us=2405
UKL-MQTT-BENCH: BUFFULL run_id=try5-c2-cpu start_us=1555243 end_us=1558601 dur_us=3357
UKL-MQTT-BENCH: BUFFULL run_id=try5-c2-cpu start_us=1561545 end_us=1564623 dur_us=3078
UKL-MQTT-BENCH: BUFFULL run_id=try5-c2-cpu start_us=1567585 end_us=1569949 dur_us=2363
UKL-MQTT-BENCH: BUFFULL run_id=try5-c2-cpu start_us=1572855 end_us=1575950 dur_us=3094
UKL-MQTT-BENCH: BUFFULL run_id=try5-c2-cpu start_us=1578259 end_us=1581609 dur_us=3350
UKL-MQTT-BENCH: BUFFULL run_id=try5-c2-cpu start_us=1584524 end_us=1587620 dur_us=3096
UKL-MQTT-BENCH: BUFFULL run_id=try5-c2-cpu start_us=1590536 end_us=1592925 dur_us=2389
UKL-MQTT-BENCH: BUFFULL run_id=try5-c2-cpu start_us=1595922 end_us=1598954 dur_us=3031
UKL-MQTT-BENCH: BUFFULL run_id=try5-c2-cpu start_us=1601280 end_us=1604596 dur_us=3316
UKL-MQTT-BENCH: BUFFULL run_id=try5-c2-cpu start_us=1607511 end_us=1609928 dur_us=2417
UKL-MQTT-BENCH: BUFFULL run_id=try5-c2-cpu start_us=1612857 end_us=1615604 dur_us=2747
UKL-MQTT-BENCH: BUFFULL run_id=try5-c2-cpu start_us=1617929 end_us=1620921 dur_us=2992
UKL-MQTT-BENCH: BUFFULL run_id=try5-c2-cpu start_us=1623879 end_us=1626615 dur_us=2736
UKL-MQTT-BENCH: BUFFULL run_id=try5-c2-cpu start_us=1628942 end_us=1632599 dur_us=3656
UKL-MQTT-BENCH: BUFFULL run_id=try5-c2-cpu start_us=1635513 end_us=1637620 dur_us=2107
UKL-MQTT-BENCH: BUFFULL run_id=try5-c2-cpu start_us=1640530 end_us=1643584 dur_us=3053
UKL-MQTT-BENCH: BUFFULL run_id=try5-c2-cpu start_us=1645915 end_us=1649653 dur_us=3737
UKL-MQTT-BENCH: BUFFULL run_id=try5-c2-cpu start_us=1653193 end_us=1656985 dur_us=3792
UKL-MQTT-BENCH: BUFFULL run_id=try5-c2-cpu start_us=1659951 end_us=1661558 dur_us=1607
UKL-MQTT-BENCH: BUFFULL run_id=try5-c2-cpu start_us=1663922 end_us=1667671 dur_us=3749
UKL-MQTT-BENCH: BUFFULL run_id=try5-c2-cpu start_us=1670593 end_us=1672624 dur_us=2031
UKL-MQTT-BENCH: BUFFULL run_id=try5-c2-cpu start_us=1674955 end_us=1678621 dur_us=3666
UKL-MQTT-BENCH: BUFFULL run_id=try5-c2-cpu start_us=1681540 end_us=1683620 dur_us=2079
UKL-MQTT-BENCH: BUFFULL run_id=try5-c2-cpu start_us=1685941 end_us=1688652 dur_us=2710
UKL-MQTT-BENCH: BUFFULL run_id=try5-c2-cpu start_us=1690970 end_us=1692576 dur_us=1606
UKL-MQTT-BENCH: BUFFULL run_id=try5-c2-cpu start_us=1694304 end_us=1697597 dur_us=3292
UKL-MQTT-BENCH: BUFFULL run_id=try5-c2-cpu start_us=1702864 end_us=1706930 dur_us=4065
UKL-MQTT-BENCH: BUFFULL run_id=try5-c2-cpu start_us=1709243 end_us=1711569 dur_us=2325
UKL-MQTT-BENCH: BUFFULL run_id=try5-c2-cpu start_us=1713899 end_us=1717660 dur_us=3761
UKL-MQTT-BENCH: BUFFULL run_id=try5-c2-cpu start_us=1720569 end_us=1722563 dur_us=1993
UKL-MQTT-BENCH: BUFFULL run_id=try5-c2-cpu start_us=1724890 end_us=1728597 dur_us=3707
UKL-MQTT-BENCH: BUFFULL run_id=try5-c2-cpu start_us=1731519 end_us=1733592 dur_us=2073
UKL-MQTT-BENCH: BUFFULL run_id=try5-c2-cpu start_us=1736512 end_us=1740681 dur_us=4169
UKL-MQTT-BENCH: BUFFULL run_id=try5-c2-cpu start_us=1743596 end_us=1747987 dur_us=4390
UKL-MQTT-BENCH: BUFFULL run_id=try5-c2-cpu start_us=1751492 end_us=1752615 dur_us=1122
UKL-MQTT-BENCH: BUFFULL run_id=try5-c2-cpu start_us=1754959 end_us=1758929 dur_us=3969
UKL-MQTT-BENCH: BUFFULL run_id=try5-c2-cpu start_us=1761865 end_us=1763563 dur_us=1698
UKL-MQTT-BENCH: BUFFULL run_id=try5-c2-cpu start_us=1765890 end_us=1769617 dur_us=3726
UKL-MQTT-BENCH: BUFFULL run_id=try5-c2-cpu start_us=1772595 end_us=1774885 dur_us=2289
UKL-MQTT-BENCH: BUFFULL run_id=try5-c2-cpu start_us=1777812 end_us=1780619 dur_us=2807
UKL-MQTT-BENCH: BUFFULL run_id=try5-c2-cpu start_us=1782941 end_us=1787013 dur_us=4071
UKL-MQTT-BENCH: BUFFULL run_id=try5-c2-cpu start_us=1789925 end_us=1791929 dur_us=2003
UKL-MQTT-BENCH: BUFFULL run_id=try5-c2-cpu start_us=1794235 end_us=1797603 dur_us=3368
UKL-MQTT-BENCH: BUFFULL run_id=try5-c2-cpu start_us=1800509 end_us=1801888 dur_us=1379
UKL-MQTT-BENCH: BUFFULL run_id=try5-c2-cpu start_us=1804194 end_us=1807417 dur_us=3222
UKL-MQTT-BENCH: BUFFULL run_id=try5-c2-cpu start_us=1809732 end_us=1812897 dur_us=3164
UKL-MQTT-BENCH: BUFFULL run_id=try5-c2-cpu start_us=1815812 end_us=1818624 dur_us=2812
UKL-MQTT-BENCH: BUFFULL run_id=try5-c2-cpu start_us=1821552 end_us=1824645 dur_us=3092
UKL-MQTT-BENCH: BUFFULL run_id=try5-c2-cpu start_us=1826955 end_us=1831646 dur_us=4691
UKL-MQTT-BENCH: BUFFULL run_id=try5-c2-cpu start_us=1835772 end_us=1837618 dur_us=1845
UKL-MQTT-BENCH: BUFFULL run_id=try5-c2-cpu start_us=1839939 end_us=1842593 dur_us=2654
UKL-MQTT-BENCH: BUFFULL run_id=try5-c2-cpu start_us=1844915 end_us=1848618 dur_us=3703
UKL-MQTT-BENCH: BUFFULL run_id=try5-c2-cpu start_us=1851533 end_us=1853671 dur_us=2138
UKL-MQTT-BENCH: BUFFULL run_id=try5-c2-cpu start_us=1855996 end_us=1858947 dur_us=2951
UKL-MQTT-BENCH: BUFFULL run_id=try5-c2-cpu start_us=1861883 end_us=1864632 dur_us=2749
UKL-MQTT-BENCH: BUFFULL run_id=try5-c2-cpu start_us=1866975 end_us=1869569 dur_us=2593
UKL-MQTT-BENCH: BUFFULL run_id=try5-c2-cpu start_us=1871884 end_us=1873917 dur_us=2032
UKL-MQTT-BENCH: BUFFULL run_id=try5-c2-cpu start_us=1876220 end_us=1878896 dur_us=2676
UKL-MQTT-BENCH: BUFFULL run_id=try5-c2-cpu start_us=1881817 end_us=1884906 dur_us=3089
UKL-MQTT-BENCH: BUFFULL run_id=try5-c2-cpu start_us=1887241 end_us=1890574 dur_us=3333
UKL-MQTT-BENCH: BUFFULL run_id=try5-c2-cpu start_us=1893486 end_us=1895586 dur_us=2100
UKL-MQTT-BENCH: BUFFULL run_id=try5-c2-cpu start_us=1898500 end_us=1901599 dur_us=3099
UKL-MQTT-BENCH: BUFFULL run_id=try5-c2-cpu start_us=1903920 end_us=1909000 dur_us=5079
UKL-MQTT-BENCH: BUFFULL run_id=try5-c2-cpu start_us=1913719 end_us=1914938 dur_us=1218
UKL-MQTT-BENCH: BUFFULL run_id=try5-c2-cpu start_us=1917866 end_us=1919883 dur_us=2017
UKL-MQTT-BENCH: BUFFULL run_id=try5-c2-cpu start_us=1922190 end_us=1925942 dur_us=3752
UKL-MQTT-BENCH: BUFFULL run_id=try5-c2-cpu start_us=1928852 end_us=1931905 dur_us=3053
UKL-MQTT-BENCH: BUFFULL run_id=try5-c2-cpu start_us=1934813 end_us=1937580 dur_us=2766
UKL-MQTT-BENCH: BUFFULL run_id=try5-c2-cpu start_us=1939892 end_us=1942924 dur_us=3032
UKL-MQTT-BENCH: BUFFULL run_id=try5-c2-cpu start_us=1945835 end_us=1948617 dur_us=2782
UKL-MQTT-BENCH: BUFFULL run_id=try5-c2-cpu start_us=1950960 end_us=1954630 dur_us=3669
UKL-MQTT-BENCH: BUFFULL run_id=try5-c2-cpu start_us=1957545 end_us=1959677 dur_us=2132
UKL-MQTT-BENCH: BUFFULL run_id=try5-c2-cpu start_us=1962590 end_us=1965648 dur_us=3058
UKL-MQTT-BENCH: BUFFULL run_id=try5-c2-cpu start_us=1968570 end_us=1971576 dur_us=3006
UKL-MQTT-BENCH: BUFFULL run_id=try5-c2-cpu start_us=1973910 end_us=1976896 dur_us=2986
UKL-MQTT-BENCH: BUFFULL run_id=try5-c2-cpu start_us=1979821 end_us=1982633 dur_us=2812
UKL-MQTT-BENCH: BUFFULL run_id=try5-c2-cpu start_us=1985557 end_us=1988645 dur_us=3088
UKL-MQTT-BENCH: BUFFULL run_id=try5-c2-cpu start_us=1991595 end_us=1993895 dur_us=2299
UKL-MQTT-BENCH: BUFFULL run_id=try5-c2-cpu start_us=1996247 end_us=1999940 dur_us=3692
UKL-MQTT-BENCH: BUFFULL run_id=try5-c2-cpu start_us=2002863 end_us=2005634 dur_us=2771
UKL-MQTT-BENCH: BUFFULL run_id=try5-c2-cpu start_us=2008555 end_us=2012965 dur_us=4410
UKL-MQTT-BENCH: BUFFULL run_id=try5-c2-cpu start_us=2016477 end_us=2018937 dur_us=2459
UKL-MQTT-BENCH: BUFFULL run_id=try5-c2-cpu start_us=2021855 end_us=2023565 dur_us=1710
UKL-MQTT-BENCH: BUFFULL run_id=try5-c2-cpu start_us=2025890 end_us=2029645 dur_us=3755
UKL-MQTT-BENCH: BUFFULL run_id=try5-c2-cpu start_us=2032567 end_us=2034583 dur_us=2016
UKL-MQTT-BENCH: BUFFULL run_id=try5-c2-cpu start_us=2036912 end_us=2040601 dur_us=3689
UKL-MQTT-BENCH: BUFFULL run_id=try5-c2-cpu start_us=2042922 end_us=2045587 dur_us=2664
UKL-MQTT-BENCH: BUFFULL run_id=try5-c2-cpu start_us=2048510 end_us=2050609 dur_us=2099
UKL-MQTT-BENCH: BUFFULL run_id=try5-c2-cpu start_us=2052932 end_us=2056645 dur_us=3712
UKL-MQTT-BENCH: BUFFULL run_id=try5-c2-cpu start_us=2059556 end_us=2061595 dur_us=2039
UKL-MQTT-BENCH: BUFFULL run_id=try5-c2-cpu start_us=2063918 end_us=2067636 dur_us=3717
UKL-MQTT-BENCH: BUFFULL run_id=try5-c2-cpu start_us=2070555 end_us=2072577 dur_us=2021
UKL-MQTT-BENCH: BUFFULL run_id=try5-c2-cpu start_us=2074908 end_us=2078634 dur_us=3725
UKL-MQTT-BENCH: BUFFULL run_id=try5-c2-cpu start_us=2081552 end_us=2085681 dur_us=4128
UKL-MQTT-BENCH: BUFFULL run_id=try5-c2-cpu start_us=2089187 end_us=2091637 dur_us=2450
UKL-MQTT-BENCH: BUFFULL run_id=try5-c2-cpu start_us=2094557 end_us=2096556 dur_us=1999
UKL-MQTT-BENCH: BUFFULL run_id=try5-c2-cpu start_us=2098864 end_us=2102651 dur_us=3786
UKL-MQTT-BENCH: BUFFULL run_id=try5-c2-cpu start_us=2105562 end_us=2107578 dur_us=2015
UKL-MQTT-BENCH: BUFFULL run_id=try5-c2-cpu start_us=2109897 end_us=2113628 dur_us=3730
UKL-MQTT-BENCH: BUFFULL run_id=try5-c2-cpu start_us=2116550 end_us=2119751 dur_us=3201
UKL-MQTT-BENCH: BUFFULL run_id=try5-c2-cpu start_us=2122653 end_us=2124564 dur_us=1910
UKL-MQTT-BENCH: BUFFULL run_id=try5-c2-cpu start_us=2126874 end_us=2129910 dur_us=3036
UKL-MQTT-BENCH: BUFFULL run_id=try5-c2-cpu start_us=2132244 end_us=2133905 dur_us=1661
UKL-MQTT-BENCH: BUFFULL run_id=try5-c2-cpu start_us=2136202 end_us=2139577 dur_us=3374
UKL-MQTT-BENCH: BUFFULL run_id=try5-c2-cpu start_us=2141894 end_us=2144585 dur_us=2691
UKL-MQTT-BENCH: BUFFULL run_id=try5-c2-cpu start_us=2146891 end_us=2149573 dur_us=2681
UKL-MQTT-BENCH: BUFFULL run_id=try5-c2-cpu start_us=2151883 end_us=2155612 dur_us=3728
UKL-MQTT-BENCH: BUFFULL run_id=try5-c2-cpu start_us=2158527 end_us=2160624 dur_us=2097
UKL-MQTT-BENCH: BUFFULL run_id=try5-c2-cpu start_us=2162941 end_us=2166680 dur_us=3738
UKL-MQTT-BENCH: BUFFULL run_id=try5-c2-cpu start_us=2169586 end_us=2171706 dur_us=2119
UKL-MQTT-BENCH: BUFFULL run_id=try5-c2-cpu start_us=2174628 end_us=2177712 dur_us=3084
UKL-MQTT-BENCH: BUFFULL run_id=try5-c2-cpu start_us=2180629 end_us=2182929 dur_us=2300
UKL-MQTT-BENCH: BUFFULL run_id=try5-c2-cpu start_us=2185222 end_us=2188584 dur_us=3362
UKL-MQTT-BENCH: BUFFULL run_id=try5-c2-cpu start_us=2190891 end_us=2192590 dur_us=1699
UKL-MQTT-BENCH: BUFFULL run_id=try5-c2-cpu start_us=2194919 end_us=2197572 dur_us=2652
UKL-MQTT-BENCH: BUFFULL run_id=try5-c2-cpu start_us=2199891 end_us=2203630 dur_us=3739
UKL-MQTT-BENCH: BUFFULL run_id=try5-c2-cpu start_us=2206582 end_us=2208588 dur_us=2005
UKL-MQTT-BENCH: BUFFULL run_id=try5-c2-cpu start_us=2210906 end_us=2214647 dur_us=3741
UKL-MQTT-BENCH: BUFFULL run_id=try5-c2-cpu start_us=2217555 end_us=2220624 dur_us=3069
UKL-MQTT-BENCH: BUFFULL run_id=try5-c2-cpu start_us=2223526 end_us=2225597 dur_us=2070
UKL-MQTT-BENCH: BUFFULL run_id=try5-c2-cpu start_us=2227917 end_us=2231623 dur_us=3705
UKL-MQTT-BENCH: BUFFULL run_id=try5-c2-cpu start_us=2234527 end_us=2236599 dur_us=2072
UKL-MQTT-BENCH: BUFFULL run_id=try5-c2-cpu start_us=2238905 end_us=2241923 dur_us=3017
UKL-MQTT-BENCH: BUFFULL run_id=try5-c2-cpu start_us=2244863 end_us=2247583 dur_us=2720
UKL-MQTT-BENCH: BUFFULL run_id=try5-c2-cpu start_us=2249895 end_us=2253605 dur_us=3710
UKL-MQTT-BENCH: BUFFULL run_id=try5-c2-cpu start_us=2256555 end_us=2260675 dur_us=4120
UKL-MQTT-BENCH: BUFFULL run_id=try5-c2-cpu start_us=2267176 end_us=2270940 dur_us=3764
UKL-MQTT-BENCH: BUFFULL run_id=try5-c2-cpu start_us=2273841 end_us=2275902 dur_us=2061
UKL-MQTT-BENCH: BUFFULL run_id=try5-c2-cpu start_us=2278194 end_us=2281944 dur_us=3750
UKL-MQTT-BENCH: BUFFULL run_id=try5-c2-cpu start_us=2284875 end_us=2287583 dur_us=2707
UKL-MQTT-BENCH: BUFFULL run_id=try5-c2-cpu start_us=2289902 end_us=2293613 dur_us=3711
UKL-MQTT-BENCH: BUFFULL run_id=try5-c2-cpu start_us=2296525 end_us=2299963 dur_us=3438
UKL-MQTT-BENCH: BUFFULL run_id=try5-c2-cpu start_us=2303464 end_us=2307692 dur_us=4227
UKL-MQTT-BENCH: BUFFULL run_id=try5-c2-cpu start_us=2311190 end_us=2312569 dur_us=1379
UKL-MQTT-BENCH: BUFFULL run_id=try5-c2-cpu start_us=2314884 end_us=2318646 dur_us=3762
UKL-MQTT-BENCH: BUFFULL run_id=try5-c2-cpu start_us=2321552 end_us=2323599 dur_us=2046
UKL-MQTT-BENCH: BUFFULL run_id=try5-c2-cpu start_us=2325903 end_us=2329627 dur_us=3724
UKL-MQTT-BENCH: BUFFULL run_id=try5-c2-cpu start_us=2332548 end_us=2334594 dur_us=2045
UKL-MQTT-BENCH: BUFFULL run_id=try5-c2-cpu start_us=2336901 end_us=2340625 dur_us=3724
UKL-MQTT-BENCH: BUFFULL run_id=try5-c2-cpu start_us=2343537 end_us=2345566 dur_us=2029
UKL-MQTT-BENCH: BUFFULL run_id=try5-c2-cpu start_us=2347910 end_us=2350643 dur_us=2732
UKL-MQTT-BENCH: BUFFULL run_id=try5-c2-cpu start_us=2353545 end_us=2356589 dur_us=3043
UKL-MQTT-BENCH: BUFFULL run_id=try5-c2-cpu start_us=2358897 end_us=2361622 dur_us=2725
UKL-MQTT-BENCH: BUFFULL run_id=try5-c2-cpu start_us=2364538 end_us=2367602 dur_us=3064
UKL-MQTT-BENCH: BUFFULL run_id=try5-c2-cpu start_us=2369934 end_us=2372605 dur_us=2670
UKL-MQTT-BENCH: BUFFULL run_id=try5-c2-cpu start_us=2375523 end_us=2378595 dur_us=3072
UKL-MQTT-BENCH: BUFFULL run_id=try5-c2-cpu start_us=2380897 end_us=2383933 dur_us=3035
UKL-MQTT-BENCH: BUFFULL run_id=try5-c2-cpu start_us=2386836 end_us=2389642 dur_us=2805
UKL-MQTT-BENCH: BUFFULL run_id=try5-c2-cpu start_us=2392564 end_us=2395683 dur_us=3118
UKL-MQTT-BENCH: BUFFULL run_id=try5-c2-cpu start_us=2398962 end_us=2403783 dur_us=4820
UKL-MQTT-BENCH: BUFFULL run_id=try5-c2-cpu start_us=2406723 end_us=2408629 dur_us=1906
UKL-MQTT-BENCH: BUFFULL run_id=try5-c2-cpu start_us=2410940 end_us=2413614 dur_us=2674
UKL-MQTT-BENCH: BUFFULL run_id=try5-c2-cpu start_us=2415973 end_us=2418606 dur_us=2633
UKL-MQTT-BENCH: BUFFULL run_id=try5-c2-cpu start_us=2420903 end_us=2423584 dur_us=2680
UKL-MQTT-BENCH: BUFFULL run_id=try5-c2-cpu start_us=2425898 end_us=2428599 dur_us=2701
UKL-MQTT-BENCH: BUFFULL run_id=try5-c2-cpu start_us=2430903 end_us=2434639 dur_us=3736
UKL-MQTT-BENCH: BUFFULL run_id=try5-c2-cpu start_us=2437528 end_us=2439594 dur_us=2065
UKL-MQTT-BENCH: BUFFULL run_id=try5-c2-cpu start_us=2441897 end_us=2444912 dur_us=3015
UKL-MQTT-BENCH: BUFFULL run_id=try5-c2-cpu start_us=2447824 end_us=2450626 dur_us=2801
UKL-MQTT-BENCH: BUFFULL run_id=try5-c2-cpu start_us=2452915 end_us=2456630 dur_us=3715
UKL-MQTT-BENCH: BUFFULL run_id=try5-c2-cpu start_us=2459520 end_us=2461631 dur_us=2110
UKL-MQTT-BENCH: BUFFULL run_id=try5-c2-cpu start_us=2464087 end_us=2467663 dur_us=3576
UKL-MQTT-BENCH: BUFFULL run_id=try5-c2-cpu start_us=2470756 end_us=2473675 dur_us=2918
UKL-MQTT-BENCH: BUFFULL run_id=try5-c2-cpu start_us=2476729 end_us=2479659 dur_us=2929
UKL-MQTT-BENCH: BUFFULL run_id=try5-c2-cpu start_us=2481975 end_us=2485616 dur_us=3641
UKL-MQTT-BENCH: BUFFULL run_id=try5-c2-cpu start_us=2488515 end_us=2490645 dur_us=2130
UKL-MQTT-BENCH: BUFFULL run_id=try5-c2-cpu start_us=2493554 end_us=2496620 dur_us=3066
UKL-MQTT-BENCH: BUFFULL run_id=try5-c2-cpu start_us=2498988 end_us=2502308 dur_us=3319
UKL-MQTT-BENCH: BUFFULL run_id=try5-c2-cpu start_us=2505421 end_us=2507938 dur_us=2516
UKL-MQTT-BENCH: BUFFULL run_id=try5-c2-cpu start_us=2511039 end_us=2513970 dur_us=2931
UKL-MQTT-BENCH: BUFFULL run_id=try5-c2-cpu start_us=2516277 end_us=2518926 dur_us=2649
UKL-MQTT-BENCH: BUFFULL run_id=try5-c2-cpu start_us=2521236 end_us=2523876 dur_us=2639
UKL-MQTT-BENCH: BUFFULL run_id=try5-c2-cpu start_us=2526186 end_us=2528070 dur_us=1883
UKL-MQTT-BENCH: BUFFULL run_id=try5-c2-cpu start_us=2530380 end_us=2532895 dur_us=2514
UKL-MQTT-BENCH: BUFFULL run_id=try5-c2-cpu start_us=2535197 end_us=2538615 dur_us=3418
UKL-MQTT-BENCH: BUFFULL run_id=try5-c2-cpu start_us=2540949 end_us=2543894 dur_us=2944
UKL-MQTT-BENCH: BUFFULL run_id=try5-c2-cpu start_us=2546807 end_us=2549601 dur_us=2794
UKL-MQTT-BENCH: BUFFULL run_id=try5-c2-cpu start_us=2551911 end_us=2556668 dur_us=4757
UKL-MQTT-BENCH: BUFFULL run_id=try5-c2-cpu start_us=2560177 end_us=2562653 dur_us=2475
UKL-MQTT-BENCH: BUFFULL run_id=try5-c2-cpu start_us=2565583 end_us=2567610 dur_us=2026
UKL-MQTT-BENCH: BUFFULL run_id=try5-c2-cpu start_us=2569929 end_us=2573630 dur_us=3701
UKL-MQTT-BENCH: BUFFULL run_id=try5-c2-cpu start_us=2576547 end_us=2578583 dur_us=2036
UKL-MQTT-BENCH: BUFFULL run_id=try5-c2-cpu start_us=2580886 end_us=2583904 dur_us=3018
UKL-MQTT-BENCH: BUFFULL run_id=try5-c2-cpu start_us=2586818 end_us=2589607 dur_us=2788
UKL-MQTT-BENCH: BUFFULL run_id=try5-c2-cpu start_us=2591919 end_us=2595613 dur_us=3694
UKL-MQTT-BENCH: BUFFULL run_id=try5-c2-cpu start_us=2598608 end_us=2601036 dur_us=2427
UKL-MQTT-BENCH: BUFFULL run_id=try5-c2-cpu start_us=2604108 end_us=2606987 dur_us=2878
UKL-MQTT-BENCH: BUFFULL run_id=try5-c2-cpu start_us=2609456 end_us=2611642 dur_us=2185
UKL-MQTT-BENCH: BUFFULL run_id=try5-c2-cpu start_us=2613953 end_us=2616552 dur_us=2598
UKL-MQTT-BENCH: BUFFULL run_id=try5-c2-cpu start_us=2620541 end_us=2622586 dur_us=2044
UKL-MQTT-BENCH: BUFFULL run_id=try5-c2-cpu start_us=2624300 end_us=2629677 dur_us=5377
UKL-MQTT-BENCH: BUFFULL run_id=try5-c2-cpu start_us=2632584 end_us=2633862 dur_us=1278
UKL-MQTT-BENCH: BUFFULL run_id=try5-c2-cpu start_us=2636154 end_us=2640752 dur_us=4597
UKL-MQTT-BENCH: BUFFULL run_id=try5-c2-cpu start_us=2644251 end_us=2645606 dur_us=1355
UKL-MQTT-BENCH: BUFFULL run_id=try5-c2-cpu start_us=2647429 end_us=2651617 dur_us=4188
UKL-MQTT-BENCH: BUFFULL run_id=try5-c2-cpu start_us=2658039 end_us=2662692 dur_us=4653
UKL-MQTT-BENCH: BUFFULL run_id=try5-c2-cpu start_us=2665666 end_us=2667697 dur_us=2031
UKL-MQTT-BENCH: BUFFULL run_id=try5-c2-cpu start_us=2669999 end_us=2673610 dur_us=3611
UKL-MQTT-BENCH: BUFFULL run_id=try5-c2-cpu start_us=2676518 end_us=2678624 dur_us=2106
UKL-MQTT-BENCH: BUFFULL run_id=try5-c2-cpu start_us=2680933 end_us=2682960 dur_us=2027
UKL-MQTT-BENCH: BUFFULL run_id=try5-c2-cpu start_us=2685276 end_us=2687912 dur_us=2636
UKL-MQTT-BENCH: BUFFULL run_id=try5-c2-cpu start_us=2690219 end_us=2692558 dur_us=2339
UKL-MQTT-BENCH: BUFFULL run_id=try5-c2-cpu start_us=2694274 end_us=2695540 dur_us=1266
UKL-MQTT-BENCH: BUFFULL run_id=try5-c2-cpu start_us=2697270 end_us=2699875 dur_us=2604
UKL-MQTT-BENCH: BUFFULL run_id=try5-c2-cpu start_us=2702183 end_us=2706602 dur_us=4419
UKL-MQTT-BENCH: BUFFULL run_id=try5-c2-cpu start_us=2709498 end_us=2712654 dur_us=3156
UKL-MQTT-BENCH: BUFFULL run_id=try5-c2-cpu start_us=2715570 end_us=2719668 dur_us=4098
UKL-MQTT-BENCH: BUFFULL run_id=try5-c2-cpu start_us=2725270 end_us=2730660 dur_us=5389
UKL-MQTT-BENCH: BUFFULL run_id=try5-c2-cpu start_us=2734155 end_us=2735584 dur_us=1428
UKL-MQTT-BENCH: BUFFULL run_id=try5-c2-cpu start_us=2737903 end_us=2741630 dur_us=3726
UKL-MQTT-BENCH: BUFFULL run_id=try5-c2-cpu start_us=2744529 end_us=2747674 dur_us=3144
UKL-MQTT-BENCH: BUFFULL run_id=try5-c2-cpu start_us=2750566 end_us=2752587 dur_us=2021
UKL-MQTT-BENCH: BUFFULL run_id=try5-c2-cpu start_us=2754906 end_us=2757905 dur_us=2999
UKL-MQTT-BENCH: BUFFULL run_id=try5-c2-cpu start_us=2760840 end_us=2763890 dur_us=3050
UKL-MQTT-BENCH: BUFFULL run_id=try5-c2-cpu start_us=2766787 end_us=2769592 dur_us=2804
UKL-MQTT-BENCH: BUFFULL run_id=try5-c2-cpu start_us=2771886 end_us=2775969 dur_us=4083
UKL-MQTT-BENCH: BUFFULL run_id=try5-c2-cpu start_us=2779471 end_us=2782651 dur_us=3179
UKL-MQTT-BENCH: BUFFULL run_id=try5-c2-cpu start_us=2785547 end_us=2787592 dur_us=2045
UKL-MQTT-BENCH: BUFFULL run_id=try5-c2-cpu start_us=2789911 end_us=2792927 dur_us=3015
UKL-MQTT-BENCH: BUFFULL run_id=try5-c2-cpu start_us=2795828 end_us=2798627 dur_us=2798
UKL-MQTT-BENCH: BUFFULL run_id=try5-c2-cpu start_us=2800930 end_us=2804618 dur_us=3688
UKL-MQTT-BENCH: BUFFULL run_id=try5-c2-cpu start_us=2807521 end_us=2809630 dur_us=2108
UKL-MQTT-BENCH: BUFFULL run_id=try5-c2-cpu start_us=2812522 end_us=2815590 dur_us=3068
UKL-MQTT-BENCH: BUFFULL run_id=try5-c2-cpu start_us=2817910 end_us=2820636 dur_us=2725
UKL-MQTT-BENCH: BUFFULL run_id=try5-c2-cpu start_us=2822944 end_us=2824579 dur_us=1634
UKL-MQTT-BENCH: BUFFULL run_id=try5-c2-cpu start_us=2826886 end_us=2829912 dur_us=3025
UKL-MQTT-BENCH: BUFFULL run_id=try5-c2-cpu start_us=2832208 end_us=2834563 dur_us=2354
UKL-MQTT-BENCH: BUFFULL run_id=try5-c2-cpu start_us=2836864 end_us=2839964 dur_us=3099
UKL-MQTT-BENCH: BUFFULL run_id=try5-c2-cpu start_us=2842866 end_us=2844852 dur_us=1985
UKL-MQTT-BENCH: BUFFULL run_id=try5-c2-cpu start_us=2847159 end_us=2850942 dur_us=3783
UKL-MQTT-BENCH: BUFFULL run_id=try5-c2-cpu start_us=2853843 end_us=2855967 dur_us=2124
UKL-MQTT-BENCH: BUFFULL run_id=try5-c2-cpu start_us=2858267 end_us=2861642 dur_us=3374
UKL-MQTT-BENCH: BUFFULL run_id=try5-c2-cpu start_us=2863945 end_us=2866639 dur_us=2693
UKL-MQTT-BENCH: BUFFULL run_id=try5-c2-cpu start_us=2869528 end_us=2871605 dur_us=2076
UKL-MQTT-BENCH: BUFFULL run_id=try5-c2-cpu start_us=2873907 end_us=2876392 dur_us=2485
UKL-MQTT-BENCH: BUFFULL run_id=try5-c2-cpu start_us=2878699 end_us=2881592 dur_us=2893
UKL-MQTT-BENCH: BUFFULL run_id=try5-c2-cpu start_us=2883915 end_us=2886630 dur_us=2714
UKL-MQTT-BENCH: BUFFULL run_id=try5-c2-cpu start_us=2888912 end_us=2891604 dur_us=2691
UKL-MQTT-BENCH: BUFFULL run_id=try5-c2-cpu start_us=2893911 end_us=2896916 dur_us=3005
UKL-MQTT-BENCH: BUFFULL run_id=try5-c2-cpu start_us=2899828 end_us=2902594 dur_us=2765
UKL-MQTT-BENCH: BUFFULL run_id=try5-c2-cpu start_us=2904909 end_us=2907914 dur_us=3004
UKL-MQTT-BENCH: BUFFULL run_id=try5-c2-cpu start_us=2910807 end_us=2913620 dur_us=2812
UKL-MQTT-BENCH: BUFFULL run_id=try5-c2-cpu start_us=2915948 end_us=2919921 dur_us=3972
UKL-MQTT-BENCH: BUFFULL run_id=try5-c2-cpu start_us=2923406 end_us=2925933 dur_us=2527
UKL-MQTT-BENCH: BUFFULL run_id=try5-c2-cpu start_us=2928826 end_us=2931933 dur_us=3106
UKL-MQTT-BENCH: BUFFULL run_id=try5-c2-cpu start_us=2934823 end_us=2937925 dur_us=3101
UKL-MQTT-BENCH: BUFFULL run_id=try5-c2-cpu start_us=2940825 end_us=2943579 dur_us=2754
UKL-MQTT-BENCH: BUFFULL run_id=try5-c2-cpu start_us=2945874 end_us=2949490 dur_us=3615
UKL-MQTT-BENCH: BUFFULL run_id=try5-c2-cpu start_us=2952473 end_us=2955492 dur_us=3018
UKL-MQTT-BENCH: BUFFULL run_id=try5-c2-cpu start_us=2957970 end_us=2961701 dur_us=3730
UKL-MQTT-BENCH: BUFFULL run_id=try5-c2-cpu start_us=2964626 end_us=2966968 dur_us=2342
UKL-MQTT-BENCH: BUFFULL run_id=try5-c2-cpu start_us=2969894 end_us=2972917 dur_us=3023
UKL-MQTT-BENCH: BUFFULL run_id=try5-c2-cpu start_us=2975223 end_us=2978651 dur_us=3427
UKL-MQTT-BENCH: BUFFULL run_id=try5-c2-cpu start_us=2981573 end_us=2983899 dur_us=2326
UKL-MQTT-BENCH: BUFFULL run_id=try5-c2-cpu start_us=2986204 end_us=2988664 dur_us=2460
UKL-MQTT-BENCH: BUFFULL run_id=try5-c2-cpu start_us=2991825 end_us=2994672 dur_us=2847
UKL-MQTT-BENCH: BUFFULL run_id=try5-c2-cpu start_us=2996983 end_us=3000668 dur_us=3685
UKL-MQTT-BENCH: BUFFULL run_id=try5-c2-cpu start_us=3003579 end_us=3004650 dur_us=1071
UKL-MQTT-BENCH: BUFFULL run_id=try5-c2-cpu start_us=3006378 end_us=3010601 dur_us=4222
UKL-MQTT-BENCH: BUFFULL run_id=try5-c2-cpu start_us=3012915 end_us=3014908 dur_us=1993
UKL-MQTT-BENCH: BUFFULL run_id=try5-c2-cpu start_us=3020547 end_us=3024944 dur_us=4397
UKL-MQTT-BENCH: BUFFULL run_id=try5-c2-cpu start_us=3027840 end_us=3029554 dur_us=1713
UKL-MQTT-BENCH: BUFFULL run_id=try5-c2-cpu start_us=3031895 end_us=3035932 dur_us=4037
UKL-MQTT-BENCH: BUFFULL run_id=try5-c2-cpu start_us=3038835 end_us=3040880 dur_us=2044
UKL-MQTT-BENCH: BUFFULL run_id=try5-c2-cpu start_us=3043186 end_us=3046935 dur_us=3748
UKL-MQTT-BENCH: BUFFULL run_id=try5-c2-cpu start_us=3049858 end_us=3052935 dur_us=3077
UKL-MQTT-BENCH: BUFFULL run_id=try5-c2-cpu start_us=3055859 end_us=3058605 dur_us=2746
UKL-MQTT-BENCH: BUFFULL run_id=try5-c2-cpu start_us=3060926 end_us=3063936 dur_us=3010
UKL-MQTT-BENCH: BUFFULL run_id=try5-c2-cpu start_us=3066875 end_us=3069590 dur_us=2714
UKL-MQTT-BENCH: BUFFULL run_id=try5-c2-cpu start_us=3071910 end_us=3074902 dur_us=2992
UKL-MQTT-BENCH: BUFFULL run_id=try5-c2-cpu start_us=3077818 end_us=3080951 dur_us=3132
UKL-MQTT-BENCH: BUFFULL run_id=try5-c2-cpu start_us=3083873 end_us=3086925 dur_us=3051
UKL-MQTT-BENCH: BUFFULL run_id=try5-c2-cpu start_us=3089861 end_us=3092577 dur_us=2715
UKL-MQTT-BENCH: BUFFULL run_id=try5-c2-cpu start_us=3094920 end_us=3098630 dur_us=3710
UKL-MQTT-BENCH: BUFFULL run_id=try5-c2-cpu start_us=3101569 end_us=3104667 dur_us=3098
UKL-MQTT-BENCH: BUFFULL run_id=try5-c2-cpu start_us=3107717 end_us=3110691 dur_us=2974
UKL-MQTT-BENCH: BUFFULL run_id=try5-c2-cpu start_us=3113725 end_us=3115885 dur_us=2159
UKL-MQTT-BENCH: BUFFULL run_id=try5-c2-cpu start_us=3118242 end_us=3121902 dur_us=3659
UKL-MQTT-BENCH: BUFFULL run_id=try5-c2-cpu start_us=3124825 end_us=3127655 dur_us=2829
UKL-MQTT-BENCH: BUFFULL run_id=try5-c2-cpu start_us=3130583 end_us=3134973 dur_us=4389
UKL-MQTT-BENCH: BUFFULL run_id=try5-c2-cpu start_us=3138496 end_us=3139570 dur_us=1074
UKL-MQTT-BENCH: BUFFULL run_id=try5-c2-cpu start_us=3141900 end_us=3145665 dur_us=3765
UKL-MQTT-BENCH: BUFFULL run_id=try5-c2-cpu start_us=3148581 end_us=3150599 dur_us=2018
UKL-MQTT-BENCH: BUFFULL run_id=try5-c2-cpu start_us=3152905 end_us=3156637 dur_us=3732
UKL-MQTT-BENCH: BUFFULL run_id=try5-c2-cpu start_us=3159559 end_us=3162604 dur_us=3045
UKL-MQTT-BENCH: BUFFULL run_id=try5-c2-cpu start_us=3164932 end_us=3168661 dur_us=3728
UKL-MQTT-BENCH: BUFFULL run_id=try5-c2-cpu start_us=3172197 end_us=3175967 dur_us=3769
UKL-MQTT-BENCH: BUFFULL run_id=try5-c2-cpu start_us=3179476 end_us=3180569 dur_us=1093
UKL-MQTT-BENCH: BUFFULL run_id=try5-c2-cpu start_us=3182301 end_us=3186927 dur_us=4625
UKL-MQTT-BENCH: BUFFULL run_id=try5-c2-cpu start_us=3190456 end_us=3191592 dur_us=1135
UKL-MQTT-BENCH: BUFFULL run_id=try5-c2-cpu start_us=3193945 end_us=3198648 dur_us=4703
UKL-MQTT-BENCH: BUFFULL run_id=try5-c2-cpu start_us=3201592 end_us=3203920 dur_us=2327
UKL-MQTT-BENCH: BUFFULL run_id=try5-c2-cpu start_us=3206831 end_us=3209931 dur_us=3099
UKL-MQTT-BENCH: BUFFULL run_id=try5-c2-cpu start_us=3212854 end_us=3216639 dur_us=3784
UKL-MQTT-BENCH: BUFFULL run_id=try5-c2-cpu start_us=3219555 end_us=3221590 dur_us=2035
UKL-MQTT-BENCH: BUFFULL run_id=try5-c2-cpu start_us=3223914 end_us=3226899 dur_us=2984
UKL-MQTT-BENCH: BUFFULL run_id=try5-c2-cpu start_us=3229810 end_us=3231566 dur_us=1756
UKL-MQTT-BENCH: BUFFULL run_id=try5-c2-cpu start_us=3233884 end_us=3237916 dur_us=4032
UKL-MQTT-BENCH: BUFFULL run_id=try5-c2-cpu start_us=3240849 end_us=3242892 dur_us=2043
UKL-MQTT-BENCH: BUFFULL run_id=try5-c2-cpu start_us=3245228 end_us=3249636 dur_us=4408
UKL-MQTT-BENCH: BUFFULL run_id=try5-c2-cpu start_us=3252719 end_us=3254963 dur_us=2244
UKL-MQTT-BENCH: BUFFULL run_id=try5-c2-cpu start_us=3257952 end_us=3261641 dur_us=3688
UKL-MQTT-BENCH: BUFFULL run_id=try5-c2-cpu start_us=3264567 end_us=3266595 dur_us=2027
UKL-MQTT-BENCH: BUFFULL run_id=try5-c2-cpu start_us=3268925 end_us=3272646 dur_us=3721
UKL-MQTT-BENCH: BUFFULL run_id=try5-c2-cpu start_us=3275561 end_us=3279685 dur_us=4124
UKL-MQTT-BENCH: BUFFULL run_id=try5-c2-cpu start_us=3283212 end_us=3286692 dur_us=3479
UKL-MQTT-BENCH: BUFFULL run_id=try5-c2-cpu start_us=3292285 end_us=3297663 dur_us=5377
UKL-MQTT-BENCH: BUFFULL run_id=try5-c2-cpu start_us=3303634 end_us=3308997 dur_us=5363
UKL-MQTT-BENCH: BUFFULL run_id=try5-c2-cpu start_us=3315292 end_us=3319625 dur_us=4333
UKL-MQTT-BENCH: BUFFULL run_id=try5-c2-cpu start_us=3322539 end_us=3323567 dur_us=1027
UKL-MQTT-BENCH: BUFFULL run_id=try5-c2-cpu start_us=3325380 end_us=3328708 dur_us=3328
UKL-MQTT-BENCH: BUFFULL run_id=try5-c2-cpu start_us=3331597 end_us=3333590 dur_us=1993
UKL-MQTT-BENCH: BUFFULL run_id=try5-c2-cpu start_us=3335899 end_us=3339653 dur_us=3753
UKL-MQTT-BENCH: BUFFULL run_id=try5-c2-cpu start_us=3342545 end_us=3344621 dur_us=2075
UKL-MQTT-BENCH: BUFFULL run_id=try5-c2-cpu start_us=3346916 end_us=3349904 dur_us=2988
UKL-MQTT-BENCH: BUFFULL run_id=try5-c2-cpu start_us=3352206 end_us=3354579 dur_us=2372
UKL-MQTT-BENCH: BUFFULL run_id=try5-c2-cpu start_us=3356891 end_us=3359599 dur_us=2707
UKL-MQTT-BENCH: BUFFULL run_id=try5-c2-cpu start_us=3361898 end_us=3364602 dur_us=2703
UKL-MQTT-BENCH: BUFFULL run_id=try5-c2-cpu start_us=3366919 end_us=3369924 dur_us=3005
UKL-MQTT-BENCH: BUFFULL run_id=try5-c2-cpu start_us=3372821 end_us=3375591 dur_us=2770
UKL-MQTT-BENCH: BUFFULL run_id=try5-c2-cpu start_us=3377890 end_us=3381622 dur_us=3731
UKL-MQTT-BENCH: BUFFULL run_id=try5-c2-cpu start_us=3384525 end_us=3386926 dur_us=2400
UKL-MQTT-BENCH: BUFFULL run_id=try5-c2-cpu start_us=3389827 end_us=3392591 dur_us=2764
UKL-MQTT-BENCH: BUFFULL run_id=try5-c2-cpu start_us=3394906 end_us=3397912 dur_us=3005
UKL-MQTT-BENCH: BUFFULL run_id=try5-c2-cpu start_us=3400865 end_us=3402589 dur_us=1723
UKL-MQTT-BENCH: BUFFULL run_id=try5-c2-cpu start_us=3404898 end_us=3408937 dur_us=4038
UKL-MQTT-BENCH: BUFFULL run_id=try5-c2-cpu start_us=3411845 end_us=3414936 dur_us=3090
UKL-MQTT-BENCH: BUFFULL run_id=try5-c2-cpu start_us=3417850 end_us=3419886 dur_us=2035
UKL-MQTT-BENCH: BUFFULL run_id=try5-c2-cpu start_us=3422197 end_us=3425936 dur_us=3738
UKL-MQTT-BENCH: BUFFULL run_id=try5-c2-cpu start_us=3428860 end_us=3431945 dur_us=3084
UKL-MQTT-BENCH: BUFFULL run_id=try5-c2-cpu start_us=3434867 end_us=3436870 dur_us=2002
UKL-MQTT-BENCH: BUFFULL run_id=try5-c2-cpu start_us=3439180 end_us=3442917 dur_us=3736
UKL-MQTT-BENCH: BUFFULL run_id=try5-c2-cpu start_us=3445829 end_us=3448890 dur_us=3061
UKL-MQTT-BENCH: BUFFULL run_id=try5-c2-cpu start_us=3451810 end_us=3454581 dur_us=2770
UKL-MQTT-BENCH: BUFFULL run_id=try5-c2-cpu start_us=3456929 end_us=3460953 dur_us=4024
UKL-MQTT-BENCH: BUFFULL run_id=try5-c2-cpu start_us=3464465 end_us=3467610 dur_us=3144
UKL-MQTT-BENCH: BUFFULL run_id=try5-c2-cpu start_us=3469921 end_us=3472589 dur_us=2668
UKL-MQTT-BENCH: BUFFULL run_id=try5-c2-cpu start_us=3475497 end_us=3478639 dur_us=3141
UKL-MQTT-BENCH: BUFFULL run_id=try5-c2-cpu start_us=3481748 end_us=3484617 dur_us=2869
UKL-MQTT-BENCH: BUFFULL run_id=try5-c2-cpu start_us=3487646 end_us=3490934 dur_us=3287
UKL-MQTT-BENCH: BUFFULL run_id=try5-c2-cpu start_us=3493842 end_us=3497982 dur_us=4140
UKL-MQTT-BENCH: BUFFULL run_id=try5-c2-cpu start_us=3501496 end_us=3502863 dur_us=1366
UKL-MQTT-BENCH: BUFFULL run_id=try5-c2-cpu start_us=3505155 end_us=3508871 dur_us=3716
UKL-MQTT-BENCH: BUFFULL run_id=try5-c2-cpu start_us=3511185 end_us=3513974 dur_us=2789
UKL-MQTT-BENCH: BUFFULL run_id=try5-c2-cpu start_us=3516919 end_us=3521722 dur_us=4802
UKL-MQTT-BENCH: BUFFULL run_id=try5-c2-cpu start_us=3527891 end_us=3530866 dur_us=2974
UKL-MQTT-BENCH: BUFFULL run_id=try5-c2-cpu start_us=3534437 end_us=3538634 dur_us=4197
UKL-MQTT-BENCH: BUFFULL run_id=try5-c2-cpu start_us=3541550 end_us=3545690 dur_us=4140
UKL-MQTT-BENCH: BUFFULL run_id=try5-c2-cpu start_us=3551290 end_us=3555950 dur_us=4659
UKL-MQTT-BENCH: BUFFULL run_id=try5-c2-cpu start_us=3558875 end_us=3559876 dur_us=1000
UKL-MQTT-BENCH: BUFFULL run_id=try5-c2-cpu start_us=3562178 end_us=3565942 dur_us=3763
UKL-MQTT-BENCH: BUFFULL run_id=try5-c2-cpu start_us=3568860 end_us=3570633 dur_us=1772
UKL-MQTT-BENCH: BUFFULL run_id=try5-c2-cpu start_us=3572359 end_us=3575663 dur_us=3304
UKL-MQTT-BENCH: BUFFULL run_id=try5-c2-cpu start_us=3577989 end_us=3580628 dur_us=2639
UKL-MQTT-BENCH: BUFFULL run_id=try5-c2-cpu start_us=3582945 end_us=3585585 dur_us=2640
UKL-MQTT-BENCH: BUFFULL run_id=try5-c2-cpu start_us=3588594 end_us=3591627 dur_us=3032
UKL-MQTT-BENCH: BUFFULL run_id=try5-c2-cpu start_us=3594546 end_us=3597820 dur_us=3273
UKL-MQTT-BENCH: BUFFULL run_id=try5-c2-cpu start_us=3600869 end_us=3602933 dur_us=2064
UKL-MQTT-BENCH: BUFFULL run_id=try5-c2-cpu start_us=3605245 end_us=3608622 dur_us=3376
UKL-MQTT-BENCH: BUFFULL run_id=try5-c2-cpu start_us=3611568 end_us=3615994 dur_us=4425
UKL-MQTT-BENCH: BUFFULL run_id=try5-c2-cpu start_us=3619540 end_us=3620850 dur_us=1309
UKL-MQTT-BENCH: BUFFULL run_id=try5-c2-cpu start_us=3623208 end_us=3626949 dur_us=3741
UKL-MQTT-BENCH: BUFFULL run_id=try5-c2-cpu start_us=3629869 end_us=3631868 dur_us=1998
UKL-MQTT-BENCH: BUFFULL run_id=try5-c2-cpu start_us=3634222 end_us=3637918 dur_us=3695
UKL-MQTT-BENCH: BUFFULL run_id=try5-c2-cpu start_us=3640835 end_us=3643593 dur_us=2757
UKL-MQTT-BENCH: BUFFULL run_id=try5-c2-cpu start_us=3645916 end_us=3648624 dur_us=2708
UKL-MQTT-BENCH: BUFFULL run_id=try5-c2-cpu start_us=3651540 end_us=3654646 dur_us=3105
UKL-MQTT-BENCH: BUFFULL run_id=try5-c2-cpu start_us=3657562 end_us=3660612 dur_us=3049
UKL-MQTT-BENCH: BUFFULL run_id=try5-c2-cpu start_us=3663537 end_us=3665605 dur_us=2068
UKL-MQTT-BENCH: BUFFULL run_id=try5-c2-cpu start_us=3667928 end_us=3671634 dur_us=3706
UKL-MQTT-BENCH: BUFFULL run_id=try5-c2-cpu start_us=3674563 end_us=3676880 dur_us=2316
UKL-MQTT-BENCH: BUFFULL run_id=try5-c2-cpu start_us=3679216 end_us=3682904 dur_us=3688
UKL-MQTT-BENCH: BUFFULL run_id=try5-c2-cpu start_us=3685817 end_us=3688618 dur_us=2800
UKL-MQTT-BENCH: BUFFULL run_id=try5-c2-cpu start_us=3691543 end_us=3694644 dur_us=3101
UKL-MQTT-BENCH: BUFFULL run_id=try5-c2-cpu start_us=3697565 end_us=3700614 dur_us=3048
UKL-MQTT-BENCH: BUFFULL run_id=try5-c2-cpu start_us=3703542 end_us=3705884 dur_us=2342
UKL-MQTT-BENCH: BUFFULL run_id=try5-c2-cpu start_us=3708199 end_us=3711622 dur_us=3422
UKL-MQTT-BENCH: BUFFULL run_id=try5-c2-cpu start_us=3714556 end_us=3717659 dur_us=3103
UKL-MQTT-BENCH: BUFFULL run_id=try5-c2-cpu start_us=3720583 end_us=3722895 dur_us=2312
UKL-MQTT-BENCH: BUFFULL run_id=try5-c2-cpu start_us=3725201 end_us=3728637 dur_us=3435
UKL-MQTT-BENCH: BUFFULL run_id=try5-c2-cpu start_us=3731561 end_us=3733579 dur_us=2018
UKL-MQTT-BENCH: BUFFULL run_id=try5-c2-cpu start_us=3735907 end_us=3738599 dur_us=2691
UKL-MQTT-BENCH: BUFFULL run_id=try5-c2-cpu start_us=3740900 end_us=3743594 dur_us=2694
UKL-MQTT-BENCH: BUFFULL run_id=try5-c2-cpu start_us=3745923 end_us=3748913 dur_us=2989
UKL-MQTT-BENCH: BUFFULL run_id=try5-c2-cpu start_us=3751829 end_us=3754591 dur_us=2761
UKL-MQTT-BENCH: BUFFULL run_id=try5-c2-cpu start_us=3756891 end_us=3759911 dur_us=3020
UKL-MQTT-BENCH: BUFFULL run_id=try5-c2-cpu start_us=3762835 end_us=3765587 dur_us=2751
UKL-MQTT-BENCH: BUFFULL run_id=try5-c2-cpu start_us=3767929 end_us=3770922 dur_us=2993
UKL-MQTT-BENCH: BUFFULL run_id=try5-c2-cpu start_us=3773829 end_us=3776625 dur_us=2796
UKL-MQTT-BENCH: BUFFULL run_id=try5-c2-cpu start_us=3778946 end_us=3782593 dur_us=3647
UKL-MQTT-BENCH: BUFFULL run_id=try5-c2-cpu start_us=3785508 end_us=3787885 dur_us=2377
UKL-MQTT-BENCH: BUFFULL run_id=try5-c2-cpu start_us=3790798 end_us=3793603 dur_us=2805
UKL-MQTT-BENCH: BUFFULL run_id=try5-c2-cpu start_us=3795921 end_us=3798907 dur_us=2986
UKL-MQTT-BENCH: BUFFULL run_id=try5-c2-cpu start_us=3801864 end_us=3804654 dur_us=2790
UKL-MQTT-BENCH: BUFFULL run_id=try5-c2-cpu start_us=3807553 end_us=3810573 dur_us=3019
UKL-MQTT-BENCH: BUFFULL run_id=try5-c2-cpu start_us=3812908 end_us=3814568 dur_us=1660
UKL-MQTT-BENCH: BUFFULL run_id=try5-c2-cpu start_us=3816907 end_us=3819607 dur_us=2700
UKL-MQTT-BENCH: BUFFULL run_id=try5-c2-cpu start_us=3821927 end_us=3824592 dur_us=2664
UKL-MQTT-BENCH: BUFFULL run_id=try5-c2-cpu start_us=3826918 end_us=3830631 dur_us=3713
UKL-MQTT-BENCH: BUFFULL run_id=try5-c2-cpu start_us=3833535 end_us=3835577 dur_us=2042
UKL-MQTT-BENCH: BUFFULL run_id=try5-c2-cpu start_us=3837884 end_us=3841608 dur_us=3723
UKL-MQTT-BENCH: BUFFULL run_id=try5-c2-cpu start_us=3844526 end_us=3847632 dur_us=3106
UKL-MQTT-BENCH: BUFFULL run_id=try5-c2-cpu start_us=3850547 end_us=3853635 dur_us=3088
UKL-MQTT-BENCH: BUFFULL run_id=try5-c2-cpu start_us=3856556 end_us=3858584 dur_us=2028
UKL-MQTT-BENCH: BUFFULL run_id=try5-c2-cpu start_us=3860907 end_us=3864603 dur_us=3696
UKL-MQTT-BENCH: BUFFULL run_id=try5-c2-cpu start_us=3867535 end_us=3870622 dur_us=3087
UKL-MQTT-BENCH: BUFFULL run_id=try5-c2-cpu start_us=3873541 end_us=3877639 dur_us=4097
UKL-MQTT-BENCH: BUFFULL run_id=try5-c2-cpu start_us=3881160 end_us=3883616 dur_us=2455
UKL-MQTT-BENCH: BUFFULL run_id=try5-c2-cpu start_us=3886529 end_us=3889632 dur_us=3102
UKL-MQTT-BENCH: BUFFULL run_id=try5-c2-cpu start_us=3892550 end_us=3895617 dur_us=3066
UKL-MQTT-BENCH: BUFFULL run_id=try5-c2-cpu start_us=3898528 end_us=3900886 dur_us=2357
UKL-MQTT-BENCH: BUFFULL run_id=try5-c2-cpu start_us=3903192 end_us=3906902 dur_us=3709
UKL-MQTT-BENCH: BUFFULL run_id=try5-c2-cpu start_us=3909831 end_us=3912625 dur_us=2794
UKL-MQTT-BENCH: BUFFULL run_id=try5-c2-cpu start_us=3915543 end_us=3918742 dur_us=3199
UKL-MQTT-BENCH: BUFFULL run_id=try5-c2-cpu start_us=3921861 end_us=3924954 dur_us=3093
UKL-MQTT-BENCH: BUFFULL run_id=try5-c2-cpu start_us=3927884 end_us=3930603 dur_us=2719
UKL-MQTT-BENCH: BUFFULL run_id=try5-c2-cpu start_us=3932938 end_us=3936616 dur_us=3677
UKL-MQTT-BENCH: BUFFULL run_id=try5-c2-cpu start_us=3939546 end_us=3943670 dur_us=4124
UKL-MQTT-BENCH: BUFFULL run_id=try5-c2-cpu start_us=3947200 end_us=3950672 dur_us=3471
UKL-MQTT-BENCH: BUFFULL run_id=try5-c2-cpu start_us=3954288 end_us=3955647 dur_us=1358
UKL-MQTT-BENCH: BUFFULL run_id=try5-c2-cpu start_us=3957970 end_us=3961562 dur_us=3592
UKL-MQTT-BENCH: BUFFULL run_id=try5-c2-cpu start_us=3964476 end_us=3966613 dur_us=2136
UKL-MQTT-BENCH: BUFFULL run_id=try5-c2-cpu start_us=3968963 end_us=3972922 dur_us=3959
UKL-MQTT-BENCH: BUFFULL run_id=try5-c2-cpu start_us=3975847 end_us=3978612 dur_us=2765
UKL-MQTT-BENCH: BUFFULL run_id=try5-c2-cpu start_us=3981560 end_us=3984635 dur_us=3074
UKL-MQTT-BENCH: BUFFULL run_id=try5-c2-cpu start_us=3987557 end_us=3989590 dur_us=2032
UKL-MQTT-BENCH: BUFFULL run_id=try5-c2-cpu start_us=3991976 end_us=3995661 dur_us=3685
UKL-MQTT-BENCH: BUFFULL run_id=try5-c2-cpu start_us=3998570 end_us=3999899 dur_us=1328
UKL-MQTT-BENCH: BUFFULL run_id=try5-c2-cpu start_us=4002226 end_us=4006662 dur_us=4436
UKL-MQTT-BENCH: BUFFULL run_id=try5-c2-cpu start_us=4009598 end_us=4011611 dur_us=2012
UKL-MQTT-BENCH: BUFFULL run_id=try5-c2-cpu start_us=4013949 end_us=4017644 dur_us=3694
UKL-MQTT-BENCH: BUFFULL run_id=try5-c2-cpu start_us=4020576 end_us=4022612 dur_us=2035
UKL-MQTT-BENCH: BUFFULL run_id=try5-c2-cpu start_us=4024945 end_us=4027906 dur_us=2960
UKL-MQTT-BENCH: BUFFULL run_id=try5-c2-cpu start_us=4030228 end_us=4033667 dur_us=3439
UKL-MQTT-BENCH: BUFFULL run_id=try5-c2-cpu start_us=4036601 end_us=4038657 dur_us=2056
UKL-MQTT-BENCH: BUFFULL run_id=try5-c2-cpu start_us=4040977 end_us=4044625 dur_us=3647
UKL-MQTT-BENCH: BUFFULL run_id=try5-c2-cpu start_us=4047619 end_us=4048892 dur_us=1272
UKL-MQTT-BENCH: BUFFULL run_id=try5-c2-cpu start_us=4051241 end_us=4053844 dur_us=2602
UKL-MQTT-BENCH: BUFFULL run_id=try5-c2-cpu start_us=4056164 end_us=4058901 dur_us=2737
UKL-MQTT-BENCH: BUFFULL run_id=try5-c2-cpu start_us=4061209 end_us=4063888 dur_us=2679
UKL-MQTT-BENCH: BUFFULL run_id=try5-c2-cpu start_us=4066197 end_us=4069914 dur_us=3716
UKL-MQTT-BENCH: BUFFULL run_id=try5-c2-cpu start_us=4072842 end_us=4075586 dur_us=2744
UKL-MQTT-BENCH: BUFFULL run_id=try5-c2-cpu start_us=4077906 end_us=4080913 dur_us=3006
UKL-MQTT-BENCH: BUFFULL run_id=try5-c2-cpu start_us=4083839 end_us=4086905 dur_us=3065
UKL-MQTT-BENCH: BUFFULL run_id=try5-c2-cpu start_us=4089837 end_us=4092909 dur_us=3072
UKL-MQTT-BENCH: BUFFULL run_id=try5-c2-cpu start_us=4095827 end_us=4098566 dur_us=2739
UKL-MQTT-BENCH: BUFFULL run_id=try5-c2-cpu start_us=4100892 end_us=4104607 dur_us=3714
UKL-MQTT-BENCH: BUFFULL run_id=try5-c2-cpu start_us=4107535 end_us=4111672 dur_us=4136
UKL-MQTT-BENCH: BUFFULL run_id=try5-c2-cpu start_us=4115182 end_us=4118682 dur_us=3499
UKL-MQTT-BENCH: BUFFULL run_id=try5-c2-cpu start_us=4122207 end_us=4123562 dur_us=1355
UKL-MQTT-BENCH: BUFFULL run_id=try5-c2-cpu start_us=4125878 end_us=4129600 dur_us=3722
UKL-MQTT-BENCH: BUFFULL run_id=try5-c2-cpu start_us=4131921 end_us=4134604 dur_us=2682
UKL-MQTT-BENCH: BUFFULL run_id=try5-c2-cpu start_us=4137511 end_us=4140635 dur_us=3123
UKL-MQTT-BENCH: BUFFULL run_id=try5-c2-cpu start_us=4143533 end_us=4145587 dur_us=2054
UKL-MQTT-BENCH: BUFFULL run_id=try5-c2-cpu start_us=4147903 end_us=4151609 dur_us=3706
UKL-MQTT-BENCH: BUFFULL run_id=try5-c2-cpu start_us=4154530 end_us=4157632 dur_us=3101
UKL-MQTT-BENCH: BUFFULL run_id=try5-c2-cpu start_us=4160563 end_us=4163621 dur_us=3057
UKL-MQTT-BENCH: BUFFULL run_id=try5-c2-cpu start_us=4166529 end_us=4169651 dur_us=3121
UKL-MQTT-BENCH: BUFFULL run_id=try5-c2-cpu start_us=4172574 end_us=4174591 dur_us=2016
UKL-MQTT-BENCH: BUFFULL run_id=try5-c2-cpu start_us=4176914 end_us=4180592 dur_us=3678
UKL-MQTT-BENCH: BUFFULL run_id=try5-c2-cpu start_us=4183514 end_us=4187666 dur_us=4152
UKL-MQTT-BENCH: BUFFULL run_id=try5-c2-cpu start_us=4191169 end_us=4194673 dur_us=3503
UKL-MQTT-BENCH: BUFFULL run_id=try5-c2-cpu start_us=4198197 end_us=4199573 dur_us=1376
UKL-MQTT-BENCH: BUFFULL run_id=try5-c2-cpu start_us=4201931 end_us=4205704 dur_us=3772
UKL-MQTT-BENCH: BUFFULL run_id=try5-c2-cpu start_us=4208628 end_us=4210599 dur_us=1971
UKL-MQTT-BENCH: BUFFULL run_id=try5-c2-cpu start_us=4212915 end_us=4216623 dur_us=3707
UKL-MQTT-BENCH: BUFFULL run_id=try5-c2-cpu start_us=4219558 end_us=4221885 dur_us=2326
UKL-MQTT-BENCH: BUFFULL run_id=try5-c2-cpu start_us=4224197 end_us=4228665 dur_us=4468
UKL-MQTT-BENCH: BUFFULL run_id=try5-c2-cpu start_us=4232195 end_us=4235963 dur_us=3767
UKL-MQTT-BENCH: BUFFULL run_id=try5-c2-cpu start_us=4241577 end_us=4246678 dur_us=5100
UKL-MQTT-BENCH: BUFFULL run_id=try5-c2-cpu start_us=4250234 end_us=4251595 dur_us=1361
UKL-MQTT-BENCH: BUFFULL run_id=try5-c2-cpu start_us=4253920 end_us=4257612 dur_us=3692
UKL-MQTT-BENCH: BUFFULL run_id=try5-c2-cpu start_us=4260543 end_us=4262599 dur_us=2056
UKL-MQTT-BENCH: BUFFULL run_id=try5-c2-cpu start_us=4264946 end_us=4268643 dur_us=3697
UKL-MQTT-BENCH: BUFFULL run_id=try5-c2-cpu start_us=4271557 end_us=4274630 dur_us=3072
UKL-MQTT-BENCH: BUFFULL run_id=try5-c2-cpu start_us=4277544 end_us=4279881 dur_us=2337
UKL-MQTT-BENCH: BUFFULL run_id=try5-c2-cpu start_us=4282233 end_us=4285622 dur_us=3388
UKL-MQTT-BENCH: BUFFULL run_id=try5-c2-cpu start_us=4288558 end_us=4290568 dur_us=2009
UKL-MQTT-BENCH: BUFFULL run_id=try5-c2-cpu start_us=4292890 end_us=4295606 dur_us=2716
UKL-MQTT-BENCH: BUFFULL run_id=try5-c2-cpu start_us=4297929 end_us=4300587 dur_us=2657
UKL-MQTT-BENCH: BUFFULL run_id=try5-c2-cpu start_us=4302906 end_us=4306632 dur_us=3726
UKL-MQTT-BENCH: BUFFULL run_id=try5-c2-cpu start_us=4309754 end_us=4311649 dur_us=1894
UKL-MQTT-BENCH: BUFFULL run_id=try5-c2-cpu start_us=4313965 end_us=4318667 dur_us=4702
UKL-MQTT-BENCH: BUFFULL run_id=try5-c2-cpu start_us=4322199 end_us=4324649 dur_us=2449
UKL-MQTT-BENCH: BUFFULL run_id=try5-c2-cpu start_us=4327672 end_us=4329606 dur_us=1934
UKL-MQTT-BENCH: BUFFULL run_id=try5-c2-cpu start_us=4331942 end_us=4335638 dur_us=3696
UKL-MQTT-BENCH: BUFFULL run_id=try5-c2-cpu start_us=4338562 end_us=4340579 dur_us=2016
UKL-MQTT-BENCH: BUFFULL run_id=try5-c2-cpu start_us=4342917 end_us=4346639 dur_us=3722
UKL-MQTT-BENCH: BUFFULL run_id=try5-c2-cpu start_us=4349549 end_us=4351923 dur_us=2373
UKL-MQTT-BENCH: BUFFULL run_id=try5-c2-cpu start_us=4354251 end_us=4357616 dur_us=3364
UKL-MQTT-BENCH: BUFFULL run_id=try5-c2-cpu start_us=4360577 end_us=4363635 dur_us=3057
UKL-MQTT-BENCH: BUFFULL run_id=try5-c2-cpu start_us=4366550 end_us=4368901 dur_us=2350
UKL-MQTT-BENCH: BUFFULL run_id=try5-c2-cpu start_us=4371222 end_us=4374707 dur_us=3484
UKL-MQTT-BENCH: BUFFULL run_id=try5-c2-cpu start_us=4377612 end_us=4379895 dur_us=2283
UKL-MQTT-BENCH: BUFFULL run_id=try5-c2-cpu start_us=4382204 end_us=4384909 dur_us=2704
UKL-MQTT-BENCH: BUFFULL run_id=try5-c2-cpu start_us=4390287 end_us=4393575 dur_us=3288
UKL-MQTT-BENCH: BUFFULL run_id=try5-c2-cpu start_us=4395907 end_us=4397553 dur_us=1646
UKL-MQTT-BENCH: BUFFULL run_id=try5-c2-cpu start_us=4399273 end_us=4401910 dur_us=2636
UKL-MQTT-BENCH: BUFFULL run_id=try5-c2-cpu start_us=4404211 end_us=4407593 dur_us=3382
UKL-MQTT-BENCH: BUFFULL run_id=try5-c2-cpu start_us=4409913 end_us=4412609 dur_us=2695
UKL-MQTT-BENCH: BUFFULL run_id=try5-c2-cpu start_us=4414951 end_us=4417613 dur_us=2662
UKL-MQTT-BENCH: BUFFULL run_id=try5-c2-cpu start_us=4420559 end_us=4422565 dur_us=2005
UKL-MQTT-BENCH: BUFFULL run_id=try5-c2-cpu start_us=4424885 end_us=4428646 dur_us=3761
UKL-MQTT-BENCH: BUFFULL run_id=try5-c2-cpu start_us=4431556 end_us=4433576 dur_us=2019
UKL-MQTT-BENCH: BUFFULL run_id=try5-c2-cpu start_us=4435893 end_us=4439629 dur_us=3736
UKL-MQTT-BENCH: BUFFULL run_id=try5-c2-cpu start_us=4442548 end_us=4444888 dur_us=2339
UKL-MQTT-BENCH: BUFFULL run_id=try5-c2-cpu start_us=4447204 end_us=4450622 dur_us=3417
UKL-MQTT-BENCH: BUFFULL run_id=try5-c2-cpu start_us=4453550 end_us=4456632 dur_us=3082
UKL-MQTT-BENCH: BUFFULL run_id=try5-c2-cpu start_us=4459554 end_us=4462645 dur_us=3090
UKL-MQTT-BENCH: BUFFULL run_id=try5-c2-cpu start_us=4465554 end_us=4467882 dur_us=2328
UKL-MQTT-BENCH: BUFFULL run_id=try5-c2-cpu start_us=4470207 end_us=4473617 dur_us=3409
UKL-MQTT-BENCH: BUFFULL run_id=try5-c2-cpu start_us=4476529 end_us=4479633 dur_us=3103
UKL-MQTT-BENCH: BUFFULL run_id=try5-c2-cpu start_us=4482545 end_us=4485636 dur_us=3091
UKL-MQTT-BENCH: BUFFULL run_id=try5-c2-cpu start_us=4488565 end_us=4490600 dur_us=2035
UKL-MQTT-BENCH: BUFFULL run_id=try5-c2-cpu start_us=4492923 end_us=4496627 dur_us=3703
UKL-MQTT-BENCH: BUFFULL run_id=try5-c2-cpu start_us=4499531 end_us=4502622 dur_us=3090
UKL-MQTT-BENCH: BUFFULL run_id=try5-c2-cpu start_us=4505532 end_us=4508633 dur_us=3101
UKL-MQTT-BENCH: BUFFULL run_id=try5-c2-cpu start_us=4511548 end_us=4513612 dur_us=2063
UKL-MQTT-BENCH: BUFFULL run_id=try5-c2-cpu start_us=4515942 end_us=4519629 dur_us=3686
UKL-MQTT-BENCH: BUFFULL run_id=try5-c2-cpu start_us=4522554 end_us=4525634 dur_us=3080
UKL-MQTT-BENCH: BUFFULL run_id=try5-c2-cpu start_us=4528552 end_us=4531657 dur_us=3105
UKL-MQTT-BENCH: BUFFULL run_id=try5-c2-cpu start_us=4534610 end_us=4536576 dur_us=1965
UKL-MQTT-BENCH: BUFFULL run_id=try5-c2-cpu start_us=4538924 end_us=4542632 dur_us=3708
UKL-MQTT-BENCH: BUFFULL run_id=try5-c2-cpu start_us=4545549 end_us=4548637 dur_us=3088
UKL-MQTT-BENCH: BUFFULL run_id=try5-c2-cpu start_us=4551538 end_us=4554643 dur_us=3104
UKL-MQTT-BENCH: BUFFULL run_id=try5-c2-cpu start_us=4557544 end_us=4559603 dur_us=2059
UKL-MQTT-BENCH: BUFFULL run_id=try5-c2-cpu start_us=4561930 end_us=4565613 dur_us=3682
UKL-MQTT-BENCH: BUFFULL run_id=try5-c2-cpu start_us=4568551 end_us=4571680 dur_us=3129
UKL-MQTT-BENCH: BUFFULL run_id=try5-c2-cpu start_us=4574603 end_us=4577642 dur_us=3038
UKL-MQTT-BENCH: BUFFULL run_id=try5-c2-cpu start_us=4580555 end_us=4582605 dur_us=2049
UKL-MQTT-BENCH: BUFFULL run_id=try5-c2-cpu start_us=4584913 end_us=4588626 dur_us=3713
UKL-MQTT-BENCH: BUFFULL run_id=try5-c2-cpu start_us=4591527 end_us=4593894 dur_us=2367
UKL-MQTT-BENCH: BUFFULL run_id=try5-c2-cpu start_us=4596829 end_us=4599930 dur_us=3101
UKL-MQTT-BENCH: BUFFULL run_id=try5-c2-cpu start_us=4602960 end_us=4605628 dur_us=2668
UKL-MQTT-BENCH: BUFFULL run_id=try5-c2-cpu start_us=4607958 end_us=4611641 dur_us=3683
UKL-MQTT-BENCH: BUFFULL run_id=try5-c2-cpu start_us=4614553 end_us=4617639 dur_us=3086
UKL-MQTT-BENCH: BUFFULL run_id=try5-c2-cpu start_us=4620572 end_us=4622617 dur_us=2044
UKL-MQTT-BENCH: BUFFULL run_id=try5-c2-cpu start_us=4624946 end_us=4627861 dur_us=2915
UKL-MQTT-BENCH: BUFFULL run_id=try5-c2-cpu start_us=4630169 end_us=4633928 dur_us=3759
UKL-MQTT-BENCH: BUFFULL run_id=try5-c2-cpu start_us=4637449 end_us=4642834 dur_us=5385
UKL-MQTT-BENCH: BUFFULL run_id=try5-c2-cpu start_us=4654434 end_us=4657683 dur_us=3249
UKL-MQTT-BENCH: BUFFULL run_id=try5-c2-cpu start_us=4661844 end_us=4663693 dur_us=1849
UKL-MQTT-BENCH: BUFFULL run_id=try5-c2-cpu start_us=4669281 end_us=4674636 dur_us=5355
UKL-MQTT-BENCH: BUFFULL run_id=try5-c2-cpu start_us=4678159 end_us=4679991 dur_us=1832
UKL-MQTT-BENCH: BUFFULL run_id=try5-c2-cpu start_us=4682912 end_us=4684561 dur_us=1648
UKL-MQTT-BENCH: BUFFULL run_id=try5-c2-cpu start_us=4686279 end_us=4691672 dur_us=5392
UKL-MQTT-BENCH: BUFFULL run_id=try5-c2-cpu start_us=4695184 end_us=4696889 dur_us=1704
UKL-MQTT-BENCH: BUFFULL run_id=try5-c2-cpu start_us=4699800 end_us=4702596 dur_us=2795
UKL-MQTT-BENCH: BUFFULL run_id=try5-c2-cpu start_us=4704902 end_us=4708643 dur_us=3741
UKL-MQTT-BENCH: BUFFULL run_id=try5-c2-cpu start_us=4711557 end_us=4713597 dur_us=2039
UKL-MQTT-BENCH: BUFFULL run_id=try5-c2-cpu start_us=4716518 end_us=4718883 dur_us=2364
UKL-MQTT-BENCH: BUFFULL run_id=try5-c2-cpu start_us=4721200 end_us=4725657 dur_us=4457
UKL-MQTT-BENCH: BUFFULL run_id=try5-c2-cpu start_us=4728578 end_us=4730976 dur_us=2397
UKL-MQTT-BENCH: BUFFULL run_id=try5-c2-cpu start_us=4733895 end_us=4735895 dur_us=2000
UKL-MQTT-BENCH: BUFFULL run_id=try5-c2-cpu start_us=4738225 end_us=4742610 dur_us=4384
UKL-MQTT-BENCH: BUFFULL run_id=try5-c2-cpu start_us=4745528 end_us=4747620 dur_us=2092
UKL-MQTT-BENCH: BUFFULL run_id=try5-c2-cpu start_us=4752272 end_us=4755598 dur_us=3325
UKL-MQTT-BENCH: BUFFULL run_id=try5-c2-cpu start_us=4757917 end_us=4761602 dur_us=3685
UKL-MQTT-BENCH: BUFFULL run_id=try5-c2-cpu start_us=4764519 end_us=4767648 dur_us=3129
UKL-MQTT-BENCH: BUFFULL run_id=try5-c2-cpu start_us=4770568 end_us=4772545 dur_us=1977
UKL-MQTT-BENCH: BUFFULL run_id=try5-c2-cpu start_us=4774858 end_us=4777610 dur_us=2751
UKL-MQTT-BENCH: BUFFULL run_id=try5-c2-cpu start_us=4779930 end_us=4783378 dur_us=3447
UKL-MQTT-BENCH: BUFFULL run_id=try5-c2-cpu start_us=4786290 end_us=4789610 dur_us=3320
UKL-MQTT-BENCH: BUFFULL run_id=try5-c2-cpu start_us=4792531 end_us=4795599 dur_us=3068
UKL-MQTT-BENCH: BUFFULL run_id=try5-c2-cpu start_us=4798524 end_us=4801656 dur_us=3131
UKL-MQTT-BENCH: BUFFULL run_id=try5-c2-cpu start_us=4804586 end_us=4806615 dur_us=2028
UKL-MQTT-BENCH: BUFFULL run_id=try5-c2-cpu start_us=4808928 end_us=4812632 dur_us=3704
UKL-MQTT-BENCH: BUFFULL run_id=try5-c2-cpu start_us=4815551 end_us=4818619 dur_us=3067
UKL-MQTT-BENCH: BUFFULL run_id=try5-c2-cpu start_us=4821535 end_us=4823613 dur_us=2078
UKL-MQTT-BENCH: BUFFULL run_id=try5-c2-cpu start_us=4825932 end_us=4829605 dur_us=3672
UKL-MQTT-BENCH: BUFFULL run_id=try5-c2-cpu start_us=4832532 end_us=4834595 dur_us=2063
UKL-MQTT-BENCH: BUFFULL run_id=try5-c2-cpu start_us=4836913 end_us=4839606 dur_us=2693
UKL-MQTT-BENCH: BUFFULL run_id=try5-c2-cpu start_us=4841926 end_us=4844602 dur_us=2675
UKL-MQTT-BENCH: BUFFULL run_id=try5-c2-cpu start_us=4847518 end_us=4850596 dur_us=3078
UKL-MQTT-BENCH: BUFFULL run_id=try5-c2-cpu start_us=4853511 end_us=4855875 dur_us=2363
UKL-MQTT-BENCH: BUFFULL run_id=try5-c2-cpu start_us=4858175 end_us=4861589 dur_us=3413
UKL-MQTT-BENCH: BUFFULL run_id=try5-c2-cpu start_us=4864510 end_us=4867631 dur_us=3120
UKL-MQTT-BENCH: BUFFULL run_id=try5-c2-cpu start_us=4870552 end_us=4872864 dur_us=2312
UKL-MQTT-BENCH: BUFFULL run_id=try5-c2-cpu start_us=4875168 end_us=4880679 dur_us=5511
UKL-MQTT-BENCH: BUFFULL run_id=try5-c2-cpu start_us=4887183 end_us=4892655 dur_us=5472
UKL-MQTT-BENCH: BUFFULL run_id=try5-c2-cpu start_us=4896171 end_us=4897591 dur_us=1420
UKL-MQTT-BENCH: BUFFULL run_id=try5-c2-cpu start_us=4899913 end_us=4901855 dur_us=1941
UKL-MQTT-BENCH: BUFFULL run_id=try5-c2-cpu start_us=4904170 end_us=4909642 dur_us=5471
UKL-MQTT-BENCH: BUFFULL run_id=try5-c2-cpu start_us=4913158 end_us=4914573 dur_us=1415
UKL-MQTT-BENCH: BUFFULL run_id=try5-c2-cpu start_us=4917558 end_us=4921663 dur_us=4104
UKL-MQTT-BENCH: BUFFULL run_id=try5-c2-cpu start_us=4924588 end_us=4926631 dur_us=2042
UKL-MQTT-BENCH: BUFFULL run_id=try5-c2-cpu start_us=4929543 end_us=4932604 dur_us=3060
UKL-MQTT-BENCH: BUFFULL run_id=try5-c2-cpu start_us=4934940 end_us=4938623 dur_us=3683
UKL-MQTT-BENCH: BUFFULL run_id=try5-c2-cpu start_us=4941529 end_us=4943561 dur_us=2031
UKL-MQTT-BENCH: BUFFULL run_id=try5-c2-cpu start_us=4946485 end_us=4949610 dur_us=3125
UKL-MQTT-BENCH: BUFFULL run_id=try5-c2-cpu start_us=4951954 end_us=4953867 dur_us=1913
UKL-MQTT-BENCH: BUFFULL run_id=try5-c2-cpu start_us=4956859 end_us=4962680 dur_us=5820
UKL-MQTT-BENCH: BUFFULL run_id=try5-c2-cpu start_us=4966198 end_us=4968609 dur_us=2410
UKL-MQTT-BENCH: BUFFULL run_id=try5-c2-cpu start_us=4971534 end_us=4972556 dur_us=1022
UKL-MQTT-BENCH: BUFFULL run_id=try5-c2-cpu start_us=4974282 end_us=4978627 dur_us=4345
UKL-MQTT-BENCH: BUFFULL run_id=try5-c2-cpu start_us=4982200 end_us=4985618 dur_us=3417
UKL-MQTT-BENCH: BUFFULL run_id=try5-c2-cpu start_us=4988528 end_us=4991637 dur_us=3108
UKL-MQTT-BENCH: BUFFULL run_id=try5-c2-cpu start_us=4994579 end_us=4996675 dur_us=2096
UKL-MQTT-BENCH: BUFFULL run_id=try5-c2-cpu start_us=4998979 end_us=5002689 dur_us=3710
UKL-MQTT-BENCH: BUFFULL run_id=try5-c2-cpu start_us=5005588 end_us=5008629 dur_us=3040
UKL-MQTT-BENCH: BUFFULL run_id=try5-c2-cpu start_us=5011544 end_us=5013615 dur_us=2071
UKL-MQTT-BENCH: BUFFULL run_id=try5-c2-cpu start_us=5015929 end_us=5018669 dur_us=2739
UKL-MQTT-BENCH: BUFFULL run_id=try5-c2-cpu start_us=5021579 end_us=5024599 dur_us=3020
UKL-MQTT-BENCH: BUFFULL run_id=try5-c2-cpu start_us=5026914 end_us=5029900 dur_us=2986
UKL-MQTT-BENCH: BUFFULL run_id=try5-c2-cpu start_us=5032803 end_us=5035603 dur_us=2800
UKL-MQTT-BENCH: BUFFULL run_id=try5-c2-cpu start_us=5037925 end_us=5039573 dur_us=1648
UKL-MQTT-BENCH: BUFFULL run_id=try5-c2-cpu start_us=5041903 end_us=5045707 dur_us=3804
UKL-MQTT-BENCH: BUFFULL run_id=try5-c2-cpu start_us=5048623 end_us=5050632 dur_us=2009
UKL-MQTT-BENCH: BUFFULL run_id=try5-c2-cpu start_us=5052940 end_us=5055892 dur_us=2951
UKL-MQTT-BENCH: BUFFULL run_id=try5-c2-cpu start_us=5058215 end_us=5061624 dur_us=3408
UKL-MQTT-BENCH: BUFFULL run_id=try5-c2-cpu start_us=5064532 end_us=5066591 dur_us=2058
UKL-MQTT-BENCH: BUFFULL run_id=try5-c2-cpu start_us=5068916 end_us=5070573 dur_us=1656
UKL-MQTT-BENCH: BUFFULL run_id=try5-c2-cpu start_us=5072301 end_us=5075583 dur_us=3281
UKL-MQTT-BENCH: BUFFULL run_id=try5-c2-cpu start_us=5077909 end_us=5080643 dur_us=2734
UKL-MQTT-BENCH: BUFFULL run_id=try5-c2-cpu start_us=5082943 end_us=5084889 dur_us=1945
UKL-MQTT-BENCH: BUFFULL run_id=try5-c2-cpu start_us=5087188 end_us=5091901 dur_us=4713
UKL-MQTT-BENCH: BUFFULL run_id=try5-c2-cpu start_us=5095430 end_us=5097593 dur_us=2163
UKL-MQTT-BENCH: BUFFULL run_id=try5-c2-cpu start_us=5099924 end_us=5101892 dur_us=1967
UKL-MQTT-BENCH: BUFFULL run_id=try5-c2-cpu start_us=5104207 end_us=5108609 dur_us=4401
UKL-MQTT-BENCH: BUFFULL run_id=try5-c2-cpu start_us=5111525 end_us=5113585 dur_us=2060
UKL-MQTT-BENCH: BUFFULL run_id=try5-c2-cpu start_us=5116518 end_us=5118848 dur_us=2330
UKL-MQTT-BENCH: BUFFULL run_id=try5-c2-cpu start_us=5121188 end_us=5124939 dur_us=3750
UKL-MQTT-BENCH: BUFFULL run_id=try5-c2-cpu start_us=5127860 end_us=5131120 dur_us=3259
UKL-MQTT-BENCH: BUFFULL run_id=try5-c2-cpu start_us=5134047 end_us=5137659 dur_us=3611
UKL-MQTT-BENCH: BUFFULL run_id=try5-c2-cpu start_us=5140585 end_us=5143627 dur_us=3042
UKL-MQTT-BENCH: BUFFULL run_id=try5-c2-cpu start_us=5146544 end_us=5147885 dur_us=1341
UKL-MQTT-BENCH: BUFFULL run_id=try5-c2-cpu start_us=5150225 end_us=5154648 dur_us=4423
UKL-MQTT-BENCH: BUFFULL run_id=try5-c2-cpu start_us=5157558 end_us=5160624 dur_us=3066
UKL-MQTT-BENCH: BUFFULL run_id=try5-c2-cpu start_us=5163558 end_us=5164937 dur_us=1379
UKL-MQTT-BENCH: BUFFULL run_id=try5-c2-cpu start_us=5167244 end_us=5170903 dur_us=3658
UKL-MQTT-BENCH: BUFFULL run_id=try5-c2-cpu start_us=5173836 end_us=5177703 dur_us=3866
UKL-MQTT-BENCH: BUFFULL run_id=try5-c2-cpu start_us=5180627 end_us=5181926 dur_us=1299
UKL-MQTT-BENCH: BUFFULL run_id=try5-c2-cpu start_us=5184231 end_us=5187617 dur_us=3385
UKL-MQTT-BENCH: BUFFULL run_id=try5-c2-cpu start_us=5190579 end_us=5193628 dur_us=3049
UKL-MQTT-BENCH: BUFFULL run_id=try5-c2-cpu start_us=5195957 end_us=5197850 dur_us=1892
UKL-MQTT-BENCH: BUFFULL run_id=try5-c2-cpu start_us=5200177 end_us=5201559 dur_us=1382
UKL-MQTT-BENCH: BUFFULL run_id=try5-c2-cpu start_us=5203281 end_us=5206604 dur_us=3322
UKL-MQTT-BENCH: BUFFULL run_id=try5-c2-cpu start_us=5210212 end_us=5213618 dur_us=3405
UKL-MQTT-BENCH: BUFFULL run_id=try5-c2-cpu start_us=5215934 end_us=5218582 dur_us=2647
UKL-MQTT-BENCH: BUFFULL run_id=try5-c2-cpu start_us=5220906 end_us=5223574 dur_us=2667
UKL-MQTT-BENCH: BUFFULL run_id=try5-c2-cpu start_us=5225893 end_us=5229635 dur_us=3742
UKL-MQTT-BENCH: BUFFULL run_id=try5-c2-cpu start_us=5232557 end_us=5234603 dur_us=2045
UKL-MQTT-BENCH: BUFFULL run_id=try5-c2-cpu start_us=5236922 end_us=5239590 dur_us=2668
UKL-MQTT-BENCH: BUFFULL run_id=try5-c2-cpu start_us=5241915 end_us=5245590 dur_us=3674
UKL-MQTT-BENCH: BUFFULL run_id=try5-c2-cpu start_us=5248537 end_us=5251662 dur_us=3125
UKL-MQTT-BENCH: BUFFULL run_id=try5-c2-cpu start_us=5254581 end_us=5256577 dur_us=1996
UKL-MQTT-BENCH: BUFFULL run_id=try5-c2-cpu start_us=5258909 end_us=5262600 dur_us=3691
UKL-MQTT-BENCH: BUFFULL run_id=try5-c2-cpu start_us=5265535 end_us=5268650 dur_us=3114
UKL-MQTT-BENCH: BUFFULL run_id=try5-c2-cpu start_us=5271575 end_us=5274602 dur_us=3027
UKL-MQTT-BENCH: BUFFULL run_id=try5-c2-cpu start_us=5277511 end_us=5280630 dur_us=3118
UKL-MQTT-BENCH: BUFFULL run_id=try5-c2-cpu start_us=5283552 end_us=5285599 dur_us=2046
UKL-MQTT-BENCH: BUFFULL run_id=try5-c2-cpu start_us=5287954 end_us=5291691 dur_us=3737
UKL-MQTT-BENCH: BUFFULL run_id=try5-c2-cpu start_us=5294605 end_us=5297635 dur_us=3029
UKL-MQTT-BENCH: BUFFULL run_id=try5-c2-cpu start_us=5300560 end_us=5302573 dur_us=2012
UKL-MQTT-BENCH: BUFFULL run_id=try5-c2-cpu start_us=5305499 end_us=5308660 dur_us=3161
UKL-MQTT-BENCH: BUFFULL run_id=try5-c2-cpu start_us=5311093 end_us=5313650 dur_us=2556
UKL-MQTT-BENCH: BUFFULL run_id=try5-c2-cpu start_us=5315965 end_us=5318604 dur_us=2638
UKL-MQTT-BENCH: BUFFULL run_id=try5-c2-cpu start_us=5321524 end_us=5324635 dur_us=3110
UKL-MQTT-BENCH: BUFFULL run_id=try5-c2-cpu start_us=5327050 end_us=5329895 dur_us=2844
UKL-MQTT-BENCH: BUFFULL run_id=try5-c2-cpu start_us=5332815 end_us=5335609 dur_us=2793
UKL-MQTT-BENCH: BUFFULL run_id=try5-c2-cpu start_us=5337917 end_us=5340889 dur_us=2972
UKL-MQTT-BENCH: BUFFULL run_id=try5-c2-cpu start_us=5343844 end_us=5346615 dur_us=2771
UKL-MQTT-BENCH: BUFFULL run_id=try5-c2-cpu start_us=5348935 end_us=5352626 dur_us=3691
UKL-MQTT-BENCH: BUFFULL run_id=try5-c2-cpu start_us=5355544 end_us=5357586 dur_us=2041
UKL-MQTT-BENCH: BUFFULL run_id=try5-c2-cpu start_us=5360541 end_us=5363629 dur_us=3088
UKL-MQTT-BENCH: BUFFULL run_id=try5-c2-cpu start_us=5365995 end_us=5368900 dur_us=2904
UKL-MQTT-BENCH: BUFFULL run_id=try5-c2-cpu start_us=5371843 end_us=5374912 dur_us=3068
UKL-MQTT-BENCH: BUFFULL run_id=try5-c2-cpu start_us=5377885 end_us=5380625 dur_us=2740
UKL-MQTT-BENCH: BUFFULL run_id=try5-c2-cpu start_us=5382957 end_us=5386600 dur_us=3642
UKL-MQTT-BENCH: BUFFULL run_id=try5-c2-cpu start_us=5389520 end_us=5392643 dur_us=3123
UKL-MQTT-BENCH: BUFFULL run_id=try5-c2-cpu start_us=5395598 end_us=5397687 dur_us=2088
UKL-MQTT-BENCH: BUFFULL run_id=try5-c2-cpu start_us=5400614 end_us=5403651 dur_us=3037
UKL-MQTT-BENCH: BUFFULL run_id=try5-c2-cpu start_us=5405976 end_us=5409633 dur_us=3656
UKL-MQTT-BENCH: BUFFULL run_id=try5-c2-cpu start_us=5412552 end_us=5414656 dur_us=2103
UKL-MQTT-BENCH: BUFFULL run_id=try5-c2-cpu start_us=5416974 end_us=5419604 dur_us=2629
UKL-MQTT-BENCH: BUFFULL run_id=try5-c2-cpu start_us=5422531 end_us=5427640 dur_us=5108
UKL-MQTT-BENCH: BUFFULL run_id=try5-c2-cpu start_us=5433274 end_us=5436569 dur_us=3295
UKL-MQTT-BENCH: BUFFULL run_id=try5-c2-cpu start_us=5439497 end_us=5443671 dur_us=4174
UKL-MQTT-BENCH: BUFFULL run_id=try5-c2-cpu start_us=5446594 end_us=5449652 dur_us=3058
UKL-MQTT-BENCH: BUFFULL run_id=try5-c2-cpu start_us=5452587 end_us=5456611 dur_us=4023
UKL-MQTT-BENCH: BUFFULL run_id=try5-c2-cpu start_us=5462882 end_us=5466631 dur_us=3748
UKL-MQTT-BENCH: BUFFULL run_id=try5-c2-cpu start_us=5468955 end_us=5473631 dur_us=4676
UKL-MQTT-BENCH: BUFFULL run_id=try5-c2-cpu start_us=5477182 end_us=5479660 dur_us=2477
UKL-MQTT-BENCH: BUFFULL run_id=try5-c2-cpu start_us=5482599 end_us=5484668 dur_us=2069
UKL-MQTT-BENCH: BUFFULL run_id=try5-c2-cpu start_us=5486974 end_us=5490674 dur_us=3699
UKL-MQTT-BENCH: BUFFULL run_id=try5-c2-cpu start_us=5493592 end_us=5496643 dur_us=3050
UKL-MQTT-BENCH: BUFFULL run_id=try5-c2-cpu start_us=5499565 end_us=5501607 dur_us=2042
UKL-MQTT-BENCH: BUFFULL run_id=try5-c2-cpu start_us=5503933 end_us=5507629 dur_us=3696
UKL-MQTT-BENCH: BUFFULL run_id=try5-c2-cpu start_us=5510553 end_us=5513627 dur_us=3074
UKL-MQTT-BENCH: BUFFULL run_id=try5-c2-cpu start_us=5516561 end_us=5518886 dur_us=2325
UKL-MQTT-BENCH: BUFFULL run_id=try5-c2-cpu start_us=5521189 end_us=5524635 dur_us=3445
UKL-MQTT-BENCH: BUFFULL run_id=try5-c2-cpu start_us=5527560 end_us=5530609 dur_us=3048
UKL-MQTT-BENCH: BUFFULL run_id=try5-c2-cpu start_us=5533528 end_us=5535582 dur_us=2053
UKL-MQTT-BENCH: BUFFULL run_id=try5-c2-cpu start_us=5538517 end_us=5541626 dur_us=3109
UKL-MQTT-BENCH: BUFFULL run_id=try5-c2-cpu start_us=5543953 end_us=5547629 dur_us=3676
UKL-MQTT-BENCH: BUFFULL run_id=try5-c2-cpu start_us=5550573 end_us=5552846 dur_us=2273
UKL-MQTT-BENCH: BUFFULL run_id=try5-c2-cpu start_us=5555169 end_us=5558600 dur_us=3430
UKL-MQTT-BENCH: BUFFULL run_id=try5-c2-cpu start_us=5561531 end_us=5563581 dur_us=2050
UKL-MQTT-BENCH: BUFFULL run_id=try5-c2-cpu start_us=5565926 end_us=5568601 dur_us=2675
UKL-MQTT-BENCH: BUFFULL run_id=try5-c2-cpu start_us=5570919 end_us=5574664 dur_us=3744
UKL-MQTT-BENCH: BUFFULL run_id=try5-c2-cpu start_us=5577593 end_us=5579902 dur_us=2308
UKL-MQTT-BENCH: BUFFULL run_id=try5-c2-cpu start_us=5582826 end_us=5585664 dur_us=2838
UKL-MQTT-BENCH: BUFFULL run_id=try5-c2-cpu start_us=5588001 end_us=5591653 dur_us=3652
UKL-MQTT-BENCH: BUFFULL run_id=try5-c2-cpu start_us=5594581 end_us=5598717 dur_us=4135
UKL-MQTT-BENCH: BUFFULL run_id=try5-c2-cpu start_us=5602337 end_us=5604922 dur_us=2584
UKL-MQTT-BENCH: BUFFULL run_id=try5-c2-cpu start_us=5610304 end_us=5615680 dur_us=5376
UKL-MQTT-BENCH: BUFFULL run_id=try5-c2-cpu start_us=5619190 end_us=5620606 dur_us=1416
UKL-MQTT-BENCH: BUFFULL run_id=try5-c2-cpu start_us=5622961 end_us=5625631 dur_us=2670
UKL-MQTT-BENCH: BUFFULL run_id=try5-c2-cpu start_us=5627967 end_us=5632649 dur_us=4682
UKL-MQTT-BENCH: BUFFULL run_id=try5-c2-cpu start_us=5636170 end_us=5637618 dur_us=1447
UKL-MQTT-BENCH: BUFFULL run_id=try5-c2-cpu start_us=5639946 end_us=5642601 dur_us=2655
UKL-MQTT-BENCH: BUFFULL run_id=try5-c2-cpu start_us=5644943 end_us=5649741 dur_us=4798
UKL-MQTT-BENCH: BUFFULL run_id=try5-c2-cpu start_us=5653274 end_us=5654928 dur_us=1654
UKL-MQTT-BENCH: BUFFULL run_id=try5-c2-cpu start_us=5657268 end_us=5662652 dur_us=5384
UKL-MQTT-BENCH: BUFFULL run_id=try5-c2-cpu start_us=5668909 end_us=5671874 dur_us=2965
UKL-MQTT-BENCH: BUFFULL run_id=try5-c2-cpu start_us=5674176 end_us=5677604 dur_us=3428
UKL-MQTT-BENCH: BUFFULL run_id=try5-c2-cpu start_us=5679936 end_us=5682601 dur_us=2664
UKL-MQTT-BENCH: BUFFULL run_id=try5-c2-cpu start_us=5685517 end_us=5688594 dur_us=3077
UKL-MQTT-BENCH: BUFFULL run_id=try5-c2-cpu start_us=5691535 end_us=5693908 dur_us=2373
UKL-MQTT-BENCH: BUFFULL run_id=try5-c2-cpu start_us=5696222 end_us=5699604 dur_us=3381
UKL-MQTT-BENCH: BUFFULL run_id=try5-c2-cpu start_us=5702506 end_us=5705907 dur_us=3401
UKL-MQTT-BENCH: BUFFULL run_id=try5-c2-cpu start_us=5708861 end_us=5711883 dur_us=3022
UKL-MQTT-BENCH: BUFFULL run_id=try5-c2-cpu start_us=5714799 end_us=5717977 dur_us=3178
UKL-MQTT-BENCH: BUFFULL run_id=try5-c2-cpu start_us=5720889 end_us=5723909 dur_us=3020
UKL-MQTT-BENCH: BUFFULL run_id=try5-c2-cpu start_us=5726827 end_us=5731782 dur_us=4954
UKL-MQTT-BENCH: BUFFULL run_id=try5-c2-cpu start_us=5737304 end_us=5741606 dur_us=4301
UKL-MQTT-BENCH: BUFFULL run_id=try5-c2-cpu start_us=5744540 end_us=5747744 dur_us=3203
UKL-MQTT-BENCH: BUFFULL run_id=try5-c2-cpu start_us=5751259 end_us=5752566 dur_us=1307
UKL-MQTT-BENCH: BUFFULL run_id=try5-c2-cpu start_us=5754280 end_us=5757901 dur_us=3621
UKL-MQTT-BENCH: BUFFULL run_id=try5-c2-cpu start_us=5760835 end_us=5764690 dur_us=3854
UKL-MQTT-BENCH: BUFFULL run_id=try5-c2-cpu start_us=5767594 end_us=5768870 dur_us=1276
UKL-MQTT-BENCH: BUFFULL run_id=try5-c2-cpu start_us=5771173 end_us=5774898 dur_us=3725
UKL-MQTT-BENCH: BUFFULL run_id=try5-c2-cpu start_us=5777803 end_us=5780864 dur_us=3060
UKL-MQTT-BENCH: BUFFULL run_id=try5-c2-cpu start_us=5783796 end_us=5785560 dur_us=1764
UKL-MQTT-BENCH: BUFFULL run_id=try5-c2-cpu start_us=5787901 end_us=5790584 dur_us=2683
UKL-MQTT-BENCH: BUFFULL run_id=try5-c2-cpu start_us=5792905 end_us=5796602 dur_us=3697
UKL-MQTT-BENCH: BUFFULL run_id=try5-c2-cpu start_us=5799519 end_us=5801627 dur_us=2107
UKL-MQTT-BENCH: BUFFULL run_id=try5-c2-cpu start_us=5803947 end_us=5807623 dur_us=3676
UKL-MQTT-BENCH: BUFFULL run_id=try5-c2-cpu start_us=5810544 end_us=5813598 dur_us=3054
UKL-MQTT-BENCH: BUFFULL run_id=try5-c2-cpu start_us=5816509 end_us=5818594 dur_us=2085
UKL-MQTT-BENCH: BUFFULL run_id=try5-c2-cpu start_us=5820905 end_us=5824607 dur_us=3701
UKL-MQTT-BENCH: BUFFULL run_id=try5-c2-cpu start_us=5827522 end_us=5830927 dur_us=3404
UKL-MQTT-BENCH: BUFFULL run_id=try5-c2-cpu start_us=5833843 end_us=5836892 dur_us=3049
UKL-MQTT-BENCH: BUFFULL run_id=try5-c2-cpu start_us=5839810 end_us=5843669 dur_us=3859
UKL-MQTT-BENCH: BUFFULL run_id=try5-c2-cpu start_us=5846562 end_us=5848002 dur_us=1439
UKL-MQTT-BENCH: BUFFULL run_id=try5-c2-cpu start_us=5850326 end_us=5854650 dur_us=4324
UKL-MQTT-BENCH: BUFFULL run_id=try5-c2-cpu start_us=5857577 end_us=5860640 dur_us=3062
UKL-MQTT-BENCH: BUFFULL run_id=try5-c2-cpu start_us=5863570 end_us=5866652 dur_us=3081
UKL-MQTT-BENCH: BUFFULL run_id=try5-c2-cpu start_us=5869573 end_us=5871557 dur_us=1983
UKL-MQTT-BENCH: BUFFULL run_id=try5-c2-cpu start_us=5873891 end_us=5876889 dur_us=2998
UKL-MQTT-BENCH: BUFFULL run_id=try5-c2-cpu start_us=5879819 end_us=5882958 dur_us=3138
UKL-MQTT-BENCH: BUFFULL run_id=try5-c2-cpu start_us=5885898 end_us=5886917 dur_us=1019
UKL-MQTT-BENCH: BUFFULL run_id=try5-c2-cpu start_us=5888640 end_us=5892909 dur_us=4269
UKL-MQTT-BENCH: BUFFULL run_id=try5-c2-cpu start_us=5895825 end_us=5898912 dur_us=3087
UKL-MQTT-BENCH: BUFFULL run_id=try5-c2-cpu start_us=5902491 end_us=5904880 dur_us=2388
UKL-MQTT-BENCH: BUFFULL run_id=try5-c2-cpu start_us=5907190 end_us=5909861 dur_us=2671
UKL-MQTT-BENCH: BUFFULL run_id=try5-c2-cpu start_us=5912175 end_us=5915627 dur_us=3452
UKL-MQTT-BENCH: BUFFULL run_id=try5-c2-cpu start_us=5918556 end_us=5920624 dur_us=2067
UKL-MQTT-BENCH: BUFFULL run_id=try5-c2-cpu start_us=5922939 end_us=5925639 dur_us=2700
UKL-MQTT-BENCH: BUFFULL run_id=try5-c2-cpu start_us=5927960 end_us=5931622 dur_us=3661
UKL-MQTT-BENCH: BUFFULL run_id=try5-c2-cpu start_us=5934533 end_us=5936597 dur_us=2064
UKL-MQTT-BENCH: BUFFULL run_id=try5-c2-cpu start_us=5938900 end_us=5941632 dur_us=2731
UKL-MQTT-BENCH: BUFFULL run_id=try5-c2-cpu start_us=5943941 end_us=5946591 dur_us=2649
UKL-MQTT-BENCH: BUFFULL run_id=try5-c2-cpu start_us=5949503 end_us=5952601 dur_us=3097
UKL-MQTT-BENCH: BUFFULL run_id=try5-c2-cpu start_us=5954956 end_us=5958622 dur_us=3666
UKL-MQTT-BENCH: BUFFULL run_id=try5-c2-cpu start_us=5961572 end_us=5963612 dur_us=2040
UKL-MQTT-BENCH: BUFFULL run_id=try5-c2-cpu start_us=5965961 end_us=5968963 dur_us=3002
UKL-MQTT-BENCH: BUFFULL run_id=try5-c2-cpu start_us=5971904 end_us=5974574 dur_us=2670
UKL-MQTT-BENCH: BUFFULL run_id=try5-c2-cpu start_us=5976904 end_us=5980632 dur_us=3727
UKL-MQTT-BENCH: BUFFULL run_id=try5-c2-cpu start_us=5983550 end_us=5985606 dur_us=2056
UKL-MQTT-BENCH: BUFFULL run_id=try5-c2-cpu start_us=5988600 end_us=5992641 dur_us=4040
UKL-MQTT-BENCH: BUFFULL run_id=try5-c2-cpu start_us=5995553 end_us=5997601 dur_us=2048
UKL-MQTT-BENCH: BUFFULL run_id=try5-c2-cpu start_us=5999921 end_us=6002611 dur_us=2689
UKL-MQTT-BENCH: BUFFULL run_id=try5-c2-cpu start_us=6004944 end_us=6008619 dur_us=3675
UKL-MQTT-BENCH: BUFFULL run_id=try5-c2-cpu start_us=6011539 end_us=6014610 dur_us=3071
UKL-MQTT-BENCH: BUFFULL run_id=try5-c2-cpu start_us=6017537 end_us=6019636 dur_us=2098
UKL-MQTT-BENCH: BUFFULL run_id=try5-c2-cpu start_us=6021956 end_us=6025650 dur_us=3694
UKL-MQTT-BENCH: BUFFULL run_id=try5-c2-cpu start_us=6028570 end_us=6031647 dur_us=3077
UKL-MQTT-BENCH: BUFFULL run_id=try5-c2-cpu start_us=6034552 end_us=6036594 dur_us=2042
UKL-MQTT-BENCH: BUFFULL run_id=try5-c2-cpu start_us=6039494 end_us=6042609 dur_us=3115
UKL-MQTT-BENCH: BUFFULL run_id=try5-c2-cpu start_us=6044920 end_us=6048740 dur_us=3820
UKL-MQTT-BENCH: BUFFULL run_id=try5-c2-cpu start_us=6051656 end_us=6053569 dur_us=1913
UKL-MQTT-BENCH: BUFFULL run_id=try5-c2-cpu start_us=6056486 end_us=6059609 dur_us=3123
UKL-MQTT-BENCH: BUFFULL run_id=try5-c2-cpu start_us=6061942 end_us=6064891 dur_us=2949
UKL-MQTT-BENCH: BUFFULL run_id=try5-c2-cpu start_us=6067821 end_us=6069561 dur_us=1740
UKL-MQTT-BENCH: BUFFULL run_id=try5-c2-cpu start_us=6071886 end_us=6074894 dur_us=3007
UKL-MQTT-BENCH: BUFFULL run_id=try5-c2-cpu start_us=6077212 end_us=6081609 dur_us=4396
UKL-MQTT-BENCH: BUFFULL run_id=try5-c2-cpu start_us=6085150 end_us=6086594 dur_us=1443
UKL-MQTT-BENCH: BUFFULL run_id=try5-c2-cpu start_us=6088896 end_us=6091889 dur_us=2992
UKL-MQTT-BENCH: BUFFULL run_id=try5-c2-cpu start_us=6094197 end_us=6096594 dur_us=2396
UKL-MQTT-BENCH: BUFFULL run_id=try5-c2-cpu start_us=6098909 end_us=6101622 dur_us=2713
UKL-MQTT-BENCH: BUFFULL run_id=try5-c2-cpu start_us=6103938 end_us=6107630 dur_us=3692
UKL-MQTT-BENCH: BUFFULL run_id=try5-c2-cpu start_us=6110541 end_us=6113671 dur_us=3129
UKL-MQTT-BENCH: BUFFULL run_id=try5-c2-cpu start_us=6116596 end_us=6118654 dur_us=2058
UKL-MQTT-BENCH: BUFFULL run_id=try5-c2-cpu start_us=6120963 end_us=6123634 dur_us=2670
UKL-MQTT-BENCH: BUFFULL run_id=try5-c2-cpu start_us=6125966 end_us=6129591 dur_us=3625
UKL-MQTT-BENCH: BUFFULL run_id=try5-c2-cpu start_us=6133838 end_us=6135554 dur_us=1715
UKL-MQTT-BENCH: BUFFULL run_id=try5-c2-cpu start_us=6137267 end_us=6140610 dur_us=3342
UKL-MQTT-BENCH: BUFFULL run_id=try5-c2-cpu start_us=6142929 end_us=6147633 dur_us=4704
UKL-MQTT-BENCH: BUFFULL run_id=try5-c2-cpu start_us=6151819 end_us=6154901 dur_us=3082
UKL-MQTT-BENCH: BUFFULL run_id=try5-c2-cpu start_us=6157818 end_us=6159635 dur_us=1816
UKL-MQTT-BENCH: BUFFULL run_id=try5-c2-cpu start_us=6161953 end_us=6164591 dur_us=2638
UKL-MQTT-BENCH: BUFFULL run_id=try5-c2-cpu start_us=6166899 end_us=6170624 dur_us=3724
UKL-MQTT-BENCH: BUFFULL run_id=try5-c2-cpu start_us=6173535 end_us=6176625 dur_us=3089
UKL-MQTT-BENCH: BUFFULL run_id=try5-c2-cpu start_us=6179537 end_us=6181599 dur_us=2062
UKL-MQTT-BENCH: BUFFULL run_id=try5-c2-cpu start_us=6183912 end_us=6187329 dur_us=3417
UKL-MQTT-BENCH: BUFFULL run_id=try5-c2-cpu start_us=6190231 end_us=6193690 dur_us=3458
UKL-MQTT-BENCH: BUFFULL run_id=try5-c2-cpu start_us=6199282 end_us=6202908 dur_us=3625
UKL-MQTT-BENCH: BUFFULL run_id=try5-c2-cpu start_us=6208511 end_us=6210545 dur_us=2034
UKL-MQTT-BENCH: BUFFULL run_id=try5-c2-cpu start_us=6212265 end_us=6215588 dur_us=3323
UKL-MQTT-BENCH: BUFFULL run_id=try5-c2-cpu start_us=6217928 end_us=6220586 dur_us=2657
UKL-MQTT-BENCH: BUFFULL run_id=try5-c2-cpu start_us=6222883 end_us=6226896 dur_us=4012
UKL-MQTT-BENCH: BUFFULL run_id=try5-c2-cpu start_us=6230407 end_us=6232609 dur_us=2202
UKL-MQTT-BENCH: BUFFULL run_id=try5-c2-cpu start_us=6234929 end_us=6237672 dur_us=2742
UKL-MQTT-BENCH: BUFFULL run_id=try5-c2-cpu start_us=6240587 end_us=6243651 dur_us=3063
UKL-MQTT-BENCH: BUFFULL run_id=try5-c2-cpu start_us=6245955 end_us=6249625 dur_us=3669
UKL-MQTT-BENCH: BUFFULL run_id=try5-c2-cpu start_us=6252531 end_us=6254556 dur_us=2024
UKL-MQTT-BENCH: BUFFULL run_id=try5-c2-cpu start_us=6256861 end_us=6260670 dur_us=3808
UKL-MQTT-BENCH: BUFFULL run_id=try5-c2-cpu start_us=6263590 end_us=6265618 dur_us=2028
UKL-MQTT-BENCH: BUFFULL run_id=try5-c2-cpu start_us=6267936 end_us=6271630 dur_us=3694
UKL-MQTT-BENCH: BUFFULL run_id=try5-c2-cpu start_us=6274590 end_us=6277632 dur_us=3042
UKL-MQTT-BENCH: BUFFULL run_id=try5-c2-cpu start_us=6280601 end_us=6282603 dur_us=2002
UKL-MQTT-BENCH: BUFFULL run_id=try5-c2-cpu start_us=6284918 end_us=6287885 dur_us=2967
UKL-MQTT-BENCH: BUFFULL run_id=try5-c2-cpu start_us=6290807 end_us=6293898 dur_us=3090
UKL-MQTT-BENCH: BUFFULL run_id=try5-c2-cpu start_us=6296805 end_us=6297834 dur_us=1029
UKL-MQTT-BENCH: BUFFULL run_id=try5-c2-cpu start_us=6299547 end_us=6303887 dur_us=4339
UKL-MQTT-BENCH: BUFFULL run_id=try5-c2-cpu start_us=6306815 end_us=6310702 dur_us=3887
UKL-MQTT-BENCH: BUFFULL run_id=try5-c2-cpu start_us=6313605 end_us=6314893 dur_us=1287
UKL-MQTT-BENCH: BUFFULL run_id=try5-c2-cpu start_us=6317199 end_us=6321609 dur_us=4409
UKL-MQTT-BENCH: BUFFULL run_id=try5-c2-cpu start_us=6324524 end_us=6327700 dur_us=3175
UKL-MQTT-BENCH: BUFFULL run_id=try5-c2-cpu start_us=6330607 end_us=6331852 dur_us=1244
UKL-MQTT-BENCH: BUFFULL run_id=try5-c2-cpu start_us=6334170 end_us=6337901 dur_us=3730
UKL-MQTT-BENCH: BUFFULL run_id=try5-c2-cpu start_us=6340818 end_us=6343651 dur_us=2832
UKL-MQTT-BENCH: BUFFULL run_id=try5-c2-cpu start_us=6345975 end_us=6348556 dur_us=2580
UKL-MQTT-BENCH: BUFFULL run_id=try5-c2-cpu start_us=6351521 end_us=6355622 dur_us=4101
UKL-MQTT-BENCH: BUFFULL run_id=try5-c2-cpu start_us=6358548 end_us=6360600 dur_us=2052
UKL-MQTT-BENCH: BUFFULL run_id=try5-c2-cpu start_us=6363511 end_us=6366620 dur_us=3108
UKL-MQTT-BENCH: BUFFULL run_id=try5-c2-cpu start_us=6368919 end_us=6370853 dur_us=1933
UKL-MQTT-BENCH: BUFFULL run_id=try5-c2-cpu start_us=6373161 end_us=6376914 dur_us=3752
UKL-MQTT-BENCH: BUFFULL run_id=try5-c2-cpu start_us=6379853 end_us=6383628 dur_us=3774
UKL-MQTT-BENCH: BUFFULL run_id=try5-c2-cpu start_us=6386540 end_us=6388591 dur_us=2050
UKL-MQTT-BENCH: BUFFULL run_id=try5-c2-cpu start_us=6390898 end_us=6394616 dur_us=3717
UKL-MQTT-BENCH: BUFFULL run_id=try5-c2-cpu start_us=6397548 end_us=6400665 dur_us=3116
UKL-MQTT-BENCH: BUFFULL run_id=try5-c2-cpu start_us=6403608 end_us=6405621 dur_us=2012
UKL-MQTT-BENCH: BUFFULL run_id=try5-c2-cpu start_us=6408528 end_us=6410894 dur_us=2366
UKL-MQTT-BENCH: BUFFULL run_id=try5-c2-cpu start_us=6413190 end_us=6416909 dur_us=3719
UKL-MQTT-BENCH: BUFFULL run_id=try5-c2-cpu start_us=6419838 end_us=6422564 dur_us=2726
UKL-MQTT-BENCH: BUFFULL run_id=try5-c2-cpu start_us=6425486 end_us=6427889 dur_us=2402
UKL-MQTT-BENCH: BUFFULL run_id=try5-c2-cpu start_us=6430198 end_us=6433589 dur_us=3390
UKL-MQTT-BENCH: BUFFULL run_id=try5-c2-cpu start_us=6436496 end_us=6438878 dur_us=2382
UKL-MQTT-BENCH: BUFFULL run_id=try5-c2-cpu start_us=6441197 end_us=6444881 dur_us=3683
UKL-MQTT-BENCH: BUFFULL run_id=try5-c2-cpu start_us=6447798 end_us=6450668 dur_us=2869
UKL-MQTT-BENCH: BUFFULL run_id=try5-c2-cpu start_us=6453569 end_us=6455877 dur_us=2307
UKL-MQTT-BENCH: BUFFULL run_id=try5-c2-cpu start_us=6458175 end_us=6461643 dur_us=3468
UKL-MQTT-BENCH: BUFFULL run_id=try5-c2-cpu start_us=6464553 end_us=6466599 dur_us=2045
UKL-MQTT-BENCH: BUFFULL run_id=try5-c2-cpu start_us=6468910 end_us=6471591 dur_us=2681
UKL-MQTT-BENCH: BUFFULL run_id=try5-c2-cpu start_us=6473906 end_us=6477647 dur_us=3741
UKL-MQTT-BENCH: BUFFULL run_id=try5-c2-cpu start_us=6480556 end_us=6482599 dur_us=2043
UKL-MQTT-BENCH: BUFFULL run_id=try5-c2-cpu start_us=6484908 end_us=6487604 dur_us=2696
UKL-MQTT-BENCH: BUFFULL run_id=try5-c2-cpu start_us=6489920 end_us=6492875 dur_us=2955
UKL-MQTT-BENCH: BUFFULL run_id=try5-c2-cpu start_us=6495790 end_us=6498606 dur_us=2815
UKL-MQTT-BENCH: BUFFULL run_id=try5-c2-cpu start_us=6500916 end_us=6503654 dur_us=2737
UKL-MQTT-BENCH: BUFFULL run_id=try5-c2-cpu start_us=6505991 end_us=6509692 dur_us=3701
UKL-MQTT-BENCH: BUFFULL run_id=try5-c2-cpu start_us=6512785 end_us=6515922 dur_us=3136
UKL-MQTT-BENCH: BUFFULL run_id=try5-c2-cpu start_us=6519019 end_us=6521569 dur_us=2550
UKL-MQTT-BENCH: BUFFULL run_id=try5-c2-cpu start_us=6523876 end_us=6525843 dur_us=1967
UKL-MQTT-BENCH: BUFFULL run_id=try5-c2-cpu start_us=6528152 end_us=6529545 dur_us=1393
UKL-MQTT-BENCH: BUFFULL run_id=try5-c2-cpu start_us=6531259 end_us=6534527 dur_us=3267
UKL-MQTT-BENCH: BUFFULL run_id=try5-c2-cpu start_us=6536845 end_us=6540625 dur_us=3780
UKL-MQTT-BENCH: BUFFULL run_id=try5-c2-cpu start_us=6543533 end_us=6546636 dur_us=3103
UKL-MQTT-BENCH: BUFFULL run_id=try5-c2-cpu start_us=6549550 end_us=6552617 dur_us=3067
UKL-MQTT-BENCH: BUFFULL run_id=try5-c2-cpu start_us=6555543 end_us=6557660 dur_us=2116
UKL-MQTT-BENCH: BUFFULL run_id=try5-c2-cpu start_us=6559970 end_us=6563631 dur_us=3660
UKL-MQTT-BENCH: BUFFULL run_id=try5-c2-cpu start_us=6566594 end_us=6569654 dur_us=3059
UKL-MQTT-BENCH: BUFFULL run_id=try5-c2-cpu start_us=6572547 end_us=6574892 dur_us=2344
UKL-MQTT-BENCH: BUFFULL run_id=try5-c2-cpu start_us=6577208 end_us=6580635 dur_us=3426
UKL-MQTT-BENCH: BUFFULL run_id=try5-c2-cpu start_us=6583541 end_us=6586670 dur_us=3129
UKL-MQTT-BENCH: BUFFULL run_id=try5-c2-cpu start_us=6589565 end_us=6592639 dur_us=3074
UKL-MQTT-BENCH: BUFFULL run_id=try5-c2-cpu start_us=6595556 end_us=6597558 dur_us=2001
UKL-MQTT-BENCH: BUFFULL run_id=try5-c2-cpu start_us=6599874 end_us=6603660 dur_us=3785
UKL-MQTT-BENCH: BUFFULL run_id=try5-c2-cpu start_us=6606575 end_us=6609651 dur_us=3075
UKL-MQTT-BENCH: BUFFULL run_id=try5-c2-cpu start_us=6612547 end_us=6618692 dur_us=6145
UKL-MQTT-BENCH: BUFFULL run_id=try5-c2-cpu start_us=6625456 end_us=6626569 dur_us=1113
UKL-MQTT-BENCH: BUFFULL run_id=try5-c2-cpu start_us=6628299 end_us=6634002 dur_us=5703
UKL-MQTT-BENCH: BUFFULL run_id=try5-c2-cpu start_us=6637521 end_us=6639637 dur_us=2116
UKL-MQTT-BENCH: BUFFULL run_id=try5-c2-cpu start_us=6645408 end_us=6649935 dur_us=4527
UKL-MQTT-BENCH: BUFFULL run_id=try5-c2-cpu start_us=6653533 end_us=6656641 dur_us=3108
UKL-MQTT-BENCH: BUFFULL run_id=try5-c2-cpu start_us=6659688 end_us=6662626 dur_us=2937
UKL-MQTT-BENCH: BUFFULL run_id=try5-c2-cpu start_us=6664963 end_us=6666860 dur_us=1897
UKL-MQTT-BENCH: BUFFULL run_id=try5-c2-cpu start_us=6669857 end_us=6674697 dur_us=4839
UKL-MQTT-BENCH: BUFFULL run_id=try5-c2-cpu start_us=6677838 end_us=6680949 dur_us=3111
UKL-MQTT-BENCH: BUFFULL run_id=try5-c2-cpu start_us=6686435 end_us=6691934 dur_us=5499
UKL-MQTT-BENCH: BUFFULL run_id=try5-c2-cpu start_us=6695693 end_us=6697648 dur_us=1954
UKL-MQTT-BENCH: BUFFULL run_id=try5-c2-cpu start_us=6700119 end_us=6702614 dur_us=2495
UKL-MQTT-BENCH: BUFFULL run_id=try5-c2-cpu start_us=6705082 end_us=6709673 dur_us=4590
UKL-MQTT-BENCH: BUFFULL run_id=try5-c2-cpu start_us=6712788 end_us=6715642 dur_us=2854
UKL-MQTT-BENCH: BUFFULL run_id=try5-c2-cpu start_us=6718756 end_us=6720931 dur_us=2174
UKL-MQTT-BENCH: BUFFULL run_id=try5-c2-cpu start_us=6723404 end_us=6727758 dur_us=4353
UKL-MQTT-BENCH: BUFFULL run_id=try5-c2-cpu start_us=6730858 end_us=6733655 dur_us=2797
UKL-MQTT-BENCH: BUFFULL run_id=try5-c2-cpu start_us=6736756 end_us=6740662 dur_us=3906
UKL-MQTT-BENCH: BUFFULL run_id=try5-c2-cpu start_us=6743782 end_us=6745639 dur_us=1856
UKL-MQTT-BENCH: BUFFULL run_id=try5-c2-cpu start_us=6748142 end_us=6751632 dur_us=3489
UKL-MQTT-BENCH: BUFFULL run_id=try5-c2-cpu start_us=6754743 end_us=6756879 dur_us=2135
UKL-MQTT-BENCH: BUFFULL run_id=try5-c2-cpu start_us=6759347 end_us=6762988 dur_us=3640
UKL-MQTT-BENCH: BUFFULL run_id=try5-c2-cpu start_us=6766102 end_us=6768686 dur_us=2584
UKL-MQTT-BENCH: BUFFULL run_id=try5-c2-cpu start_us=6771153 end_us=6774666 dur_us=3513
UKL-MQTT-BENCH: BUFFULL run_id=try5-c2-cpu start_us=6777802 end_us=6780639 dur_us=2837
UKL-MQTT-BENCH: BUFFULL run_id=try5-c2-cpu start_us=6783106 end_us=6785677 dur_us=2570
UKL-MQTT-BENCH: BUFFULL run_id=try5-c2-cpu start_us=6788140 end_us=6789655 dur_us=1514
UKL-MQTT-BENCH: BUFFULL run_id=try5-c2-cpu start_us=6791489 end_us=6794633 dur_us=3144
UKL-MQTT-BENCH: BUFFULL run_id=try5-c2-cpu start_us=6797101 end_us=6800918 dur_us=3816
UKL-MQTT-BENCH: BUFFULL run_id=try5-c2-cpu start_us=6805472 end_us=6807592 dur_us=2119
UKL-MQTT-BENCH: BUFFULL run_id=try5-c2-cpu start_us=6809425 end_us=6812581 dur_us=3156
UKL-MQTT-BENCH: BUFFULL run_id=try5-c2-cpu start_us=6815046 end_us=6818935 dur_us=3888
UKL-MQTT-BENCH: BUFFULL run_id=try5-c2-cpu start_us=6821901 end_us=6824585 dur_us=2683
UKL-MQTT-BENCH: BUFFULL run_id=try5-c2-cpu start_us=6827530 end_us=6829896 dur_us=2366
UKL-MQTT-BENCH: BUFFULL run_id=try5-c2-cpu start_us=6832203 end_us=6835698 dur_us=3494
UKL-MQTT-BENCH: BUFFULL run_id=try5-c2-cpu start_us=6838619 end_us=6839920 dur_us=1300
UKL-MQTT-BENCH: BUFFULL run_id=try5-c2-cpu start_us=6842232 end_us=6845652 dur_us=3419
UKL-MQTT-BENCH: BUFFULL run_id=try5-c2-cpu start_us=6847963 end_us=6851614 dur_us=3651
UKL-MQTT-BENCH: BUFFULL run_id=try5-c2-cpu start_us=6855196 end_us=6856833 dur_us=1637
UKL-MQTT-BENCH: BUFFULL run_id=try5-c2-cpu start_us=6859150 end_us=6862625 dur_us=3474
UKL-MQTT-BENCH: BUFFULL run_id=try5-c2-cpu start_us=6864933 end_us=6868611 dur_us=3677
UKL-MQTT-BENCH: BUFFULL run_id=try5-c2-cpu start_us=6871532 end_us=6873887 dur_us=2355
UKL-MQTT-BENCH: BUFFULL run_id=try5-c2-cpu start_us=6876818 end_us=6879533 dur_us=2715
UKL-MQTT-BENCH: BUFFULL run_id=try5-c2-cpu start_us=6881856 end_us=6886676 dur_us=4819
UKL-MQTT-BENCH: BUFFULL run_id=try5-c2-cpu start_us=6890206 end_us=6892675 dur_us=2468
UKL-MQTT-BENCH: BUFFULL run_id=try5-c2-cpu start_us=6895591 end_us=6898884 dur_us=3292
UKL-MQTT-BENCH: BUFFULL run_id=try5-c2-cpu start_us=6901798 end_us=6903633 dur_us=1834
UKL-MQTT-BENCH: BUFFULL run_id=try5-c2-cpu start_us=6905961 end_us=6909595 dur_us=3633
UKL-MQTT-BENCH: BUFFULL run_id=try5-c2-cpu start_us=6912524 end_us=6914590 dur_us=2065
UKL-MQTT-BENCH: BUFFULL run_id=try5-c2-cpu start_us=6917668 end_us=6920632 dur_us=2963
UKL-MQTT-BENCH: BUFFULL run_id=try5-c2-cpu start_us=6922949 end_us=6926593 dur_us=3643
UKL-MQTT-BENCH: BUFFULL run_id=try5-c2-cpu start_us=6929529 end_us=6931583 dur_us=2054
UKL-MQTT-BENCH: BUFFULL run_id=try5-c2-cpu start_us=6934564 end_us=6937623 dur_us=3059
UKL-MQTT-BENCH: BUFFULL run_id=try5-c2-cpu start_us=6939923 end_us=6943642 dur_us=3719
UKL-MQTT-BENCH: BUFFULL run_id=try5-c2-cpu start_us=6946564 end_us=6949612 dur_us=3048
UKL-MQTT-BENCH: BUFFULL run_id=try5-c2-cpu start_us=6952594 end_us=6954602 dur_us=2007
UKL-MQTT-BENCH: BUFFULL run_id=try5-c2-cpu start_us=6956923 end_us=6960619 dur_us=3696
UKL-MQTT-BENCH: BUFFULL run_id=try5-c2-cpu start_us=6963547 end_us=6966703 dur_us=3156
UKL-MQTT-BENCH: BUFFULL run_id=try5-c2-cpu start_us=6969625 end_us=6972651 dur_us=3025
UKL-MQTT-BENCH: BUFFULL run_id=try5-c2-cpu start_us=6975581 end_us=6978633 dur_us=3051
UKL-MQTT-BENCH: BUFFULL run_id=try5-c2-cpu start_us=6981560 end_us=6983590 dur_us=2029
UKL-MQTT-BENCH: BUFFULL run_id=try5-c2-cpu start_us=6985914 end_us=6988578 dur_us=2664
UKL-MQTT-BENCH: BUFFULL run_id=try5-c2-cpu start_us=6990944 end_us=6994613 dur_us=3669
UKL-MQTT-BENCH: BUFFULL run_id=try5-c2-cpu start_us=6998204 end_us=7001651 dur_us=3447
UKL-MQTT-BENCH: BUFFULL run_id=try5-c2-cpu start_us=7004628 end_us=7009663 dur_us=5035
UKL-MQTT-BENCH: BUFFULL run_id=try5-c2-cpu start_us=7016192 end_us=7019852 dur_us=3660
UKL-MQTT-BENCH: BUFFULL run_id=try5-c2-cpu start_us=7022791 end_us=7025915 dur_us=3124
UKL-MQTT-BENCH: BUFFULL run_id=try5-c2-cpu start_us=7028852 end_us=7032645 dur_us=3793
UKL-MQTT-BENCH: BUFFULL run_id=try5-c2-cpu start_us=7035553 end_us=7038618 dur_us=3065
UKL-MQTT-BENCH: BUFFULL run_id=try5-c2-cpu start_us=7041548 end_us=7043601 dur_us=2053
UKL-MQTT-BENCH: BUFFULL run_id=try5-c2-cpu start_us=7045914 end_us=7048898 dur_us=2983
UKL-MQTT-BENCH: BUFFULL run_id=try5-c2-cpu start_us=7051814 end_us=7054599 dur_us=2785
UKL-MQTT-BENCH: BUFFULL run_id=try5-c2-cpu start_us=7057521 end_us=7060618 dur_us=3096
UKL-MQTT-BENCH: BUFFULL run_id=try5-c2-cpu start_us=7063542 end_us=7065899 dur_us=2356
UKL-MQTT-BENCH: BUFFULL run_id=try5-c2-cpu start_us=7068204 end_us=7071872 dur_us=3667
UKL-MQTT-BENCH: BUFFULL run_id=try5-c2-cpu start_us=7074799 end_us=7077639 dur_us=2840
UKL-MQTT-BENCH: BUFFULL run_id=try5-c2-cpu start_us=7080576 end_us=7082879 dur_us=2302
UKL-MQTT-BENCH: BUFFULL run_id=try5-c2-cpu start_us=7085189 end_us=7088890 dur_us=3701
UKL-MQTT-BENCH: BUFFULL run_id=try5-c2-cpu start_us=7091811 end_us=7094593 dur_us=2782
UKL-MQTT-BENCH: BUFFULL run_id=try5-c2-cpu start_us=7097514 end_us=7099870 dur_us=2355
UKL-MQTT-BENCH: BUFFULL run_id=try5-c2-cpu start_us=7102176 end_us=7105886 dur_us=3709
UKL-MQTT-BENCH: BUFFULL run_id=try5-c2-cpu start_us=7108818 end_us=7113661 dur_us=4842
UKL-MQTT-BENCH: BUFFULL run_id=try5-c2-cpu start_us=7117193 end_us=7119594 dur_us=2401
UKL-MQTT-BENCH: BUFFULL run_id=try5-c2-cpu start_us=7122507 end_us=7123851 dur_us=1344
UKL-MQTT-BENCH: BUFFULL run_id=try5-c2-cpu start_us=7126153 end_us=7129879 dur_us=3725
UKL-MQTT-BENCH: BUFFULL run_id=try5-c2-cpu start_us=7132789 end_us=7137658 dur_us=4869
UKL-MQTT-BENCH: BUFFULL run_id=try5-c2-cpu start_us=7141212 end_us=7143696 dur_us=2484
UKL-MQTT-BENCH: BUFFULL run_id=try5-c2-cpu start_us=7148576 end_us=7154644 dur_us=6067
UKL-MQTT-BENCH: BUFFULL run_id=try5-c2-cpu start_us=7158163 end_us=7159872 dur_us=1708
UKL-MQTT-BENCH: BUFFULL run_id=try5-c2-cpu start_us=7162785 end_us=7163818 dur_us=1032
UKL-MQTT-BENCH: BUFFULL run_id=try5-c2-cpu start_us=7165522 end_us=7170614 dur_us=5091
UKL-MQTT-BENCH: BUFFULL run_id=try5-c2-cpu start_us=7174219 end_us=7178665 dur_us=4445
UKL-MQTT-BENCH: BUFFULL run_id=try5-c2-cpu start_us=7182210 end_us=7185644 dur_us=3434
UKL-MQTT-BENCH: BUFFULL run_id=try5-c2-cpu start_us=7191296 end_us=7195637 dur_us=4341
UKL-MQTT-BENCH: BUFFULL run_id=try5-c2-cpu start_us=7198556 end_us=7202617 dur_us=4061
UKL-MQTT-BENCH: BUFFULL run_id=try5-c2-cpu start_us=7208313 end_us=7212608 dur_us=4294
UKL-MQTT-BENCH: BUFFULL run_id=try5-c2-cpu start_us=7215540 end_us=7218718 dur_us=3178
UKL-MQTT-BENCH: BUFFULL run_id=try5-c2-cpu start_us=7221619 end_us=7223574 dur_us=1955
UKL-MQTT-BENCH: BUFFULL run_id=try5-c2-cpu start_us=7225902 end_us=7229619 dur_us=3716
UKL-MQTT-BENCH: BUFFULL run_id=try5-c2-cpu start_us=7232561 end_us=7235581 dur_us=3020
UKL-MQTT-BENCH: BUFFULL run_id=try5-c2-cpu start_us=7238511 end_us=7240574 dur_us=2063
UKL-MQTT-BENCH: BUFFULL run_id=try5-c2-cpu start_us=7243536 end_us=7247649 dur_us=4112
UKL-MQTT-BENCH: BUFFULL run_id=try5-c2-cpu start_us=7250567 end_us=7253627 dur_us=3060
UKL-MQTT-BENCH: BUFFULL run_id=try5-c2-cpu start_us=7256555 end_us=7259630 dur_us=3075
UKL-MQTT-BENCH: BUFFULL run_id=try5-c2-cpu start_us=7262537 end_us=7264591 dur_us=2053
UKL-MQTT-BENCH: BUFFULL run_id=try5-c2-cpu start_us=7266911 end_us=7270600 dur_us=3689
UKL-MQTT-BENCH: BUFFULL run_id=try5-c2-cpu start_us=7273546 end_us=7276613 dur_us=3067
UKL-MQTT-BENCH: BUFFULL run_id=try5-c2-cpu start_us=7279559 end_us=7280564 dur_us=1005
UKL-MQTT-BENCH: BUFFULL run_id=try5-c2-cpu start_us=7282279 end_us=7285873 dur_us=3594
UKL-MQTT-BENCH: BUFFULL run_id=try5-c2-cpu start_us=7288775 end_us=7292631 dur_us=3855
UKL-MQTT-BENCH: BUFFULL run_id=try5-c2-cpu start_us=7295554 end_us=7297565 dur_us=2010
UKL-MQTT-BENCH: BUFFULL run_id=try5-c2-cpu start_us=7299891 end_us=7302868 dur_us=2977
UKL-MQTT-BENCH: BUFFULL run_id=try5-c2-cpu start_us=7305777 end_us=7308593 dur_us=2815
UKL-MQTT-BENCH: BUFFULL run_id=try5-c2-cpu start_us=7310924 end_us=7314645 dur_us=3721
UKL-MQTT-BENCH: BUFFULL run_id=try5-c2-cpu start_us=7317538 end_us=7320609 dur_us=3070
UKL-MQTT-BENCH: BUFFULL run_id=try5-c2-cpu start_us=7323527 end_us=7325607 dur_us=2080
UKL-MQTT-BENCH: BUFFULL run_id=try5-c2-cpu start_us=7328705 end_us=7331802 dur_us=3097
UKL-MQTT-BENCH: BUFFULL run_id=try5-c2-cpu start_us=7334939 end_us=7337966 dur_us=3027
UKL-MQTT-BENCH: BUFFULL run_id=try5-c2-cpu start_us=7341063 end_us=7343655 dur_us=2592
UKL-MQTT-BENCH: BUFFULL run_id=try5-c2-cpu start_us=7346124 end_us=7349710 dur_us=3585
UKL-MQTT-BENCH: BUFFULL run_id=try5-c2-cpu start_us=7352815 end_us=7355939 dur_us=3123
UKL-MQTT-BENCH: BUFFULL run_id=try5-c2-cpu start_us=7359085 end_us=7362754 dur_us=3668
UKL-MQTT-BENCH: BUFFULL run_id=try5-c2-cpu start_us=7365860 end_us=7367898 dur_us=2037
UKL-MQTT-BENCH: BUFFULL run_id=try5-c2-cpu start_us=7370359 end_us=7374716 dur_us=4356
UKL-MQTT-BENCH: BUFFULL run_id=try5-c2-cpu start_us=7377823 end_us=7380973 dur_us=3150
UKL-MQTT-BENCH: BUFFULL run_id=try5-c2-cpu start_us=7384077 end_us=7387692 dur_us=3615
UKL-MQTT-BENCH: BUFFULL run_id=try5-c2-cpu start_us=7390789 end_us=7392617 dur_us=1828
UKL-MQTT-BENCH: BUFFULL run_id=try5-c2-cpu start_us=7395073 end_us=7398934 dur_us=3860
UKL-MQTT-BENCH: BUFFULL run_id=try5-c2-cpu start_us=7402036 end_us=7405947 dur_us=3911
UKL-MQTT-BENCH: BUFFULL run_id=try5-c2-cpu start_us=7409430 end_us=7412793 dur_us=3363
UKL-MQTT-BENCH: BUFFULL run_id=try5-c2-cpu start_us=7414620 end_us=7419717 dur_us=5096
UKL-MQTT-BENCH: BUFFULL run_id=try5-c2-cpu start_us=7422812 end_us=7425630 dur_us=2818
UKL-MQTT-BENCH: BUFFULL run_id=try5-c2-cpu start_us=7429472 end_us=7432747 dur_us=3274
UKL-MQTT-BENCH: BUFFULL run_id=try5-c2-cpu start_us=7435197 end_us=7437667 dur_us=2469
UKL-MQTT-BENCH: BUFFULL run_id=try5-c2-cpu start_us=7440120 end_us=7444001 dur_us=3881
UKL-MQTT-BENCH: BUFFULL run_id=try5-c2-cpu start_us=7447091 end_us=7450697 dur_us=3605
UKL-MQTT-BENCH: BUFFULL run_id=try5-c2-cpu start_us=7453854 end_us=7456656 dur_us=2802
UKL-MQTT-BENCH: BUFFULL run_id=try5-c2-cpu start_us=7459110 end_us=7461724 dur_us=2614
UKL-MQTT-BENCH: BUFFULL run_id=try5-c2-cpu start_us=7464115 end_us=7466682 dur_us=2566
UKL-MQTT-BENCH: BUFFULL run_id=try5-c2-cpu start_us=7470521 end_us=7474623 dur_us=4101
UKL-MQTT-BENCH: BUFFULL run_id=try5-c2-cpu start_us=7477082 end_us=7480738 dur_us=3656
UKL-MQTT-BENCH: BUFFULL run_id=try5-c2-cpu start_us=7486453 end_us=7487548 dur_us=1094
UKL-MQTT-BENCH: BUFFULL run_id=try5-c2-cpu start_us=7488742 end_us=7494978 dur_us=6235
UKL-MQTT-BENCH: BUFFULL run_id=try5-c2-cpu start_us=7498724 end_us=7500641 dur_us=1917
UKL-MQTT-BENCH: BUFFULL run_id=try5-c2-cpu start_us=7503097 end_us=7505694 dur_us=2597
UKL-MQTT-BENCH: BUFFULL run_id=try5-c2-cpu start_us=7508146 end_us=7512649 dur_us=4503
UKL-MQTT-BENCH: BUFFULL run_id=try5-c2-cpu start_us=7516381 end_us=7517577 dur_us=1196
UKL-MQTT-BENCH: BUFFULL run_id=try5-c2-cpu start_us=7519403 end_us=7522614 dur_us=3210
UKL-MQTT-BENCH: BUFFULL run_id=try5-c2-cpu start_us=7525709 end_us=7527579 dur_us=1869
UKL-MQTT-BENCH: BUFFULL run_id=try5-c2-cpu start_us=7529417 end_us=7534661 dur_us=5244
UKL-MQTT-BENCH: BUFFULL run_id=try5-c2-cpu start_us=7538421 end_us=7540921 dur_us=2499
UKL-MQTT-BENCH: BUFFULL run_id=try5-c2-cpu start_us=7544034 end_us=7545580 dur_us=1546
UKL-MQTT-BENCH: BUFFULL run_id=try5-c2-cpu start_us=7548038 end_us=7552650 dur_us=4612
UKL-MQTT-BENCH: BUFFULL run_id=try5-c2-cpu start_us=7555758 end_us=7559656 dur_us=3897
UKL-MQTT-BENCH: BUFFULL run_id=try5-c2-cpu start_us=7562773 end_us=7564920 dur_us=2147
UKL-MQTT-BENCH: BUFFULL run_id=try5-c2-cpu start_us=7567390 end_us=7571659 dur_us=4268
UKL-MQTT-BENCH: BUFFULL run_id=try5-c2-cpu start_us=7574770 end_us=7577685 dur_us=2915
UKL-MQTT-BENCH: BUFFULL run_id=try5-c2-cpu start_us=7580828 end_us=7584693 dur_us=3864
UKL-MQTT-BENCH: BUFFULL run_id=try5-c2-cpu start_us=7587806 end_us=7589749 dur_us=1942
UKL-MQTT-BENCH: BUFFULL run_id=try5-c2-cpu start_us=7592212 end_us=7595898 dur_us=3686
UKL-MQTT-BENCH: BUFFULL run_id=try5-c2-cpu start_us=7598822 end_us=7601961 dur_us=3138
UKL-MQTT-BENCH: BUFFULL run_id=try5-c2-cpu start_us=7605091 end_us=7607473 dur_us=2382
UKL-MQTT-BENCH: BUFFULL run_id=try5-c2-cpu start_us=7609877 end_us=7613701 dur_us=3823
UKL-MQTT-BENCH: BUFFULL run_id=try5-c2-cpu start_us=7616609 end_us=7619630 dur_us=3020
UKL-MQTT-BENCH: BUFFULL run_id=try5-c2-cpu start_us=7622568 end_us=7623878 dur_us=1309
UKL-MQTT-BENCH: BUFFULL run_id=try5-c2-cpu start_us=7626175 end_us=7629609 dur_us=3433
UKL-MQTT-BENCH: BUFFULL run_id=try5-c2-cpu start_us=7632621 end_us=7635906 dur_us=3284
UKL-MQTT-BENCH: BUFFULL run_id=try5-c2-cpu start_us=7638829 end_us=7640856 dur_us=2027
UKL-MQTT-BENCH: BUFFULL run_id=try5-c2-cpu start_us=7643158 end_us=7646618 dur_us=3459
UKL-MQTT-BENCH: BUFFULL run_id=try5-c2-cpu start_us=7648945 end_us=7652632 dur_us=3686
UKL-MQTT-BENCH: BUFFULL run_id=try5-c2-cpu start_us=7655552 end_us=7656836 dur_us=1283
UKL-MQTT-BENCH: BUFFULL run_id=try5-c2-cpu start_us=7659139 end_us=7662948 dur_us=3808
UKL-MQTT-BENCH: BUFFULL run_id=try5-c2-cpu start_us=7665874 end_us=7669673 dur_us=3799
UKL-MQTT-BENCH: BUFFULL run_id=try5-c2-cpu start_us=7672594 end_us=7675663 dur_us=3068
UKL-MQTT-BENCH: BUFFULL run_id=try5-c2-cpu start_us=7678568 end_us=7680662 dur_us=2094
UKL-MQTT-BENCH: BUFFULL run_id=try5-c2-cpu start_us=7682973 end_us=7685573 dur_us=2599
UKL-MQTT-BENCH: BUFFULL run_id=try5-c2-cpu start_us=7687902 end_us=7690624 dur_us=2722
UKL-MQTT-BENCH: BUFFULL run_id=try5-c2-cpu start_us=7696258 end_us=7699634 dur_us=3376
UKL-MQTT-BENCH: BUFFULL run_id=try5-c2-cpu start_us=7701957 end_us=7705874 dur_us=3917
UKL-MQTT-BENCH: BUFFULL run_id=try5-c2-cpu start_us=7708789 end_us=7710658 dur_us=1869
UKL-MQTT-BENCH: BUFFULL run_id=try5-c2-cpu start_us=7712968 end_us=7716646 dur_us=3677
UKL-MQTT-BENCH: BUFFULL run_id=try5-c2-cpu start_us=7719565 end_us=7722611 dur_us=3045
UKL-MQTT-BENCH: BUFFULL run_id=try5-c2-cpu start_us=7725516 end_us=7727606 dur_us=2090
UKL-MQTT-BENCH: BUFFULL run_id=try5-c2-cpu start_us=7729914 end_us=7733622 dur_us=3708
UKL-MQTT-BENCH: BUFFULL run_id=try5-c2-cpu start_us=7736540 end_us=7739593 dur_us=3053
UKL-MQTT-BENCH: BUFFULL run_id=try5-c2-cpu start_us=7742527 end_us=7745614 dur_us=3087
UKL-MQTT-BENCH: BUFFULL run_id=try5-c2-cpu start_us=7748561 end_us=7751639 dur_us=3078
UKL-MQTT-BENCH: BUFFULL run_id=try5-c2-cpu start_us=7754556 end_us=7757618 dur_us=3062
UKL-MQTT-BENCH: BUFFULL run_id=try5-c2-cpu start_us=7760529 end_us=7763637 dur_us=3108
UKL-MQTT-BENCH: BUFFULL run_id=try5-c2-cpu start_us=7766553 end_us=7769632 dur_us=3078
UKL-MQTT-BENCH: BUFFULL run_id=try5-c2-cpu start_us=7772551 end_us=7775649 dur_us=3098
UKL-MQTT-BENCH: BUFFULL run_id=try5-c2-cpu start_us=7778558 end_us=7780608 dur_us=2049
UKL-MQTT-BENCH: BUFFULL run_id=try5-c2-cpu start_us=7782923 end_us=7786654 dur_us=3731
UKL-MQTT-BENCH: BUFFULL run_id=try5-c2-cpu start_us=7789556 end_us=7793207 dur_us=3651
UKL-MQTT-BENCH: BUFFULL run_id=try5-c2-cpu start_us=7796407 end_us=7798625 dur_us=2218
UKL-MQTT-BENCH: BUFFULL run_id=try5-c2-cpu start_us=7800942 end_us=7804650 dur_us=3707
UKL-MQTT-BENCH: BUFFULL run_id=try5-c2-cpu start_us=7807605 end_us=7810671 dur_us=3065
UKL-MQTT-BENCH: BUFFULL run_id=try5-c2-cpu start_us=7813550 end_us=7817661 dur_us=4110
UKL-MQTT-BENCH: BUFFULL run_id=try5-c2-cpu start_us=7823294 end_us=7827631 dur_us=4337
UKL-MQTT-BENCH: BUFFULL run_id=try5-c2-cpu start_us=7830548 end_us=7834800 dur_us=4252
UKL-MQTT-BENCH: BUFFULL run_id=try5-c2-cpu start_us=7838281 end_us=7841635 dur_us=3354
UKL-MQTT-BENCH: BUFFULL run_id=try5-c2-cpu start_us=7845128 end_us=7846592 dur_us=1464
UKL-MQTT-BENCH: BUFFULL run_id=try5-c2-cpu start_us=7848913 end_us=7851604 dur_us=2691
UKL-MQTT-BENCH: BUFFULL run_id=try5-c2-cpu start_us=7853900 end_us=7855536 dur_us=1635
UKL-MQTT-BENCH: BUFFULL run_id=try5-c2-cpu start_us=7857248 end_us=7861630 dur_us=4382
UKL-MQTT-BENCH: BUFFULL run_id=try5-c2-cpu start_us=7864538 end_us=7866592 dur_us=2054
UKL-MQTT-BENCH: BUFFULL run_id=try5-c2-cpu start_us=7868886 end_us=7870881 dur_us=1995
UKL-MQTT-BENCH: BUFFULL run_id=try5-c2-cpu start_us=7873196 end_us=7876877 dur_us=3680
UKL-MQTT-BENCH: BUFFULL run_id=try5-c2-cpu start_us=7879780 end_us=7882626 dur_us=2846
UKL-MQTT-BENCH: BUFFULL run_id=try5-c2-cpu start_us=7885511 end_us=7887876 dur_us=2364
UKL-MQTT-BENCH: BUFFULL run_id=try5-c2-cpu start_us=7890214 end_us=7893925 dur_us=3710
UKL-MQTT-BENCH: BUFFULL run_id=try5-c2-cpu start_us=7896845 end_us=7899617 dur_us=2771
UKL-MQTT-BENCH: BUFFULL run_id=try5-c2-cpu start_us=7902510 end_us=7904595 dur_us=2084
UKL-MQTT-BENCH: BUFFULL run_id=try5-c2-cpu start_us=7906897 end_us=7910624 dur_us=3726
UKL-MQTT-BENCH: BUFFULL run_id=try5-c2-cpu start_us=7913518 end_us=7916633 dur_us=3114
UKL-MQTT-BENCH: BUFFULL run_id=try5-c2-cpu start_us=7919524 end_us=7921611 dur_us=2086
UKL-MQTT-BENCH: BUFFULL run_id=try5-c2-cpu start_us=7923913 end_us=7927881 dur_us=3967
UKL-MQTT-BENCH: BUFFULL run_id=try5-c2-cpu start_us=7930806 end_us=7933638 dur_us=2832
UKL-MQTT-BENCH: BUFFULL run_id=try5-c2-cpu start_us=7936530 end_us=7938846 dur_us=2316
UKL-MQTT-BENCH: BUFFULL run_id=try5-c2-cpu start_us=7941128 end_us=7944641 dur_us=3512
UKL-MQTT-BENCH: BUFFULL run_id=try5-c2-cpu start_us=7947547 end_us=7950655 dur_us=3108
UKL-MQTT-BENCH: BUFFULL run_id=try5-c2-cpu start_us=7953637 end_us=7957677 dur_us=4040
UKL-MQTT-BENCH: BUFFULL run_id=try5-c2-cpu start_us=7960584 end_us=7961907 dur_us=1323
UKL-MQTT-BENCH: BUFFULL run_id=try5-c2-cpu start_us=7964252 end_us=7968315 dur_us=4062
UKL-MQTT-BENCH: BUFFULL run_id=try5-c2-cpu start_us=7971220 end_us=7974722 dur_us=3502
UKL-MQTT-BENCH: BUFFULL run_id=try5-c2-cpu start_us=7977630 end_us=7979632 dur_us=2001
UKL-MQTT-BENCH: BUFFULL run_id=try5-c2-cpu start_us=7981921 end_us=7984587 dur_us=2665
UKL-MQTT-BENCH: BUFFULL run_id=try5-c2-cpu start_us=7986898 end_us=7989879 dur_us=2980
UKL-MQTT-BENCH: BUFFULL run_id=try5-c2-cpu start_us=7993568 end_us=7994808 dur_us=1239
UKL-MQTT-BENCH: BUFFULL run_id=try5-c2-cpu start_us=7996518 end_us=7999874 dur_us=3356
UKL-MQTT-BENCH: BUFFULL run_id=try5-c2-cpu start_us=8002188 end_us=8005893 dur_us=3704
UKL-MQTT-BENCH: BUFFULL run_id=try5-c2-cpu start_us=8008840 end_us=8010932 dur_us=2091
UKL-MQTT-BENCH: BUFFULL run_id=try5-c2-cpu start_us=8013222 end_us=8016928 dur_us=3705
UKL-MQTT-BENCH: BUFFULL run_id=try5-c2-cpu start_us=8019851 end_us=8023657 dur_us=3806
UKL-MQTT-BENCH: BUFFULL run_id=try5-c2-cpu start_us=8026563 end_us=8028574 dur_us=2010
UKL-MQTT-BENCH: BUFFULL run_id=try5-c2-cpu start_us=8030894 end_us=8032902 dur_us=2008
UKL-MQTT-BENCH: BUFFULL run_id=try5-c2-cpu start_us=8035220 end_us=8038648 dur_us=3427
UKL-MQTT-BENCH: BUFFULL run_id=try5-c2-cpu start_us=8044269 end_us=8049631 dur_us=5361
UKL-MQTT-BENCH: BUFFULL run_id=try5-c2-cpu start_us=8052531 end_us=8053569 dur_us=1037
UKL-MQTT-BENCH: BUFFULL run_id=try5-c2-cpu start_us=8055876 end_us=8058585 dur_us=2708
UKL-MQTT-BENCH: BUFFULL run_id=try5-c2-cpu start_us=8060891 end_us=8064631 dur_us=3740
UKL-MQTT-BENCH: BUFFULL run_id=try5-c2-cpu start_us=8067540 end_us=8070656 dur_us=3115
UKL-MQTT-BENCH: BUFFULL run_id=try5-c2-cpu start_us=8073562 end_us=8076627 dur_us=3064
UKL-MQTT-BENCH: BUFFULL run_id=try5-c2-cpu start_us=8079527 end_us=8081591 dur_us=2064
UKL-MQTT-BENCH: BUFFULL run_id=try5-c2-cpu start_us=8083908 end_us=8087624 dur_us=3715
UKL-MQTT-BENCH: BUFFULL run_id=try5-c2-cpu start_us=8090534 end_us=8092612 dur_us=2078
UKL-MQTT-BENCH: BUFFULL run_id=try5-c2-cpu start_us=8094959 end_us=8097604 dur_us=2645
UKL-MQTT-BENCH: BUFFULL run_id=try5-c2-cpu start_us=8099912 end_us=8103620 dur_us=3707
UKL-MQTT-BENCH: BUFFULL run_id=try5-c2-cpu start_us=8106541 end_us=8109647 dur_us=3105
UKL-MQTT-BENCH: BUFFULL run_id=try5-c2-cpu start_us=8112565 end_us=8114574 dur_us=2008
UKL-MQTT-BENCH: BUFFULL run_id=try5-c2-cpu start_us=8117482 end_us=8120641 dur_us=3158
UKL-MQTT-BENCH: BUFFULL run_id=try5-c2-cpu start_us=8123555 end_us=8126596 dur_us=3041
UKL-MQTT-BENCH: BUFFULL run_id=try5-c2-cpu start_us=8128905 end_us=8131565 dur_us=2660
UKL-MQTT-BENCH: BUFFULL run_id=try5-c2-cpu start_us=8133865 end_us=8137637 dur_us=3771
UKL-MQTT-BENCH: BUFFULL run_id=try5-c2-cpu start_us=8140547 end_us=8143708 dur_us=3160
UKL-MQTT-BENCH: BUFFULL run_id=try5-c2-cpu start_us=8147219 end_us=8149618 dur_us=2398
UKL-MQTT-BENCH: BUFFULL run_id=try5-c2-cpu start_us=8152413 end_us=8155751 dur_us=3337
UKL-MQTT-BENCH: BUFFULL run_id=try5-c2-cpu start_us=8158641 end_us=8160636 dur_us=1995
UKL-MQTT-BENCH: BUFFULL run_id=try5-c2-cpu start_us=8162947 end_us=8165596 dur_us=2648
UKL-MQTT-BENCH: BUFFULL run_id=try5-c2-cpu start_us=8167909 end_us=8171653 dur_us=3744
UKL-MQTT-BENCH: BUFFULL run_id=try5-c2-cpu start_us=8174541 end_us=8176641 dur_us=2099
UKL-MQTT-BENCH: BUFFULL run_id=try5-c2-cpu start_us=8178956 end_us=8181853 dur_us=2897
UKL-MQTT-BENCH: BUFFULL run_id=try5-c2-cpu start_us=8184794 end_us=8187889 dur_us=3095
UKL-MQTT-BENCH: BUFFULL run_id=try5-c2-cpu start_us=8190801 end_us=8193636 dur_us=2835
UKL-MQTT-BENCH: BUFFULL run_id=try5-c2-cpu start_us=8195932 end_us=8199640 dur_us=3707
UKL-MQTT-BENCH: BUFFULL run_id=try5-c2-cpu start_us=8202541 end_us=8205632 dur_us=3090
UKL-MQTT-BENCH: BUFFULL run_id=try5-c2-cpu start_us=8208606 end_us=8211641 dur_us=3035
UKL-MQTT-BENCH: BUFFULL run_id=try5-c2-cpu start_us=8214540 end_us=8217644 dur_us=3103
UKL-MQTT-BENCH: BUFFULL run_id=try5-c2-cpu start_us=8220541 end_us=8223630 dur_us=3088
UKL-MQTT-BENCH: BUFFULL run_id=try5-c2-cpu start_us=8226528 end_us=8230938 dur_us=4409
UKL-MQTT-BENCH: BUFFULL run_id=try5-c2-cpu start_us=8234451 end_us=8236870 dur_us=2418
UKL-MQTT-BENCH: BUFFULL run_id=try5-c2-cpu start_us=8242247 end_us=8247620 dur_us=5372
UKL-MQTT-BENCH: BUFFULL run_id=try5-c2-cpu start_us=8251131 end_us=8253641 dur_us=2510
UKL-MQTT-BENCH: BUFFULL run_id=try5-c2-cpu start_us=8256552 end_us=8261626 dur_us=5074
UKL-MQTT-BENCH: BUFFULL run_id=try5-c2-cpu start_us=8265144 end_us=8267642 dur_us=2498
UKL-MQTT-BENCH: BUFFULL run_id=try5-c2-cpu start_us=8270534 end_us=8273619 dur_us=3085
UKL-MQTT-BENCH: BUFFULL run_id=try5-c2-cpu start_us=8276532 end_us=8277873 dur_us=1341
UKL-MQTT-BENCH: BUFFULL run_id=try5-c2-cpu start_us=8280183 end_us=8283863 dur_us=3679
UKL-MQTT-BENCH: BUFFULL run_id=try5-c2-cpu start_us=8286782 end_us=8289888 dur_us=3105
UKL-MQTT-BENCH: BUFFULL run_id=try5-c2-cpu start_us=8292785 end_us=8294886 dur_us=2100
UKL-MQTT-BENCH: BUFFULL run_id=try5-c2-cpu start_us=8297172 end_us=8300616 dur_us=3444
UKL-MQTT-BENCH: BUFFULL run_id=try5-c2-cpu start_us=8303525 end_us=8306891 dur_us=3366
UKL-MQTT-BENCH: BUFFULL run_id=try5-c2-cpu start_us=8309789 end_us=8311845 dur_us=2055
UKL-MQTT-BENCH: BUFFULL run_id=try5-c2-cpu start_us=8314153 end_us=8317615 dur_us=3462
UKL-MQTT-BENCH: BUFFULL run_id=try5-c2-cpu start_us=8320514 end_us=8323621 dur_us=3107
UKL-MQTT-BENCH: BUFFULL run_id=try5-c2-cpu start_us=8326529 end_us=8328821 dur_us=2292
UKL-MQTT-BENCH: BUFFULL run_id=try5-c2-cpu start_us=8331116 end_us=8334642 dur_us=3525
UKL-MQTT-BENCH: BUFFULL run_id=try5-c2-cpu start_us=8337547 end_us=8340625 dur_us=3077
UKL-MQTT-BENCH: BUFFULL run_id=try5-c2-cpu start_us=8343527 end_us=8347987 dur_us=4459
UKL-MQTT-BENCH: BUFFULL run_id=try5-c2-cpu start_us=8353459 end_us=8357590 dur_us=4130
UKL-MQTT-BENCH: BUFFULL run_id=try5-c2-cpu start_us=8360485 end_us=8363633 dur_us=3148
UKL-MQTT-BENCH: BUFFULL run_id=try5-c2-cpu start_us=8366543 end_us=8367628 dur_us=1085
UKL-MQTT-BENCH: BUFFULL run_id=try5-c2-cpu start_us=8369365 end_us=8371585 dur_us=2219
UKL-MQTT-BENCH: BUFFULL run_id=try5-c2-cpu start_us=8373304 end_us=8374565 dur_us=1260
UKL-MQTT-BENCH: BUFFULL run_id=try5-c2-cpu start_us=8376274 end_us=8380631 dur_us=4356
UKL-MQTT-BENCH: BUFFULL run_id=try5-c2-cpu start_us=8383528 end_us=8385615 dur_us=2086
UKL-MQTT-BENCH: BUFFULL run_id=try5-c2-cpu start_us=8387920 end_us=8390648 dur_us=2727
UKL-MQTT-BENCH: BUFFULL run_id=try5-c2-cpu start_us=8392950 end_us=8396632 dur_us=3682
UKL-MQTT-BENCH: BUFFULL run_id=try5-c2-cpu start_us=8399528 end_us=8402626 dur_us=3098
UKL-MQTT-BENCH: BUFFULL run_id=try5-c2-cpu start_us=8405531 end_us=8407647 dur_us=2116
UKL-MQTT-BENCH: BUFFULL run_id=try5-c2-cpu start_us=8409964 end_us=8413629 dur_us=3665
UKL-MQTT-BENCH: BUFFULL run_id=try5-c2-cpu start_us=8416532 end_us=8418861 dur_us=2328
UKL-MQTT-BENCH: BUFFULL run_id=try5-c2-cpu start_us=8421774 end_us=8424588 dur_us=2813
UKL-MQTT-BENCH: BUFFULL run_id=try5-c2-cpu start_us=8426896 end_us=8429580 dur_us=2684
UKL-MQTT-BENCH: BUFFULL run_id=try5-c2-cpu start_us=8432537 end_us=8437727 dur_us=5189
UKL-MQTT-BENCH: BUFFULL run_id=try5-c2-cpu start_us=8441213 end_us=8443617 dur_us=2403
UKL-MQTT-BENCH: BUFFULL run_id=try5-c2-cpu start_us=8446521 end_us=8447616 dur_us=1095
UKL-MQTT-BENCH: BUFFULL run_id=try5-c2-cpu start_us=8449325 end_us=8453613 dur_us=4287
UKL-MQTT-BENCH: BUFFULL run_id=try5-c2-cpu start_us=8456516 end_us=8458589 dur_us=2073
UKL-MQTT-BENCH: BUFFULL run_id=try5-c2-cpu start_us=8460902 end_us=8463622 dur_us=2719
UKL-MQTT-BENCH: BUFFULL run_id=try5-c2-cpu start_us=8466528 end_us=8467554 dur_us=1025
UKL-MQTT-BENCH: BUFFULL run_id=try5-c2-cpu start_us=8469267 end_us=8473640 dur_us=4373
UKL-MQTT-BENCH: BUFFULL run_id=try5-c2-cpu start_us=8476550 end_us=8479883 dur_us=3333
UKL-MQTT-BENCH: BUFFULL run_id=try5-c2-cpu start_us=8482777 end_us=8484874 dur_us=2097
UKL-MQTT-BENCH: BUFFULL run_id=try5-c2-cpu start_us=8487168 end_us=8490600 dur_us=3432
UKL-MQTT-BENCH: BUFFULL run_id=try5-c2-cpu start_us=8493496 end_us=8496654 dur_us=3157
UKL-MQTT-BENCH: BUFFULL run_id=try5-c2-cpu start_us=8499559 end_us=8502637 dur_us=3077
UKL-MQTT-BENCH: BUFFULL run_id=try5-c2-cpu start_us=8505541 end_us=8508636 dur_us=3095
UKL-MQTT-BENCH: BUFFULL run_id=try5-c2-cpu start_us=8511538 end_us=8513606 dur_us=2068
UKL-MQTT-BENCH: BUFFULL run_id=try5-c2-cpu start_us=8515923 end_us=8519641 dur_us=3717
UKL-MQTT-BENCH: BUFFULL run_id=try5-c2-cpu start_us=8522555 end_us=8525658 dur_us=3103
UKL-MQTT-BENCH: BUFFULL run_id=try5-c2-cpu start_us=8528567 end_us=8530581 dur_us=2013
UKL-MQTT-BENCH: BUFFULL run_id=try5-c2-cpu start_us=8532884 end_us=8536605 dur_us=3720
UKL-MQTT-BENCH: BUFFULL run_id=try5-c2-cpu start_us=8539504 end_us=8542660 dur_us=3155
UKL-MQTT-BENCH: BUFFULL run_id=try5-c2-cpu start_us=8545558 end_us=8548609 dur_us=3051
UKL-MQTT-BENCH: BUFFULL run_id=try5-c2-cpu start_us=8551499 end_us=8553586 dur_us=2086
UKL-MQTT-BENCH: BUFFULL run_id=try5-c2-cpu start_us=8555898 end_us=8559665 dur_us=3767
UKL-MQTT-BENCH: BUFFULL run_id=try5-c2-cpu start_us=8562566 end_us=8565612 dur_us=3046
UKL-MQTT-BENCH: BUFFULL run_id=try5-c2-cpu start_us=8568679 end_us=8572711 dur_us=4031
UKL-MQTT-BENCH: BUFFULL run_id=try5-c2-cpu start_us=8575615 end_us=8577607 dur_us=1992
UKL-MQTT-BENCH: BUFFULL run_id=try5-c2-cpu start_us=8579916 end_us=8583607 dur_us=3690
UKL-MQTT-BENCH: BUFFULL run_id=try5-c2-cpu start_us=8586654 end_us=8589699 dur_us=3044
UKL-MQTT-BENCH: BUFFULL run_id=try5-c2-cpu start_us=8592645 end_us=8594642 dur_us=1997
UKL-MQTT-BENCH: BUFFULL run_id=try5-c2-cpu start_us=8596962 end_us=8600677 dur_us=3714
UKL-MQTT-BENCH: BUFFULL run_id=try5-c2-cpu start_us=8603617 end_us=8606707 dur_us=3089
UKL-MQTT-BENCH: BUFFULL run_id=try5-c2-cpu start_us=8609661 end_us=8611693 dur_us=2032
UKL-MQTT-BENCH: BUFFULL run_id=try5-c2-cpu start_us=8614601 end_us=8617648 dur_us=3047
UKL-MQTT-BENCH: BUFFULL run_id=try5-c2-cpu start_us=8619964 end_us=8623908 dur_us=3943
UKL-MQTT-BENCH: BUFFULL run_id=try5-c2-cpu start_us=8626810 end_us=8628604 dur_us=1794
UKL-MQTT-BENCH: BUFFULL run_id=try5-c2-cpu start_us=8630914 end_us=8633611 dur_us=2696
UKL-MQTT-BENCH: BUFFULL run_id=try5-c2-cpu start_us=8635927 end_us=8639623 dur_us=3695
UKL-MQTT-BENCH: BUFFULL run_id=try5-c2-cpu start_us=8642524 end_us=8644623 dur_us=2098
UKL-MQTT-BENCH: BUFFULL run_id=try5-c2-cpu start_us=8646930 end_us=8650628 dur_us=3697
UKL-MQTT-BENCH: BUFFULL run_id=try5-c2-cpu start_us=8653532 end_us=8656604 dur_us=3071
UKL-MQTT-BENCH: BUFFULL run_id=try5-c2-cpu start_us=8659498 end_us=8661865 dur_us=2367
UKL-MQTT-BENCH: BUFFULL run_id=try5-c2-cpu start_us=8664202 end_us=8667601 dur_us=3399
UKL-MQTT-BENCH: BUFFULL run_id=try5-c2-cpu start_us=8670500 end_us=8672606 dur_us=2105
UKL-MQTT-BENCH: BUFFULL run_id=try5-c2-cpu start_us=8674914 end_us=8678821 dur_us=3907
UKL-MQTT-BENCH: BUFFULL run_id=try5-c2-cpu start_us=8681730 end_us=8683565 dur_us=1834
UKL-MQTT-BENCH: BUFFULL run_id=try5-c2-cpu start_us=8685886 end_us=8689652 dur_us=3766
UKL-MQTT-BENCH: BUFFULL run_id=try5-c2-cpu start_us=8692562 end_us=8695614 dur_us=3051
UKL-MQTT-BENCH: BUFFULL run_id=try5-c2-cpu start_us=8698521 end_us=8701908 dur_us=3387
UKL-MQTT-BENCH: BUFFULL run_id=try5-c2-cpu start_us=8704826 end_us=8706849 dur_us=2022
UKL-MQTT-BENCH: BUFFULL run_id=try5-c2-cpu start_us=8709141 end_us=8712602 dur_us=3461
UKL-MQTT-BENCH: BUFFULL run_id=try5-c2-cpu start_us=8715512 end_us=8718911 dur_us=3398
UKL-MQTT-BENCH: BUFFULL run_id=try5-c2-cpu start_us=8721818 end_us=8723815 dur_us=1997
UKL-MQTT-BENCH: BUFFULL run_id=try5-c2-cpu start_us=8726109 end_us=8729611 dur_us=3502
UKL-MQTT-BENCH: BUFFULL run_id=try5-c2-cpu start_us=8732513 end_us=8735633 dur_us=3120
UKL-MQTT-BENCH: BUFFULL run_id=try5-c2-cpu start_us=8738542 end_us=8743687 dur_us=5144
UKL-MQTT-BENCH: BUFFULL run_id=try5-c2-cpu start_us=8747187 end_us=8749694 dur_us=2507
UKL-MQTT-BENCH: BUFFULL run_id=try5-c2-cpu start_us=8752603 end_us=8754609 dur_us=2005
UKL-MQTT-BENCH: BUFFULL run_id=try5-c2-cpu start_us=8756904 end_us=8760611 dur_us=3706
UKL-MQTT-BENCH: BUFFULL run_id=try5-c2-cpu start_us=8763512 end_us=8766667 dur_us=3155
UKL-MQTT-BENCH: BUFFULL run_id=try5-c2-cpu start_us=8769593 end_us=8771650 dur_us=2056
UKL-MQTT-BENCH: BUFFULL run_id=try5-c2-cpu start_us=8774545 end_us=8777630 dur_us=3084
UKL-MQTT-BENCH: BUFFULL run_id=try5-c2-cpu start_us=8779934 end_us=8783620 dur_us=3686
UKL-MQTT-BENCH: BUFFULL run_id=try5-c2-cpu start_us=8786533 end_us=8788600 dur_us=2067
UKL-MQTT-BENCH: BUFFULL run_id=try5-c2-cpu start_us=8791503 end_us=8794591 dur_us=3088
UKL-MQTT-BENCH: BUFFULL run_id=try5-c2-cpu start_us=8796893 end_us=8799610 dur_us=2717
UKL-MQTT-BENCH: BUFFULL run_id=try5-c2-cpu start_us=8801912 end_us=8804567 dur_us=2655
UKL-MQTT-BENCH: BUFFULL run_id=try5-c2-cpu start_us=8807524 end_us=8810646 dur_us=3122
UKL-MQTT-BENCH: BUFFULL run_id=try5-c2-cpu start_us=8812950 end_us=8816660 dur_us=3710
UKL-MQTT-BENCH: BUFFULL run_id=try5-c2-cpu start_us=8819561 end_us=8821597 dur_us=2035
UKL-MQTT-BENCH: BUFFULL run_id=try5-c2-cpu start_us=8824504 end_us=8827604 dur_us=3099
UKL-MQTT-BENCH: BUFFULL run_id=try5-c2-cpu start_us=8829932 end_us=8833717 dur_us=3785
UKL-MQTT-BENCH: BUFFULL run_id=try5-c2-cpu start_us=8836637 end_us=8838827 dur_us=2190
UKL-MQTT-BENCH: BUFFULL run_id=try5-c2-cpu start_us=8841739 end_us=8844636 dur_us=2896
UKL-MQTT-BENCH: BUFFULL run_id=try5-c2-cpu start_us=8846938 end_us=8850598 dur_us=3659
UKL-MQTT-BENCH: BUFFULL run_id=try5-c2-cpu start_us=8853489 end_us=8855621 dur_us=2132
UKL-MQTT-BENCH: BUFFULL run_id=try5-c2-cpu start_us=8857929 end_us=8861613 dur_us=3684
UKL-MQTT-BENCH: BUFFULL run_id=try5-c2-cpu start_us=8864522 end_us=8866624 dur_us=2101
UKL-MQTT-BENCH: BUFFULL run_id=try5-c2-cpu start_us=8868922 end_us=8872607 dur_us=3684
UKL-MQTT-BENCH: BUFFULL run_id=try5-c2-cpu start_us=8875505 end_us=8877596 dur_us=2090
UKL-MQTT-BENCH: BUFFULL run_id=try5-c2-cpu start_us=8879919 end_us=8883736 dur_us=3817
UKL-MQTT-BENCH: BUFFULL run_id=try5-c2-cpu start_us=8886636 end_us=8889616 dur_us=2979
UKL-MQTT-BENCH: BUFFULL run_id=try5-c2-cpu start_us=8892516 end_us=8895620 dur_us=3103
UKL-MQTT-BENCH: BUFFULL run_id=try5-c2-cpu start_us=8898547 end_us=8900582 dur_us=2035
UKL-MQTT-BENCH: BUFFULL run_id=try5-c2-cpu start_us=8902890 end_us=8905608 dur_us=2718
UKL-MQTT-BENCH: BUFFULL run_id=try5-c2-cpu start_us=8907939 end_us=8911647 dur_us=3707
UKL-MQTT-BENCH: BUFFULL run_id=try5-c2-cpu start_us=8914560 end_us=8917615 dur_us=3054
UKL-MQTT-BENCH: BUFFULL run_id=try5-c2-cpu start_us=8920534 end_us=8922604 dur_us=2069
UKL-MQTT-BENCH: BUFFULL run_id=try5-c2-cpu start_us=8924900 end_us=8928613 dur_us=3712
UKL-MQTT-BENCH: BUFFULL run_id=try5-c2-cpu start_us=8931519 end_us=8934581 dur_us=3061
UKL-MQTT-BENCH: BUFFULL run_id=try5-c2-cpu start_us=8937533 end_us=8939607 dur_us=2074
UKL-MQTT-BENCH: BUFFULL run_id=try5-c2-cpu start_us=8941912 end_us=8944590 dur_us=2677
UKL-MQTT-BENCH: BUFFULL run_id=try5-c2-cpu start_us=8947556 end_us=8952905 dur_us=5349
UKL-MQTT-BENCH: BUFFULL run_id=try5-c2-cpu start_us=8956414 end_us=8960670 dur_us=4256
UKL-MQTT-BENCH: BUFFULL run_id=try5-c2-cpu start_us=8965452 end_us=8969646 dur_us=4193
UKL-MQTT-BENCH: BUFFULL run_id=try5-c2-cpu start_us=8973144 end_us=8975899 dur_us=2755
UKL-MQTT-BENCH: BUFFULL run_id=try5-c2-cpu start_us=8978797 end_us=8980842 dur_us=2044
UKL-MQTT-BENCH: BUFFULL run_id=try5-c2-cpu start_us=8983149 end_us=8986866 dur_us=3717
UKL-MQTT-BENCH: BUFFULL run_id=try5-c2-cpu start_us=8989794 end_us=8993630 dur_us=3836
UKL-MQTT-BENCH: BUFFULL run_id=try5-c2-cpu start_us=8996541 end_us=8997840 dur_us=1298
UKL-MQTT-BENCH: BUFFULL run_id=try5-c2-cpu start_us=9000154 end_us=9003625 dur_us=3471
UKL-MQTT-BENCH: BUFFULL run_id=try5-c2-cpu start_us=9006545 end_us=9009922 dur_us=3376
UKL-MQTT-BENCH: BUFFULL run_id=try5-c2-cpu start_us=9012825 end_us=9014872 dur_us=2047
UKL-MQTT-BENCH: BUFFULL run_id=try5-c2-cpu start_us=9017180 end_us=9020566 dur_us=3386
UKL-MQTT-BENCH: BUFFULL run_id=try5-c2-cpu start_us=9023465 end_us=9025611 dur_us=2146
UKL-MQTT-BENCH: BUFFULL run_id=try5-c2-cpu start_us=9027926 end_us=9030597 dur_us=2671
UKL-MQTT-BENCH: BUFFULL run_id=try5-c2-cpu start_us=9032904 end_us=9035901 dur_us=2997
UKL-MQTT-BENCH: BUFFULL run_id=try5-c2-cpu start_us=9038817 end_us=9041622 dur_us=2805
UKL-MQTT-BENCH: BUFFULL run_id=try5-c2-cpu start_us=9043942 end_us=9047597 dur_us=3654
UKL-MQTT-BENCH: BUFFULL run_id=try5-c2-cpu start_us=9050500 end_us=9052872 dur_us=2371
UKL-MQTT-BENCH: BUFFULL run_id=try5-c2-cpu start_us=9055790 end_us=9058633 dur_us=2842
UKL-MQTT-BENCH: BUFFULL run_id=try5-c2-cpu start_us=9060938 end_us=9065625 dur_us=4687
UKL-MQTT-BENCH: BUFFULL run_id=try5-c2-cpu start_us=9069141 end_us=9070596 dur_us=1454
UKL-MQTT-BENCH: BUFFULL run_id=try5-c2-cpu start_us=9072911 end_us=9075637 dur_us=2726
UKL-MQTT-BENCH: BUFFULL run_id=try5-c2-cpu start_us=9077962 end_us=9082624 dur_us=4661
UKL-MQTT-BENCH: BUFFULL run_id=try5-c2-cpu start_us=9086208 end_us=9087634 dur_us=1426
UKL-MQTT-BENCH: BUFFULL run_id=try5-c2-cpu start_us=9089958 end_us=9092565 dur_us=2606
UKL-MQTT-BENCH: BUFFULL run_id=try5-c2-cpu start_us=9095487 end_us=9099639 dur_us=4152
UKL-MQTT-BENCH: BUFFULL run_id=try5-c2-cpu start_us=9102538 end_us=9104613 dur_us=2075
UKL-MQTT-BENCH: BUFFULL run_id=try5-c2-cpu start_us=9106926 end_us=9109834 dur_us=2908
UKL-MQTT-BENCH: BUFFULL run_id=try5-c2-cpu start_us=9112744 end_us=9116648 dur_us=3903
UKL-MQTT-BENCH: BUFFULL run_id=try5-c2-cpu start_us=9119552 end_us=9121894 dur_us=2341
UKL-MQTT-BENCH: BUFFULL run_id=try5-c2-cpu start_us=9124205 end_us=9128903 dur_us=4697
UKL-MQTT-BENCH: BUFFULL run_id=try5-c2-cpu start_us=9132414 end_us=9134854 dur_us=2439
UKL-MQTT-BENCH: BUFFULL run_id=try5-c2-cpu start_us=9137764 end_us=9140865 dur_us=3101
UKL-MQTT-BENCH: BUFFULL run_id=try5-c2-cpu start_us=9143796 end_us=9147628 dur_us=3831
UKL-MQTT-BENCH: BUFFULL run_id=try5-c2-cpu start_us=9150535 end_us=9154773 dur_us=4237
UKL-MQTT-BENCH: BUFFULL run_id=try5-c2-cpu start_us=9160243 end_us=9164621 dur_us=4377
UKL-MQTT-BENCH: BUFFULL run_id=try5-c2-cpu start_us=9167535 end_us=9170657 dur_us=3121
UKL-MQTT-BENCH: BUFFULL run_id=try5-c2-cpu start_us=9175542 end_us=9177586 dur_us=2043
UKL-MQTT-BENCH: BUFFULL run_id=try5-c2-cpu start_us=9179302 end_us=9182558 dur_us=3255
UKL-MQTT-BENCH: BUFFULL run_id=try5-c2-cpu start_us=9184868 end_us=9187637 dur_us=2768
UKL-MQTT-BENCH: BUFFULL run_id=try5-c2-cpu start_us=9189936 end_us=9191831 dur_us=1895
UKL-MQTT-BENCH: BUFFULL run_id=try5-c2-cpu start_us=9194126 end_us=9196583 dur_us=2457
UKL-MQTT-BENCH: BUFFULL run_id=try5-c2-cpu start_us=9198886 end_us=9203714 dur_us=4827
UKL-MQTT-BENCH: BUFFULL run_id=try5-c2-cpu start_us=9206612 end_us=9207839 dur_us=1227
UKL-MQTT-BENCH: BUFFULL run_id=try5-c2-cpu start_us=9210136 end_us=9213855 dur_us=3719
UKL-MQTT-BENCH: BUFFULL run_id=try5-c2-cpu start_us=9216791 end_us=9219605 dur_us=2814
UKL-MQTT-BENCH: BUFFULL run_id=try5-c2-cpu start_us=9222504 end_us=9223556 dur_us=1051
UKL-MQTT-BENCH: BUFFULL run_id=try5-c2-cpu start_us=9225269 end_us=9229643 dur_us=4373
UKL-MQTT-BENCH: BUFFULL run_id=try5-c2-cpu start_us=9232554 end_us=9235620 dur_us=3066
UKL-MQTT-BENCH: BUFFULL run_id=try5-c2-cpu start_us=9238523 end_us=9241681 dur_us=3158
UKL-MQTT-BENCH: BUFFULL run_id=try5-c2-cpu start_us=9244633 end_us=9247618 dur_us=2984
UKL-MQTT-BENCH: BUFFULL run_id=try5-c2-cpu start_us=9250534 end_us=9252596 dur_us=2062
UKL-MQTT-BENCH: BUFFULL run_id=try5-c2-cpu start_us=9254905 end_us=9258675 dur_us=3770
UKL-MQTT-BENCH: BUFFULL run_id=try5-c2-cpu start_us=9261586 end_us=9264646 dur_us=3059
UKL-MQTT-BENCH: BUFFULL run_id=try5-c2-cpu start_us=9267561 end_us=9268564 dur_us=1002
UKL-MQTT-BENCH: BUFFULL run_id=try5-c2-cpu start_us=9270279 end_us=9274612 dur_us=4333
UKL-MQTT-BENCH: BUFFULL run_id=try5-c2-cpu start_us=9278803 end_us=9281585 dur_us=2781
UKL-MQTT-BENCH: BUFFULL run_id=try5-c2-cpu start_us=9283895 end_us=9287661 dur_us=3766
UKL-MQTT-BENCH: BUFFULL run_id=try5-c2-cpu start_us=9290570 end_us=9293589 dur_us=3018
UKL-MQTT-BENCH: BUFFULL run_id=try5-c2-cpu start_us=9296503 end_us=9300995 dur_us=4491
UKL-MQTT-BENCH: BUFFULL run_id=try5-c2-cpu start_us=9304502 end_us=9305853 dur_us=1351
UKL-MQTT-BENCH: BUFFULL run_id=try5-c2-cpu start_us=9308156 end_us=9311869 dur_us=3713
UKL-MQTT-BENCH: BUFFULL run_id=try5-c2-cpu start_us=9314772 end_us=9317910 dur_us=3137
UKL-MQTT-BENCH: BUFFULL run_id=try5-c2-cpu start_us=9320834 end_us=9322856 dur_us=2021
UKL-MQTT-BENCH: BUFFULL run_id=try5-c2-cpu start_us=9325155 end_us=9328868 dur_us=3713
UKL-MQTT-BENCH: BUFFULL run_id=try5-c2-cpu start_us=9331804 end_us=9334869 dur_us=3065
UKL-MQTT-BENCH: BUFFULL run_id=try5-c2-cpu start_us=9337777 end_us=9340881 dur_us=3104
UKL-MQTT-BENCH: BUFFULL run_id=try5-c2-cpu start_us=9343813 end_us=9345868 dur_us=2054
UKL-MQTT-BENCH: BUFFULL run_id=try5-c2-cpu start_us=9348173 end_us=9351887 dur_us=3714
UKL-MQTT-BENCH: BUFFULL run_id=try5-c2-cpu start_us=9354800 end_us=9357858 dur_us=3058
UKL-MQTT-BENCH: BUFFULL run_id=try5-c2-cpu start_us=9360763 end_us=9362840 dur_us=2076
UKL-MQTT-BENCH: BUFFULL run_id=try5-c2-cpu start_us=9365759 end_us=9368879 dur_us=3119
UKL-MQTT-BENCH: BUFFULL run_id=try5-c2-cpu start_us=9371193 end_us=9374896 dur_us=3703
UKL-MQTT-BENCH: BUFFULL run_id=try5-c2-cpu start_us=9377795 end_us=9380847 dur_us=3052
UKL-MQTT-BENCH: BUFFULL run_id=try5-c2-cpu start_us=9383772 end_us=9385864 dur_us=2091
UKL-MQTT-BENCH: BUFFULL run_id=try5-c2-cpu start_us=9388168 end_us=9391742 dur_us=3574
UKL-MQTT-BENCH: BUFFULL run_id=try5-c2-cpu start_us=9394647 end_us=9397605 dur_us=2957
UKL-MQTT-BENCH: BUFFULL run_id=try5-c2-cpu start_us=9400520 end_us=9402863 dur_us=2343
UKL-MQTT-BENCH: BUFFULL run_id=try5-c2-cpu start_us=9405762 end_us=9408638 dur_us=2875
UKL-MQTT-BENCH: BUFFULL run_id=try5-c2-cpu start_us=9410950 end_us=9414612 dur_us=3662
UKL-MQTT-BENCH: BUFFULL run_id=try5-c2-cpu start_us=9417517 end_us=9419840 dur_us=2323
UKL-MQTT-BENCH: BUFFULL run_id=try5-c2-cpu start_us=9422754 end_us=9425610 dur_us=2856
UKL-MQTT-BENCH: BUFFULL run_id=try5-c2-cpu start_us=9427929 end_us=9430595 dur_us=2666
UKL-MQTT-BENCH: BUFFULL run_id=try5-c2-cpu start_us=9433553 end_us=9437643 dur_us=4090
UKL-MQTT-BENCH: BUFFULL run_id=try5-c2-cpu start_us=9440553 end_us=9443643 dur_us=3089
UKL-MQTT-BENCH: BUFFULL run_id=try5-c2-cpu start_us=9446548 end_us=9449885 dur_us=3337
UKL-MQTT-BENCH: BUFFULL run_id=try5-c2-cpu start_us=9452786 end_us=9454610 dur_us=1824
UKL-MQTT-BENCH: BUFFULL run_id=try5-c2-cpu start_us=9456916 end_us=9460643 dur_us=3726
UKL-MQTT-BENCH: BUFFULL run_id=try5-c2-cpu start_us=9463544 end_us=9466626 dur_us=3082
UKL-MQTT-BENCH: BUFFULL run_id=try5-c2-cpu start_us=9469569 end_us=9471841 dur_us=2271
UKL-MQTT-BENCH: BUFFULL run_id=try5-c2-cpu start_us=9474161 end_us=9477847 dur_us=3686
UKL-MQTT-BENCH: BUFFULL run_id=try5-c2-cpu start_us=9480892 end_us=9483891 dur_us=2999
UKL-MQTT-BENCH: BUFFULL run_id=try5-c2-cpu start_us=9486806 end_us=9489655 dur_us=2849
UKL-MQTT-BENCH: BUFFULL run_id=try5-c2-cpu start_us=9492563 end_us=9494857 dur_us=2294
UKL-MQTT-BENCH: BUFFULL run_id=try5-c2-cpu start_us=9497152 end_us=9502652 dur_us=5499
UKL-MQTT-BENCH: BUFFULL run_id=try5-c2-cpu start_us=9508931 end_us=9511657 dur_us=2725
UKL-MQTT-BENCH: BUFFULL run_id=try5-c2-cpu start_us=9513953 end_us=9518872 dur_us=4919
UKL-MQTT-BENCH: BUFFULL run_id=try5-c2-cpu start_us=9522433 end_us=9523566 dur_us=1132
UKL-MQTT-BENCH: BUFFULL run_id=try5-c2-cpu start_us=9525881 end_us=9527825 dur_us=1944
UKL-MQTT-BENCH: BUFFULL run_id=try5-c2-cpu start_us=9529530 end_us=9532610 dur_us=3080
UKL-MQTT-BENCH: BUFFULL run_id=try5-c2-cpu start_us=9534924 end_us=9539651 dur_us=4726
UKL-MQTT-BENCH: BUFFULL run_id=try5-c2-cpu start_us=9543179 end_us=9544884 dur_us=1704
UKL-MQTT-BENCH: BUFFULL run_id=try5-c2-cpu start_us=9547197 end_us=9549617 dur_us=2420
UKL-MQTT-BENCH: BUFFULL run_id=try5-c2-cpu start_us=9551933 end_us=9556641 dur_us=4707
UKL-MQTT-BENCH: BUFFULL run_id=try5-c2-cpu start_us=9560161 end_us=9561613 dur_us=1451
UKL-MQTT-BENCH: BUFFULL run_id=try5-c2-cpu start_us=9563932 end_us=9566835 dur_us=2902
UKL-MQTT-BENCH: BUFFULL run_id=try5-c2-cpu start_us=9569810 end_us=9572642 dur_us=2831
UKL-MQTT-BENCH: BUFFULL run_id=try5-c2-cpu start_us=9574955 end_us=9578629 dur_us=3674
UKL-MQTT-BENCH: BUFFULL run_id=try5-c2-cpu start_us=9581535 end_us=9582806 dur_us=1271
UKL-MQTT-BENCH: BUFFULL run_id=try5-c2-cpu start_us=9585109 end_us=9588608 dur_us=3498
UKL-MQTT-BENCH: BUFFULL run_id=try5-c2-cpu start_us=9590930 end_us=9594611 dur_us=3681
UKL-MQTT-BENCH: BUFFULL run_id=try5-c2-cpu start_us=9597516 end_us=9598835 dur_us=1318
UKL-MQTT-BENCH: BUFFULL run_id=try5-c2-cpu start_us=9601138 end_us=9604618 dur_us=3479
UKL-MQTT-BENCH: BUFFULL run_id=try5-c2-cpu start_us=9607033 end_us=9610667 dur_us=3634
UKL-MQTT-BENCH: BUFFULL run_id=try5-c2-cpu start_us=9613571 end_us=9616704 dur_us=3133
UKL-MQTT-BENCH: BUFFULL run_id=try5-c2-cpu start_us=9619632 end_us=9621624 dur_us=1992
UKL-MQTT-BENCH: BUFFULL run_id=try5-c2-cpu start_us=9623991 end_us=9627675 dur_us=3683
UKL-MQTT-BENCH: BUFFULL run_id=try5-c2-cpu start_us=9630597 end_us=9633636 dur_us=3039
UKL-MQTT-BENCH: BUFFULL run_id=try5-c2-cpu start_us=9636553 end_us=9637564 dur_us=1010
UKL-MQTT-BENCH: BUFFULL run_id=try5-c2-cpu start_us=9639284 end_us=9643600 dur_us=4316
UKL-MQTT-BENCH: BUFFULL run_id=try5-c2-cpu start_us=9646528 end_us=9648619 dur_us=2091
UKL-MQTT-BENCH: BUFFULL run_id=try5-c2-cpu start_us=9650943 end_us=9653678 dur_us=2735
UKL-MQTT-BENCH: BUFFULL run_id=try5-c2-cpu start_us=9656034 end_us=9659689 dur_us=3654
UKL-MQTT-BENCH: BUFFULL run_id=try5-c2-cpu start_us=9662617 end_us=9665651 dur_us=3034
UKL-MQTT-BENCH: BUFFULL run_id=try5-c2-cpu start_us=9668637 end_us=9670875 dur_us=2238
UKL-MQTT-BENCH: BUFFULL run_id=try5-c2-cpu start_us=9673183 end_us=9676724 dur_us=3541
UKL-MQTT-BENCH: BUFFULL run_id=try5-c2-cpu start_us=9679640 end_us=9682644 dur_us=3003
UKL-MQTT-BENCH: BUFFULL run_id=try5-c2-cpu start_us=9685623 end_us=9687623 dur_us=2000
UKL-MQTT-BENCH: BUFFULL run_id=try5-c2-cpu start_us=9690082 end_us=9693651 dur_us=3569
UKL-MQTT-BENCH: BUFFULL run_id=try5-c2-cpu start_us=9695960 end_us=9697870 dur_us=1910
UKL-MQTT-BENCH: BUFFULL run_id=try5-c2-cpu start_us=9700182 end_us=9702843 dur_us=2661
UKL-MQTT-BENCH: BUFFULL run_id=try5-c2-cpu start_us=9705142 end_us=9708937 dur_us=3795
UKL-MQTT-BENCH: BUFFULL run_id=try5-c2-cpu start_us=9711852 end_us=9713866 dur_us=2013
UKL-MQTT-BENCH: BUFFULL run_id=try5-c2-cpu start_us=9716175 end_us=9718615 dur_us=2439
UKL-MQTT-BENCH: BUFFULL run_id=try5-c2-cpu start_us=9720939 end_us=9724679 dur_us=3740
UKL-MQTT-BENCH: BUFFULL run_id=try5-c2-cpu start_us=9727580 end_us=9728616 dur_us=1036
UKL-MQTT-BENCH: BUFFULL run_id=try5-c2-cpu start_us=9730323 end_us=9734621 dur_us=4298
UKL-MQTT-BENCH: BUFFULL run_id=try5-c2-cpu start_us=9737526 end_us=9739602 dur_us=2075
UKL-MQTT-BENCH: BUFFULL run_id=try5-c2-cpu start_us=9743458 end_us=9745560 dur_us=2102
UKL-MQTT-BENCH: BUFFULL run_id=try5-c2-cpu start_us=9747288 end_us=9751600 dur_us=4312
UKL-MQTT-BENCH: BUFFULL run_id=try5-c2-cpu start_us=9754509 end_us=9756604 dur_us=2094
UKL-MQTT-BENCH: BUFFULL run_id=try5-c2-cpu start_us=9758911 end_us=9762625 dur_us=3714
UKL-MQTT-BENCH: BUFFULL run_id=try5-c2-cpu start_us=9765522 end_us=9768631 dur_us=3109
UKL-MQTT-BENCH: BUFFULL run_id=try5-c2-cpu start_us=9771538 end_us=9774630 dur_us=3091
UKL-MQTT-BENCH: BUFFULL run_id=try5-c2-cpu start_us=9777544 end_us=9780607 dur_us=3063
UKL-MQTT-BENCH: BUFFULL run_id=try5-c2-cpu start_us=9783520 end_us=9785682 dur_us=2161
UKL-MQTT-BENCH: BUFFULL run_id=try5-c2-cpu start_us=9788594 end_us=9791696 dur_us=3102
UKL-MQTT-BENCH: BUFFULL run_id=try5-c2-cpu start_us=9794020 end_us=9798701 dur_us=4681
UKL-MQTT-BENCH: BUFFULL run_id=try5-c2-cpu start_us=9804928 end_us=9807656 dur_us=2727
UKL-MQTT-BENCH: BUFFULL run_id=try5-c2-cpu start_us=9809957 end_us=9811795 dur_us=1837
UKL-MQTT-BENCH: BUFFULL run_id=try5-c2-cpu start_us=9813532 end_us=9815555 dur_us=2022
UKL-MQTT-BENCH: BUFFULL run_id=try5-c2-cpu start_us=9817272 end_us=9819537 dur_us=2265
UKL-MQTT-BENCH: BUFFULL run_id=try5-c2-cpu start_us=9821843 end_us=9824575 dur_us=2731
UKL-MQTT-BENCH: BUFFULL run_id=try5-c2-cpu start_us=9826893 end_us=9831697 dur_us=4803
UKL-MQTT-BENCH: BUFFULL run_id=try5-c2-cpu start_us=9834582 end_us=9836591 dur_us=2009
UKL-MQTT-BENCH: BUFFULL run_id=try5-c2-cpu start_us=9838894 end_us=9843634 dur_us=4739
UKL-MQTT-BENCH: BUFFULL run_id=try5-c2-cpu start_us=9847152 end_us=9848629 dur_us=1477
UKL-MQTT-BENCH: BUFFULL run_id=try5-c2-cpu start_us=9850973 end_us=9853608 dur_us=2634
UKL-MQTT-BENCH: BUFFULL run_id=try5-c2-cpu start_us=9855922 end_us=9859888 dur_us=3966
UKL-MQTT-BENCH: BUFFULL run_id=try5-c2-cpu start_us=9863403 end_us=9865626 dur_us=2223
UKL-MQTT-BENCH: BUFFULL run_id=try5-c2-cpu start_us=9867944 end_us=9871579 dur_us=3635
UKL-MQTT-BENCH: BUFFULL run_id=try5-c2-cpu start_us=9874493 end_us=9877623 dur_us=3129
UKL-MQTT-BENCH: BUFFULL run_id=try5-c2-cpu start_us=9880538 end_us=9883620 dur_us=3081
UKL-MQTT-BENCH: BUFFULL run_id=try5-c2-cpu start_us=9886525 end_us=9890652 dur_us=4126
UKL-MQTT-BENCH: BUFFULL run_id=try5-c2-cpu start_us=9894165 end_us=9895598 dur_us=1432
UKL-MQTT-BENCH: BUFFULL run_id=try5-c2-cpu start_us=9897911 end_us=9900583 dur_us=2672
UKL-MQTT-BENCH: BUFFULL run_id=try5-c2-cpu start_us=9902906 end_us=9907647 dur_us=4741
UKL-MQTT-BENCH: BUFFULL run_id=try5-c2-cpu start_us=9911167 end_us=9912609 dur_us=1442
UKL-MQTT-BENCH: BUFFULL run_id=try5-c2-cpu start_us=9914919 end_us=9917593 dur_us=2673
UKL-MQTT-BENCH: BUFFULL run_id=try5-c2-cpu start_us=9919912 end_us=9924614 dur_us=4701
UKL-MQTT-BENCH: BUFFULL run_id=try5-c2-cpu start_us=9928120 end_us=9929632 dur_us=1512
UKL-MQTT-BENCH: BUFFULL run_id=try5-c2-cpu start_us=9931942 end_us=9934563 dur_us=2621
UKL-MQTT-BENCH: BUFFULL run_id=try5-c2-cpu start_us=9936886 end_us=9940620 dur_us=3734
UKL-MQTT-BENCH: BUFFULL run_id=try5-c2-cpu start_us=9944172 end_us=9946620 dur_us=2447
UKL-MQTT-BENCH: BUFFULL run_id=try5-c2-cpu start_us=9948954 end_us=9953626 dur_us=4672
UKL-MQTT-BENCH: BUFFULL run_id=try5-c2-cpu start_us=9957155 end_us=9958606 dur_us=1451
UKL-MQTT-BENCH: BUFFULL run_id=try5-c2-cpu start_us=9960920 end_us=9964590 dur_us=3669
UKL-MQTT-BENCH: BUFFULL run_id=try5-c2-cpu start_us=9967493 end_us=9971651 dur_us=4158
UKL-MQTT-BENCH: BUFFULL run_id=try5-c2-cpu start_us=9975168 end_us=9976591 dur_us=1423
UKL-MQTT-BENCH: BUFFULL run_id=try5-c2-cpu start_us=9978906 end_us=9983643 dur_us=4736
UKL-MQTT-BENCH: BUFFULL run_id=try5-c2-cpu start_us=9987172 end_us=9989866 dur_us=2693
UKL-MQTT-BENCH: BUFFULL run_id=try5-c2-cpu start_us=9992825 end_us=9995869 dur_us=3043
UKL-MQTT-BENCH: BUFFULL run_id=try5-c2-cpu start_us=9998768 end_us=10001894 dur_us=3125
UKL-MQTT-BENCH: BUFFULL run_id=try5-c2-cpu start_us=10004807 end_us=10006852 dur_us=2045
UKL-MQTT-BENCH: BUFFULL run_id=try5-c2-cpu start_us=10009175 end_us=10012622 dur_us=3446
UKL-MQTT-BENCH: BUFFULL run_id=try5-c2-cpu start_us=10015533 end_us=10018958 dur_us=3424
UKL-MQTT-BENCH: BUFFULL run_id=try5-c2-cpu start_us=10021867 end_us=10024859 dur_us=2991
UKL-MQTT-BENCH: BUFFULL run_id=try5-c2-cpu start_us=10027771 end_us=10032766 dur_us=4995
UKL-MQTT-BENCH: BUFFULL run_id=try5-c2-cpu start_us=10038222 end_us=10041883 dur_us=3660
UKL-MQTT-BENCH: BUFFULL run_id=try5-c2-cpu start_us=10044814 end_us=10047854 dur_us=3039
UKL-MQTT-BENCH: BUFFULL run_id=try5-c2-cpu start_us=10053280 end_us=10056647 dur_us=3367
UKL-MQTT-BENCH: BUFFULL run_id=try5-c2-cpu start_us=10058980 end_us=10061561 dur_us=2581
UKL-MQTT-BENCH: BUFFULL run_id=try5-c2-cpu start_us=10063869 end_us=10066613 dur_us=2743
UKL-MQTT-BENCH: BUFFULL run_id=try5-c2-cpu start_us=10068959 end_us=10072706 dur_us=3746
UKL-MQTT-BENCH: BUFFULL run_id=try5-c2-cpu start_us=10075615 end_us=10077559 dur_us=1943
UKL-MQTT-BENCH: BUFFULL run_id=try5-c2-cpu start_us=10079870 end_us=10083649 dur_us=3778
UKL-MQTT-BENCH: BUFFULL run_id=try5-c2-cpu start_us=10086550 end_us=10088556 dur_us=2005
UKL-MQTT-BENCH: BUFFULL run_id=try5-c2-cpu start_us=10091474 end_us=10092799 dur_us=1324
UKL-MQTT-BENCH: BUFFULL run_id=try5-c2-cpu start_us=10094515 end_us=10098822 dur_us=4307
UKL-MQTT-BENCH: BUFFULL run_id=try5-c2-cpu start_us=10101736 end_us=10103604 dur_us=1867
UKL-MQTT-BENCH: BUFFULL run_id=try5-c2-cpu start_us=10105937 end_us=10108841 dur_us=2904
UKL-MQTT-BENCH: BUFFULL run_id=try5-c2-cpu start_us=10111766 end_us=10114644 dur_us=2878
UKL-MQTT-BENCH: BUFFULL run_id=try5-c2-cpu start_us=10116945 end_us=10120637 dur_us=3691
UKL-MQTT-BENCH: BUFFULL run_id=try5-c2-cpu start_us=10123545 end_us=10125819 dur_us=2274
UKL-MQTT-BENCH: BUFFULL run_id=try5-c2-cpu start_us=10128743 end_us=10131627 dur_us=2883
UKL-MQTT-BENCH: BUFFULL run_id=try5-c2-cpu start_us=10133933 end_us=10137682 dur_us=3749
UKL-MQTT-BENCH: BUFFULL run_id=try5-c2-cpu start_us=10140597 end_us=10142638 dur_us=2041
UKL-MQTT-BENCH: BUFFULL run_id=try5-c2-cpu start_us=10144966 end_us=10148620 dur_us=3653
UKL-MQTT-BENCH: BUFFULL run_id=try5-c2-cpu start_us=10151536 end_us=10153875 dur_us=2339
UKL-MQTT-BENCH: BUFFULL run_id=try5-c2-cpu start_us=10156183 end_us=10158565 dur_us=2381
UKL-MQTT-BENCH: BUFFULL run_id=try5-c2-cpu start_us=10160889 end_us=10164631 dur_us=3741
UKL-MQTT-BENCH: BUFFULL run_id=try5-c2-cpu start_us=10167540 end_us=10170629 dur_us=3088
UKL-MQTT-BENCH: BUFFULL run_id=try5-c2-cpu start_us=10173533 end_us=10174548 dur_us=1015
UKL-MQTT-BENCH: BUFFULL run_id=try5-c2-cpu start_us=10176265 end_us=10180617 dur_us=4351
UKL-MQTT-BENCH: BUFFULL run_id=try5-c2-cpu start_us=10183525 end_us=10185935 dur_us=2410
UKL-MQTT-BENCH: BUFFULL run_id=try5-c2-cpu start_us=10188842 end_us=10190555 dur_us=1713
UKL-MQTT-BENCH: BUFFULL run_id=try5-c2-cpu start_us=10192861 end_us=10196847 dur_us=3985
UKL-MQTT-BENCH: BUFFULL run_id=try5-c2-cpu start_us=10199758 end_us=10202635 dur_us=2876
UKL-MQTT-BENCH: BUFFULL run_id=try5-c2-cpu start_us=10205557 end_us=10207567 dur_us=2009
UKL-MQTT-BENCH: BUFFULL run_id=try5-c2-cpu start_us=10209922 end_us=10213852 dur_us=3930
UKL-MQTT-BENCH: BUFFULL run_id=try5-c2-cpu start_us=10216813 end_us=10219615 dur_us=2802
UKL-MQTT-BENCH: BUFFULL run_id=try5-c2-cpu start_us=10222531 end_us=10225629 dur_us=3097
UKL-MQTT-BENCH: BUFFULL run_id=try5-c2-cpu start_us=10227943 end_us=10231599 dur_us=3655
UKL-MQTT-BENCH: BUFFULL run_id=try5-c2-cpu start_us=10234524 end_us=10237637 dur_us=3112
UKL-MQTT-BENCH: BUFFULL run_id=try5-c2-cpu start_us=10240557 end_us=10242619 dur_us=2062
UKL-MQTT-BENCH: BUFFULL run_id=try5-c2-cpu start_us=10245594 end_us=10248635 dur_us=3040
UKL-MQTT-BENCH: BUFFULL run_id=try5-c2-cpu start_us=10250956 end_us=10254625 dur_us=3668
UKL-MQTT-BENCH: BUFFULL run_id=try5-c2-cpu start_us=10257560 end_us=10259628 dur_us=2068
UKL-MQTT-BENCH: BUFFULL run_id=try5-c2-cpu start_us=10261958 end_us=10263803 dur_us=1844
UKL-MQTT-BENCH: BUFFULL run_id=try5-c2-cpu start_us=10266108 end_us=10269603 dur_us=3495
UKL-MQTT-BENCH: BUFFULL run_id=try5-c2-cpu start_us=10272512 end_us=10274868 dur_us=2356
UKL-MQTT-BENCH: BUFFULL run_id=try5-c2-cpu start_us=10277164 end_us=10279848 dur_us=2683
UKL-MQTT-BENCH: BUFFULL run_id=try5-c2-cpu start_us=10282153 end_us=10286623 dur_us=4469
UKL-MQTT-BENCH: BUFFULL run_id=try5-c2-cpu start_us=10290123 end_us=10292620 dur_us=2497
UKL-MQTT-BENCH: BUFFULL run_id=try5-c2-cpu start_us=10294939 end_us=10296811 dur_us=1871
UKL-MQTT-BENCH: BUFFULL run_id=try5-c2-cpu start_us=10299101 end_us=10304682 dur_us=5580
UKL-MQTT-BENCH: BUFFULL run_id=try5-c2-cpu start_us=10308200 end_us=10310609 dur_us=2408
UKL-MQTT-BENCH: BUFFULL run_id=try5-c2-cpu start_us=10313519 end_us=10317727 dur_us=4208
UKL-MQTT-BENCH: BUFFULL run_id=try5-c2-cpu start_us=10323303 end_us=10327669 dur_us=4366
UKL-MQTT-BENCH: BUFFULL run_id=try5-c2-cpu start_us=10330580 end_us=10333682 dur_us=3101
UKL-MQTT-BENCH: BUFFULL run_id=try5-c2-cpu start_us=10336602 end_us=10337632 dur_us=1030
UKL-MQTT-BENCH: BUFFULL run_id=try5-c2-cpu start_us=10339348 end_us=10341584 dur_us=2236
UKL-MQTT-BENCH: BUFFULL run_id=try5-c2-cpu start_us=10345618 end_us=10349608 dur_us=3989
UKL-MQTT-BENCH: BUFFULL run_id=try5-c2-cpu start_us=10352523 end_us=10353810 dur_us=1286
UKL-MQTT-BENCH: BUFFULL run_id=try5-c2-cpu start_us=10356118 end_us=10358557 dur_us=2439
UKL-MQTT-BENCH: BUFFULL run_id=try5-c2-cpu start_us=10360276 end_us=10365636 dur_us=5359
UKL-MQTT-BENCH: BUFFULL run_id=try5-c2-cpu start_us=10369182 end_us=10370635 dur_us=1453
UKL-MQTT-BENCH: BUFFULL run_id=try5-c2-cpu start_us=10372949 end_us=10375612 dur_us=2663
UKL-MQTT-BENCH: BUFFULL run_id=try5-c2-cpu start_us=10378530 end_us=10382624 dur_us=4093
UKL-MQTT-BENCH: BUFFULL run_id=try5-c2-cpu start_us=10385522 end_us=10387605 dur_us=2083
UKL-MQTT-BENCH: BUFFULL run_id=try5-c2-cpu start_us=10389911 end_us=10392849 dur_us=2938
UKL-MQTT-BENCH: BUFFULL run_id=try5-c2-cpu start_us=10395777 end_us=10398864 dur_us=3087
UKL-MQTT-BENCH: BUFFULL run_id=try5-c2-cpu start_us=10401778 end_us=10404625 dur_us=2846
UKL-MQTT-BENCH: BUFFULL run_id=try5-c2-cpu start_us=10406939 end_us=10409825 dur_us=2885
UKL-MQTT-BENCH: BUFFULL run_id=try5-c2-cpu start_us=10412728 end_us=10416635 dur_us=3906
UKL-MQTT-BENCH: BUFFULL run_id=try5-c2-cpu start_us=10419535 end_us=10421603 dur_us=2068
UKL-MQTT-BENCH: BUFFULL run_id=try5-c2-cpu start_us=10423913 end_us=10428618 dur_us=4705
UKL-MQTT-BENCH: BUFFULL run_id=try5-c2-cpu start_us=10432132 end_us=10433578 dur_us=1446
UKL-MQTT-BENCH: BUFFULL run_id=try5-c2-cpu start_us=10435880 end_us=10438596 dur_us=2715
UKL-MQTT-BENCH: BUFFULL run_id=try5-c2-cpu start_us=10441508 end_us=10445149 dur_us=3641
UKL-MQTT-BENCH: BUFFULL run_id=try5-c2-cpu start_us=10448080 end_us=10450626 dur_us=2545
UKL-MQTT-BENCH: BUFFULL run_id=try5-c2-cpu start_us=10452929 end_us=10455829 dur_us=2899
UKL-MQTT-BENCH: BUFFULL run_id=try5-c2-cpu start_us=10458759 end_us=10462628 dur_us=3868
UKL-MQTT-BENCH: BUFFULL run_id=try5-c2-cpu start_us=10465545 end_us=10467603 dur_us=2058
UKL-MQTT-BENCH: BUFFULL run_id=try5-c2-cpu start_us=10469930 end_us=10473620 dur_us=3689
UKL-MQTT-BENCH: BUFFULL run_id=try5-c2-cpu start_us=10476534 end_us=10479597 dur_us=3062
UKL-MQTT-BENCH: BUFFULL run_id=try5-c2-cpu start_us=10482489 end_us=10484677 dur_us=2187
UKL-MQTT-BENCH: BUFFULL run_id=try5-c2-cpu start_us=10486977 end_us=10490595 dur_us=3618
UKL-MQTT-BENCH: BUFFULL run_id=try5-c2-cpu start_us=10493502 end_us=10496655 dur_us=3152
UKL-MQTT-BENCH: BUFFULL run_id=try5-c2-cpu start_us=10499576 end_us=10501564 dur_us=1987
UKL-MQTT-BENCH: BUFFULL run_id=try5-c2-cpu start_us=10504476 end_us=10507631 dur_us=3154
UKL-MQTT-BENCH: BUFFULL run_id=try5-c2-cpu start_us=10509918 end_us=10513659 dur_us=3740
UKL-MQTT-BENCH: BUFFULL run_id=try5-c2-cpu start_us=10516761 end_us=10519650 dur_us=2888
UKL-MQTT-BENCH: BUFFULL run_id=try5-c2-cpu start_us=10522760 end_us=10524848 dur_us=2087
UKL-MQTT-BENCH: BUFFULL run_id=try5-c2-cpu start_us=10527154 end_us=10530609 dur_us=3455
UKL-MQTT-BENCH: BUFFULL run_id=try5-c2-cpu start_us=10533515 end_us=10535590 dur_us=2074
UKL-MQTT-BENCH: BUFFULL run_id=try5-c2-cpu start_us=10537888 end_us=10540623 dur_us=2735
UKL-MQTT-BENCH: BUFFULL run_id=try5-c2-cpu start_us=10542928 end_us=10546623 dur_us=3694
UKL-MQTT-BENCH: BUFFULL run_id=try5-c2-cpu start_us=10549581 end_us=10551623 dur_us=2041
UKL-MQTT-BENCH: BUFFULL run_id=try5-c2-cpu start_us=10553933 end_us=10556634 dur_us=2701
UKL-MQTT-BENCH: BUFFULL run_id=try5-c2-cpu start_us=10558950 end_us=10561821 dur_us=2871
UKL-MQTT-BENCH: BUFFULL run_id=try5-c2-cpu start_us=10564750 end_us=10568633 dur_us=3882
UKL-MQTT-BENCH: BUFFULL run_id=try5-c2-cpu start_us=10571536 end_us=10572567 dur_us=1031
UKL-MQTT-BENCH: BUFFULL run_id=try5-c2-cpu start_us=10574291 end_us=10577595 dur_us=3304
UKL-MQTT-BENCH: BUFFULL run_id=try5-c2-cpu start_us=10580495 end_us=10584663 dur_us=4168
UKL-MQTT-BENCH: BUFFULL run_id=try5-c2-cpu start_us=10587561 end_us=10589573 dur_us=2011
UKL-MQTT-BENCH: BUFFULL run_id=try5-c2-cpu start_us=10592476 end_us=10596672 dur_us=4196
UKL-MQTT-BENCH: BUFFULL run_id=try5-c2-cpu start_us=10599586 end_us=10601613 dur_us=2027
UKL-MQTT-BENCH: BUFFULL run_id=try5-c2-cpu start_us=10603919 end_us=10607650 dur_us=3730
UKL-MQTT-BENCH: BUFFULL run_id=try5-c2-cpu start_us=10610705 end_us=10613692 dur_us=2987
UKL-MQTT-BENCH: BUFFULL run_id=try5-c2-cpu start_us=10616596 end_us=10618578 dur_us=1981
UKL-MQTT-BENCH: BUFFULL run_id=try5-c2-cpu start_us=10621531 end_us=10624645 dur_us=3113
UKL-MQTT-BENCH: BUFFULL run_id=try5-c2-cpu start_us=10626945 end_us=10629862 dur_us=2917
UKL-MQTT-BENCH: BUFFULL run_id=try5-c2-cpu start_us=10632783 end_us=10634557 dur_us=1773
UKL-MQTT-BENCH: BUFFULL run_id=try5-c2-cpu start_us=10636897 end_us=10639885 dur_us=2987
UKL-MQTT-BENCH: BUFFULL run_id=try5-c2-cpu start_us=10642176 end_us=10645623 dur_us=3447
UKL-MQTT-BENCH: BUFFULL run_id=try5-c2-cpu start_us=10648548 end_us=10650872 dur_us=2324
UKL-MQTT-BENCH: BUFFULL run_id=try5-c2-cpu start_us=10653180 end_us=10656996 dur_us=3816
UKL-MQTT-BENCH: BUFFULL run_id=try5-c2-cpu start_us=10660098 end_us=10663639 dur_us=3540
UKL-MQTT-BENCH: BUFFULL run_id=try5-c2-cpu start_us=10666547 end_us=10668649 dur_us=2101
UKL-MQTT-BENCH: BUFFULL run_id=try5-c2-cpu start_us=10670958 end_us=10673571 dur_us=2612
UKL-MQTT-BENCH: BUFFULL run_id=try5-c2-cpu start_us=10676497 end_us=10677807 dur_us=1309
UKL-MQTT-BENCH: BUFFULL run_id=try5-c2-cpu start_us=10679517 end_us=10684709 dur_us=5191
UKL-MQTT-BENCH: BUFFULL run_id=try5-c2-cpu start_us=10687613 end_us=10688817 dur_us=1203
UKL-MQTT-BENCH: BUFFULL run_id=try5-c2-cpu start_us=10691127 end_us=10693832 dur_us=2704
UKL-MQTT-BENCH: BUFFULL run_id=try5-c2-cpu start_us=10696149 end_us=10699863 dur_us=3714
UKL-MQTT-BENCH: BUFFULL run_id=try5-c2-cpu start_us=10705294 end_us=10709618 dur_us=4324
UKL-MQTT-BENCH: BUFFULL run_id=try5-c2-cpu start_us=10712531 end_us=10715669 dur_us=3137
UKL-MQTT-BENCH: BUFFULL run_id=try5-c2-cpu start_us=10718585 end_us=10720624 dur_us=2039
UKL-MQTT-BENCH: BUFFULL run_id=try5-c2-cpu start_us=10722940 end_us=10726641 dur_us=3701
UKL-MQTT-BENCH: BUFFULL run_id=try5-c2-cpu start_us=10729550 end_us=10732588 dur_us=3038
UKL-MQTT-BENCH: BUFFULL run_id=try5-c2-cpu start_us=10735484 end_us=10736540 dur_us=1055
UKL-MQTT-BENCH: BUFFULL run_id=try5-c2-cpu start_us=10738261 end_us=10741856 dur_us=3595
UKL-MQTT-BENCH: BUFFULL run_id=try5-c2-cpu start_us=10744773 end_us=10747653 dur_us=2879
UKL-MQTT-BENCH: BUFFULL run_id=try5-c2-cpu start_us=10749958 end_us=10752862 dur_us=2904
UKL-MQTT-BENCH: BUFFULL run_id=try5-c2-cpu start_us=10755786 end_us=10758877 dur_us=3090
UKL-MQTT-BENCH: BUFFULL run_id=try5-c2-cpu start_us=10761786 end_us=10763839 dur_us=2052
UKL-MQTT-BENCH: BUFFULL run_id=try5-c2-cpu start_us=10766149 end_us=10769911 dur_us=3761
UKL-MQTT-BENCH: BUFFULL run_id=try5-c2-cpu start_us=10772818 end_us=10775898 dur_us=3080
UKL-MQTT-BENCH: BUFFULL run_id=try5-c2-cpu start_us=10778817 end_us=10782711 dur_us=3894
UKL-MQTT-BENCH: BUFFULL run_id=try5-c2-cpu start_us=10785628 end_us=10786841 dur_us=1212
UKL-MQTT-BENCH: BUFFULL run_id=try5-c2-cpu start_us=10789143 end_us=10791803 dur_us=2659
UKL-MQTT-BENCH: BUFFULL run_id=try5-c2-cpu start_us=10794118 end_us=10797871 dur_us=3752
UKL-MQTT-BENCH: BUFFULL run_id=try5-c2-cpu start_us=10803256 end_us=10807623 dur_us=4366
UKL-MQTT-BENCH: BUFFULL run_id=try5-c2-cpu start_us=10810568 end_us=10813601 dur_us=3032
UKL-MQTT-BENCH: BUFFULL run_id=try5-c2-cpu start_us=10816513 end_us=10817810 dur_us=1297
UKL-MQTT-BENCH: BUFFULL run_id=try5-c2-cpu start_us=10820106 end_us=10823633 dur_us=3527
UKL-MQTT-BENCH: BUFFULL run_id=try5-c2-cpu start_us=10825935 end_us=10829610 dur_us=3674
UKL-MQTT-BENCH: BUFFULL run_id=try5-c2-cpu start_us=10832511 end_us=10835657 dur_us=3146
UKL-MQTT-BENCH: BUFFULL run_id=try5-c2-cpu start_us=10838571 end_us=10841622 dur_us=3051
UKL-MQTT-BENCH: BUFFULL run_id=try5-c2-cpu start_us=10844530 end_us=10846617 dur_us=2087
UKL-MQTT-BENCH: BUFFULL run_id=try5-c2-cpu start_us=10848928 end_us=10852658 dur_us=3730
UKL-MQTT-BENCH: BUFFULL run_id=try5-c2-cpu start_us=10855562 end_us=10858613 dur_us=3050
UKL-MQTT-BENCH: BUFFULL run_id=try5-c2-cpu start_us=10861555 end_us=10863629 dur_us=2073
UKL-MQTT-BENCH: BUFFULL run_id=try5-c2-cpu start_us=10865930 end_us=10869649 dur_us=3718
UKL-MQTT-BENCH: BUFFULL run_id=try5-c2-cpu start_us=10872556 end_us=10876678 dur_us=4121
UKL-MQTT-BENCH: BUFFULL run_id=try5-c2-cpu start_us=10880179 end_us=10881598 dur_us=1419
UKL-MQTT-BENCH: BUFFULL run_id=try5-c2-cpu start_us=10883904 end_us=10886612 dur_us=2708
UKL-MQTT-BENCH: BUFFULL run_id=try5-c2-cpu start_us=10888927 end_us=10893635 dur_us=4708
UKL-MQTT-BENCH: BUFFULL run_id=try5-c2-cpu start_us=10899271 end_us=10903619 dur_us=4348
UKL-MQTT-BENCH: BUFFULL run_id=try5-c2-cpu start_us=10906532 end_us=10909876 dur_us=3343
UKL-MQTT-BENCH: BUFFULL run_id=try5-c2-cpu start_us=10913382 end_us=10914562 dur_us=1180
UKL-MQTT-BENCH: BUFFULL run_id=try5-c2-cpu start_us=10916306 end_us=10920636 dur_us=4329
UKL-MQTT-BENCH: BUFFULL run_id=try5-c2-cpu start_us=10923534 end_us=10926628 dur_us=3093
UKL-MQTT-BENCH: BUFFULL run_id=try5-c2-cpu start_us=10930143 end_us=10931564 dur_us=1420
UKL-MQTT-BENCH: BUFFULL run_id=try5-c2-cpu start_us=10933885 end_us=10937624 dur_us=3738
UKL-MQTT-BENCH: BUFFULL run_id=try5-c2-cpu start_us=10939936 end_us=10943626 dur_us=3689
UKL-MQTT-BENCH: BUFFULL run_id=try5-c2-cpu start_us=10947153 end_us=10949632 dur_us=2478
UKL-MQTT-BENCH: BUFFULL run_id=try5-c2-cpu start_us=10951959 end_us=10955726 dur_us=3766
UKL-MQTT-BENCH: BUFFULL run_id=try5-c2-cpu start_us=10958642 end_us=10960895 dur_us=2252
UKL-MQTT-BENCH: BUFFULL run_id=try5-c2-cpu start_us=10963811 end_us=10966675 dur_us=2864
UKL-MQTT-BENCH: BUFFULL run_id=try5-c2-cpu start_us=10968993 end_us=10971663 dur_us=2669
UKL-MQTT-BENCH: BUFFULL run_id=try5-c2-cpu start_us=10974565 end_us=10976829 dur_us=2264
UKL-MQTT-BENCH: BUFFULL run_id=try5-c2-cpu start_us=10979136 end_us=10982596 dur_us=3460
UKL-MQTT-BENCH: BUFFULL run_id=try5-c2-cpu start_us=10984903 end_us=10986838 dur_us=1934
UKL-MQTT-BENCH: BUFFULL run_id=try5-c2-cpu start_us=10989135 end_us=10990545 dur_us=1409
UKL-MQTT-BENCH: BUFFULL run_id=try5-c2-cpu start_us=10992309 end_us=10997660 dur_us=5350
UKL-MQTT-BENCH: BUFFULL run_id=try5-c2-cpu start_us=11001173 end_us=11003605 dur_us=2431
UKL-MQTT-BENCH: BUFFULL run_id=try5-c2-cpu start_us=11006527 end_us=11007554 dur_us=1027
UKL-MQTT-BENCH: BUFFULL run_id=try5-c2-cpu start_us=11009292 end_us=11014634 dur_us=5341
UKL-MQTT-BENCH: BUFFULL run_id=try5-c2-cpu start_us=11018154 end_us=11020619 dur_us=2465
UKL-MQTT-BENCH: BUFFULL run_id=try5-c2-cpu start_us=11023532 end_us=11025613 dur_us=2081
UKL-MQTT-BENCH: BUFFULL run_id=try5-c2-cpu start_us=11027923 end_us=11032878 dur_us=4954
UKL-MQTT-BENCH: BUFFULL run_id=try5-c2-cpu start_us=11036382 end_us=11038841 dur_us=2458
UKL-MQTT-BENCH: BUFFULL run_id=try5-c2-cpu start_us=11041783 end_us=11044942 dur_us=3158
UKL-MQTT-BENCH: BUFFULL run_id=try5-c2-cpu start_us=11047868 end_us=11052674 dur_us=4805
UKL-MQTT-BENCH: BUFFULL run_id=try5-c2-cpu start_us=11056191 end_us=11058631 dur_us=2440
UKL-MQTT-BENCH: BUFFULL run_id=try5-c2-cpu start_us=11061540 end_us=11062563 dur_us=1022
UKL-MQTT-BENCH: BUFFULL run_id=try5-c2-cpu start_us=11064292 end_us=11069640 dur_us=5348
UKL-MQTT-BENCH: BUFFULL run_id=try5-c2-cpu start_us=11073148 end_us=11074594 dur_us=1445
UKL-MQTT-BENCH: BUFFULL run_id=try5-c2-cpu start_us=11076918 end_us=11079651 dur_us=2732
UKL-MQTT-BENCH: BUFFULL run_id=try5-c2-cpu start_us=11082555 end_us=11085875 dur_us=3319
UKL-MQTT-BENCH: BUFFULL run_id=try5-c2-cpu start_us=11088774 end_us=11091622 dur_us=2848
UKL-MQTT-BENCH: BUFFULL run_id=try5-c2-cpu start_us=11093936 end_us=11096598 dur_us=2662
UKL-MQTT-BENCH: BUFFULL run_id=try5-c2-cpu start_us=11099513 end_us=11103646 dur_us=4133
UKL-MQTT-BENCH: BUFFULL run_id=try5-c2-cpu start_us=11106558 end_us=11108645 dur_us=2087
UKL-MQTT-BENCH: BUFFULL run_id=try5-c2-cpu start_us=11111557 end_us=11114663 dur_us=3105
UKL-MQTT-BENCH: BUFFULL run_id=try5-c2-cpu start_us=11116964 end_us=11120627 dur_us=3663
UKL-MQTT-BENCH: BUFFULL run_id=try5-c2-cpu start_us=11123537 end_us=11125591 dur_us=2054
UKL-MQTT-BENCH: BUFFULL run_id=try5-c2-cpu start_us=11127910 end_us=11130598 dur_us=2688
UKL-MQTT-BENCH: BUFFULL run_id=try5-c2-cpu start_us=11132912 end_us=11134838 dur_us=1925
UKL-MQTT-BENCH: BUFFULL run_id=try5-c2-cpu start_us=11137144 end_us=11140878 dur_us=3733
UKL-MQTT-BENCH: BUFFULL run_id=try5-c2-cpu start_us=11143789 end_us=11145837 dur_us=2047
UKL-MQTT-BENCH: BUFFULL run_id=try5-c2-cpu start_us=11148146 end_us=11151570 dur_us=3423
UKL-MQTT-BENCH: BUFFULL run_id=try5-c2-cpu start_us=11154498 end_us=11156617 dur_us=2119
UKL-MQTT-BENCH: BUFFULL run_id=try5-c2-cpu start_us=11158930 end_us=11161626 dur_us=2696
UKL-MQTT-BENCH: BUFFULL run_id=try5-c2-cpu start_us=11163946 end_us=11167522 dur_us=3576
UKL-MQTT-BENCH: BUFFULL run_id=try5-c2-cpu start_us=11170468 end_us=11173682 dur_us=3213
UKL-MQTT-BENCH: BUFFULL run_id=try5-c2-cpu start_us=11176597 end_us=11178665 dur_us=2068
UKL-MQTT-BENCH: BUFFULL run_id=try5-c2-cpu start_us=11180969 end_us=11183637 dur_us=2668
UKL-MQTT-BENCH: BUFFULL run_id=try5-c2-cpu start_us=11185944 end_us=11189605 dur_us=3660
UKL-MQTT-BENCH: BUFFULL run_id=try5-c2-cpu start_us=11195200 end_us=11198840 dur_us=3640
UKL-MQTT-BENCH: BUFFULL run_id=try5-c2-cpu start_us=11201809 end_us=11207686 dur_us=5876
UKL-MQTT-BENCH: BUFFULL run_id=try5-c2-cpu start_us=11211218 end_us=11213666 dur_us=2447
UKL-MQTT-BENCH: BUFFULL run_id=try5-c2-cpu start_us=11216584 end_us=11217614 dur_us=1030
UKL-MQTT-BENCH: BUFFULL run_id=try5-c2-cpu start_us=11219330 end_us=11224631 dur_us=5300
UKL-MQTT-BENCH: BUFFULL run_id=try5-c2-cpu start_us=11228146 end_us=11229591 dur_us=1445
UKL-MQTT-BENCH: BUFFULL run_id=try5-c2-cpu start_us=11231905 end_us=11233583 dur_us=1677
UKL-MQTT-BENCH: BUFFULL run_id=try5-c2-cpu start_us=11235894 end_us=11238838 dur_us=2943
UKL-MQTT-BENCH: BUFFULL run_id=try5-c2-cpu start_us=11241141 end_us=11243842 dur_us=2701
UKL-MQTT-BENCH: BUFFULL run_id=try5-c2-cpu start_us=11246144 end_us=11248614 dur_us=2469
UKL-MQTT-BENCH: BUFFULL run_id=try5-c2-cpu start_us=11250912 end_us=11254635 dur_us=3722
UKL-MQTT-BENCH: BUFFULL run_id=try5-c2-cpu start_us=11257532 end_us=11259600 dur_us=2067
UKL-MQTT-BENCH: BUFFULL run_id=try5-c2-cpu start_us=11261925 end_us=11265626 dur_us=3701
UKL-MQTT-BENCH: BUFFULL run_id=try5-c2-cpu start_us=11268539 end_us=11271637 dur_us=3097
UKL-MQTT-BENCH: BUFFULL run_id=try5-c2-cpu start_us=11274537 end_us=11276593 dur_us=2055
UKL-MQTT-BENCH: BUFFULL run_id=try5-c2-cpu start_us=11278899 end_us=11282620 dur_us=3721
UKL-MQTT-BENCH: BUFFULL run_id=try5-c2-cpu start_us=11285556 end_us=11288651 dur_us=3095
UKL-MQTT-BENCH: BUFFULL run_id=try5-c2-cpu start_us=11291562 end_us=11293587 dur_us=2025
UKL-MQTT-BENCH: BUFFULL run_id=try5-c2-cpu start_us=11295911 end_us=11299637 dur_us=3725
UKL-MQTT-BENCH: BUFFULL run_id=try5-c2-cpu start_us=11302553 end_us=11305607 dur_us=3054
UKL-MQTT-BENCH: BUFFULL run_id=try5-c2-cpu start_us=11308531 end_us=11311624 dur_us=3093
UKL-MQTT-BENCH: BUFFULL run_id=try5-c2-cpu start_us=11314529 end_us=11316611 dur_us=2081
UKL-MQTT-BENCH: BUFFULL run_id=try5-c2-cpu start_us=11318926 end_us=11322591 dur_us=3665
UKL-MQTT-BENCH: BUFFULL run_id=try5-c2-cpu start_us=11325492 end_us=11328655 dur_us=3162
UKL-MQTT-BENCH: BUFFULL run_id=try5-c2-cpu start_us=11331564 end_us=11333672 dur_us=2108
UKL-MQTT-BENCH: BUFFULL run_id=try5-c2-cpu start_us=11336597 end_us=11339622 dur_us=3025
UKL-MQTT-BENCH: BUFFULL run_id=try5-c2-cpu start_us=11341946 end_us=11345628 dur_us=3682
UKL-MQTT-BENCH: BUFFULL run_id=try5-c2-cpu start_us=11348556 end_us=11350612 dur_us=2056
UKL-MQTT-BENCH: BUFFULL run_id=try5-c2-cpu start_us=11352913 end_us=11355594 dur_us=2680
UKL-MQTT-BENCH: BUFFULL run_id=try5-c2-cpu start_us=11357894 end_us=11360870 dur_us=2975
UKL-MQTT-BENCH: BUFFULL run_id=try5-c2-cpu start_us=11363790 end_us=11366611 dur_us=2820
UKL-MQTT-BENCH: BUFFULL run_id=try5-c2-cpu start_us=11368923 end_us=11371677 dur_us=2753
UKL-MQTT-BENCH: BUFFULL run_id=try5-c2-cpu start_us=11373987 end_us=11377635 dur_us=3647
UKL-MQTT-BENCH: BUFFULL run_id=try5-c2-cpu start_us=11380550 end_us=11383694 dur_us=3143
UKL-MQTT-BENCH: BUFFULL run_id=try5-c2-cpu start_us=11386628 end_us=11388646 dur_us=2018
UKL-MQTT-BENCH: BUFFULL run_id=try5-c2-cpu start_us=11390952 end_us=11393817 dur_us=2865
UKL-MQTT-BENCH: BUFFULL run_id=try5-c2-cpu start_us=11396759 end_us=11399659 dur_us=2900
UKL-MQTT-BENCH: BUFFULL run_id=try5-c2-cpu start_us=11401995 end_us=11404708 dur_us=2713
UKL-MQTT-BENCH: BUFFULL run_id=try5-c2-cpu start_us=11407618 end_us=11409634 dur_us=2016
UKL-MQTT-BENCH: BUFFULL run_id=try5-c2-cpu start_us=11411354 end_us=11415665 dur_us=4310
UKL-MQTT-BENCH: BUFFULL run_id=try5-c2-cpu start_us=11418597 end_us=11420695 dur_us=2098
UKL-MQTT-BENCH: BUFFULL run_id=try5-c2-cpu start_us=11423601 end_us=11425616 dur_us=2015
UKL-MQTT-BENCH: BUFFULL run_id=try5-c2-cpu start_us=11427333 end_us=11430855 dur_us=3521
UKL-MQTT-BENCH: BUFFULL run_id=try5-c2-cpu start_us=11433770 end_us=11436629 dur_us=2858
UKL-MQTT-BENCH: BUFFULL run_id=try5-c2-cpu start_us=11440860 end_us=11445640 dur_us=4779
UKL-MQTT-BENCH: BUFFULL run_id=try5-c2-cpu start_us=11448555 end_us=11450623 dur_us=2068
UKL-MQTT-BENCH: BUFFULL run_id=try5-c2-cpu start_us=11452927 end_us=11455590 dur_us=2663
UKL-MQTT-BENCH: BUFFULL run_id=try5-c2-cpu start_us=11457916 end_us=11461618 dur_us=3701
UKL-MQTT-BENCH: BUFFULL run_id=try5-c2-cpu start_us=11464530 end_us=11466860 dur_us=2329
UKL-MQTT-BENCH: BUFFULL run_id=try5-c2-cpu start_us=11469768 end_us=11472607 dur_us=2838
UKL-MQTT-BENCH: BUFFULL run_id=try5-c2-cpu start_us=11474914 end_us=11477590 dur_us=2675
UKL-MQTT-BENCH: BUFFULL run_id=try5-c2-cpu start_us=11479908 end_us=11482621 dur_us=2713
UKL-MQTT-BENCH: BUFFULL run_id=try5-c2-cpu start_us=11485535 end_us=11486800 dur_us=1265
UKL-MQTT-BENCH: BUFFULL run_id=try5-c2-cpu start_us=11488502 end_us=11492865 dur_us=4362
UKL-MQTT-BENCH: BUFFULL run_id=try5-c2-cpu start_us=11495783 end_us=11498906 dur_us=3123
UKL-MQTT-BENCH: BUFFULL run_id=try5-c2-cpu start_us=11501831 end_us=11503873 dur_us=2041
UKL-MQTT-BENCH: BUFFULL run_id=try5-c2-cpu start_us=11506171 end_us=11509939 dur_us=3768
UKL-MQTT-BENCH: BUFFULL run_id=try5-c2-cpu start_us=11512861 end_us=11515871 dur_us=3009
UKL-MQTT-BENCH: BUFFULL run_id=try5-c2-cpu start_us=11518787 end_us=11520845 dur_us=2058
UKL-MQTT-BENCH: BUFFULL run_id=try5-c2-cpu start_us=11523157 end_us=11526676 dur_us=3519
UKL-MQTT-BENCH: BUFFULL run_id=try5-c2-cpu start_us=11529631 end_us=11531638 dur_us=2006
UKL-MQTT-BENCH: BUFFULL run_id=try5-c2-cpu start_us=11534631 end_us=11537845 dur_us=3213
UKL-MQTT-BENCH: BUFFULL run_id=try5-c2-cpu start_us=11540140 end_us=11543626 dur_us=3486
UKL-MQTT-BENCH: BUFFULL run_id=try5-c2-cpu start_us=11545935 end_us=11547660 dur_us=1725
UKL-MQTT-BENCH: BUFFULL run_id=try5-c2-cpu start_us=11549972 end_us=11552629 dur_us=2656
UKL-MQTT-BENCH: BUFFULL run_id=try5-c2-cpu start_us=11554935 end_us=11558626 dur_us=3690
UKL-MQTT-BENCH: BUFFULL run_id=try5-c2-cpu start_us=11561542 end_us=11563891 dur_us=2349
UKL-MQTT-BENCH: BUFFULL run_id=try5-c2-cpu start_us=11566834 end_us=11568606 dur_us=1772
UKL-MQTT-BENCH: BUFFULL run_id=try5-c2-cpu start_us=11570330 end_us=11573624 dur_us=3294
UKL-MQTT-BENCH: BUFFULL run_id=try5-c2-cpu start_us=11575959 end_us=11578634 dur_us=2674
UKL-MQTT-BENCH: BUFFULL run_id=try5-c2-cpu start_us=11583259 end_us=11586626 dur_us=3367
UKL-MQTT-BENCH: BUFFULL run_id=try5-c2-cpu start_us=11588923 end_us=11590562 dur_us=1638
UKL-MQTT-BENCH: BUFFULL run_id=try5-c2-cpu start_us=11592306 end_us=11594846 dur_us=2540
UKL-MQTT-BENCH: BUFFULL run_id=try5-c2-cpu start_us=11597152 end_us=11602620 dur_us=5467
UKL-MQTT-BENCH: BUFFULL run_id=try5-c2-cpu start_us=11606136 end_us=11607622 dur_us=1486
UKL-MQTT-BENCH: BUFFULL run_id=try5-c2-cpu start_us=11610012 end_us=11612606 dur_us=2593
UKL-MQTT-BENCH: BUFFULL run_id=try5-c2-cpu start_us=11614917 end_us=11618884 dur_us=3966
UKL-MQTT-BENCH: BUFFULL run_id=try5-c2-cpu start_us=11622424 end_us=11624614 dur_us=2189
UKL-MQTT-BENCH: BUFFULL run_id=try5-c2-cpu start_us=11626931 end_us=11629597 dur_us=2665
UKL-MQTT-BENCH: BUFFULL run_id=try5-c2-cpu start_us=11631912 end_us=11635618 dur_us=3706
UKL-MQTT-BENCH: BUFFULL run_id=try5-c2-cpu start_us=11639123 end_us=11641612 dur_us=2488
UKL-MQTT-BENCH: BUFFULL run_id=try5-c2-cpu start_us=11643924 end_us=11647635 dur_us=3710
UKL-MQTT-BENCH: BUFFULL run_id=try5-c2-cpu start_us=11650561 end_us=11653597 dur_us=3036
UKL-MQTT-BENCH: BUFFULL run_id=try5-c2-cpu start_us=11656527 end_us=11659621 dur_us=3093
UKL-MQTT-BENCH: BUFFULL run_id=try5-c2-cpu start_us=11662538 end_us=11665639 dur_us=3100
UKL-MQTT-BENCH: BUFFULL run_id=try5-c2-cpu start_us=11668552 end_us=11673684 dur_us=5131
UKL-MQTT-BENCH: BUFFULL run_id=try5-c2-cpu start_us=11680942 end_us=11684653 dur_us=3710
UKL-MQTT-BENCH: BUFFULL run_id=try5-c2-cpu start_us=11687561 end_us=11690641 dur_us=3080
UKL-MQTT-BENCH: BUFFULL run_id=try5-c2-cpu start_us=11693555 end_us=11696850 dur_us=3295
UKL-MQTT-BENCH: BUFFULL run_id=try5-c2-cpu start_us=11699777 end_us=11701911 dur_us=2133
UKL-MQTT-BENCH: BUFFULL run_id=try5-c2-cpu start_us=11704818 end_us=11707631 dur_us=2812
UKL-MQTT-BENCH: BUFFULL run_id=try5-c2-cpu start_us=11709952 end_us=11713597 dur_us=3645
UKL-MQTT-BENCH: BUFFULL run_id=try5-c2-cpu start_us=11716513 end_us=11718602 dur_us=2088
UKL-MQTT-BENCH: BUFFULL run_id=try5-c2-cpu start_us=11720914 end_us=11723599 dur_us=2685
UKL-MQTT-BENCH: BUFFULL run_id=try5-c2-cpu start_us=11725912 end_us=11729616 dur_us=3704
UKL-MQTT-BENCH: BUFFULL run_id=try5-c2-cpu start_us=11732535 end_us=11735654 dur_us=3119
UKL-MQTT-BENCH: BUFFULL run_id=try5-c2-cpu start_us=11738564 end_us=11740566 dur_us=2001
UKL-MQTT-BENCH: BUFFULL run_id=try5-c2-cpu start_us=11742890 end_us=11746682 dur_us=3791
UKL-MQTT-BENCH: BUFFULL run_id=try5-c2-cpu start_us=11749637 end_us=11752621 dur_us=2983
UKL-MQTT-BENCH: BUFFULL run_id=try5-c2-cpu start_us=11755512 end_us=11759645 dur_us=4133
UKL-MQTT-BENCH: BUFFULL run_id=try5-c2-cpu start_us=11765278 end_us=11769636 dur_us=4357
UKL-MQTT-BENCH: BUFFULL run_id=try5-c2-cpu start_us=11772555 end_us=11776717 dur_us=4161
UKL-MQTT-BENCH: BUFFULL run_id=try5-c2-cpu start_us=11780221 end_us=11783887 dur_us=3666
UKL-MQTT-BENCH: BUFFULL run_id=try5-c2-cpu start_us=11787413 end_us=11790641 dur_us=3227
UKL-MQTT-BENCH: BUFFULL run_id=try5-c2-cpu start_us=11795493 end_us=11800632 dur_us=5139
UKL-MQTT-BENCH: BUFFULL run_id=try5-c2-cpu start_us=11804144 end_us=11806856 dur_us=2711
UKL-MQTT-BENCH: BUFFULL run_id=try5-c2-cpu start_us=11809809 end_us=11814656 dur_us=4846
UKL-MQTT-BENCH: BUFFULL run_id=try5-c2-cpu start_us=11818160 end_us=11820624 dur_us=2463
UKL-MQTT-BENCH: BUFFULL run_id=try5-c2-cpu start_us=11823547 end_us=11827734 dur_us=4186
UKL-MQTT-BENCH: BUFFULL run_id=try5-c2-cpu start_us=11831243 end_us=11834953 dur_us=3709
UKL-MQTT-BENCH: BUFFULL run_id=try5-c2-cpu start_us=11838477 end_us=11840931 dur_us=2453
UKL-MQTT-BENCH: BUFFULL run_id=try5-c2-cpu start_us=11846302 end_us=11850626 dur_us=4324
UKL-MQTT-BENCH: BUFFULL run_id=try5-c2-cpu start_us=11853522 end_us=11855601 dur_us=2079
UKL-MQTT-BENCH: BUFFULL run_id=try5-c2-cpu start_us=11860531 end_us=11865052 dur_us=4521
UKL-MQTT-BENCH: BUFFULL run_id=try5-c2-cpu start_us=11867984 end_us=11870841 dur_us=2857
UKL-MQTT-BENCH: BUFFULL run_id=try5-c2-cpu start_us=11873768 end_us=11875868 dur_us=2100
UKL-MQTT-BENCH: BUFFULL run_id=try5-c2-cpu start_us=11878176 end_us=11881673 dur_us=3497
UKL-MQTT-BENCH: BUFFULL run_id=try5-c2-cpu start_us=11884597 end_us=11887685 dur_us=3088
UKL-MQTT-BENCH: BUFFULL run_id=try5-c2-cpu start_us=11890600 end_us=11892813 dur_us=2212
UKL-MQTT-BENCH: BUFFULL run_id=try5-c2-cpu start_us=11895137 end_us=11897847 dur_us=2709
UKL-MQTT-BENCH: BUFFULL run_id=try5-c2-cpu start_us=11900142 end_us=11902859 dur_us=2716
UKL-MQTT-BENCH: BUFFULL run_id=try5-c2-cpu start_us=11905186 end_us=11907617 dur_us=2430
UKL-MQTT-BENCH: BUFFULL run_id=try5-c2-cpu start_us=11909940 end_us=11912640 dur_us=2699
UKL-MQTT-BENCH: BUFFULL run_id=try5-c2-cpu start_us=11914941 end_us=11918610 dur_us=3668
UKL-MQTT-BENCH: BUFFULL run_id=try5-c2-cpu start_us=11921504 end_us=11923600 dur_us=2095
UKL-MQTT-BENCH: BUFFULL run_id=try5-c2-cpu start_us=11925916 end_us=11928602 dur_us=2686
UKL-MQTT-BENCH: BUFFULL run_id=try5-c2-cpu start_us=11930921 end_us=11933603 dur_us=2682
UKL-MQTT-BENCH: BUFFULL run_id=try5-c2-cpu start_us=11935919 end_us=11939617 dur_us=3698
UKL-MQTT-BENCH: BUFFULL run_id=try5-c2-cpu start_us=11942523 end_us=11944839 dur_us=2315
UKL-MQTT-BENCH: BUFFULL run_id=try5-c2-cpu start_us=11947745 end_us=11950637 dur_us=2891
UKL-MQTT-BENCH: BUFFULL run_id=try5-c2-cpu start_us=11952940 end_us=11956627 dur_us=3686
UKL-MQTT-BENCH: BUFFULL run_id=try5-c2-cpu start_us=11959538 end_us=11961847 dur_us=2308
UKL-MQTT-BENCH: BUFFULL run_id=try5-c2-cpu start_us=11964774 end_us=11967595 dur_us=2820
UKL-MQTT-BENCH: BUFFULL run_id=try5-c2-cpu start_us=11969901 end_us=11971848 dur_us=1946
UKL-MQTT-BENCH: BUFFULL run_id=try5-c2-cpu start_us=11974152 end_us=11977722 dur_us=3569
UKL-MQTT-BENCH: BUFFULL run_id=try5-c2-cpu start_us=11980640 end_us=11982817 dur_us=2176
UKL-MQTT-BENCH: BUFFULL run_id=try5-c2-cpu start_us=11985125 end_us=11988648 dur_us=3523
UKL-MQTT-BENCH: BUFFULL run_id=try5-c2-cpu start_us=11990964 end_us=11992596 dur_us=1631
UKL-MQTT-BENCH: BUFFULL run_id=try5-c2-cpu start_us=11996211 end_us=11999840 dur_us=3629
UKL-MQTT-BENCH: BUFFULL run_id=try5-c2-cpu start_us=12002170 end_us=12005614 dur_us=3444
UKL-MQTT-BENCH: BUFFULL run_id=try5-c2-cpu start_us=12007936 end_us=12010848 dur_us=2912
UKL-MQTT-BENCH: BUFFULL run_id=try5-c2-cpu start_us=12013767 end_us=12016902 dur_us=3134
UKL-MQTT-BENCH: BUFFULL run_id=try5-c2-cpu start_us=12019825 end_us=12021841 dur_us=2016
UKL-MQTT-BENCH: BUFFULL run_id=try5-c2-cpu start_us=12024147 end_us=12027850 dur_us=3702
UKL-MQTT-BENCH: BUFFULL run_id=try5-c2-cpu start_us=12030758 end_us=12033870 dur_us=3111
UKL-MQTT-BENCH: BUFFULL run_id=try5-c2-cpu start_us=12036783 end_us=12039571 dur_us=2787
UKL-MQTT-BENCH: BUFFULL run_id=try5-c2-cpu start_us=12041881 end_us=12044841 dur_us=2959
UKL-MQTT-BENCH: BUFFULL run_id=try5-c2-cpu start_us=12047754 end_us=12050855 dur_us=3101
UKL-MQTT-BENCH: BUFFULL run_id=try5-c2-cpu start_us=12053778 end_us=12058650 dur_us=4871
UKL-MQTT-BENCH: BUFFULL run_id=try5-c2-cpu start_us=12064075 end_us=12067645 dur_us=3569
UKL-MQTT-BENCH: BUFFULL run_id=try5-c2-cpu start_us=12070555 end_us=12075654 dur_us=5099
UKL-MQTT-BENCH: BUFFULL run_id=try5-c2-cpu start_us=12079175 end_us=12082787 dur_us=3612
UKL-MQTT-BENCH: BUFFULL run_id=try5-c2-cpu start_us=12086303 end_us=12087596 dur_us=1292
UKL-MQTT-BENCH: BUFFULL run_id=try5-c2-cpu start_us=12089910 end_us=12093633 dur_us=3723
UKL-MQTT-BENCH: BUFFULL run_id=try5-c2-cpu start_us=12096553 end_us=12098621 dur_us=2067
UKL-MQTT-BENCH: BUFFULL run_id=try5-c2-cpu start_us=12103522 end_us=12108628 dur_us=5106
UKL-MQTT-BENCH: BUFFULL run_id=try5-c2-cpu start_us=12112142 end_us=12114601 dur_us=2459
UKL-MQTT-BENCH: BUFFULL run_id=try5-c2-cpu start_us=12116912 end_us=12118869 dur_us=1957
UKL-MQTT-BENCH: BUFFULL run_id=try5-c2-cpu start_us=12121176 end_us=12124869 dur_us=3693
UKL-MQTT-BENCH: BUFFULL run_id=try5-c2-cpu start_us=12127770 end_us=12129840 dur_us=2070
UKL-MQTT-BENCH: BUFFULL run_id=try5-c2-cpu start_us=12132130 end_us=12135558 dur_us=3427
UKL-MQTT-BENCH: BUFFULL run_id=try5-c2-cpu start_us=12138466 end_us=12139544 dur_us=1077
UKL-MQTT-BENCH: BUFFULL run_id=try5-c2-cpu start_us=12141260 end_us=12145622 dur_us=4362
UKL-MQTT-BENCH: BUFFULL run_id=try5-c2-cpu start_us=12148530 end_us=12150801 dur_us=2270
UKL-MQTT-BENCH: BUFFULL run_id=try5-c2-cpu start_us=12153714 end_us=12156650 dur_us=2936
UKL-MQTT-BENCH: BUFFULL run_id=try5-c2-cpu start_us=12158966 end_us=12162618 dur_us=3651
UKL-MQTT-BENCH: BUFFULL run_id=try5-c2-cpu start_us=12165524 end_us=12167896 dur_us=2371
UKL-MQTT-BENCH: BUFFULL run_id=try5-c2-cpu start_us=12170819 end_us=12173643 dur_us=2824
UKL-MQTT-BENCH: BUFFULL run_id=try5-c2-cpu start_us=12175950 end_us=12179631 dur_us=3680
UKL-MQTT-BENCH: BUFFULL run_id=try5-c2-cpu start_us=12182542 end_us=12184620 dur_us=2077
UKL-MQTT-BENCH: BUFFULL run_id=try5-c2-cpu start_us=12187513 end_us=12189834 dur_us=2321
UKL-MQTT-BENCH: BUFFULL run_id=try5-c2-cpu start_us=12192142 end_us=12194607 dur_us=2464
UKL-MQTT-BENCH: BUFFULL run_id=try5-c2-cpu start_us=12196919 end_us=12200615 dur_us=3696
UKL-MQTT-BENCH: BUFFULL run_id=try5-c2-cpu start_us=12202924 end_us=12206690 dur_us=3766
UKL-MQTT-BENCH: BUFFULL run_id=try5-c2-cpu start_us=12209601 end_us=12211880 dur_us=2278
UKL-MQTT-BENCH: BUFFULL run_id=try5-c2-cpu start_us=12214790 end_us=12217638 dur_us=2847
UKL-MQTT-BENCH: BUFFULL run_id=try5-c2-cpu start_us=12219948 end_us=12222832 dur_us=2883
UKL-MQTT-BENCH: BUFFULL run_id=try5-c2-cpu start_us=12225751 end_us=12227847 dur_us=2095
UKL-MQTT-BENCH: BUFFULL run_id=try5-c2-cpu start_us=12230147 end_us=12233595 dur_us=3448
UKL-MQTT-BENCH: BUFFULL run_id=try5-c2-cpu start_us=12236505 end_us=12238617 dur_us=2111
UKL-MQTT-BENCH: BUFFULL run_id=try5-c2-cpu start_us=12240918 end_us=12244869 dur_us=3950
UKL-MQTT-BENCH: BUFFULL run_id=try5-c2-cpu start_us=12247787 end_us=12249837 dur_us=2049
UKL-MQTT-BENCH: BUFFULL run_id=try5-c2-cpu start_us=12252143 end_us=12255610 dur_us=3466
UKL-MQTT-BENCH: BUFFULL run_id=try5-c2-cpu start_us=12258516 end_us=12260602 dur_us=2085
UKL-MQTT-BENCH: BUFFULL run_id=try5-c2-cpu start_us=12262906 end_us=12265581 dur_us=2674
UKL-MQTT-BENCH: BUFFULL run_id=try5-c2-cpu start_us=12267929 end_us=12271615 dur_us=3685
UKL-MQTT-BENCH: BUFFULL run_id=try5-c2-cpu start_us=12274528 end_us=12276597 dur_us=2069
UKL-MQTT-BENCH: BUFFULL run_id=try5-c2-cpu start_us=12278932 end_us=12280580 dur_us=1648
UKL-MQTT-BENCH: BUFFULL run_id=try5-c2-cpu start_us=12282291 end_us=12286621 dur_us=4330
UKL-MQTT-BENCH: BUFFULL run_id=try5-c2-cpu start_us=12289548 end_us=12291622 dur_us=2074
UKL-MQTT-BENCH: BUFFULL run_id=try5-c2-cpu start_us=12295220 end_us=12298601 dur_us=3381
UKL-MQTT-BENCH: BUFFULL run_id=try5-c2-cpu start_us=12300917 end_us=12304684 dur_us=3766
UKL-MQTT-BENCH: BUFFULL run_id=try5-c2-cpu start_us=12307593 end_us=12309638 dur_us=2045
UKL-MQTT-BENCH: BUFFULL run_id=try5-c2-cpu start_us=12311940 end_us=12315634 dur_us=3694
UKL-MQTT-BENCH: BUFFULL run_id=try5-c2-cpu start_us=12318545 end_us=12321642 dur_us=3096
UKL-MQTT-BENCH: BUFFULL run_id=try5-c2-cpu start_us=12324540 end_us=12326577 dur_us=2036
UKL-MQTT-BENCH: BUFFULL run_id=try5-c2-cpu start_us=12328879 end_us=12332627 dur_us=3747
UKL-MQTT-BENCH: BUFFULL run_id=try5-c2-cpu start_us=12335575 end_us=12337600 dur_us=2025
UKL-MQTT-BENCH: BUFFULL run_id=try5-c2-cpu start_us=12339915 end_us=12342614 dur_us=2698
UKL-MQTT-BENCH: BUFFULL run_id=try5-c2-cpu start_us=12344932 end_us=12347833 dur_us=2901
UKL-MQTT-BENCH: BUFFULL run_id=try5-c2-cpu start_us=12350743 end_us=12353617 dur_us=2874
UKL-MQTT-BENCH: BUFFULL run_id=try5-c2-cpu start_us=12355922 end_us=12358834 dur_us=2911
UKL-MQTT-BENCH: BUFFULL run_id=try5-c2-cpu start_us=12361753 end_us=12364608 dur_us=2854
UKL-MQTT-BENCH: BUFFULL run_id=try5-c2-cpu start_us=12366922 end_us=12370611 dur_us=3689
UKL-MQTT-BENCH: BUFFULL run_id=try5-c2-cpu start_us=12373524 end_us=12375588 dur_us=2064
UKL-MQTT-BENCH: BUFFULL run_id=try5-c2-cpu start_us=12378504 end_us=12380861 dur_us=2356
UKL-MQTT-BENCH: BUFFULL run_id=try5-c2-cpu start_us=12383166 end_us=12385826 dur_us=2660
UKL-MQTT-BENCH: BUFFULL run_id=try5-c2-cpu start_us=12388130 end_us=12392635 dur_us=4504
UKL-MQTT-BENCH: BUFFULL run_id=try5-c2-cpu start_us=12396155 end_us=12397847 dur_us=1691
UKL-MQTT-BENCH: BUFFULL run_id=try5-c2-cpu start_us=12400158 end_us=12405690 dur_us=5532
UKL-MQTT-BENCH: BUFFULL run_id=try5-c2-cpu start_us=12412967 end_us=12416759 dur_us=3792
UKL-MQTT-BENCH: BUFFULL run_id=try5-c2-cpu start_us=12419699 end_us=12422647 dur_us=2947
UKL-MQTT-BENCH: BUFFULL run_id=try5-c2-cpu start_us=12425567 end_us=12428670 dur_us=3102
UKL-MQTT-BENCH: BUFFULL run_id=try5-c2-cpu start_us=12431574 end_us=12433611 dur_us=2037
UKL-MQTT-BENCH: BUFFULL run_id=try5-c2-cpu start_us=12435934 end_us=12439623 dur_us=3688
UKL-MQTT-BENCH: BUFFULL run_id=try5-c2-cpu start_us=12442542 end_us=12445658 dur_us=3116
UKL-MQTT-BENCH: BUFFULL run_id=try5-c2-cpu start_us=12448555 end_us=12449818 dur_us=1262
UKL-MQTT-BENCH: BUFFULL run_id=try5-c2-cpu start_us=12452127 end_us=12455661 dur_us=3533
UKL-MQTT-BENCH: BUFFULL run_id=try5-c2-cpu start_us=12458691 end_us=12463899 dur_us=5208
UKL-MQTT-BENCH: BUFFULL run_id=try5-c2-cpu start_us=12466834 end_us=12471642 dur_us=4808
UKL-MQTT-BENCH: BUFFULL run_id=try5-c2-cpu start_us=12474559 end_us=12475882 dur_us=1322
UKL-MQTT-BENCH: BUFFULL run_id=try5-c2-cpu start_us=12478184 end_us=12482658 dur_us=4474
UKL-MQTT-BENCH: BUFFULL run_id=try5-c2-cpu start_us=12485578 end_us=12488643 dur_us=3065
UKL-MQTT-BENCH: BUFFULL run_id=try5-c2-cpu start_us=12491544 end_us=12493657 dur_us=2112
UKL-MQTT-BENCH: BUFFULL run_id=try5-c2-cpu start_us=12495947 end_us=12498863 dur_us=2915
UKL-MQTT-BENCH: BUFFULL run_id=try5-c2-cpu start_us=12501801 end_us=12504860 dur_us=3059
UKL-MQTT-BENCH: BUFFULL run_id=try5-c2-cpu start_us=12507797 end_us=12511735 dur_us=3937
UKL-MQTT-BENCH: BUFFULL run_id=try5-c2-cpu start_us=12514871 end_us=12516691 dur_us=1820
UKL-MQTT-BENCH: BUFFULL run_id=try5-c2-cpu start_us=12518996 end_us=12522668 dur_us=3672
UKL-MQTT-BENCH: BUFFULL run_id=try5-c2-cpu start_us=12525580 end_us=12528617 dur_us=3036
UKL-MQTT-BENCH: BUFFULL run_id=try5-c2-cpu start_us=12531534 end_us=12533656 dur_us=2122
UKL-MQTT-BENCH: BUFFULL run_id=try5-c2-cpu start_us=12535963 end_us=12537864 dur_us=1901
UKL-MQTT-BENCH: BUFFULL run_id=try5-c2-cpu start_us=12540170 end_us=12543610 dur_us=3439
UKL-MQTT-BENCH: BUFFULL run_id=try5-c2-cpu start_us=12545934 end_us=12548862 dur_us=2928
UKL-MQTT-BENCH: BUFFULL run_id=try5-c2-cpu start_us=12551766 end_us=12552827 dur_us=1060
UKL-MQTT-BENCH: BUFFULL run_id=try5-c2-cpu start_us=12554544 end_us=12557631 dur_us=3086
UKL-MQTT-BENCH: BUFFULL run_id=try5-c2-cpu start_us=12559954 end_us=12562593 dur_us=2638
UKL-MQTT-BENCH: BUFFULL run_id=try5-c2-cpu start_us=12564937 end_us=12567567 dur_us=2629
UKL-MQTT-BENCH: BUFFULL run_id=try5-c2-cpu start_us=12569890 end_us=12573868 dur_us=3977
UKL-MQTT-BENCH: BUFFULL run_id=try5-c2-cpu start_us=12576794 end_us=12578586 dur_us=1791
UKL-MQTT-BENCH: BUFFULL run_id=try5-c2-cpu start_us=12580894 end_us=12583566 dur_us=2672
UKL-MQTT-BENCH: BUFFULL run_id=try5-c2-cpu start_us=12585878 end_us=12588623 dur_us=2745
UKL-MQTT-BENCH: BUFFULL run_id=try5-c2-cpu start_us=12590937 end_us=12593594 dur_us=2657
UKL-MQTT-BENCH: BUFFULL run_id=try5-c2-cpu start_us=12595926 end_us=12599622 dur_us=3696
UKL-MQTT-BENCH: BUFFULL run_id=try5-c2-cpu start_us=12602537 end_us=12604836 dur_us=2299
UKL-MQTT-BENCH: BUFFULL run_id=try5-c2-cpu start_us=12607760 end_us=12609854 dur_us=2093
UKL-MQTT-BENCH: BUFFULL run_id=try5-c2-cpu start_us=12612286 end_us=12615664 dur_us=3377
UKL-MQTT-BENCH: BUFFULL run_id=try5-c2-cpu start_us=12617969 end_us=12621645 dur_us=3676
UKL-MQTT-BENCH: BUFFULL run_id=try5-c2-cpu start_us=12624601 end_us=12626598 dur_us=1996
UKL-MQTT-BENCH: BUFFULL run_id=try5-c2-cpu start_us=12629512 end_us=12632617 dur_us=3105
UKL-MQTT-BENCH: BUFFULL run_id=try5-c2-cpu start_us=12634920 end_us=12638618 dur_us=3697
UKL-MQTT-BENCH: BUFFULL run_id=try5-c2-cpu start_us=12641514 end_us=12643833 dur_us=2319
UKL-MQTT-BENCH: BUFFULL run_id=try5-c2-cpu start_us=12646736 end_us=12649628 dur_us=2891
UKL-MQTT-BENCH: BUFFULL run_id=try5-c2-cpu start_us=12651940 end_us=12655607 dur_us=3666
UKL-MQTT-BENCH: BUFFULL run_id=try5-c2-cpu start_us=12658512 end_us=12660607 dur_us=2095
UKL-MQTT-BENCH: BUFFULL run_id=try5-c2-cpu start_us=12663508 end_us=12666616 dur_us=3108
UKL-MQTT-BENCH: BUFFULL run_id=try5-c2-cpu start_us=12668930 end_us=12672624 dur_us=3694
UKL-MQTT-BENCH: BUFFULL run_id=try5-c2-cpu start_us=12675526 end_us=12679658 dur_us=4131
UKL-MQTT-BENCH: BUFFULL run_id=try5-c2-cpu start_us=12683165 end_us=12685693 dur_us=2528
UKL-MQTT-BENCH: BUFFULL run_id=try5-c2-cpu start_us=12688606 end_us=12691671 dur_us=3064
UKL-MQTT-BENCH: BUFFULL run_id=try5-c2-cpu start_us=12694565 end_us=12697705 dur_us=3139
UKL-MQTT-BENCH: BUFFULL run_id=try5-c2-cpu start_us=12700621 end_us=12702632 dur_us=2010
UKL-MQTT-BENCH: BUFFULL run_id=try5-c2-cpu start_us=12704930 end_us=12707604 dur_us=2673
UKL-MQTT-BENCH: BUFFULL run_id=try5-c2-cpu start_us=12709902 end_us=12713638 dur_us=3736
UKL-MQTT-BENCH: BUFFULL run_id=try5-c2-cpu start_us=12716539 end_us=12717594 dur_us=1055
UKL-MQTT-BENCH: BUFFULL run_id=try5-c2-cpu start_us=12719306 end_us=12720771 dur_us=1465
UKL-MQTT-BENCH: BUFFULL run_id=try5-c2-cpu start_us=12722477 end_us=12728664 dur_us=6186
UKL-MQTT-BENCH: BUFFULL run_id=try5-c2-cpu start_us=12732168 end_us=12733590 dur_us=1421
UKL-MQTT-BENCH: BUFFULL run_id=try5-c2-cpu start_us=12735890 end_us=12737818 dur_us=1927
UKL-MQTT-BENCH: BUFFULL run_id=try5-c2-cpu start_us=12740120 end_us=12745639 dur_us=5518
UKL-MQTT-BENCH: BUFFULL run_id=try5-c2-cpu start_us=12749177 end_us=12750617 dur_us=1440
UKL-MQTT-BENCH: BUFFULL run_id=try5-c2-cpu start_us=12752906 end_us=12755567 dur_us=2661
UKL-MQTT-BENCH: BUFFULL run_id=try5-c2-cpu start_us=12758499 end_us=12761872 dur_us=3373
UKL-MQTT-BENCH: BUFFULL run_id=try5-c2-cpu start_us=12764775 end_us=12767615 dur_us=2839
UKL-MQTT-BENCH: BUFFULL run_id=try5-c2-cpu start_us=12769924 end_us=12772566 dur_us=2642
UKL-MQTT-BENCH: BUFFULL run_id=try5-c2-cpu start_us=12775469 end_us=12778865 dur_us=3395
UKL-MQTT-BENCH: BUFFULL run_id=try5-c2-cpu start_us=12781769 end_us=12784609 dur_us=2840
UKL-MQTT-BENCH: BUFFULL run_id=try5-c2-cpu start_us=12786912 end_us=12790626 dur_us=3714
UKL-MQTT-BENCH: BUFFULL run_id=try5-c2-cpu start_us=12793516 end_us=12796647 dur_us=3130
UKL-MQTT-BENCH: BUFFULL run_id=try5-c2-cpu start_us=12799544 end_us=12802652 dur_us=3108
UKL-MQTT-BENCH: BUFFULL run_id=try5-c2-cpu start_us=12805554 end_us=12808611 dur_us=3056
UKL-MQTT-BENCH: BUFFULL run_id=try5-c2-cpu start_us=12811557 end_us=12813618 dur_us=2061
UKL-MQTT-BENCH: BUFFULL run_id=try5-c2-cpu start_us=12815913 end_us=12819624 dur_us=3710
UKL-MQTT-BENCH: BUFFULL run_id=try5-c2-cpu start_us=12822517 end_us=12825631 dur_us=3113
UKL-MQTT-BENCH: BUFFULL run_id=try5-c2-cpu start_us=12828538 end_us=12830552 dur_us=2014
UKL-MQTT-BENCH: BUFFULL run_id=try5-c2-cpu start_us=12832844 end_us=12835858 dur_us=3014
UKL-MQTT-BENCH: BUFFULL run_id=try5-c2-cpu start_us=12838759 end_us=12842632 dur_us=3873
UKL-MQTT-BENCH: BUFFULL run_id=try5-c2-cpu start_us=12845540 end_us=12849661 dur_us=4121
UKL-MQTT-BENCH: BUFFULL run_id=try5-c2-cpu start_us=12853179 end_us=12855625 dur_us=2445
UKL-MQTT-BENCH: BUFFULL run_id=try5-c2-cpu start_us=12858516 end_us=12860596 dur_us=2079
UKL-MQTT-BENCH: BUFFULL run_id=try5-c2-cpu start_us=12862897 end_us=12866599 dur_us=3701
UKL-MQTT-BENCH: BUFFULL run_id=try5-c2-cpu start_us=12869506 end_us=12872634 dur_us=3128
UKL-MQTT-BENCH: BUFFULL run_id=try5-c2-cpu start_us=12875536 end_us=12877618 dur_us=2081
UKL-MQTT-BENCH: BUFFULL run_id=try5-c2-cpu start_us=12879918 end_us=12882813 dur_us=2894
UKL-MQTT-BENCH: BUFFULL run_id=try5-c2-cpu start_us=12885711 end_us=12889612 dur_us=3901
UKL-MQTT-BENCH: BUFFULL run_id=try5-c2-cpu start_us=12892584 end_us=12894668 dur_us=2084
UKL-MQTT-BENCH: BUFFULL run_id=try5-c2-cpu start_us=12897054 end_us=12900648 dur_us=3593
UKL-MQTT-BENCH: BUFFULL run_id=try5-c2-cpu start_us=12903559 end_us=12906709 dur_us=3149
UKL-MQTT-BENCH: BUFFULL run_id=try5-c2-cpu start_us=12909621 end_us=12911906 dur_us=2284
UKL-MQTT-BENCH: BUFFULL run_id=try5-c2-cpu start_us=12914819 end_us=12917655 dur_us=2836
UKL-MQTT-BENCH: BUFFULL run_id=try5-c2-cpu start_us=12919972 end_us=12923730 dur_us=3758
UKL-MQTT-BENCH: BUFFULL run_id=try5-c2-cpu start_us=12926623 end_us=12928602 dur_us=1979
UKL-MQTT-BENCH: BUFFULL run_id=try5-c2-cpu start_us=12930917 end_us=12932294 dur_us=1376
UKL-MQTT-BENCH: BUFFULL run_id=try5-c2-cpu start_us=12934020 end_us=12935790 dur_us=1769
UKL-MQTT-BENCH: BUFFULL run_id=try5-c2-cpu start_us=12937504 end_us=12940643 dur_us=3139
UKL-MQTT-BENCH: BUFFULL run_id=try5-c2-cpu start_us=12942951 end_us=12945631 dur_us=2679
UKL-MQTT-BENCH: BUFFULL run_id=try5-c2-cpu start_us=12947939 end_us=12952635 dur_us=4695
UKL-MQTT-BENCH: BUFFULL run_id=try5-c2-cpu start_us=12955565 end_us=12957667 dur_us=2101
UKL-MQTT-BENCH: BUFFULL run_id=try5-c2-cpu start_us=12960581 end_us=12962654 dur_us=2073
UKL-MQTT-BENCH: BUFFULL run_id=try5-c2-cpu start_us=12964969 end_us=12967608 dur_us=2638
UKL-MQTT-BENCH: BUFFULL run_id=try5-c2-cpu start_us=12969927 end_us=12972597 dur_us=2669
UKL-MQTT-BENCH: BUFFULL run_id=try5-c2-cpu start_us=12974910 end_us=12977585 dur_us=2674
UKL-MQTT-BENCH: BUFFULL run_id=try5-c2-cpu start_us=12982505 end_us=12985830 dur_us=3324
UKL-MQTT-BENCH: BUFFULL run_id=try5-c2-cpu start_us=12988139 end_us=12990600 dur_us=2460
UKL-MQTT-BENCH: BUFFULL run_id=try5-c2-cpu start_us=12993012 end_us=12996910 dur_us=3898
UKL-MQTT-BENCH: BUFFULL run_id=try5-c2-cpu start_us=12999840 end_us=13001848 dur_us=2007
UKL-MQTT-BENCH: BUFFULL run_id=try5-c2-cpu start_us=13004181 end_us=13006616 dur_us=2435
UKL-MQTT-BENCH: BUFFULL run_id=try5-c2-cpu start_us=13008942 end_us=13012651 dur_us=3709
UKL-MQTT-BENCH: BUFFULL run_id=try5-c2-cpu start_us=13015582 end_us=13018857 dur_us=3275
UKL-MQTT-BENCH: BUFFULL run_id=try5-c2-cpu start_us=13021777 end_us=13023857 dur_us=2080
UKL-MQTT-BENCH: BUFFULL run_id=try5-c2-cpu start_us=13026153 end_us=13029656 dur_us=3503
UKL-MQTT-BENCH: BUFFULL run_id=try5-c2-cpu start_us=13032574 end_us=13035873 dur_us=3298
UKL-MQTT-BENCH: BUFFULL run_id=try5-c2-cpu start_us=13038777 end_us=13040815 dur_us=2037
UKL-MQTT-BENCH: BUFFULL run_id=try5-c2-cpu start_us=13043727 end_us=13046634 dur_us=2907
UKL-MQTT-BENCH: BUFFULL run_id=try5-c2-cpu start_us=13048945 end_us=13052949 dur_us=4004
UKL-MQTT-BENCH: BUFFULL run_id=try5-c2-cpu start_us=13055856 end_us=13058578 dur_us=2722
UKL-MQTT-BENCH: BUFFULL run_id=try5-c2-cpu start_us=13061511 end_us=13063613 dur_us=2101
UKL-MQTT-BENCH: BUFFULL run_id=try5-c2-cpu start_us=13065932 end_us=13069631 dur_us=3699
UKL-MQTT-BENCH: BUFFULL run_id=try5-c2-cpu start_us=13072548 end_us=13073790 dur_us=1241
UKL-MQTT-BENCH: BUFFULL run_id=try5-c2-cpu start_us=13076111 end_us=13079623 dur_us=3511
UKL-MQTT-BENCH: BUFFULL run_id=try5-c2-cpu start_us=13081946 end_us=13086648 dur_us=4701
UKL-MQTT-BENCH: BUFFULL run_id=try5-c2-cpu start_us=13093170 end_us=13096593 dur_us=3423
UKL-MQTT-BENCH: BUFFULL run_id=try5-c2-cpu start_us=13098941 end_us=13101601 dur_us=2660
UKL-MQTT-BENCH: BUFFULL run_id=try5-c2-cpu start_us=13103937 end_us=13106615 dur_us=2677
UKL-MQTT-BENCH: BUFFULL run_id=try5-c2-cpu start_us=13108960 end_us=13112642 dur_us=3681
UKL-MQTT-BENCH: BUFFULL run_id=try5-c2-cpu start_us=13115570 end_us=13118600 dur_us=3030
UKL-MQTT-BENCH: BUFFULL run_id=try5-c2-cpu start_us=13121500 end_us=13123626 dur_us=2125
UKL-MQTT-BENCH: BUFFULL run_id=try5-c2-cpu start_us=13125952 end_us=13129647 dur_us=3694
UKL-MQTT-BENCH: BUFFULL run_id=try5-c2-cpu start_us=13132569 end_us=13135629 dur_us=3060
UKL-MQTT-BENCH: BUFFULL run_id=try5-c2-cpu start_us=13138569 end_us=13140571 dur_us=2002
UKL-MQTT-BENCH: BUFFULL run_id=try5-c2-cpu start_us=13142897 end_us=13146594 dur_us=3696
UKL-MQTT-BENCH: BUFFULL run_id=try5-c2-cpu start_us=13149532 end_us=13152625 dur_us=3093
UKL-MQTT-BENCH: BUFFULL run_id=try5-c2-cpu start_us=13155551 end_us=13157671 dur_us=2120
UKL-MQTT-BENCH: BUFFULL run_id=try5-c2-cpu start_us=13160586 end_us=13162871 dur_us=2285
UKL-MQTT-BENCH: BUFFULL run_id=try5-c2-cpu start_us=13165178 end_us=13169637 dur_us=4458
UKL-MQTT-BENCH: BUFFULL run_id=try5-c2-cpu start_us=13172572 end_us=13174600 dur_us=2028
UKL-MQTT-BENCH: BUFFULL run_id=try5-c2-cpu start_us=13176914 end_us=13178830 dur_us=1916
UKL-MQTT-BENCH: BUFFULL run_id=try5-c2-cpu start_us=13181125 end_us=13184685 dur_us=3560
UKL-MQTT-BENCH: BUFFULL run_id=try5-c2-cpu start_us=13187603 end_us=13190600 dur_us=2996
UKL-MQTT-BENCH: BUFFULL run_id=try5-c2-cpu start_us=13192905 end_us=13195670 dur_us=2764
UKL-MQTT-BENCH: BUFFULL run_id=try5-c2-cpu start_us=13198573 end_us=13200885 dur_us=2311
UKL-MQTT-BENCH: BUFFULL run_id=try5-c2-cpu start_us=13203201 end_us=13204618 dur_us=1417
UKL-MQTT-BENCH: BUFFULL run_id=try5-c2-cpu start_us=13206340 end_us=13209552 dur_us=3212
UKL-MQTT-BENCH: BUFFULL run_id=try5-c2-cpu start_us=13211941 end_us=13213584 dur_us=1642
UKL-MQTT-BENCH: BUFFULL run_id=try5-c2-cpu start_us=13215299 end_us=13217795 dur_us=2495
UKL-MQTT-BENCH: BUFFULL run_id=try5-c2-cpu start_us=13220116 end_us=13221537 dur_us=1420
UKL-MQTT-BENCH: BUFFULL run_id=try5-c2-cpu start_us=13223854 end_us=13227641 dur_us=3787
UKL-MQTT-BENCH: BUFFULL run_id=try5-c2-cpu start_us=13229953 end_us=13234895 dur_us=4941
UKL-MQTT-BENCH: BUFFULL run_id=try5-c2-cpu start_us=13238415 end_us=13239667 dur_us=1251
UKL-MQTT-BENCH: BUFFULL run_id=try5-c2-cpu start_us=13241973 end_us=13244622 dur_us=2649
UKL-MQTT-BENCH: BUFFULL run_id=try5-c2-cpu start_us=13246934 end_us=13251912 dur_us=4978
UKL-MQTT-BENCH: BUFFULL run_id=try5-c2-cpu start_us=13255431 end_us=13256824 dur_us=1393
UKL-MQTT-BENCH: BUFFULL run_id=try5-c2-cpu start_us=13259131 end_us=13261647 dur_us=2515
UKL-MQTT-BENCH: BUFFULL run_id=try5-c2-cpu start_us=13263963 end_us=13267634 dur_us=3670
UKL-MQTT-BENCH: BUFFULL run_id=try5-c2-cpu start_us=13270546 end_us=13272609 dur_us=2063
UKL-MQTT-BENCH: BUFFULL run_id=try5-c2-cpu start_us=13274924 end_us=13277367 dur_us=2442
UKL-MQTT-BENCH: BUFFULL run_id=try5-c2-cpu start_us=13279694 end_us=13280776 dur_us=1082
UKL-MQTT-BENCH: BUFFULL run_id=try5-c2-cpu start_us=13282489 end_us=13284580 dur_us=2091
UKL-MQTT-BENCH: BUFFULL run_id=try5-c2-cpu start_us=13286305 end_us=13290619 dur_us=4313
UKL-MQTT-BENCH: BUFFULL run_id=try5-c2-cpu start_us=13293527 end_us=13296602 dur_us=3075
UKL-MQTT-BENCH: BUFFULL run_id=try5-c2-cpu start_us=13300172 end_us=13302863 dur_us=2690
UKL-MQTT-BENCH: BUFFULL run_id=try5-c2-cpu start_us=13305199 end_us=13308878 dur_us=3678
UKL-MQTT-BENCH: BUFFULL run_id=try5-c2-cpu start_us=13311802 end_us=13313627 dur_us=1825
UKL-MQTT-BENCH: BUFFULL run_id=try5-c2-cpu start_us=13315956 end_us=13319628 dur_us=3671
UKL-MQTT-BENCH: BUFFULL run_id=try5-c2-cpu start_us=13322551 end_us=13325806 dur_us=3255
UKL-MQTT-BENCH: BUFFULL run_id=try5-c2-cpu start_us=13328763 end_us=13330603 dur_us=1839
UKL-MQTT-BENCH: BUFFULL run_id=try5-c2-cpu start_us=13332931 end_us=13336839 dur_us=3908
UKL-MQTT-BENCH: BUFFULL run_id=try5-c2-cpu start_us=13339768 end_us=13344656 dur_us=4887
UKL-MQTT-BENCH: BUFFULL run_id=try5-c2-cpu start_us=13348170 end_us=13350625 dur_us=2455
UKL-MQTT-BENCH: BUFFULL run_id=try5-c2-cpu start_us=13353548 end_us=13354816 dur_us=1267
UKL-MQTT-BENCH: BUFFULL run_id=try5-c2-cpu start_us=13357126 end_us=13360839 dur_us=3713
UKL-MQTT-BENCH: BUFFULL run_id=try5-c2-cpu start_us=13363764 end_us=13366855 dur_us=3090
UKL-MQTT-BENCH: BUFFULL run_id=try5-c2-cpu start_us=13369770 end_us=13374654 dur_us=4884
UKL-MQTT-BENCH: BUFFULL run_id=try5-c2-cpu start_us=13378182 end_us=13379646 dur_us=1463
UKL-MQTT-BENCH: BUFFULL run_id=try5-c2-cpu start_us=13381965 end_us=13384627 dur_us=2661
UKL-MQTT-BENCH: BUFFULL run_id=try5-c2-cpu start_us=13386944 end_us=13391636 dur_us=4692
UKL-MQTT-BENCH: BUFFULL run_id=try5-c2-cpu start_us=13395157 end_us=13396601 dur_us=1444
UKL-MQTT-BENCH: BUFFULL run_id=try5-c2-cpu start_us=13398916 end_us=13401594 dur_us=2677
UKL-MQTT-BENCH: BUFFULL run_id=try5-c2-cpu start_us=13403912 end_us=13406824 dur_us=2911
UKL-MQTT-BENCH: BUFFULL run_id=try5-c2-cpu start_us=13409790 end_us=13411864 dur_us=2073
UKL-MQTT-BENCH: BUFFULL run_id=try5-c2-cpu start_us=13414188 end_us=13416853 dur_us=2664
UKL-MQTT-BENCH: BUFFULL run_id=try5-c2-cpu start_us=13419162 end_us=13421615 dur_us=2452
UKL-MQTT-BENCH: BUFFULL run_id=try5-c2-cpu start_us=13423945 end_us=13427645 dur_us=3700
UKL-MQTT-BENCH: BUFFULL run_id=try5-c2-cpu start_us=13430571 end_us=13432581 dur_us=2009
UKL-MQTT-BENCH: BUFFULL run_id=try5-c2-cpu start_us=13434931 end_us=13436562 dur_us=1630
UKL-MQTT-BENCH: BUFFULL run_id=try5-c2-cpu start_us=13438292 end_us=13441585 dur_us=3293
UKL-MQTT-BENCH: BUFFULL run_id=try5-c2-cpu start_us=13443909 end_us=13447619 dur_us=3710
UKL-MQTT-BENCH: BUFFULL run_id=try5-c2-cpu start_us=13450568 end_us=13452618 dur_us=2050
UKL-MQTT-BENCH: BUFFULL run_id=try5-c2-cpu start_us=13455530 end_us=13457805 dur_us=2275
UKL-MQTT-BENCH: BUFFULL run_id=try5-c2-cpu start_us=13460120 end_us=13463861 dur_us=3740
UKL-MQTT-BENCH: BUFFULL run_id=try5-c2-cpu start_us=13466789 end_us=13469633 dur_us=2843
UKL-MQTT-BENCH: BUFFULL run_id=try5-c2-cpu start_us=13471956 end_us=13474612 dur_us=2656
UKL-MQTT-BENCH: BUFFULL run_id=try5-c2-cpu start_us=13476930 end_us=13480627 dur_us=3697
UKL-MQTT-BENCH: BUFFULL run_id=try5-c2-cpu start_us=13484151 end_us=13485821 dur_us=1669
UKL-MQTT-BENCH: BUFFULL run_id=try5-c2-cpu start_us=13488120 end_us=13490604 dur_us=2484
UKL-MQTT-BENCH: BUFFULL run_id=try5-c2-cpu start_us=13492921 end_us=13496630 dur_us=3709
UKL-MQTT-BENCH: BUFFULL run_id=try5-c2-cpu start_us=13498944 end_us=13500829 dur_us=1884
UKL-MQTT-BENCH: BUFFULL run_id=try5-c2-cpu start_us=13503142 end_us=13505595 dur_us=2453
UKL-MQTT-BENCH: BUFFULL run_id=try5-c2-cpu start_us=13509233 end_us=13514674 dur_us=5440
UKL-MQTT-BENCH: BUFFULL run_id=try5-c2-cpu start_us=13517591 end_us=13519575 dur_us=1983
UKL-MQTT-BENCH: BUFFULL run_id=try5-c2-cpu start_us=13521896 end_us=13524593 dur_us=2697
UKL-MQTT-BENCH: BUFFULL run_id=try5-c2-cpu start_us=13527496 end_us=13529887 dur_us=2391
UKL-MQTT-BENCH: BUFFULL run_id=try5-c2-cpu start_us=13532208 end_us=13534811 dur_us=2602
UKL-MQTT-BENCH: BUFFULL run_id=try5-c2-cpu start_us=13537126 end_us=13542634 dur_us=5508
UKL-MQTT-BENCH: BUFFULL run_id=try5-c2-cpu start_us=13546166 end_us=13547614 dur_us=1447
UKL-MQTT-BENCH: BUFFULL run_id=try5-c2-cpu start_us=13549920 end_us=13552896 dur_us=2975
UKL-MQTT-BENCH: BUFFULL run_id=try5-c2-cpu start_us=13555818 end_us=13558599 dur_us=2780
UKL-MQTT-BENCH: BUFFULL run_id=try5-c2-cpu start_us=13561525 end_us=13564681 dur_us=3156
UKL-MQTT-BENCH: BUFFULL run_id=try5-c2-cpu start_us=13566999 end_us=13569636 dur_us=2636
UKL-MQTT-BENCH: BUFFULL run_id=try5-c2-cpu start_us=13572554 end_us=13574630 dur_us=2075
UKL-MQTT-BENCH: BUFFULL run_id=try5-c2-cpu start_us=13576931 end_us=13579626 dur_us=2694
UKL-MQTT-BENCH: BUFFULL run_id=try5-c2-cpu start_us=13581933 end_us=13584572 dur_us=2638
UKL-MQTT-BENCH: BUFFULL run_id=try5-c2-cpu start_us=13586902 end_us=13588583 dur_us=1680
UKL-MQTT-BENCH: BUFFULL run_id=try5-c2-cpu start_us=13590306 end_us=13592857 dur_us=2550
UKL-MQTT-BENCH: BUFFULL run_id=try5-c2-cpu start_us=13595127 end_us=13597863 dur_us=2736
UKL-MQTT-BENCH: BUFFULL run_id=try5-c2-cpu start_us=13600114 end_us=13604630 dur_us=4516
UKL-MQTT-BENCH: BUFFULL run_id=try5-c2-cpu start_us=13607478 end_us=13609566 dur_us=2088
UKL-MQTT-BENCH: BUFFULL run_id=try5-c2-cpu start_us=13611953 end_us=13613630 dur_us=1676
UKL-MQTT-BENCH: BUFFULL run_id=try5-c2-cpu start_us=13615903 end_us=13617292 dur_us=1388
UKL-MQTT-BENCH: BUFFULL run_id=try5-c2-cpu start_us=13618984 end_us=13621547 dur_us=2562
UKL-MQTT-BENCH: BUFFULL run_id=try5-c2-cpu start_us=13623844 end_us=13628677 dur_us=4833
UKL-MQTT-BENCH: BUFFULL run_id=try5-c2-cpu start_us=13631527 end_us=13633606 dur_us=2078
UKL-MQTT-BENCH: BUFFULL run_id=try5-c2-cpu start_us=13636474 end_us=13638592 dur_us=2117
UKL-MQTT-BENCH: BUFFULL run_id=try5-c2-cpu start_us=13640852 end_us=13645637 dur_us=4784
UKL-MQTT-BENCH: BUFFULL run_id=try5-c2-cpu start_us=13648486 end_us=13650598 dur_us=2111
UKL-MQTT-BENCH: BUFFULL run_id=try5-c2-cpu start_us=13653461 end_us=13657649 dur_us=4187
UKL-MQTT-BENCH: BUFFULL run_id=try5-c2-cpu start_us=13660542 end_us=13662574 dur_us=2031
UKL-MQTT-BENCH: BUFFULL run_id=try5-c2-cpu start_us=13664853 end_us=13667704 dur_us=2851
UKL-MQTT-BENCH: BUFFULL run_id=try5-c2-cpu start_us=13670547 end_us=13673629 dur_us=3082
UKL-MQTT-BENCH: BUFFULL run_id=try5-c2-cpu start_us=13676500 end_us=13678622 dur_us=2122
UKL-MQTT-BENCH: BUFFULL run_id=try5-c2-cpu start_us=13680892 end_us=13683796 dur_us=2904
UKL-MQTT-BENCH: BUFFULL run_id=try5-c2-cpu start_us=13686642 end_us=13689604 dur_us=2962
UKL-MQTT-BENCH: BUFFULL run_id=try5-c2-cpu start_us=13691869 end_us=13695599 dur_us=3729
UKL-MQTT-BENCH: BUFFULL run_id=try5-c2-cpu start_us=13698470 end_us=13699561 dur_us=1090
UKL-MQTT-BENCH: BUFFULL run_id=try5-c2-cpu start_us=13701841 end_us=13705626 dur_us=3784
UKL-MQTT-BENCH: BUFFULL run_id=try5-c2-cpu start_us=13707898 end_us=13711648 dur_us=3750
UKL-MQTT-BENCH: BUFFULL run_id=try5-c2-cpu start_us=13714512 end_us=13717624 dur_us=3111
UKL-MQTT-BENCH: BUFFULL run_id=try5-c2-cpu start_us=13720498 end_us=13721830 dur_us=1331
UKL-MQTT-BENCH: BUFFULL run_id=try5-c2-cpu start_us=13724110 end_us=13727660 dur_us=3549
UKL-MQTT-BENCH: BUFFULL run_id=try5-c2-cpu start_us=13730517 end_us=13734858 dur_us=4341
UKL-MQTT-BENCH: BUFFULL run_id=try5-c2-cpu start_us=13738293 end_us=13739591 dur_us=1298
UKL-MQTT-BENCH: BUFFULL run_id=try5-c2-cpu start_us=13741875 end_us=13745628 dur_us=3752
UKL-MQTT-BENCH: BUFFULL run_id=try5-c2-cpu start_us=13748526 end_us=13751641 dur_us=3115
UKL-MQTT-BENCH: BUFFULL run_id=try5-c2-cpu start_us=13754500 end_us=13758635 dur_us=4135
UKL-MQTT-BENCH: BUFFULL run_id=try5-c2-cpu start_us=13762081 end_us=13763617 dur_us=1536
UKL-MQTT-BENCH: BUFFULL run_id=try5-c2-cpu start_us=13765883 end_us=13768588 dur_us=2705
UKL-MQTT-BENCH: BUFFULL run_id=try5-c2-cpu start_us=13770852 end_us=13775639 dur_us=4787
UKL-MQTT-BENCH: BUFFULL run_id=try5-c2-cpu start_us=13779095 end_us=13781639 dur_us=2544
UKL-MQTT-BENCH: BUFFULL run_id=try5-c2-cpu start_us=13784500 end_us=13787608 dur_us=3108
UKL-MQTT-BENCH: BUFFULL run_id=try5-c2-cpu start_us=13790458 end_us=13794700 dur_us=4242
UKL-MQTT-BENCH: BUFFULL run_id=try5-c2-cpu start_us=13798135 end_us=13800623 dur_us=2488
UKL-MQTT-BENCH: BUFFULL run_id=try5-c2-cpu start_us=13803481 end_us=13806597 dur_us=3115
UKL-MQTT-BENCH: BUFFULL run_id=try5-c2-cpu start_us=13809463 end_us=13811623 dur_us=2159
UKL-MQTT-BENCH: BUFFULL run_id=try5-c2-cpu start_us=13813893 end_us=13817660 dur_us=3766
UKL-MQTT-BENCH: BUFFULL run_id=try5-c2-cpu start_us=13820514 end_us=13823719 dur_us=3205
UKL-MQTT-BENCH: BUFFULL run_id=try5-c2-cpu start_us=13826597 end_us=13829604 dur_us=3006
UKL-MQTT-BENCH: BUFFULL run_id=try5-c2-cpu start_us=13832468 end_us=13834619 dur_us=2151
UKL-MQTT-BENCH: BUFFULL run_id=try5-c2-cpu start_us=13836888 end_us=13839676 dur_us=2788
UKL-MQTT-BENCH: BUFFULL run_id=try5-c2-cpu start_us=13842527 end_us=13843594 dur_us=1066
UKL-MQTT-BENCH: BUFFULL run_id=try5-c2-cpu start_us=13846847 end_us=13850820 dur_us=3972
UKL-MQTT-BENCH: BUFFULL run_id=try5-c2-cpu start_us=13853076 end_us=13855596 dur_us=2520
UKL-MQTT-BENCH: BUFFULL run_id=try5-c2-cpu start_us=13857864 end_us=13859556 dur_us=1692
UKL-MQTT-BENCH: BUFFULL run_id=try5-c2-cpu start_us=13861252 end_us=13862528 dur_us=1275
UKL-MQTT-BENCH: BUFFULL run_id=try5-c2-cpu start_us=13864231 end_us=13868628 dur_us=4396
UKL-MQTT-BENCH: BUFFULL run_id=try5-c2-cpu start_us=13871482 end_us=13874678 dur_us=3195
UKL-MQTT-BENCH: BUFFULL run_id=try5-c2-cpu start_us=13877529 end_us=13879663 dur_us=2133
UKL-MQTT-BENCH: BUFFULL run_id=try5-c2-cpu start_us=13882507 end_us=13885582 dur_us=3074
UKL-MQTT-BENCH: BUFFULL run_id=try5-c2-cpu start_us=13887852 end_us=13891666 dur_us=3814
UKL-MQTT-BENCH: BUFFULL run_id=try5-c2-cpu start_us=13894519 end_us=13895592 dur_us=1072
UKL-MQTT-BENCH: BUFFULL run_id=try5-c2-cpu start_us=13897854 end_us=13899567 dur_us=1713
UKL-MQTT-BENCH: BUFFULL run_id=try5-c2-cpu start_us=13901245 end_us=13906641 dur_us=5396
UKL-MQTT-BENCH: BUFFULL run_id=try5-c2-cpu start_us=13911981 end_us=13915640 dur_us=3658
UKL-MQTT-BENCH: BUFFULL run_id=try5-c2-cpu start_us=13918518 end_us=13921647 dur_us=3129
UKL-MQTT-BENCH: BUFFULL run_id=try5-c2-cpu start_us=13923923 end_us=13925784 dur_us=1861
UKL-MQTT-BENCH: BUFFULL run_id=try5-c2-cpu start_us=13928055 end_us=13932659 dur_us=4603
UKL-MQTT-BENCH: BUFFULL run_id=try5-c2-cpu start_us=13935513 end_us=13938602 dur_us=3088
UKL-MQTT-BENCH: BUFFULL run_id=try5-c2-cpu start_us=13941472 end_us=13942838 dur_us=1365
UKL-MQTT-BENCH: BUFFULL run_id=try5-c2-cpu start_us=13945080 end_us=13948850 dur_us=3769
UKL-MQTT-BENCH: BUFFULL run_id=try5-c2-cpu start_us=13951720 end_us=13954938 dur_us=3218
UKL-MQTT-BENCH: BUFFULL run_id=try5-c2-cpu start_us=13957809 end_us=13959784 dur_us=1975
UKL-MQTT-BENCH: BUFFULL run_id=try5-c2-cpu start_us=13962035 end_us=13965719 dur_us=3683
UKL-MQTT-BENCH: BUFFULL run_id=try5-c2-cpu start_us=13969122 end_us=13971961 dur_us=2838
UKL-MQTT-BENCH: BUFFULL run_id=try5-c2-cpu start_us=13974824 end_us=13976588 dur_us=1763
UKL-MQTT-BENCH: BUFFULL run_id=try5-c2-cpu start_us=13978272 end_us=13982653 dur_us=4380
UKL-MQTT-BENCH: BUFFULL run_id=try5-c2-cpu start_us=13986167 end_us=13988641 dur_us=2473
UKL-MQTT-BENCH: BUFFULL run_id=try5-c2-cpu start_us=13991495 end_us=13995695 dur_us=4199
UKL-MQTT-BENCH: BUFFULL run_id=try5-c2-cpu start_us=13998536 end_us=14001597 dur_us=3061
UKL-MQTT-BENCH: BUFFULL run_id=try5-c2-cpu start_us=14004459 end_us=14005841 dur_us=1381
UKL-MQTT-BENCH: BUFFULL run_id=try5-c2-cpu start_us=14008096 end_us=14011889 dur_us=3793
UKL-MQTT-BENCH: BUFFULL run_id=try5-c2-cpu start_us=14014748 end_us=14019692 dur_us=4944
UKL-MQTT-BENCH: BUFFULL run_id=try5-c2-cpu start_us=14026090 end_us=14028844 dur_us=2754
UKL-MQTT-BENCH: BUFFULL run_id=try5-c2-cpu start_us=14031108 end_us=14035872 dur_us=4764
UKL-MQTT-BENCH: BUFFULL run_id=try5-c2-cpu start_us=14039308 end_us=14040816 dur_us=1508
UKL-MQTT-BENCH: BUFFULL run_id=try5-c2-cpu start_us=14043078 end_us=14045629 dur_us=2551
UKL-MQTT-BENCH: BUFFULL run_id=try5-c2-cpu start_us=14047898 end_us=14052634 dur_us=4735
UKL-MQTT-BENCH: BUFFULL run_id=try5-c2-cpu start_us=14056078 end_us=14057604 dur_us=1525
UKL-MQTT-BENCH: BUFFULL run_id=try5-c2-cpu start_us=14059872 end_us=14062601 dur_us=2728
UKL-MQTT-BENCH: BUFFULL run_id=try5-c2-cpu start_us=14064861 end_us=14069617 dur_us=4756
UKL-MQTT-BENCH: BUFFULL run_id=try5-c2-cpu start_us=14073055 end_us=14075667 dur_us=2612
UKL-MQTT-BENCH: BUFFULL run_id=try5-c2-cpu start_us=14078521 end_us=14082645 dur_us=4124
UKL-MQTT-BENCH: BUFFULL run_id=try5-c2-cpu start_us=14086091 end_us=14088703 dur_us=2612
UKL-MQTT-BENCH: BUFFULL run_id=try5-c2-cpu start_us=14094222 end_us=14099622 dur_us=5399
UKL-MQTT-BENCH: BUFFULL run_id=try5-c2-cpu start_us=14103052 end_us=14104620 dur_us=1567
UKL-MQTT-BENCH: BUFFULL run_id=try5-c2-cpu start_us=14109425 end_us=14115696 dur_us=6271
UKL-MQTT-BENCH: BUFFULL run_id=try5-c2-cpu start_us=14119128 end_us=14120833 dur_us=1704
UKL-MQTT-BENCH: BUFFULL run_id=try5-c2-cpu start_us=14123703 end_us=14124796 dur_us=1092
UKL-MQTT-BENCH: BUFFULL run_id=try5-c2-cpu start_us=14126476 end_us=14131847 dur_us=5371
UKL-MQTT-BENCH: BUFFULL run_id=try5-c2-cpu start_us=14135260 end_us=14136607 dur_us=1346
UKL-MQTT-BENCH: BUFFULL run_id=try5-c2-cpu start_us=14138890 end_us=14141593 dur_us=2702
UKL-MQTT-BENCH: BUFFULL run_id=try5-c2-cpu start_us=14143868 end_us=14148630 dur_us=4761
UKL-MQTT-BENCH: BUFFULL run_id=try5-c2-cpu start_us=14152065 end_us=14153623 dur_us=1558
UKL-MQTT-BENCH: BUFFULL run_id=try5-c2-cpu start_us=14155886 end_us=14158556 dur_us=2670
UKL-MQTT-BENCH: BUFFULL run_id=try5-c2-cpu start_us=14160826 end_us=14164636 dur_us=3810
UKL-MQTT-BENCH: BUFFULL run_id=try5-c2-cpu start_us=14167501 end_us=14170628 dur_us=3127
UKL-MQTT-BENCH: BUFFULL run_id=try5-c2-cpu start_us=14173501 end_us=14176688 dur_us=3186
UKL-MQTT-BENCH: BUFFULL run_id=try5-c2-cpu start_us=14179538 end_us=14181604 dur_us=2065
UKL-MQTT-BENCH: BUFFULL run_id=try5-c2-cpu start_us=14183867 end_us=14187623 dur_us=3756
UKL-MQTT-BENCH: BUFFULL run_id=try5-c2-cpu start_us=14190475 end_us=14192843 dur_us=2368
UKL-MQTT-BENCH: BUFFULL run_id=try5-c2-cpu start_us=14195703 end_us=14196775 dur_us=1071
UKL-MQTT-BENCH: BUFFULL run_id=try5-c2-cpu start_us=14198454 end_us=14201578 dur_us=3124
UKL-MQTT-BENCH: BUFFULL run_id=try5-c2-cpu start_us=14203841 end_us=14207662 dur_us=3820
UKL-MQTT-BENCH: BUFFULL run_id=try5-c2-cpu start_us=14210530 end_us=14212641 dur_us=2110
UKL-MQTT-BENCH: BUFFULL run_id=try5-c2-cpu start_us=14215485 end_us=14218618 dur_us=3133
UKL-MQTT-BENCH: BUFFULL run_id=try5-c2-cpu start_us=14220871 end_us=14224651 dur_us=3780
UKL-MQTT-BENCH: BUFFULL run_id=try5-c2-cpu start_us=14227505 end_us=14229634 dur_us=2128
UKL-MQTT-BENCH: BUFFULL run_id=try5-c2-cpu start_us=14231915 end_us=14234612 dur_us=2697
UKL-MQTT-BENCH: BUFFULL run_id=try5-c2-cpu start_us=14236885 end_us=14241689 dur_us=4804
UKL-MQTT-BENCH: BUFFULL run_id=try5-c2-cpu start_us=14245177 end_us=14246602 dur_us=1424
UKL-MQTT-BENCH: BUFFULL run_id=try5-c2-cpu start_us=14248870 end_us=14251595 dur_us=2724
UKL-MQTT-BENCH: BUFFULL run_id=try5-c2-cpu start_us=14253858 end_us=14258638 dur_us=4779
UKL-MQTT-BENCH: BUFFULL run_id=try5-c2-cpu start_us=14264244 end_us=14266831 dur_us=2586
UKL-MQTT-BENCH: BUFFULL run_id=try5-c2-cpu start_us=14269094 end_us=14272603 dur_us=3509
UKL-MQTT-BENCH: BUFFULL run_id=try5-c2-cpu start_us=14275478 end_us=14277601 dur_us=2123
UKL-MQTT-BENCH: BUFFULL run_id=try5-c2-cpu start_us=14279868 end_us=14282597 dur_us=2728
UKL-MQTT-BENCH: BUFFULL run_id=try5-c2-cpu start_us=14284871 end_us=14287810 dur_us=2938
UKL-MQTT-BENCH: BUFFULL run_id=try5-c2-cpu start_us=14290662 end_us=14293831 dur_us=3168
UKL-MQTT-BENCH: BUFFULL run_id=try5-c2-cpu start_us=14296683 end_us=14299620 dur_us=2936
UKL-MQTT-BENCH: BUFFULL run_id=try5-c2-cpu start_us=14301874 end_us=14304815 dur_us=2941
UKL-MQTT-BENCH: BUFFULL run_id=try5-c2-cpu start_us=14307688 end_us=14311654 dur_us=3966
UKL-MQTT-BENCH: BUFFULL run_id=try5-c2-cpu start_us=14314500 end_us=14317627 dur_us=3126
UKL-MQTT-BENCH: BUFFULL run_id=try5-c2-cpu start_us=14320481 end_us=14324687 dur_us=4206
UKL-MQTT-BENCH: BUFFULL run_id=try5-c2-cpu start_us=14330252 end_us=14334071 dur_us=3819
UKL-MQTT-BENCH: BUFFULL run_id=try5-c2-cpu start_us=14336966 end_us=14341772 dur_us=4806
UKL-MQTT-BENCH: BUFFULL run_id=try5-c2-cpu start_us=14345232 end_us=14346623 dur_us=1391
UKL-MQTT-BENCH: BUFFULL run_id=try5-c2-cpu start_us=14348897 end_us=14353689 dur_us=4791
UKL-MQTT-BENCH: BUFFULL run_id=try5-c2-cpu start_us=14359868 end_us=14362562 dur_us=2694
UKL-MQTT-BENCH: BUFFULL run_id=try5-c2-cpu start_us=14364832 end_us=14368634 dur_us=3801
UKL-MQTT-BENCH: BUFFULL run_id=try5-c2-cpu start_us=14371499 end_us=14372576 dur_us=1077
UKL-MQTT-BENCH: BUFFULL run_id=try5-c2-cpu start_us=14374265 end_us=14377902 dur_us=3637
UKL-MQTT-BENCH: BUFFULL run_id=try5-c2-cpu start_us=14380762 end_us=14384635 dur_us=3873
UKL-MQTT-BENCH: BUFFULL run_id=try5-c2-cpu start_us=14387489 end_us=14389592 dur_us=2102
UKL-MQTT-BENCH: BUFFULL run_id=try5-c2-cpu start_us=14391853 end_us=14394606 dur_us=2753
UKL-MQTT-BENCH: BUFFULL run_id=try5-c2-cpu start_us=14397451 end_us=14400844 dur_us=3392
UKL-MQTT-BENCH: BUFFULL run_id=try5-c2-cpu start_us=14403705 end_us=14405599 dur_us=1893
UKL-MQTT-BENCH: BUFFULL run_id=try5-c2-cpu start_us=14407864 end_us=14410814 dur_us=2949
UKL-MQTT-BENCH: BUFFULL run_id=try5-c2-cpu start_us=14413116 end_us=14416851 dur_us=3734
UKL-MQTT-BENCH: BUFFULL run_id=try5-c2-cpu start_us=14419716 end_us=14422630 dur_us=2914
UKL-MQTT-BENCH: BUFFULL run_id=try5-c2-cpu start_us=14425479 end_us=14427846 dur_us=2366
UKL-MQTT-BENCH: BUFFULL run_id=try5-c2-cpu start_us=14430110 end_us=14433634 dur_us=3524
UKL-MQTT-BENCH: BUFFULL run_id=try5-c2-cpu start_us=14436495 end_us=14439609 dur_us=3114
UKL-MQTT-BENCH: BUFFULL run_id=try5-c2-cpu start_us=14442463 end_us=14444632 dur_us=2168
UKL-MQTT-BENCH: BUFFULL run_id=try5-c2-cpu start_us=14446900 end_us=14450644 dur_us=3743
UKL-MQTT-BENCH: BUFFULL run_id=try5-c2-cpu start_us=14453516 end_us=14456643 dur_us=3127
UKL-MQTT-BENCH: BUFFULL run_id=try5-c2-cpu start_us=14459487 end_us=14461605 dur_us=2117
UKL-MQTT-BENCH: BUFFULL run_id=try5-c2-cpu start_us=14463872 end_us=14467632 dur_us=3759
UKL-MQTT-BENCH: BUFFULL run_id=try5-c2-cpu start_us=14470504 end_us=14473601 dur_us=3097
UKL-MQTT-BENCH: BUFFULL run_id=try5-c2-cpu start_us=14476569 end_us=14478620 dur_us=2050
UKL-MQTT-BENCH: BUFFULL run_id=try5-c2-cpu start_us=14481472 end_us=14484634 dur_us=3161
UKL-MQTT-BENCH: BUFFULL run_id=try5-c2-cpu start_us=14486906 end_us=14490638 dur_us=3732
UKL-MQTT-BENCH: BUFFULL run_id=try5-c2-cpu start_us=14493502 end_us=14495555 dur_us=2052
UKL-MQTT-BENCH: BUFFULL run_id=try5-c2-cpu start_us=14498416 end_us=14501587 dur_us=3171
UKL-MQTT-BENCH: BUFFULL run_id=try5-c2-cpu start_us=14503857 end_us=14507644 dur_us=3786
UKL-MQTT-BENCH: BUFFULL run_id=try5-c2-cpu start_us=14510499 end_us=14512569 dur_us=2069
UKL-MQTT-BENCH: BUFFULL run_id=try5-c2-cpu start_us=14515489 end_us=14518657 dur_us=3168
UKL-MQTT-BENCH: BUFFULL run_id=try5-c2-cpu start_us=14521062 end_us=14524619 dur_us=3557
UKL-MQTT-BENCH: BUFFULL run_id=try5-c2-cpu start_us=14527671 end_us=14529651 dur_us=1979
UKL-MQTT-BENCH: BUFFULL run_id=try5-c2-cpu start_us=14532062 end_us=14535845 dur_us=3783
UKL-MQTT-BENCH: BUFFULL run_id=try5-c2-cpu start_us=14538708 end_us=14540850 dur_us=2141
UKL-MQTT-BENCH: BUFFULL run_id=try5-c2-cpu start_us=14543103 end_us=14546621 dur_us=3517
UKL-MQTT-BENCH: BUFFULL run_id=try5-c2-cpu start_us=14549479 end_us=14551604 dur_us=2124
UKL-MQTT-BENCH: BUFFULL run_id=try5-c2-cpu start_us=14553905 end_us=14556595 dur_us=2689
UKL-MQTT-BENCH: BUFFULL run_id=try5-c2-cpu start_us=14558862 end_us=14561592 dur_us=2729
UKL-MQTT-BENCH: BUFFULL run_id=try5-c2-cpu start_us=14563865 end_us=14567640 dur_us=3774
UKL-MQTT-BENCH: BUFFULL run_id=try5-c2-cpu start_us=14570488 end_us=14572613 dur_us=2125
UKL-MQTT-BENCH: BUFFULL run_id=try5-c2-cpu start_us=14574873 end_us=14577805 dur_us=2931
UKL-MQTT-BENCH: BUFFULL run_id=try5-c2-cpu start_us=14580644 end_us=14583850 dur_us=3206
UKL-MQTT-BENCH: BUFFULL run_id=try5-c2-cpu start_us=14586708 end_us=14589622 dur_us=2914
UKL-MQTT-BENCH: BUFFULL run_id=try5-c2-cpu start_us=14591875 end_us=14595628 dur_us=3753
UKL-MQTT-BENCH: BUFFULL run_id=try5-c2-cpu start_us=14598479 end_us=14600872 dur_us=2393
UKL-MQTT-BENCH: BUFFULL run_id=try5-c2-cpu start_us=14603726 end_us=14605829 dur_us=2103
UKL-MQTT-BENCH: BUFFULL run_id=try5-c2-cpu start_us=14608087 end_us=14611886 dur_us=3798
UKL-MQTT-BENCH: BUFFULL run_id=try5-c2-cpu start_us=14614753 end_us=14617842 dur_us=3088
UKL-MQTT-BENCH: BUFFULL run_id=try5-c2-cpu start_us=14620704 end_us=14622601 dur_us=1896
UKL-MQTT-BENCH: BUFFULL run_id=try5-c2-cpu start_us=14624850 end_us=14628599 dur_us=3748
UKL-MQTT-BENCH: BUFFULL run_id=try5-c2-cpu start_us=14631467 end_us=14633628 dur_us=2161
UKL-MQTT-BENCH: BUFFULL run_id=try5-c2-cpu start_us=14635899 end_us=14639633 dur_us=3734
UKL-MQTT-BENCH: BUFFULL run_id=try5-c2-cpu start_us=14642506 end_us=14645619 dur_us=3112
UKL-MQTT-BENCH: BUFFULL run_id=try5-c2-cpu start_us=14648531 end_us=14650621 dur_us=2090
UKL-MQTT-BENCH: BUFFULL run_id=try5-c2-cpu start_us=14652893 end_us=14656599 dur_us=3705
UKL-MQTT-BENCH: BUFFULL run_id=try5-c2-cpu start_us=14659453 end_us=14662638 dur_us=3185
UKL-MQTT-BENCH: BUFFULL run_id=try5-c2-cpu start_us=14665498 end_us=14667635 dur_us=2136
UKL-MQTT-BENCH: BUFFULL run_id=try5-c2-cpu start_us=14669890 end_us=14672817 dur_us=2927
UKL-MQTT-BENCH: BUFFULL run_id=try5-c2-cpu start_us=14675699 end_us=14678617 dur_us=2917
UKL-MQTT-BENCH: BUFFULL run_id=try5-c2-cpu start_us=14681471 end_us=14684617 dur_us=3146
UKL-MQTT-BENCH: BUFFULL run_id=try5-c2-cpu start_us=14686884 end_us=14689600 dur_us=2715
UKL-MQTT-BENCH: BUFFULL run_id=try5-c2-cpu start_us=14692459 end_us=14694139 dur_us=1679
UKL-MQTT-BENCH: BUFFULL run_id=try5-c2-cpu start_us=14696405 end_us=14699613 dur_us=3207
UKL-MQTT-BENCH: BUFFULL run_id=try5-c2-cpu start_us=14701889 end_us=14705623 dur_us=3734
UKL-MQTT-BENCH: BUFFULL run_id=try5-c2-cpu start_us=14708503 end_us=14710642 dur_us=2138
UKL-MQTT-BENCH: BUFFULL run_id=try5-c2-cpu start_us=14712903 end_us=14716611 dur_us=3708
UKL-MQTT-BENCH: BUFFULL run_id=try5-c2-cpu start_us=14719463 end_us=14721830 dur_us=2366
UKL-MQTT-BENCH: BUFFULL run_id=try5-c2-cpu start_us=14724688 end_us=14727622 dur_us=2934
UKL-MQTT-BENCH: BUFFULL run_id=try5-c2-cpu start_us=14729889 end_us=14733639 dur_us=3749
UKL-MQTT-BENCH: BUFFULL run_id=try5-c2-cpu start_us=14736533 end_us=14739610 dur_us=3076
UKL-MQTT-BENCH: BUFFULL run_id=try5-c2-cpu start_us=14742463 end_us=14744615 dur_us=2152
UKL-MQTT-BENCH: BUFFULL run_id=try5-c2-cpu start_us=14746885 end_us=14750613 dur_us=3727
UKL-MQTT-BENCH: BUFFULL run_id=try5-c2-cpu start_us=14753471 end_us=14756633 dur_us=3162
UKL-MQTT-BENCH: BUFFULL run_id=try5-c2-cpu start_us=14759480 end_us=14762657 dur_us=3176
UKL-MQTT-BENCH: BUFFULL run_id=try5-c2-cpu start_us=14765505 end_us=14768620 dur_us=3115
UKL-MQTT-BENCH: BUFFULL run_id=try5-c2-cpu start_us=14771463 end_us=14773587 dur_us=2124
UKL-MQTT-BENCH: BUFFULL run_id=try5-c2-cpu start_us=14775858 end_us=14779619 dur_us=3760
UKL-MQTT-BENCH: BUFFULL run_id=try5-c2-cpu start_us=14782474 end_us=14785643 dur_us=3169
UKL-MQTT-BENCH: BUFFULL run_id=try5-c2-cpu start_us=14788495 end_us=14790571 dur_us=2075
UKL-MQTT-BENCH: BUFFULL run_id=try5-c2-cpu start_us=14792826 end_us=14795824 dur_us=2997
UKL-MQTT-BENCH: BUFFULL run_id=try5-c2-cpu start_us=14798664 end_us=14801626 dur_us=2961
UKL-MQTT-BENCH: BUFFULL run_id=try5-c2-cpu start_us=14804490 end_us=14805563 dur_us=1073
UKL-MQTT-BENCH: BUFFULL run_id=try5-c2-cpu start_us=14807261 end_us=14811655 dur_us=4393
UKL-MQTT-BENCH: BUFFULL run_id=try5-c2-cpu start_us=14814514 end_us=14818654 dur_us=4139
UKL-MQTT-BENCH: BUFFULL run_id=try5-c2-cpu start_us=14824251 end_us=14828677 dur_us=4426
UKL-MQTT-BENCH: BUFFULL run_id=try5-c2-cpu start_us=14831525 end_us=14834677 dur_us=3151
UKL-MQTT-BENCH: BUFFULL run_id=try5-c2-cpu start_us=14837593 end_us=14839645 dur_us=2051
UKL-MQTT-BENCH: BUFFULL run_id=try5-c2-cpu start_us=14841906 end_us=14844674 dur_us=2767
UKL-MQTT-BENCH: BUFFULL run_id=try5-c2-cpu start_us=14847520 end_us=14849789 dur_us=2269
UKL-MQTT-BENCH: BUFFULL run_id=try5-c2-cpu start_us=14853658 end_us=14856581 dur_us=2923
UKL-MQTT-BENCH: BUFFULL run_id=try5-c2-cpu start_us=14858269 end_us=14860843 dur_us=2573
UKL-MQTT-BENCH: BUFFULL run_id=try5-c2-cpu start_us=14863129 end_us=14865807 dur_us=2678
UKL-MQTT-BENCH: BUFFULL run_id=try5-c2-cpu start_us=14868070 end_us=14869550 dur_us=1480
UKL-MQTT-BENCH: BUFFULL run_id=try5-c2-cpu start_us=14871236 end_us=14875610 dur_us=4374
UKL-MQTT-BENCH: BUFFULL run_id=try5-c2-cpu start_us=14878468 end_us=14880602 dur_us=2134
UKL-MQTT-BENCH: BUFFULL run_id=try5-c2-cpu start_us=14882863 end_us=14885673 dur_us=2810
UKL-MQTT-BENCH: BUFFULL run_id=try5-c2-cpu start_us=14888511 end_us=14891658 dur_us=3146
UKL-MQTT-BENCH: BUFFULL run_id=try5-c2-cpu start_us=14893916 end_us=14897641 dur_us=3725
UKL-MQTT-BENCH: BUFFULL run_id=try5-c2-cpu start_us=14900502 end_us=14901824 dur_us=1321
UKL-MQTT-BENCH: BUFFULL run_id=try5-c2-cpu start_us=14904088 end_us=14906595 dur_us=2507
UKL-MQTT-BENCH: BUFFULL run_id=try5-c2-cpu start_us=14909515 end_us=14913619 dur_us=4104
UKL-MQTT-BENCH: BUFFULL run_id=try5-c2-cpu start_us=14916506 end_us=14918590 dur_us=2083
UKL-MQTT-BENCH: BUFFULL run_id=try5-c2-cpu start_us=14920838 end_us=14923602 dur_us=2764
UKL-MQTT-BENCH: BUFFULL run_id=try5-c2-cpu start_us=14925878 end_us=14928822 dur_us=2944
UKL-MQTT-BENCH: BUFFULL run_id=try5-c2-cpu start_us=14931683 end_us=14934623 dur_us=2940
UKL-MQTT-BENCH: BUFFULL run_id=try5-c2-cpu start_us=14936884 end_us=14940630 dur_us=3745
UKL-MQTT-BENCH: BUFFULL run_id=try5-c2-cpu start_us=14943507 end_us=14946663 dur_us=3155
UKL-MQTT-BENCH: BUFFULL run_id=try5-c2-cpu start_us=14949549 end_us=14952638 dur_us=3088
UKL-MQTT-BENCH: BUFFULL run_id=try5-c2-cpu start_us=14955511 end_us=14957581 dur_us=2069
UKL-MQTT-BENCH: BUFFULL run_id=try5-c2-cpu start_us=14959861 end_us=14963624 dur_us=3762
UKL-MQTT-BENCH: BUFFULL run_id=try5-c2-cpu start_us=14966487 end_us=14969647 dur_us=3159
UKL-MQTT-BENCH: BUFFULL run_id=try5-c2-cpu start_us=14972501 end_us=14976678 dur_us=4177
UKL-MQTT-BENCH: BUFFULL run_id=try5-c2-cpu start_us=14980125 end_us=14981597 dur_us=1471
UKL-MQTT-BENCH: BUFFULL run_id=try5-c2-cpu start_us=14983853 end_us=14986641 dur_us=2787
UKL-MQTT-BENCH: BUFFULL run_id=try5-c2-cpu start_us=14988904 end_us=14993638 dur_us=4733
UKL-MQTT-BENCH: BUFFULL run_id=try5-c2-cpu start_us=14997090 end_us=14998625 dur_us=1534
UKL-MQTT-BENCH: BUFFULL run_id=try5-c2-cpu start_us=15000885 end_us=15002830 dur_us=1944
UKL-MQTT-BENCH: BUFFULL run_id=try5-c2-cpu start_us=15005108 end_us=15009599 dur_us=4490
UKL-MQTT-BENCH: BUFFULL run_id=try5-c2-cpu start_us=15012491 end_us=15014647 dur_us=2156
UKL-MQTT-BENCH: BUFFULL run_id=try5-c2-cpu start_us=15017502 end_us=15019595 dur_us=2092
UKL-MQTT-BENCH: BUFFULL run_id=try5-c2-cpu start_us=15021859 end_us=15024592 dur_us=2733
UKL-MQTT-BENCH: BUFFULL run_id=try5-c2-cpu start_us=15026852 end_us=15030630 dur_us=3777
UKL-MQTT-BENCH: BUFFULL run_id=try5-c2-cpu start_us=15033467 end_us=15035589 dur_us=2122
UKL-MQTT-BENCH: BUFFULL run_id=try5-c2-cpu start_us=15037851 end_us=15041375 dur_us=3524
UKL-MQTT-BENCH: BUFFULL run_id=try5-c2-cpu start_us=15044239 end_us=15047606 dur_us=3366
UKL-MQTT-BENCH: BUFFULL run_id=try5-c2-cpu start_us=15050471 end_us=15052612 dur_us=2140
UKL-MQTT-BENCH: BUFFULL run_id=try5-c2-cpu start_us=15054875 end_us=15058628 dur_us=3752
UKL-MQTT-BENCH: BUFFULL run_id=try5-c2-cpu start_us=15061486 end_us=15064662 dur_us=3176
UKL-MQTT-BENCH: BUFFULL run_id=try5-c2-cpu start_us=15067511 end_us=15071687 dur_us=4176
UKL-MQTT-BENCH: BUFFULL run_id=try5-c2-cpu start_us=15075124 end_us=15076605 dur_us=1480
UKL-MQTT-BENCH: BUFFULL run_id=try5-c2-cpu start_us=15078871 end_us=15081593 dur_us=2722
UKL-MQTT-BENCH: BUFFULL run_id=try5-c2-cpu start_us=15083857 end_us=15088625 dur_us=4767
UKL-MQTT-BENCH: BUFFULL run_id=try5-c2-cpu start_us=15092070 end_us=15093638 dur_us=1567
UKL-MQTT-BENCH: BUFFULL run_id=try5-c2-cpu start_us=15095904 end_us=15097772 dur_us=1868
UKL-MQTT-BENCH: BUFFULL run_id=try5-c2-cpu start_us=15100018 end_us=15104851 dur_us=4833
UKL-MQTT-BENCH: BUFFULL run_id=try5-c2-cpu start_us=15108312 end_us=15110632 dur_us=2319
UKL-MQTT-BENCH: BUFFULL run_id=try5-c2-cpu start_us=15112892 end_us=15116640 dur_us=3747
UKL-MQTT-BENCH: BUFFULL run_id=try5-c2-cpu start_us=15119498 end_us=15121838 dur_us=2339
UKL-MQTT-BENCH: BUFFULL run_id=try5-c2-cpu start_us=15124701 end_us=15126883 dur_us=2182
UKL-MQTT-BENCH: BUFFULL run_id=try5-c2-cpu start_us=15129737 end_us=15132652 dur_us=2915
UKL-MQTT-BENCH: BUFFULL run_id=try5-c2-cpu start_us=15134903 end_us=15138620 dur_us=3716
UKL-MQTT-BENCH: BUFFULL run_id=try5-c2-cpu start_us=15141488 end_us=15143629 dur_us=2141
UKL-MQTT-BENCH: BUFFULL run_id=try5-c2-cpu start_us=15145895 end_us=15148610 dur_us=2715
UKL-MQTT-BENCH: BUFFULL run_id=try5-c2-cpu start_us=15150887 end_us=15153603 dur_us=2716
UKL-MQTT-BENCH: BUFFULL run_id=try5-c2-cpu start_us=15155869 end_us=15158592 dur_us=2722
UKL-MQTT-BENCH: BUFFULL run_id=try5-c2-cpu start_us=15160867 end_us=15162809 dur_us=1942
UKL-MQTT-BENCH: BUFFULL run_id=try5-c2-cpu start_us=15165067 end_us=15167566 dur_us=2498
UKL-MQTT-BENCH: BUFFULL run_id=try5-c2-cpu start_us=15169846 end_us=15172593 dur_us=2747
UKL-MQTT-BENCH: BUFFULL run_id=try5-c2-cpu start_us=15174849 end_us=15177616 dur_us=2767
UKL-MQTT-BENCH: BUFFULL run_id=try5-c2-cpu start_us=15179879 end_us=15183614 dur_us=3734
UKL-MQTT-BENCH: BUFFULL run_id=try5-c2-cpu start_us=15186480 end_us=15190646 dur_us=4165
UKL-MQTT-BENCH: BUFFULL run_id=try5-c2-cpu start_us=15194079 end_us=15196639 dur_us=2560
UKL-MQTT-BENCH: BUFFULL run_id=try5-c2-cpu start_us=15199482 end_us=15201610 dur_us=2127
UKL-MQTT-BENCH: BUFFULL run_id=try5-c2-cpu start_us=15203887 end_us=15208790 dur_us=4902
UKL-MQTT-BENCH: BUFFULL run_id=try5-c2-cpu start_us=15212284 end_us=15214730 dur_us=2446
UKL-MQTT-BENCH: BUFFULL run_id=try5-c2-cpu start_us=15218849 end_us=15223649 dur_us=4800
UKL-MQTT-BENCH: BUFFULL run_id=try5-c2-cpu start_us=15227773 end_us=15230617 dur_us=2844
UKL-MQTT-BENCH: BUFFULL run_id=try5-c2-cpu start_us=15234830 end_us=15239838 dur_us=5007
UKL-MQTT-BENCH: BUFFULL run_id=try5-c2-cpu start_us=15242698 end_us=15246642 dur_us=3944
UKL-MQTT-BENCH: BUFFULL run_id=try5-c2-cpu start_us=15249509 end_us=15250575 dur_us=1066
UKL-MQTT-BENCH: BUFFULL run_id=try5-c2-cpu start_us=15252857 end_us=15255617 dur_us=2760
UKL-MQTT-BENCH: BUFFULL run_id=try5-c2-cpu start_us=15257888 end_us=15260575 dur_us=2686
UKL-MQTT-BENCH: BUFFULL run_id=try5-c2-cpu start_us=15262846 end_us=15264579 dur_us=1732
UKL-MQTT-BENCH: BUFFULL run_id=try5-c2-cpu start_us=15266264 end_us=15270920 dur_us=4656
UKL-MQTT-BENCH: BUFFULL run_id=try5-c2-cpu start_us=15274369 end_us=15276622 dur_us=2253
UKL-MQTT-BENCH: BUFFULL run_id=try5-c2-cpu start_us=15278872 end_us=15282631 dur_us=3759
UKL-MQTT-BENCH: BUFFULL run_id=try5-c2-cpu start_us=15285482 end_us=15287626 dur_us=2143
UKL-MQTT-BENCH: BUFFULL run_id=try5-c2-cpu start_us=15289900 end_us=15291583 dur_us=1683
UKL-MQTT-BENCH: BUFFULL run_id=try5-c2-cpu start_us=15294502 end_us=15298829 dur_us=4327
UKL-MQTT-BENCH: BUFFULL run_id=try5-c2-cpu start_us=15301679 end_us=15303869 dur_us=2190
UKL-MQTT-BENCH: BUFFULL run_id=try5-c2-cpu start_us=15306133 end_us=15308577 dur_us=2443
UKL-MQTT-BENCH: BUFFULL run_id=try5-c2-cpu start_us=15310839 end_us=15314607 dur_us=3768
UKL-MQTT-BENCH: BUFFULL run_id=try5-c2-cpu start_us=15317452 end_us=15320608 dur_us=3156
UKL-MQTT-BENCH: BUFFULL run_id=try5-c2-cpu start_us=15323469 end_us=15324558 dur_us=1088
UKL-MQTT-BENCH: BUFFULL run_id=try5-c2-cpu start_us=15326812 end_us=15330631 dur_us=3819
UKL-MQTT-BENCH: BUFFULL run_id=try5-c2-cpu start_us=15332892 end_us=15336831 dur_us=3938
UKL-MQTT-BENCH: BUFFULL run_id=try5-c2-cpu start_us=15340271 end_us=15343637 dur_us=3366
UKL-MQTT-BENCH: BUFFULL run_id=try5-c2-cpu start_us=15346508 end_us=15347635 dur_us=1127
UKL-MQTT-BENCH: BUFFULL run_id=try5-c2-cpu start_us=15349910 end_us=15353847 dur_us=3937
UKL-MQTT-BENCH: BUFFULL run_id=try5-c2-cpu start_us=15356715 end_us=15360686 dur_us=3970
UKL-MQTT-BENCH: BUFFULL run_id=try5-c2-cpu start_us=15366822 end_us=15370615 dur_us=3792
UKL-MQTT-BENCH: BUFFULL run_id=try5-c2-cpu start_us=15373476 end_us=15376860 dur_us=3383
UKL-MQTT-BENCH: BUFFULL run_id=try5-c2-cpu start_us=15379720 end_us=15381579 dur_us=1858
UKL-MQTT-BENCH: BUFFULL run_id=try5-c2-cpu start_us=15383846 end_us=15387930 dur_us=4084
UKL-MQTT-BENCH: BUFFULL run_id=try5-c2-cpu start_us=15390776 end_us=15393850 dur_us=3073
UKL-MQTT-BENCH: BUFFULL run_id=try5-c2-cpu start_us=15396701 end_us=15399882 dur_us=3181
UKL-MQTT-BENCH: BUFFULL run_id=try5-c2-cpu start_us=15402741 end_us=15406017 dur_us=3275
UKL-MQTT-BENCH: BUFFULL run_id=try5-c2-cpu start_us=15409068 end_us=15412707 dur_us=3639
UKL-MQTT-BENCH: BUFFULL run_id=try5-c2-cpu start_us=15415755 end_us=15420730 dur_us=4974
UKL-MQTT-BENCH: BUFFULL run_id=try5-c2-cpu start_us=15426531 end_us=15430645 dur_us=4114
UKL-MQTT-BENCH: BUFFULL run_id=try5-c2-cpu start_us=15433701 end_us=15437893 dur_us=4191
UKL-MQTT-BENCH: BUFFULL run_id=try5-c2-cpu start_us=15441507 end_us=15442585 dur_us=1078
UKL-MQTT-BENCH: BUFFULL run_id=try5-c2-cpu start_us=15444258 end_us=15447621 dur_us=3362
UKL-MQTT-BENCH: BUFFULL run_id=try5-c2-cpu start_us=15450631 end_us=15454880 dur_us=4249
UKL-MQTT-BENCH: BUFFULL run_id=try5-c2-cpu start_us=15458415 end_us=15459597 dur_us=1182
UKL-MQTT-BENCH: BUFFULL run_id=try5-c2-cpu start_us=15461883 end_us=15466698 dur_us=4815
UKL-MQTT-BENCH: BUFFULL run_id=try5-c2-cpu start_us=15469673 end_us=15474001 dur_us=4328
UKL-MQTT-BENCH: BUFFULL run_id=try5-c2-cpu start_us=15477543 end_us=15481683 dur_us=4140
UKL-MQTT-BENCH: BUFFULL run_id=try5-c2-cpu start_us=15487366 end_us=15490922 dur_us=3556
UKL-MQTT-BENCH: BUFFULL run_id=try5-c2-cpu start_us=15493887 end_us=15496614 dur_us=2727
UKL-MQTT-BENCH: BUFFULL run_id=try5-c2-cpu start_us=15498878 end_us=15501637 dur_us=2759
UKL-MQTT-BENCH: BUFFULL run_id=try5-c2-cpu start_us=15503985 end_us=15507677 dur_us=3692
UKL-MQTT-BENCH: BUFFULL run_id=try5-c2-cpu start_us=15510712 end_us=15512610 dur_us=1897
UKL-MQTT-BENCH: BUFFULL run_id=try5-c2-cpu start_us=15514937 end_us=15517618 dur_us=2681
UKL-MQTT-BENCH: BUFFULL run_id=try5-c2-cpu start_us=15519897 end_us=15523647 dur_us=3750
UKL-MQTT-BENCH: BUFFULL run_id=try5-c2-cpu start_us=15526508 end_us=15528598 dur_us=2090
UKL-MQTT-BENCH: BUFFULL run_id=try5-c2-cpu start_us=15530874 end_us=15533643 dur_us=2769
UKL-MQTT-BENCH: BUFFULL run_id=try5-c2-cpu start_us=15535907 end_us=15539650 dur_us=3743
UKL-MQTT-BENCH: BUFFULL run_id=try5-c2-cpu start_us=15542501 end_us=15545641 dur_us=3140
UKL-MQTT-BENCH: BUFFULL run_id=try5-c2-cpu start_us=15548489 end_us=15550643 dur_us=2154
UKL-MQTT-BENCH: BUFFULL run_id=try5-c2-cpu start_us=15552975 end_us=15556621 dur_us=3646
UKL-MQTT-BENCH: BUFFULL run_id=try5-c2-cpu start_us=15559489 end_us=15562631 dur_us=3142
UKL-MQTT-BENCH: BUFFULL run_id=try5-c2-cpu start_us=15565568 end_us=15567637 dur_us=2068
UKL-MQTT-BENCH: BUFFULL run_id=try5-c2-cpu start_us=15569909 end_us=15572859 dur_us=2949
UKL-MQTT-BENCH: BUFFULL run_id=try5-c2-cpu start_us=15575739 end_us=15578819 dur_us=3080
UKL-MQTT-BENCH: BUFFULL run_id=try5-c2-cpu start_us=15581681 end_us=15583801 dur_us=2119
UKL-MQTT-BENCH: BUFFULL run_id=try5-c2-cpu start_us=15586656 end_us=15589612 dur_us=2955
UKL-MQTT-BENCH: BUFFULL run_id=try5-c2-cpu start_us=15591876 end_us=15595640 dur_us=3764
UKL-MQTT-BENCH: BUFFULL run_id=try5-c2-cpu start_us=15598498 end_us=15601648 dur_us=3150
UKL-MQTT-BENCH: BUFFULL run_id=try5-c2-cpu start_us=15604496 end_us=15606564 dur_us=2068
UKL-MQTT-BENCH: BUFFULL run_id=try5-c2-cpu start_us=15609431 end_us=15612699 dur_us=3268
UKL-MQTT-BENCH: BUFFULL run_id=try5-c2-cpu start_us=15614998 end_us=15618628 dur_us=3630
UKL-MQTT-BENCH: BUFFULL run_id=try5-c2-cpu start_us=15621491 end_us=15623566 dur_us=2074
UKL-MQTT-BENCH: BUFFULL run_id=try5-c2-cpu start_us=15625840 end_us=15628836 dur_us=2996
UKL-MQTT-BENCH: BUFFULL run_id=try5-c2-cpu start_us=15631692 end_us=15633583 dur_us=1891
UKL-MQTT-BENCH: BUFFULL run_id=try5-c2-cpu start_us=15635859 end_us=15640661 dur_us=4802
UKL-MQTT-BENCH: BUFFULL run_id=try5-c2-cpu start_us=15643536 end_us=15645806 dur_us=2269
UKL-MQTT-BENCH: BUFFULL run_id=try5-c2-cpu start_us=15648666 end_us=15652644 dur_us=3977
UKL-MQTT-BENCH: BUFFULL run_id=try5-c2-cpu start_us=15655606 end_us=15656827 dur_us=1220
UKL-MQTT-BENCH: BUFFULL run_id=try5-c2-cpu start_us=15659102 end_us=15662860 dur_us=3757
UKL-MQTT-BENCH: BUFFULL run_id=try5-c2-cpu start_us=15665732 end_us=15668849 dur_us=3116
UKL-MQTT-BENCH: BUFFULL run_id=try5-c2-cpu start_us=15671730 end_us=15674619 dur_us=2888
UKL-MQTT-BENCH: BUFFULL run_id=try5-c2-cpu start_us=15677493 end_us=15679626 dur_us=2133
UKL-MQTT-BENCH: BUFFULL run_id=try5-c2-cpu start_us=15681904 end_us=15685614 dur_us=3709
UKL-MQTT-BENCH: BUFFULL run_id=try5-c2-cpu start_us=15688473 end_us=15690617 dur_us=2144
UKL-MQTT-BENCH: BUFFULL run_id=try5-c2-cpu start_us=15692882 end_us=15695615 dur_us=2733
UKL-MQTT-BENCH: BUFFULL run_id=try5-c2-cpu start_us=15697883 end_us=15701623 dur_us=3739
UKL-MQTT-BENCH: BUFFULL run_id=try5-c2-cpu start_us=15704518 end_us=15707628 dur_us=3110
UKL-MQTT-BENCH: BUFFULL run_id=try5-c2-cpu start_us=15710519 end_us=15711778 dur_us=1258
UKL-MQTT-BENCH: BUFFULL run_id=try5-c2-cpu start_us=15714059 end_us=15716602 dur_us=2542
UKL-MQTT-BENCH: BUFFULL run_id=try5-c2-cpu start_us=15718855 end_us=15721809 dur_us=2953
UKL-MQTT-BENCH: BUFFULL run_id=try5-c2-cpu start_us=15724060 end_us=15727630 dur_us=3569
UKL-MQTT-BENCH: BUFFULL run_id=try5-c2-cpu start_us=15730482 end_us=15733601 dur_us=3118
UKL-MQTT-BENCH: BUFFULL run_id=try5-c2-cpu start_us=15736453 end_us=15738596 dur_us=2142
UKL-MQTT-BENCH: BUFFULL run_id=try5-c2-cpu start_us=15740851 end_us=15744626 dur_us=3775
UKL-MQTT-BENCH: BUFFULL run_id=try5-c2-cpu start_us=15747511 end_us=15750607 dur_us=3095
UKL-MQTT-BENCH: BUFFULL run_id=try5-c2-cpu start_us=15753451 end_us=15755195 dur_us=1744
UKL-MQTT-BENCH: BUFFULL run_id=try5-c2-cpu start_us=15757497 end_us=15761621 dur_us=4124
UKL-MQTT-BENCH: BUFFULL run_id=try5-c2-cpu start_us=15764485 end_us=15767651 dur_us=3166
UKL-MQTT-BENCH: BUFFULL run_id=try5-c2-cpu start_us=15770515 end_us=15772628 dur_us=2112
UKL-MQTT-BENCH: BUFFULL run_id=try5-c2-cpu start_us=15774933 end_us=15778633 dur_us=3700
UKL-MQTT-BENCH: BUFFULL run_id=try5-c2-cpu start_us=15781492 end_us=15784696 dur_us=3203
UKL-MQTT-BENCH: BUFFULL run_id=try5-c2-cpu start_us=15787558 end_us=15789607 dur_us=2049
UKL-MQTT-BENCH: BUFFULL run_id=try5-c2-cpu start_us=15791862 end_us=15795625 dur_us=3763
UKL-MQTT-BENCH: BUFFULL run_id=try5-c2-cpu start_us=15798477 end_us=15800920 dur_us=2442
UKL-MQTT-BENCH: BUFFULL run_id=try5-c2-cpu start_us=15803779 end_us=15805558 dur_us=1778
UKL-MQTT-BENCH: BUFFULL run_id=try5-c2-cpu start_us=15807813 end_us=15810620 dur_us=2807
UKL-MQTT-BENCH: BUFFULL run_id=try5-c2-cpu start_us=15813567 end_us=15817641 dur_us=4074
UKL-MQTT-BENCH: BUFFULL run_id=try5-c2-cpu start_us=15820475 end_us=15821774 dur_us=1299
UKL-MQTT-BENCH: BUFFULL run_id=try5-c2-cpu start_us=15824026 end_us=15827618 dur_us=3592
UKL-MQTT-BENCH: BUFFULL run_id=try5-c2-cpu start_us=15829882 end_us=15833813 dur_us=3930
UKL-MQTT-BENCH: BUFFULL run_id=try5-c2-cpu start_us=15837240 end_us=15839611 dur_us=2371
UKL-MQTT-BENCH: BUFFULL run_id=try5-c2-cpu start_us=15841875 end_us=15845615 dur_us=3739
UKL-MQTT-BENCH: BUFFULL run_id=try5-c2-cpu start_us=15848452 end_us=15850807 dur_us=2355
UKL-MQTT-BENCH: BUFFULL run_id=try5-c2-cpu start_us=15853661 end_us=15856635 dur_us=2974
UKL-MQTT-BENCH: BUFFULL run_id=try5-c2-cpu start_us=15858928 end_us=15861616 dur_us=2687
UKL-MQTT-BENCH: BUFFULL run_id=try5-c2-cpu start_us=15864485 end_us=15869688 dur_us=5203
UKL-MQTT-BENCH: BUFFULL run_id=try5-c2-cpu start_us=15873138 end_us=15875618 dur_us=2480
UKL-MQTT-BENCH: BUFFULL run_id=try5-c2-cpu start_us=15878478 end_us=15880607 dur_us=2128
UKL-MQTT-BENCH: BUFFULL run_id=try5-c2-cpu start_us=15882873 end_us=15886628 dur_us=3755
UKL-MQTT-BENCH: BUFFULL run_id=try5-c2-cpu start_us=15889479 end_us=15892659 dur_us=3180
UKL-MQTT-BENCH: BUFFULL run_id=try5-c2-cpu start_us=15895501 end_us=15897833 dur_us=2332
UKL-MQTT-BENCH: BUFFULL run_id=try5-c2-cpu start_us=15900673 end_us=15902798 dur_us=2124
UKL-MQTT-BENCH: BUFFULL run_id=try5-c2-cpu start_us=15905046 end_us=15908616 dur_us=3569
UKL-MQTT-BENCH: BUFFULL run_id=try5-c2-cpu start_us=15911504 end_us=15913602 dur_us=2097
UKL-MQTT-BENCH: BUFFULL run_id=try5-c2-cpu start_us=15915955 end_us=15918608 dur_us=2652
UKL-MQTT-BENCH: BUFFULL run_id=try5-c2-cpu start_us=15920863 end_us=15924628 dur_us=3765
UKL-MQTT-BENCH: BUFFULL run_id=try5-c2-cpu start_us=15927473 end_us=15930612 dur_us=3138
UKL-MQTT-BENCH: BUFFULL run_id=try5-c2-cpu start_us=15933459 end_us=15935583 dur_us=2123
UKL-MQTT-BENCH: BUFFULL run_id=try5-c2-cpu start_us=15937853 end_us=15940623 dur_us=2770
UKL-MQTT-BENCH: BUFFULL run_id=try5-c2-cpu start_us=15942879 end_us=15945607 dur_us=2727
UKL-MQTT-BENCH: BUFFULL run_id=try5-c2-cpu start_us=15948477 end_us=15950801 dur_us=2324
UKL-MQTT-BENCH: BUFFULL run_id=try5-c2-cpu start_us=15953058 end_us=15956815 dur_us=3756
UKL-MQTT-BENCH: BUFFULL run_id=try5-c2-cpu start_us=15959681 end_us=15962627 dur_us=2946
UKL-MQTT-BENCH: BUFFULL run_id=try5-c2-cpu start_us=15965503 end_us=15967817 dur_us=2313
UKL-MQTT-BENCH: BUFFULL run_id=try5-c2-cpu start_us=15970080 end_us=15973634 dur_us=3553
UKL-MQTT-BENCH: BUFFULL run_id=try5-c2-cpu start_us=15976488 end_us=15979622 dur_us=3134
UKL-MQTT-BENCH: BUFFULL run_id=try5-c2-cpu start_us=15982483 end_us=15984632 dur_us=2148
UKL-MQTT-BENCH: BUFFULL run_id=try5-c2-cpu start_us=15986887 end_us=15990607 dur_us=3719
UKL-MQTT-BENCH: BUFFULL run_id=try5-c2-cpu start_us=15993492 end_us=15996682 dur_us=3189
UKL-MQTT-BENCH: BUFFULL run_id=try5-c2-cpu start_us=15999524 end_us=16001647 dur_us=2122
UKL-MQTT-BENCH: BUFFULL run_id=try5-c2-cpu start_us=16003896 end_us=16007604 dur_us=3707
UKL-MQTT-BENCH: BUFFULL run_id=try5-c2-cpu start_us=16010468 end_us=16012626 dur_us=2158
UKL-MQTT-BENCH: BUFFULL run_id=try5-c2-cpu start_us=16015516 end_us=16018617 dur_us=3100
UKL-MQTT-BENCH: BUFFULL run_id=try5-c2-cpu start_us=16020863 end_us=16023622 dur_us=2759
UKL-MQTT-BENCH: BUFFULL run_id=try5-c2-cpu start_us=16026468 end_us=16029852 dur_us=3384
UKL-MQTT-BENCH: BUFFULL run_id=try5-c2-cpu start_us=16032700 end_us=16035567 dur_us=2866
UKL-MQTT-BENCH: BUFFULL run_id=try5-c2-cpu start_us=16038416 end_us=16040598 dur_us=2182
UKL-MQTT-BENCH: BUFFULL run_id=try5-c2-cpu start_us=16042870 end_us=16046625 dur_us=3755
UKL-MQTT-BENCH: BUFFULL run_id=try5-c2-cpu start_us=16049468 end_us=16051802 dur_us=2333
UKL-MQTT-BENCH: BUFFULL run_id=try5-c2-cpu start_us=16054662 end_us=16057622 dur_us=2960
UKL-MQTT-BENCH: BUFFULL run_id=try5-c2-cpu start_us=16059883 end_us=16063629 dur_us=3746
UKL-MQTT-BENCH: BUFFULL run_id=try5-c2-cpu start_us=16066504 end_us=16068621 dur_us=2117
UKL-MQTT-BENCH: BUFFULL run_id=try5-c2-cpu start_us=16070894 end_us=16072824 dur_us=1930
UKL-MQTT-BENCH: BUFFULL run_id=try5-c2-cpu start_us=16075085 end_us=16077775 dur_us=2689
UKL-MQTT-BENCH: BUFFULL run_id=try5-c2-cpu start_us=16080040 end_us=16083875 dur_us=3834
UKL-MQTT-BENCH: BUFFULL run_id=try5-c2-cpu start_us=16086742 end_us=16088595 dur_us=1852
UKL-MQTT-BENCH: BUFFULL run_id=try5-c2-cpu start_us=16090868 end_us=16093428 dur_us=2559
UKL-MQTT-BENCH: BUFFULL run_id=try5-c2-cpu start_us=16095684 end_us=16099632 dur_us=3947
UKL-MQTT-BENCH: BUFFULL run_id=try5-c2-cpu start_us=16102489 end_us=16104605 dur_us=2116
UKL-MQTT-BENCH: BUFFULL run_id=try5-c2-cpu start_us=16106867 end_us=16109622 dur_us=2754
UKL-MQTT-BENCH: BUFFULL run_id=try5-c2-cpu start_us=16111869 end_us=16114611 dur_us=2741
UKL-MQTT-BENCH: BUFFULL run_id=try5-c2-cpu start_us=16117442 end_us=16119627 dur_us=2184
UKL-MQTT-BENCH: BUFFULL run_id=try5-c2-cpu start_us=16121894 end_us=16125598 dur_us=3704
UKL-MQTT-BENCH: BUFFULL run_id=try5-c2-cpu start_us=16128437 end_us=16130617 dur_us=2180
UKL-MQTT-BENCH: BUFFULL run_id=try5-c2-cpu start_us=16132858 end_us=16136654 dur_us=3795
UKL-MQTT-BENCH: BUFFULL run_id=try5-c2-cpu start_us=16139499 end_us=16141792 dur_us=2292
UKL-MQTT-BENCH: BUFFULL run_id=try5-c2-cpu start_us=16144632 end_us=16147623 dur_us=2991
UKL-MQTT-BENCH: BUFFULL run_id=try5-c2-cpu start_us=16149884 end_us=16153651 dur_us=3766
UKL-MQTT-BENCH: BUFFULL run_id=try5-c2-cpu start_us=16156490 end_us=16158791 dur_us=2301
UKL-MQTT-BENCH: BUFFULL run_id=try5-c2-cpu start_us=16161646 end_us=16164651 dur_us=3005
UKL-MQTT-BENCH: BUFFULL run_id=try5-c2-cpu start_us=16167575 end_us=16169865 dur_us=2290
UKL-MQTT-BENCH: BUFFULL run_id=try5-c2-cpu start_us=16172125 end_us=16175819 dur_us=3694
UKL-MQTT-BENCH: BUFFULL run_id=try5-c2-cpu start_us=16178710 end_us=16181602 dur_us=2892
UKL-MQTT-BENCH: BUFFULL run_id=try5-c2-cpu start_us=16184468 end_us=16186642 dur_us=2173
UKL-MQTT-BENCH: BUFFULL run_id=try5-c2-cpu start_us=16188909 end_us=16191630 dur_us=2720
UKL-MQTT-BENCH: BUFFULL run_id=try5-c2-cpu start_us=16193929 end_us=16196651 dur_us=2722
UKL-MQTT-BENCH: BUFFULL run_id=try5-c2-cpu start_us=16199495 end_us=16202627 dur_us=3132
UKL-MQTT-BENCH: BUFFULL run_id=try5-c2-cpu start_us=16204890 end_us=16207607 dur_us=2717
UKL-MQTT-BENCH: BUFFULL run_id=try5-c2-cpu start_us=16212200 end_us=16216655 dur_us=4455
UKL-MQTT-BENCH: BUFFULL run_id=try5-c2-cpu start_us=16219509 end_us=16222640 dur_us=3130
UKL-MQTT-BENCH: BUFFULL run_id=try5-c2-cpu start_us=16225492 end_us=16227575 dur_us=2083
UKL-MQTT-BENCH: BUFFULL run_id=try5-c2-cpu start_us=16229826 end_us=16233610 dur_us=3784
UKL-MQTT-BENCH: BUFFULL run_id=try5-c2-cpu start_us=16236457 end_us=16239610 dur_us=3153
UKL-MQTT-BENCH: BUFFULL run_id=try5-c2-cpu start_us=16242468 end_us=16244571 dur_us=2103
UKL-MQTT-BENCH: BUFFULL run_id=try5-c2-cpu start_us=16246834 end_us=16250632 dur_us=3797
UKL-MQTT-BENCH: BUFFULL run_id=try5-c2-cpu start_us=16253476 end_us=16256639 dur_us=3163
UKL-MQTT-BENCH: BUFFULL run_id=try5-c2-cpu start_us=16259491 end_us=16263639 dur_us=4148
UKL-MQTT-BENCH: BUFFULL run_id=try5-c2-cpu start_us=16269275 end_us=16272830 dur_us=3555
UKL-MQTT-BENCH: BUFFULL run_id=try5-c2-cpu start_us=16275709 end_us=16279633 dur_us=3923
UKL-MQTT-BENCH: BUFFULL run_id=try5-c2-cpu start_us=16283074 end_us=16284814 dur_us=1739
UKL-MQTT-BENCH: BUFFULL run_id=try5-c2-cpu start_us=16287076 end_us=16290822 dur_us=3746
UKL-MQTT-BENCH: BUFFULL run_id=try5-c2-cpu start_us=16293677 end_us=16296845 dur_us=3167
UKL-MQTT-BENCH: BUFFULL run_id=try5-c2-cpu start_us=16299708 end_us=16302850 dur_us=3141
UKL-MQTT-BENCH: BUFFULL run_id=try5-c2-cpu start_us=16305712 end_us=16307610 dur_us=1897
UKL-MQTT-BENCH: BUFFULL run_id=try5-c2-cpu start_us=16309880 end_us=16313608 dur_us=3728
UKL-MQTT-BENCH: BUFFULL run_id=try5-c2-cpu start_us=16316455 end_us=16319668 dur_us=3212
UKL-MQTT-BENCH: BUFFULL run_id=try5-c2-cpu start_us=16322538 end_us=16324638 dur_us=2100
UKL-MQTT-BENCH: BUFFULL run_id=try5-c2-cpu start_us=16326878 end_us=16330622 dur_us=3744
UKL-MQTT-BENCH: BUFFULL run_id=try5-c2-cpu start_us=16333463 end_us=16335801 dur_us=2337
UKL-MQTT-BENCH: BUFFULL run_id=try5-c2-cpu start_us=16338660 end_us=16340561 dur_us=1901
UKL-MQTT-BENCH: BUFFULL run_id=try5-c2-cpu start_us=16342825 end_us=16344823 dur_us=1998
UKL-MQTT-BENCH: BUFFULL run_id=try5-c2-cpu start_us=16346497 end_us=16349583 dur_us=3085
UKL-MQTT-BENCH: BUFFULL run_id=try5-c2-cpu start_us=16351841 end_us=16354592 dur_us=2751
UKL-MQTT-BENCH: BUFFULL run_id=try5-c2-cpu start_us=16356843 end_us=16361624 dur_us=4781
UKL-MQTT-BENCH: BUFFULL run_id=try5-c2-cpu start_us=16367239 end_us=16370617 dur_us=3378
UKL-MQTT-BENCH: BUFFULL run_id=try5-c2-cpu start_us=16372874 end_us=16375806 dur_us=2931
UKL-MQTT-BENCH: BUFFULL run_id=try5-c2-cpu start_us=16378679 end_us=16380823 dur_us=2144
UKL-MQTT-BENCH: BUFFULL run_id=try5-c2-cpu start_us=16383084 end_us=16386631 dur_us=3546
UKL-MQTT-BENCH: BUFFULL run_id=try5-c2-cpu start_us=16389481 end_us=16391588 dur_us=2107
UKL-MQTT-BENCH: BUFFULL run_id=try5-c2-cpu start_us=16393863 end_us=16397607 dur_us=3744
UKL-MQTT-BENCH: BUFFULL run_id=try5-c2-cpu start_us=16400468 end_us=16402608 dur_us=2140
UKL-MQTT-BENCH: BUFFULL run_id=try5-c2-cpu start_us=16404855 end_us=16407606 dur_us=2750
UKL-MQTT-BENCH: BUFFULL run_id=try5-c2-cpu start_us=16409866 end_us=16413697 dur_us=3831
UKL-MQTT-BENCH: BUFFULL run_id=try5-c2-cpu start_us=16416537 end_us=16418601 dur_us=2064
UKL-MQTT-BENCH: BUFFULL run_id=try5-c2-cpu start_us=16420855 end_us=16424657 dur_us=3802
UKL-MQTT-BENCH: BUFFULL run_id=try5-c2-cpu start_us=16427516 end_us=16428784 dur_us=1268
UKL-MQTT-BENCH: BUFFULL run_id=try5-c2-cpu start_us=16431039 end_us=16433611 dur_us=2571
UKL-MQTT-BENCH: BUFFULL run_id=try5-c2-cpu start_us=16435893 end_us=16439596 dur_us=3703
UKL-MQTT-BENCH: BUFFULL run_id=try5-c2-cpu start_us=16446579 end_us=16450639 dur_us=4060
UKL-MQTT-BENCH: BUFFULL run_id=try5-c2-cpu start_us=16452880 end_us=16457716 dur_us=4835
UKL-MQTT-BENCH: BUFFULL run_id=try5-c2-cpu start_us=16461144 end_us=16463685 dur_us=2540
UKL-MQTT-BENCH: BUFFULL run_id=try5-c2-cpu start_us=16466535 end_us=16467620 dur_us=1085
UKL-MQTT-BENCH: BUFFULL run_id=try5-c2-cpu start_us=16469311 end_us=16473713 dur_us=4402
UKL-MQTT-BENCH: BUFFULL run_id=try5-c2-cpu start_us=16479269 end_us=16480622 dur_us=1352
UKL-MQTT-BENCH: BUFFULL run_id=try5-c2-cpu start_us=16482308 end_us=16486695 dur_us=4387
UKL-MQTT-BENCH: BUFFULL run_id=try5-c2-cpu start_us=16492413 end_us=16497690 dur_us=5276
UKL-MQTT-BENCH: BUFFULL run_id=try5-c2-cpu start_us=16500741 end_us=16502617 dur_us=1876
UKL-MQTT-BENCH: BUFFULL run_id=try5-c2-cpu start_us=16506418 end_us=16511736 dur_us=5317
UKL-MQTT-BENCH: BUFFULL run_id=try5-c2-cpu start_us=16514789 end_us=16517685 dur_us=2896
UKL-MQTT-BENCH: BUFFULL run_id=try5-c2-cpu start_us=16520728 end_us=16522600 dur_us=1872
UKL-MQTT-BENCH: BUFFULL run_id=try5-c2-cpu start_us=16525028 end_us=16527650 dur_us=2622
UKL-MQTT-BENCH: BUFFULL run_id=try5-c2-cpu start_us=16530052 end_us=16532806 dur_us=2753
UKL-MQTT-BENCH: BUFFULL run_id=try5-c2-cpu start_us=16535244 end_us=16538644 dur_us=3400
UKL-MQTT-BENCH: BUFFULL run_id=try5-c2-cpu start_us=16541037 end_us=16544772 dur_us=3735
UKL-MQTT-BENCH: BUFFULL run_id=try5-c2-cpu start_us=16547818 end_us=16550632 dur_us=2813
UKL-MQTT-BENCH: BUFFULL run_id=try5-c2-cpu start_us=16553682 end_us=16556663 dur_us=2980
UKL-MQTT-BENCH: BUFFULL run_id=try5-c2-cpu start_us=16559069 end_us=16561601 dur_us=2532
UKL-MQTT-BENCH: BUFFULL run_id=try5-c2-cpu start_us=16564660 end_us=16566603 dur_us=1942
UKL-MQTT-BENCH: BUFFULL run_id=try5-c2-cpu start_us=16568397 end_us=16572674 dur_us=4276
UKL-MQTT-BENCH: BUFFULL run_id=try5-c2-cpu start_us=16575725 end_us=16578627 dur_us=2902
UKL-MQTT-BENCH: BUFFULL run_id=try5-c2-cpu start_us=16581672 end_us=16584684 dur_us=3012
UKL-MQTT-BENCH: BUFFULL run_id=try5-c2-cpu start_us=16587093 end_us=16590847 dur_us=3753
UKL-MQTT-BENCH: BUFFULL run_id=try5-c2-cpu start_us=16593894 end_us=16598707 dur_us=4813
UKL-MQTT-BENCH: BUFFULL run_id=try5-c2-cpu start_us=16602184 end_us=16603631 dur_us=1447
UKL-MQTT-BENCH: BUFFULL run_id=try5-c2-cpu start_us=16605897 end_us=16609729 dur_us=3831
UKL-MQTT-BENCH: BUFFULL run_id=try5-c2-cpu start_us=16612585 end_us=16615715 dur_us=3129
UKL-MQTT-BENCH: BUFFULL run_id=try5-c2-cpu start_us=16618709 end_us=16620653 dur_us=1944
UKL-MQTT-BENCH: BUFFULL run_id=try5-c2-cpu start_us=16623046 end_us=16626711 dur_us=3665
UKL-MQTT-BENCH: BUFFULL run_id=try5-c2-cpu start_us=16632434 end_us=16634622 dur_us=2187
UKL-MQTT-BENCH: BUFFULL run_id=try5-c2-cpu start_us=16636425 end_us=16641737 dur_us=5312
UKL-MQTT-BENCH: BUFFULL run_id=try5-c2-cpu start_us=16646169 end_us=16650639 dur_us=4469
UKL-MQTT-BENCH: BUFFULL run_id=try5-c2-cpu start_us=16653519 end_us=16654809 dur_us=1290
UKL-MQTT-BENCH: BUFFULL run_id=try5-c2-cpu start_us=16657074 end_us=16658578 dur_us=1504
UKL-MQTT-BENCH: BUFFULL run_id=try5-c2-cpu start_us=16660260 end_us=16664615 dur_us=4355
UKL-MQTT-BENCH: BUFFULL run_id=try5-c2-cpu start_us=16667520 end_us=16669621 dur_us=2100
UKL-MQTT-BENCH: BUFFULL run_id=try5-c2-cpu start_us=16671884 end_us=16674587 dur_us=2702
UKL-MQTT-BENCH: BUFFULL run_id=try5-c2-cpu start_us=16677464 end_us=16680627 dur_us=3162
UKL-MQTT-BENCH: BUFFULL run_id=try5-c2-cpu start_us=16682892 end_us=16686623 dur_us=3731
UKL-MQTT-BENCH: BUFFULL run_id=try5-c2-cpu start_us=16689478 end_us=16691592 dur_us=2113
UKL-MQTT-BENCH: BUFFULL run_id=try5-c2-cpu start_us=16694453 end_us=16697622 dur_us=3169
UKL-MQTT-BENCH: BUFFULL run_id=try5-c2-cpu start_us=16699879 end_us=16702849 dur_us=2969
UKL-MQTT-BENCH: BUFFULL run_id=try5-c2-cpu start_us=16705738 end_us=16708612 dur_us=2873
UKL-MQTT-BENCH: BUFFULL run_id=try5-c2-cpu start_us=16711478 end_us=16714607 dur_us=3128
UKL-MQTT-BENCH: BUFFULL run_id=try5-c2-cpu start_us=16716861 end_us=16719623 dur_us=2762
UKL-MQTT-BENCH: BUFFULL run_id=try5-c2-cpu start_us=16722469 end_us=16725615 dur_us=3145
UKL-MQTT-BENCH: BUFFULL run_id=try5-c2-cpu start_us=16728481 end_us=16730639 dur_us=2158
UKL-MQTT-BENCH: BUFFULL run_id=try5-c2-cpu start_us=16732888 end_us=16736590 dur_us=3702
UKL-MQTT-BENCH: BUFFULL run_id=try5-c2-cpu start_us=16739448 end_us=16742635 dur_us=3186
UKL-MQTT-BENCH: BUFFULL run_id=try5-c2-cpu start_us=16745487 end_us=16747645 dur_us=2158
UKL-MQTT-BENCH: BUFFULL run_id=try5-c2-cpu start_us=16749903 end_us=16753628 dur_us=3724
UKL-MQTT-BENCH: BUFFULL run_id=try5-c2-cpu start_us=16756492 end_us=16758795 dur_us=2303
UKL-MQTT-BENCH: BUFFULL run_id=try5-c2-cpu start_us=16761678 end_us=16764609 dur_us=2930
UKL-MQTT-BENCH: BUFFULL run_id=try5-c2-cpu start_us=16766875 end_us=16769891 dur_us=3016
UKL-MQTT-BENCH: BUFFULL run_id=try5-c2-cpu start_us=16772756 end_us=16775816 dur_us=3060
UKL-MQTT-BENCH: BUFFULL run_id=try5-c2-cpu start_us=16778695 end_us=16780855 dur_us=2160
UKL-MQTT-BENCH: BUFFULL run_id=try5-c2-cpu start_us=16783115 end_us=16786648 dur_us=3533
UKL-MQTT-BENCH: BUFFULL run_id=try5-c2-cpu start_us=16789488 end_us=16791575 dur_us=2086
UKL-MQTT-BENCH: BUFFULL run_id=try5-c2-cpu start_us=16793844 end_us=16797621 dur_us=3777
UKL-MQTT-BENCH: BUFFULL run_id=try5-c2-cpu start_us=16800488 end_us=16802584 dur_us=2096
UKL-MQTT-BENCH: BUFFULL run_id=try5-c2-cpu start_us=16804837 end_us=16807604 dur_us=2766
UKL-MQTT-BENCH: BUFFULL run_id=try5-c2-cpu start_us=16809872 end_us=16813658 dur_us=3786
UKL-MQTT-BENCH: BUFFULL run_id=try5-c2-cpu start_us=16816520 end_us=16818613 dur_us=2093
UKL-MQTT-BENCH: BUFFULL run_id=try5-c2-cpu start_us=16821467 end_us=16824625 dur_us=3157
UKL-MQTT-BENCH: BUFFULL run_id=try5-c2-cpu start_us=16826895 end_us=16829807 dur_us=2911
UKL-MQTT-BENCH: BUFFULL run_id=try5-c2-cpu start_us=16832680 end_us=16835616 dur_us=2936
UKL-MQTT-BENCH: BUFFULL run_id=try5-c2-cpu start_us=16838460 end_us=16840609 dur_us=2148
UKL-MQTT-BENCH: BUFFULL run_id=try5-c2-cpu start_us=16842874 end_us=16846614 dur_us=3739
UKL-MQTT-BENCH: BUFFULL run_id=try5-c2-cpu start_us=16849465 end_us=16852632 dur_us=3166
UKL-MQTT-BENCH: BUFFULL run_id=try5-c2-cpu start_us=16855488 end_us=16857608 dur_us=2120
UKL-MQTT-BENCH: BUFFULL run_id=try5-c2-cpu start_us=16859879 end_us=16863638 dur_us=3759
UKL-MQTT-BENCH: BUFFULL run_id=try5-c2-cpu start_us=16866488 end_us=16869670 dur_us=3181
UKL-MQTT-BENCH: BUFFULL run_id=try5-c2-cpu start_us=16872516 end_us=16874622 dur_us=2106
UKL-MQTT-BENCH: BUFFULL run_id=try5-c2-cpu start_us=16876888 end_us=16880611 dur_us=3722
UKL-MQTT-BENCH: BUFFULL run_id=try5-c2-cpu start_us=16883472 end_us=16885824 dur_us=2352
UKL-MQTT-BENCH: BUFFULL run_id=try5-c2-cpu start_us=16888676 end_us=16891619 dur_us=2942
UKL-MQTT-BENCH: BUFFULL run_id=try5-c2-cpu start_us=16893875 end_us=16896837 dur_us=2961
UKL-MQTT-BENCH: BUFFULL run_id=try5-c2-cpu start_us=16899699 end_us=16902605 dur_us=2906
UKL-MQTT-BENCH: BUFFULL run_id=try5-c2-cpu start_us=16905472 end_us=16907603 dur_us=2131
UKL-MQTT-BENCH: BUFFULL run_id=try5-c2-cpu start_us=16909863 end_us=16913644 dur_us=3780
UKL-MQTT-BENCH: BUFFULL run_id=try5-c2-cpu start_us=16916528 end_us=16919867 dur_us=3338
UKL-MQTT-BENCH: BUFFULL run_id=try5-c2-cpu start_us=16922712 end_us=16925834 dur_us=3121
UKL-MQTT-BENCH: BUFFULL run_id=try5-c2-cpu start_us=16928703 end_us=16931812 dur_us=3109
UKL-MQTT-BENCH: BUFFULL run_id=try5-c2-cpu start_us=16934662 end_us=16936592 dur_us=1929
UKL-MQTT-BENCH: BUFFULL run_id=try5-c2-cpu start_us=16938849 end_us=16942616 dur_us=3766
UKL-MQTT-BENCH: BUFFULL run_id=try5-c2-cpu start_us=16945458 end_us=16948644 dur_us=3185
UKL-MQTT-BENCH: BUFFULL run_id=try5-c2-cpu start_us=16951493 end_us=16953618 dur_us=2124
UKL-MQTT-BENCH: BUFFULL run_id=try5-c2-cpu start_us=16956471 end_us=16959638 dur_us=3166
UKL-MQTT-BENCH: BUFFULL run_id=try5-c2-cpu start_us=16961921 end_us=16965627 dur_us=3705
UKL-MQTT-BENCH: BUFFULL run_id=try5-c2-cpu start_us=16968476 end_us=16970595 dur_us=2118
UKL-MQTT-BENCH: BUFFULL run_id=try5-c2-cpu start_us=16973445 end_us=16976606 dur_us=3160
UKL-MQTT-BENCH: BUFFULL run_id=try5-c2-cpu start_us=16978873 end_us=16981810 dur_us=2936
UKL-MQTT-BENCH: BUFFULL run_id=try5-c2-cpu start_us=16984675 end_us=16988660 dur_us=3985
UKL-MQTT-BENCH: BUFFULL run_id=try5-c2-cpu start_us=16991518 end_us=16994615 dur_us=3097
UKL-MQTT-BENCH: BUFFULL run_id=try5-c2-cpu start_us=16997471 end_us=16998798 dur_us=1326
UKL-MQTT-BENCH: BUFFULL run_id=try5-c2-cpu start_us=17001058 end_us=17004844 dur_us=3785
UKL-MQTT-BENCH: BUFFULL run_id=try5-c2-cpu start_us=17007715 end_us=17010598 dur_us=2882
UKL-MQTT-BENCH: BUFFULL run_id=try5-c2-cpu start_us=17013470 end_us=17015628 dur_us=2157
UKL-MQTT-BENCH: BUFFULL run_id=try5-c2-cpu start_us=17017893 end_us=17021617 dur_us=3723
UKL-MQTT-BENCH: BUFFULL run_id=try5-c2-cpu start_us=17024471 end_us=17028680 dur_us=4209
UKL-MQTT-BENCH: BUFFULL run_id=try5-c2-cpu start_us=17032124 end_us=17034602 dur_us=2477
UKL-MQTT-BENCH: BUFFULL run_id=try5-c2-cpu start_us=17037468 end_us=17039616 dur_us=2147
UKL-MQTT-BENCH: BUFFULL run_id=try5-c2-cpu start_us=17041875 end_us=17045623 dur_us=3747
UKL-MQTT-BENCH: BUFFULL run_id=try5-c2-cpu start_us=17048475 end_us=17051639 dur_us=3164
UKL-MQTT-BENCH: BUFFULL run_id=try5-c2-cpu start_us=17054490 end_us=17056598 dur_us=2108
UKL-MQTT-BENCH: BUFFULL run_id=try5-c2-cpu start_us=17058866 end_us=17062634 dur_us=3768
UKL-MQTT-BENCH: BUFFULL run_id=try5-c2-cpu start_us=17065486 end_us=17068604 dur_us=3118
UKL-MQTT-BENCH: BUFFULL run_id=try5-c2-cpu start_us=17071459 end_us=17073594 dur_us=2134
UKL-MQTT-BENCH: BUFFULL run_id=try5-c2-cpu start_us=17075862 end_us=17079623 dur_us=3760
UKL-MQTT-BENCH: BUFFULL run_id=try5-c2-cpu start_us=17082483 end_us=17085637 dur_us=3154
UKL-MQTT-BENCH: BUFFULL run_id=try5-c2-cpu start_us=17088492 end_us=17090918 dur_us=2426
UKL-MQTT-BENCH: BUFFULL run_id=try5-c2-cpu start_us=17093802 end_us=17096592 dur_us=2790
UKL-MQTT-BENCH: BUFFULL run_id=try5-c2-cpu start_us=17098864 end_us=17101830 dur_us=2965
UKL-MQTT-BENCH: BUFFULL run_id=try5-c2-cpu start_us=17104673 end_us=17107631 dur_us=2957
UKL-MQTT-BENCH: BUFFULL run_id=try5-c2-cpu start_us=17110474 end_us=17112615 dur_us=2141
UKL-MQTT-BENCH: BUFFULL run_id=try5-c2-cpu start_us=17114886 end_us=17117619 dur_us=2733
UKL-MQTT-BENCH: BUFFULL run_id=try5-c2-cpu start_us=17119875 end_us=17123615 dur_us=3739
UKL-MQTT-BENCH: BUFFULL run_id=try5-c2-cpu start_us=17126487 end_us=17128875 dur_us=2387
UKL-MQTT-BENCH: BUFFULL run_id=try5-c2-cpu start_us=17131732 end_us=17134609 dur_us=2877
UKL-MQTT-BENCH: BUFFULL run_id=try5-c2-cpu start_us=17136874 end_us=17140639 dur_us=3764
UKL-MQTT-BENCH: BUFFULL run_id=try5-c2-cpu start_us=17143470 end_us=17145591 dur_us=2120
UKL-MQTT-BENCH: BUFFULL run_id=try5-c2-cpu start_us=17147871 end_us=17149599 dur_us=1727
UKL-MQTT-BENCH: BUFFULL run_id=try5-c2-cpu start_us=17151875 end_us=17155424 dur_us=3549
UKL-MQTT-BENCH: BUFFULL run_id=try5-c2-cpu start_us=17158297 end_us=17160615 dur_us=2318
UKL-MQTT-BENCH: BUFFULL run_id=try5-c2-cpu start_us=17162892 end_us=17165598 dur_us=2706
UKL-MQTT-BENCH: BUFFULL run_id=try5-c2-cpu start_us=17168485 end_us=17172658 dur_us=4173
UKL-MQTT-BENCH: BUFFULL run_id=try5-c2-cpu start_us=17175531 end_us=17178665 dur_us=3134
UKL-MQTT-BENCH: BUFFULL run_id=try5-c2-cpu start_us=17181520 end_us=17183607 dur_us=2087
UKL-MQTT-BENCH: BUFFULL run_id=try5-c2-cpu start_us=17185883 end_us=17189649 dur_us=3766
UKL-MQTT-BENCH: BUFFULL run_id=try5-c2-cpu start_us=17192494 end_us=17195652 dur_us=3158
UKL-MQTT-BENCH: BUFFULL run_id=try5-c2-cpu start_us=17198512 end_us=17200615 dur_us=2102
UKL-MQTT-BENCH: BUFFULL run_id=try5-c2-cpu start_us=17202872 end_us=17206643 dur_us=3770
UKL-MQTT-BENCH: BUFFULL run_id=try5-c2-cpu start_us=17209505 end_us=17211814 dur_us=2309
UKL-MQTT-BENCH: BUFFULL run_id=try5-c2-cpu start_us=17214704 end_us=17216609 dur_us=1905
UKL-MQTT-BENCH: BUFFULL run_id=try5-c2-cpu start_us=17218868 end_us=17221600 dur_us=2732
UKL-MQTT-BENCH: BUFFULL run_id=try5-c2-cpu start_us=17223857 end_us=17226583 dur_us=2725
UKL-MQTT-BENCH: BUFFULL run_id=try5-c2-cpu start_us=17228862 end_us=17231601 dur_us=2739
UKL-MQTT-BENCH: BUFFULL run_id=try5-c2-cpu start_us=17233859 end_us=17236602 dur_us=2743
UKL-MQTT-BENCH: BUFFULL run_id=try5-c2-cpu start_us=17238861 end_us=17241568 dur_us=2706
UKL-MQTT-BENCH: BUFFULL run_id=try5-c2-cpu start_us=17243870 end_us=17247632 dur_us=3762
UKL-MQTT-BENCH: BUFFULL run_id=try5-c2-cpu start_us=17250479 end_us=17253606 dur_us=3126
UKL-MQTT-BENCH: BUFFULL run_id=try5-c2-cpu start_us=17256452 end_us=17259651 dur_us=3198
UKL-MQTT-BENCH: BUFFULL run_id=try5-c2-cpu start_us=17262497 end_us=17263784 dur_us=1287
UKL-MQTT-BENCH: BUFFULL run_id=try5-c2-cpu start_us=17266038 end_us=17269620 dur_us=3581
UKL-MQTT-BENCH: BUFFULL run_id=try5-c2-cpu start_us=17272472 end_us=17275611 dur_us=3138
UKL-MQTT-BENCH: BUFFULL run_id=try5-c2-cpu start_us=17278474 end_us=17281626 dur_us=3152
UKL-MQTT-BENCH: BUFFULL run_id=try5-c2-cpu start_us=17284469 end_us=17286590 dur_us=2121
UKL-MQTT-BENCH: BUFFULL run_id=try5-c2-cpu start_us=17288855 end_us=17292602 dur_us=3746
UKL-MQTT-BENCH: BUFFULL run_id=try5-c2-cpu start_us=17295446 end_us=17298603 dur_us=3157
UKL-MQTT-BENCH: BUFFULL run_id=try5-c2-cpu start_us=17301455 end_us=17303630 dur_us=2175
UKL-MQTT-BENCH: BUFFULL run_id=try5-c2-cpu start_us=17305893 end_us=17309652 dur_us=3758
UKL-MQTT-BENCH: BUFFULL run_id=try5-c2-cpu start_us=17312504 end_us=17314784 dur_us=2280
UKL-MQTT-BENCH: BUFFULL run_id=try5-c2-cpu start_us=17317644 end_us=17320622 dur_us=2978
UKL-MQTT-BENCH: BUFFULL run_id=try5-c2-cpu start_us=17322868 end_us=17325838 dur_us=2970
UKL-MQTT-BENCH: BUFFULL run_id=try5-c2-cpu start_us=17328692 end_us=17331613 dur_us=2921
UKL-MQTT-BENCH: BUFFULL run_id=try5-c2-cpu start_us=17334483 end_us=17337617 dur_us=3134
UKL-MQTT-BENCH: BUFFULL run_id=try5-c2-cpu start_us=17339889 end_us=17342599 dur_us=2710
UKL-MQTT-BENCH: BUFFULL run_id=try5-c2-cpu start_us=17345458 end_us=17348627 dur_us=3168
UKL-MQTT-BENCH: BUFFULL run_id=try5-c2-cpu start_us=17351488 end_us=17353822 dur_us=2334
UKL-MQTT-BENCH: BUFFULL run_id=try5-c2-cpu start_us=17356084 end_us=17359605 dur_us=3520
UKL-MQTT-BENCH: BUFFULL run_id=try5-c2-cpu start_us=17362462 end_us=17365708 dur_us=3245
UKL-MQTT-BENCH: BUFFULL run_id=try5-c2-cpu start_us=17368550 end_us=17370660 dur_us=2109
UKL-MQTT-BENCH: BUFFULL run_id=try5-c2-cpu start_us=17373524 end_us=17376629 dur_us=3105
UKL-MQTT-BENCH: BUFFULL run_id=try5-c2-cpu start_us=17378896 end_us=17381625 dur_us=2728
UKL-MQTT-BENCH: BUFFULL run_id=try5-c2-cpu start_us=17384484 end_us=17386572 dur_us=2087
UKL-MQTT-BENCH: BUFFULL run_id=try5-c2-cpu start_us=17388825 end_us=17390560 dur_us=1735
UKL-MQTT-BENCH: BUFFULL run_id=try5-c2-cpu start_us=17392238 end_us=17395629 dur_us=3390
UKL-MQTT-BENCH: BUFFULL run_id=try5-c2-cpu start_us=17397883 end_us=17400605 dur_us=2722
UKL-MQTT-BENCH: BUFFULL run_id=try5-c2-cpu start_us=17402876 end_us=17406654 dur_us=3777
UKL-MQTT-BENCH: BUFFULL run_id=try5-c2-cpu start_us=17409546 end_us=17412616 dur_us=3070
UKL-MQTT-BENCH: BUFFULL run_id=try5-c2-cpu start_us=17416354 end_us=17417730 dur_us=1375
UKL-MQTT-BENCH: BUFFULL run_id=try5-c2-cpu start_us=17419996 end_us=17423673 dur_us=3677
UKL-MQTT-BENCH: BUFFULL run_id=try5-c2-cpu start_us=17426529 end_us=17428624 dur_us=2095
UKL-MQTT-BENCH: BUFFULL run_id=try5-c2-cpu start_us=17431464 end_us=17433813 dur_us=2349
UKL-MQTT-BENCH: BUFFULL run_id=try5-c2-cpu start_us=17436053 end_us=17439630 dur_us=3576
UKL-MQTT-BENCH: BUFFULL run_id=try5-c2-cpu start_us=17442460 end_us=17445708 dur_us=3248
UKL-MQTT-BENCH: BUFFULL run_id=try5-c2-cpu start_us=17448544 end_us=17451658 dur_us=3114
UKL-MQTT-BENCH: BUFFULL run_id=try5-c2-cpu start_us=17454491 end_us=17457651 dur_us=3160
UKL-MQTT-BENCH: BUFFULL run_id=try5-c2-cpu start_us=17460484 end_us=17462587 dur_us=2103
UKL-MQTT-BENCH: BUFFULL run_id=try5-c2-cpu start_us=17464984 end_us=17467606 dur_us=2622
UKL-MQTT-BENCH: BUFFULL run_id=try5-c2-cpu start_us=17470014 end_us=17472841 dur_us=2827
UKL-MQTT-BENCH: BUFFULL run_id=try5-c2-cpu start_us=17475243 end_us=17478645 dur_us=3402
UKL-MQTT-BENCH: BUFFULL run_id=try5-c2-cpu start_us=17480923 end_us=17487670 dur_us=6747
UKL-MQTT-BENCH: BUFFULL run_id=try5-c2-cpu start_us=17491102 end_us=17494692 dur_us=3590
UKL-MQTT-BENCH: BUFFULL run_id=try5-c2-cpu start_us=17497528 end_us=17500643 dur_us=3114
UKL-MQTT-BENCH: BUFFULL run_id=try5-c2-cpu start_us=17503518 end_us=17505638 dur_us=2119
UKL-MQTT-BENCH: BUFFULL run_id=try5-c2-cpu start_us=17507885 end_us=17511069 dur_us=3184
UKL-MQTT-BENCH: BUFFULL run_id=try5-c2-cpu start_us=17513934 end_us=17517624 dur_us=3689
UKL-MQTT-BENCH: BUFFULL run_id=try5-c2-cpu start_us=17520473 end_us=17521841 dur_us=1367
UKL-MQTT-BENCH: BUFFULL run_id=try5-c2-cpu start_us=17524093 end_us=17527636 dur_us=3542
UKL-MQTT-BENCH: BUFFULL run_id=try5-c2-cpu start_us=17530657 end_us=17534685 dur_us=4028
UKL-MQTT-BENCH: BUFFULL run_id=try5-c2-cpu start_us=17537614 end_us=17539628 dur_us=2014
UKL-MQTT-BENCH: BUFFULL run_id=try5-c2-cpu start_us=17541885 end_us=17545665 dur_us=3779
UKL-MQTT-BENCH: BUFFULL run_id=try5-c2-cpu start_us=17548508 end_us=17551651 dur_us=3143
UKL-MQTT-BENCH: BUFFULL run_id=try5-c2-cpu start_us=17554500 end_us=17555815 dur_us=1314
UKL-MQTT-BENCH: BUFFULL run_id=try5-c2-cpu start_us=17558074 end_us=17561642 dur_us=3568
UKL-MQTT-BENCH: BUFFULL run_id=try5-c2-cpu start_us=17564564 end_us=17567651 dur_us=3087
UKL-MQTT-BENCH: BUFFULL run_id=try5-c2-cpu start_us=17570506 end_us=17571563 dur_us=1056
UKL-MQTT-BENCH: BUFFULL run_id=try5-c2-cpu start_us=17573260 end_us=17576622 dur_us=3362
UKL-MQTT-BENCH: BUFFULL run_id=try5-c2-cpu start_us=17578903 end_us=17581643 dur_us=2739
UKL-MQTT-BENCH: BUFFULL run_id=try5-c2-cpu start_us=17586884 end_us=17589604 dur_us=2719
UKL-MQTT-BENCH: BUFFULL run_id=try5-c2-cpu start_us=17591279 end_us=17594613 dur_us=3333
UKL-MQTT-BENCH: BUFFULL run_id=try5-c2-cpu start_us=17596883 end_us=17600611 dur_us=3727
UKL-MQTT-BENCH: BUFFULL run_id=try5-c2-cpu start_us=17603466 end_us=17604858 dur_us=1391
UKL-MQTT-BENCH: BUFFULL run_id=try5-c2-cpu start_us=17607105 end_us=17609579 dur_us=2473
UKL-MQTT-BENCH: BUFFULL run_id=try5-c2-cpu start_us=17611860 end_us=17614600 dur_us=2740
UKL-MQTT-BENCH: BUFFULL run_id=try5-c2-cpu start_us=17616920 end_us=17620651 dur_us=3730
UKL-MQTT-BENCH: BUFFULL run_id=try5-c2-cpu start_us=17623545 end_us=17625528 dur_us=1982
UKL-MQTT-BENCH: BUFFULL run_id=try5-c2-cpu start_us=17627839 end_us=17631608 dur_us=3768
UKL-MQTT-BENCH: BUFFULL run_id=try5-c2-cpu start_us=17634478 end_us=17636629 dur_us=2151
UKL-MQTT-BENCH: BUFFULL run_id=try5-c2-cpu start_us=17638892 end_us=17643694 dur_us=4801
UKL-MQTT-BENCH: BUFFULL run_id=try5-c2-cpu start_us=17647141 end_us=17649620 dur_us=2478
UKL-MQTT-BENCH: BUFFULL run_id=try5-c2-cpu start_us=17652479 end_us=17654615 dur_us=2136
UKL-MQTT-BENCH: BUFFULL run_id=try5-c2-cpu start_us=17656884 end_us=17660637 dur_us=3752
UKL-MQTT-BENCH: BUFFULL run_id=try5-c2-cpu start_us=17663488 end_us=17666731 dur_us=3242
UKL-MQTT-BENCH: BUFFULL run_id=try5-c2-cpu start_us=17669710 end_us=17671679 dur_us=1968
UKL-MQTT-BENCH: BUFFULL run_id=try5-c2-cpu start_us=17673963 end_us=17677676 dur_us=3712
UKL-MQTT-BENCH: BUFFULL run_id=try5-c2-cpu start_us=17680698 end_us=17683842 dur_us=3144
UKL-MQTT-BENCH: BUFFULL run_id=try5-c2-cpu start_us=17686762 end_us=17688603 dur_us=1841
UKL-MQTT-BENCH: BUFFULL run_id=try5-c2-cpu start_us=17690874 end_us=17693629 dur_us=2755
UKL-MQTT-BENCH: BUFFULL run_id=try5-c2-cpu start_us=17695892 end_us=17698689 dur_us=2796
UKL-MQTT-BENCH: BUFFULL run_id=try5-c2-cpu start_us=17701023 end_us=17704874 dur_us=3851
UKL-MQTT-BENCH: BUFFULL run_id=try5-c2-cpu start_us=17707774 end_us=17710602 dur_us=2828
UKL-MQTT-BENCH: BUFFULL run_id=try5-c2-cpu start_us=17713476 end_us=17715588 dur_us=2111
UKL-MQTT-BENCH: BUFFULL run_id=try5-c2-cpu start_us=17717871 end_us=17719552 dur_us=1680
UKL-MQTT-BENCH: BUFFULL run_id=try5-c2-cpu start_us=17722823 end_us=17727634 dur_us=4810
UKL-MQTT-BENCH: BUFFULL run_id=try5-c2-cpu start_us=17730500 end_us=17734679 dur_us=4179
UKL-MQTT-BENCH: BUFFULL run_id=try5-c2-cpu start_us=17737530 end_us=17740641 dur_us=3111
UKL-MQTT-BENCH: BUFFULL run_id=try5-c2-cpu start_us=17743488 end_us=17745898 dur_us=2409
UKL-MQTT-BENCH: BUFFULL run_id=try5-c2-cpu start_us=17748801 end_us=17750817 dur_us=2015
UKL-MQTT-BENCH: BUFFULL run_id=try5-c2-cpu start_us=17753078 end_us=17756644 dur_us=3566
UKL-MQTT-BENCH: BUFFULL run_id=try5-c2-cpu start_us=17759486 end_us=17762602 dur_us=3115
UKL-MQTT-BENCH: BUFFULL run_id=try5-c2-cpu start_us=17765446 end_us=17766568 dur_us=1122
UKL-MQTT-BENCH: BUFFULL run_id=try5-c2-cpu start_us=17768828 end_us=17772621 dur_us=3793
UKL-MQTT-BENCH: BUFFULL run_id=try5-c2-cpu start_us=17774875 end_us=17777829 dur_us=2953
UKL-MQTT-BENCH: BUFFULL run_id=try5-c2-cpu start_us=17780736 end_us=17783595 dur_us=2859
UKL-MQTT-BENCH: BUFFULL run_id=try5-c2-cpu start_us=17785868 end_us=17789696 dur_us=3828
UKL-MQTT-BENCH: BUFFULL run_id=try5-c2-cpu start_us=17792574 end_us=17795707 dur_us=3133
UKL-MQTT-BENCH: BUFFULL run_id=try5-c2-cpu start_us=17798566 end_us=17802653 dur_us=4086
UKL-MQTT-BENCH: BUFFULL run_id=try5-c2-cpu start_us=17808266 end_us=17811822 dur_us=3555
UKL-MQTT-BENCH: BUFFULL run_id=try5-c2-cpu start_us=17814697 end_us=17817652 dur_us=2954
UKL-MQTT-BENCH: BUFFULL run_id=try5-c2-cpu start_us=17819966 end_us=17823673 dur_us=3706
UKL-MQTT-BENCH: BUFFULL run_id=try5-c2-cpu start_us=17826524 end_us=17829624 dur_us=3099
UKL-MQTT-BENCH: BUFFULL run_id=try5-c2-cpu start_us=17832470 end_us=17834633 dur_us=2163
UKL-MQTT-BENCH: BUFFULL run_id=try5-c2-cpu start_us=17836959 end_us=17840651 dur_us=3692
UKL-MQTT-BENCH: BUFFULL run_id=try5-c2-cpu start_us=17843508 end_us=17845631 dur_us=2122
UKL-MQTT-BENCH: BUFFULL run_id=try5-c2-cpu start_us=17847900 end_us=17850631 dur_us=2731
UKL-MQTT-BENCH: BUFFULL run_id=try5-c2-cpu start_us=17852909 end_us=17855640 dur_us=2731
UKL-MQTT-BENCH: BUFFULL run_id=try5-c2-cpu start_us=17858506 end_us=17860679 dur_us=2172
UKL-MQTT-BENCH: BUFFULL run_id=try5-c2-cpu start_us=17862927 end_us=17865637 dur_us=2709
UKL-MQTT-BENCH: BUFFULL run_id=try5-c2-cpu start_us=17867887 end_us=17871606 dur_us=3719
UKL-MQTT-BENCH: BUFFULL run_id=try5-c2-cpu start_us=17874457 end_us=17875571 dur_us=1114
UKL-MQTT-BENCH: BUFFULL run_id=try5-c2-cpu start_us=17877256 end_us=17880608 dur_us=3351
UKL-MQTT-BENCH: BUFFULL run_id=try5-c2-cpu start_us=17882863 end_us=17884792 dur_us=1929
UKL-MQTT-BENCH: BUFFULL run_id=try5-c2-cpu start_us=17887053 end_us=17890904 dur_us=3851
UKL-MQTT-BENCH: BUFFULL run_id=try5-c2-cpu start_us=17893771 end_us=17897666 dur_us=3895
UKL-MQTT-BENCH: BUFFULL run_id=try5-c2-cpu start_us=17900707 end_us=17902635 dur_us=1928
UKL-MQTT-BENCH: BUFFULL run_id=try5-c2-cpu start_us=17904981 end_us=17907594 dur_us=2613
UKL-MQTT-BENCH: BUFFULL run_id=try5-c2-cpu start_us=17910495 end_us=17912564 dur_us=2068
UKL-MQTT-BENCH: BUFFULL run_id=try5-c2-cpu start_us=17914262 end_us=17918665 dur_us=4402
UKL-MQTT-BENCH: BUFFULL run_id=try5-c2-cpu start_us=17921527 end_us=17923577 dur_us=2049
UKL-MQTT-BENCH: BUFFULL run_id=try5-c2-cpu start_us=17925841 end_us=17927775 dur_us=1934
UKL-MQTT-BENCH: BUFFULL run_id=try5-c2-cpu start_us=17930650 end_us=17935664 dur_us=5013
UKL-MQTT-BENCH: BUFFULL run_id=try5-c2-cpu start_us=17938516 end_us=17939860 dur_us=1344
UKL-MQTT-BENCH: BUFFULL run_id=try5-c2-cpu start_us=17942722 end_us=17945618 dur_us=2896
UKL-MQTT-BENCH: BUFFULL run_id=try5-c2-cpu start_us=17947980 end_us=17952637 dur_us=4657
UKL-MQTT-BENCH: BUFFULL run_id=try5-c2-cpu start_us=17955494 end_us=17956796 dur_us=1301
UKL-MQTT-BENCH: BUFFULL run_id=try5-c2-cpu start_us=17959046 end_us=17961623 dur_us=2576
UKL-MQTT-BENCH: BUFFULL run_id=try5-c2-cpu start_us=17963858 end_us=17967648 dur_us=3790
UKL-MQTT-BENCH: BUFFULL run_id=try5-c2-cpu start_us=17970487 end_us=17973649 dur_us=3161
UKL-MQTT-BENCH: BUFFULL run_id=try5-c2-cpu start_us=17976501 end_us=17978607 dur_us=2105
UKL-MQTT-BENCH: BUFFULL run_id=try5-c2-cpu start_us=17980878 end_us=17984659 dur_us=3780
UKL-MQTT-BENCH: BUFFULL run_id=try5-c2-cpu start_us=17987514 end_us=17990634 dur_us=3119
UKL-MQTT-BENCH: BUFFULL run_id=try5-c2-cpu start_us=17993494 end_us=17995637 dur_us=2143
UKL-MQTT-BENCH: BUFFULL run_id=try5-c2-cpu start_us=17997885 end_us=18001642 dur_us=3756
UKL-MQTT-BENCH: BUFFULL run_id=try5-c2-cpu start_us=18004483 end_us=18006808 dur_us=2324
UKL-MQTT-BENCH: BUFFULL run_id=try5-c2-cpu start_us=18009658 end_us=18012646 dur_us=2987
UKL-MQTT-BENCH: BUFFULL run_id=try5-c2-cpu start_us=18014911 end_us=18018680 dur_us=3769
UKL-MQTT-BENCH: BUFFULL run_id=try5-c2-cpu start_us=18021543 end_us=18024643 dur_us=3099
UKL-MQTT-BENCH: BUFFULL run_id=try5-c2-cpu start_us=18027502 end_us=18029581 dur_us=2078
UKL-MQTT-BENCH: BUFFULL run_id=try5-c2-cpu start_us=18031841 end_us=18034652 dur_us=2810
UKL-MQTT-BENCH: BUFFULL run_id=try5-c2-cpu start_us=18037505 end_us=18040628 dur_us=3122
UKL-MQTT-BENCH: BUFFULL run_id=try5-c2-cpu start_us=18043485 end_us=18045639 dur_us=2153
UKL-MQTT-BENCH: BUFFULL run_id=try5-c2-cpu start_us=18047907 end_us=18051606 dur_us=3698
UKL-MQTT-BENCH: BUFFULL run_id=try5-c2-cpu start_us=18054446 end_us=18057608 dur_us=3162
UKL-MQTT-BENCH: BUFFULL run_id=try5-c2-cpu start_us=18060456 end_us=18062602 dur_us=2145
UKL-MQTT-BENCH: BUFFULL run_id=try5-c2-cpu start_us=18064876 end_us=18067613 dur_us=2737
UKL-MQTT-BENCH: BUFFULL run_id=try5-c2-cpu start_us=18069862 end_us=18073638 dur_us=3776
UKL-MQTT-BENCH: BUFFULL run_id=try5-c2-cpu start_us=18076488 end_us=18079616 dur_us=3127
UKL-MQTT-BENCH: BUFFULL run_id=try5-c2-cpu start_us=18084404 end_us=18087597 dur_us=3193
UKL-MQTT-BENCH: BUFFULL run_id=try5-c2-cpu start_us=18089858 end_us=18091606 dur_us=1747
UKL-MQTT-BENCH: BUFFULL run_id=try5-c2-cpu start_us=18093299 end_us=18095588 dur_us=2288
UKL-MQTT-BENCH: BUFFULL run_id=try5-c2-cpu start_us=18097849 end_us=18101609 dur_us=3760
UKL-MQTT-BENCH: BUFFULL run_id=try5-c2-cpu start_us=18104460 end_us=18107634 dur_us=3173
UKL-MQTT-BENCH: BUFFULL run_id=try5-c2-cpu start_us=18110481 end_us=18111574 dur_us=1092
UKL-MQTT-BENCH: BUFFULL run_id=try5-c2-cpu start_us=18113291 end_us=18117647 dur_us=4356
UKL-MQTT-BENCH: BUFFULL run_id=try5-c2-cpu start_us=18120503 end_us=18123618 dur_us=3115
UKL-MQTT-BENCH: BUFFULL run_id=try5-c2-cpu start_us=18126479 end_us=18128618 dur_us=2138
UKL-MQTT-BENCH: BUFFULL run_id=try5-c2-cpu start_us=18130874 end_us=18134643 dur_us=3769
UKL-MQTT-BENCH: BUFFULL run_id=try5-c2-cpu start_us=18137519 end_us=18140639 dur_us=3119
UKL-MQTT-BENCH: BUFFULL run_id=try5-c2-cpu start_us=18143493 end_us=18145612 dur_us=2118
UKL-MQTT-BENCH: BUFFULL run_id=try5-c2-cpu start_us=18147865 end_us=18150805 dur_us=2939
UKL-MQTT-BENCH: BUFFULL run_id=try5-c2-cpu start_us=18153672 end_us=18156809 dur_us=3136
UKL-MQTT-BENCH: BUFFULL run_id=try5-c2-cpu start_us=18159682 end_us=18161758 dur_us=2076
UKL-MQTT-BENCH: BUFFULL run_id=try5-c2-cpu start_us=18164607 end_us=18167608 dur_us=3001
UKL-MQTT-BENCH: BUFFULL run_id=try5-c2-cpu start_us=18169870 end_us=18173867 dur_us=3996
UKL-MQTT-BENCH: BUFFULL run_id=try5-c2-cpu start_us=18176867 end_us=18179608 dur_us=2740
UKL-MQTT-BENCH: BUFFULL run_id=try5-c2-cpu start_us=18182659 end_us=18185702 dur_us=3042
UKL-MQTT-BENCH: BUFFULL run_id=try5-c2-cpu start_us=18188106 end_us=18191654 dur_us=3547
UKL-MQTT-BENCH: BUFFULL run_id=try5-c2-cpu start_us=18194699 end_us=18196597 dur_us=1898
UKL-MQTT-BENCH: BUFFULL run_id=try5-c2-cpu start_us=18199006 end_us=18202652 dur_us=3646
UKL-MQTT-BENCH: BUFFULL run_id=try5-c2-cpu start_us=18204959 end_us=18207565 dur_us=2605
UKL-MQTT-BENCH: BUFFULL run_id=try5-c2-cpu start_us=18213082 end_us=18217708 dur_us=4626
UKL-MQTT-BENCH: BUFFULL run_id=try5-c2-cpu start_us=18220561 end_us=18224695 dur_us=4133
UKL-MQTT-BENCH: BUFFULL run_id=try5-c2-cpu start_us=18227550 end_us=18231680 dur_us=4129
UKL-MQTT-BENCH: BUFFULL run_id=try5-c2-cpu start_us=18237082 end_us=18241824 dur_us=4742
UKL-MQTT-BENCH: BUFFULL run_id=try5-c2-cpu start_us=18244906 end_us=18248680 dur_us=3773
UKL-MQTT-BENCH: BUFFULL run_id=try5-c2-cpu start_us=18252345 end_us=18253600 dur_us=1254
UKL-MQTT-BENCH: BUFFULL run_id=try5-c2-cpu start_us=18255395 end_us=18258804 dur_us=3409
UKL-MQTT-BENCH: BUFFULL run_id=try5-c2-cpu start_us=18261851 end_us=18264681 dur_us=2829
UKL-MQTT-BENCH: BUFFULL run_id=try5-c2-cpu start_us=18267086 end_us=18269879 dur_us=2793
UKL-MQTT-BENCH: BUFFULL run_id=try5-c2-cpu start_us=18272934 end_us=18276620 dur_us=3686
UKL-MQTT-BENCH: BUFFULL run_id=try5-c2-cpu start_us=18278946 end_us=18282631 dur_us=3684
UKL-MQTT-BENCH: BUFFULL run_id=try5-c2-cpu start_us=18285534 end_us=18287616 dur_us=2082
UKL-MQTT-BENCH: BUFFULL run_id=try5-c2-cpu start_us=18289888 end_us=18293620 dur_us=3731
UKL-MQTT-BENCH: BUFFULL run_id=try5-c2-cpu start_us=18296476 end_us=18298799 dur_us=2323
UKL-MQTT-BENCH: BUFFULL run_id=try5-c2-cpu start_us=18301648 end_us=18304621 dur_us=2973
UKL-MQTT-BENCH: BUFFULL run_id=try5-c2-cpu start_us=18306891 end_us=18310620 dur_us=3729
UKL-MQTT-BENCH: BUFFULL run_id=try5-c2-cpu start_us=18313483 end_us=18315808 dur_us=2325
UKL-MQTT-BENCH: BUFFULL run_id=try5-c2-cpu start_us=18318675 end_us=18321649 dur_us=2974
UKL-MQTT-BENCH: BUFFULL run_id=try5-c2-cpu start_us=18323897 end_us=18326841 dur_us=2943
UKL-MQTT-BENCH: BUFFULL run_id=try5-c2-cpu start_us=18329713 end_us=18332604 dur_us=2891
UKL-MQTT-BENCH: BUFFULL run_id=try5-c2-cpu start_us=18335469 end_us=18338645 dur_us=3175
UKL-MQTT-BENCH: BUFFULL run_id=try5-c2-cpu start_us=18341490 end_us=18343817 dur_us=2327
UKL-MQTT-BENCH: BUFFULL run_id=try5-c2-cpu start_us=18346078 end_us=18349649 dur_us=3571
UKL-MQTT-BENCH: BUFFULL run_id=try5-c2-cpu start_us=18352501 end_us=18354759 dur_us=2258
UKL-MQTT-BENCH: BUFFULL run_id=try5-c2-cpu start_us=18357611 end_us=18360640 dur_us=3029
UKL-MQTT-BENCH: BUFFULL run_id=try5-c2-cpu start_us=18362900 end_us=18366705 dur_us=3805
UKL-MQTT-BENCH: BUFFULL run_id=try5-c2-cpu start_us=18369581 end_us=18372630 dur_us=3048
UKL-MQTT-BENCH: BUFFULL run_id=try5-c2-cpu start_us=18375477 end_us=18378607 dur_us=3129
UKL-MQTT-BENCH: BUFFULL run_id=try5-c2-cpu start_us=18381472 end_us=18383621 dur_us=2149
UKL-MQTT-BENCH: BUFFULL run_id=try5-c2-cpu start_us=18385888 end_us=18388621 dur_us=2732
UKL-MQTT-BENCH: BUFFULL run_id=try5-c2-cpu start_us=18390884 end_us=18393805 dur_us=2921
UKL-MQTT-BENCH: BUFFULL run_id=try5-c2-cpu start_us=18396837 end_us=18400752 dur_us=3915
UKL-MQTT-BENCH: BUFFULL run_id=try5-c2-cpu start_us=18403651 end_us=18405722 dur_us=2071
UKL-MQTT-BENCH: BUFFULL run_id=try5-c2-cpu start_us=18407979 end_us=18411671 dur_us=3691
UKL-MQTT-BENCH: BUFFULL run_id=try5-c2-cpu start_us=18414683 end_us=18417700 dur_us=3017
UKL-MQTT-BENCH: BUFFULL run_id=try5-c2-cpu start_us=18420757 end_us=18421802 dur_us=1044
UKL-MQTT-BENCH: BUFFULL run_id=try5-c2-cpu start_us=18424236 end_us=18426609 dur_us=2373
UKL-MQTT-BENCH: BUFFULL run_id=try5-c2-cpu start_us=18428399 end_us=18433786 dur_us=5386
UKL-MQTT-BENCH: BUFFULL run_id=try5-c2-cpu start_us=18436854 end_us=18438834 dur_us=1980
UKL-MQTT-BENCH: BUFFULL run_id=try5-c2-cpu start_us=18441890 end_us=18444637 dur_us=2746
UKL-MQTT-BENCH: BUFFULL run_id=try5-c2-cpu start_us=18447044 end_us=18451684 dur_us=4639
UKL-MQTT-BENCH: BUFFULL run_id=try5-c2-cpu start_us=18454732 end_us=18457640 dur_us=2908
UKL-MQTT-BENCH: BUFFULL run_id=try5-c2-cpu start_us=18460687 end_us=18463847 dur_us=3159
UKL-MQTT-BENCH: BUFFULL run_id=try5-c2-cpu start_us=18466897 end_us=18469626 dur_us=2728
UKL-MQTT-BENCH: BUFFULL run_id=try5-c2-cpu start_us=18472072 end_us=18475657 dur_us=3584
UKL-MQTT-BENCH: BUFFULL run_id=try5-c2-cpu start_us=18478719 end_us=18481860 dur_us=3141
UKL-MQTT-BENCH: BUFFULL run_id=try5-c2-cpu start_us=18484918 end_us=18487620 dur_us=2702
UKL-MQTT-BENCH: BUFFULL run_id=try5-c2-cpu start_us=18490669 end_us=18493643 dur_us=2974
UKL-MQTT-BENCH: BUFFULL run_id=try5-c2-cpu start_us=18496070 end_us=18499685 dur_us=3614
UKL-MQTT-BENCH: BUFFULL run_id=try5-c2-cpu start_us=18502542 end_us=18504807 dur_us=2264
UKL-MQTT-BENCH: BUFFULL run_id=try5-c2-cpu start_us=18507680 end_us=18510648 dur_us=2968
UKL-MQTT-BENCH: BUFFULL run_id=try5-c2-cpu start_us=18512913 end_us=18516642 dur_us=3728
UKL-MQTT-BENCH: BUFFULL run_id=try5-c2-cpu start_us=18519634 end_us=18521786 dur_us=2151
UKL-MQTT-BENCH: BUFFULL run_id=try5-c2-cpu start_us=18524835 end_us=18527640 dur_us=2805
UKL-MQTT-BENCH: BUFFULL run_id=try5-c2-cpu start_us=18529984 end_us=18534840 dur_us=4856
UKL-MQTT-BENCH: BUFFULL run_id=try5-c2-cpu start_us=18537911 end_us=18539616 dur_us=1704
UKL-MQTT-BENCH: BUFFULL run_id=try5-c2-cpu start_us=18542024 end_us=18545663 dur_us=3638
UKL-MQTT-BENCH: BUFFULL run_id=try5-c2-cpu start_us=18548070 end_us=18551664 dur_us=3594
UKL-MQTT-BENCH: BUFFULL run_id=try5-c2-cpu start_us=18554534 end_us=18557639 dur_us=3105
UKL-MQTT-BENCH: BUFFULL run_id=try5-c2-cpu start_us=18560469 end_us=18562631 dur_us=2162
UKL-MQTT-BENCH: BUFFULL run_id=try5-c2-cpu start_us=18564912 end_us=18568643 dur_us=3730
UKL-MQTT-BENCH: BUFFULL run_id=try5-c2-cpu start_us=18571508 end_us=18574711 dur_us=3203
UKL-MQTT-BENCH: BUFFULL run_id=try5-c2-cpu start_us=18577568 end_us=18579670 dur_us=2101
UKL-MQTT-BENCH: BUFFULL run_id=try5-c2-cpu start_us=18582588 end_us=18585389 dur_us=2801
UKL-MQTT-BENCH: BUFFULL run_id=try5-c2-cpu start_us=18587668 end_us=18590636 dur_us=2968
UKL-MQTT-BENCH: BUFFULL run_id=try5-c2-cpu start_us=18592884 end_us=18595656 dur_us=2772
UKL-MQTT-BENCH: BUFFULL run_id=try5-c2-cpu start_us=18600245 end_us=18603619 dur_us=3373
UKL-MQTT-BENCH: BUFFULL run_id=try5-c2-cpu start_us=18605886 end_us=18608535 dur_us=2648
UKL-MQTT-BENCH: BUFFULL run_id=try5-c2-cpu start_us=18613999 end_us=18616611 dur_us=2612
UKL-MQTT-BENCH: BUFFULL run_id=try5-c2-cpu start_us=18618293 end_us=18621635 dur_us=3342
UKL-MQTT-BENCH: BUFFULL run_id=try5-c2-cpu start_us=18623919 end_us=18628860 dur_us=4941
UKL-MQTT-BENCH: BUFFULL run_id=try5-c2-cpu start_us=18632949 end_us=18635672 dur_us=2722
UKL-MQTT-BENCH: BUFFULL run_id=try5-c2-cpu start_us=18638537 end_us=18641646 dur_us=3109
UKL-MQTT-BENCH: BUFFULL run_id=try5-c2-cpu start_us=18644486 end_us=18646604 dur_us=2117
UKL-MQTT-BENCH: BUFFULL run_id=try5-c2-cpu start_us=18648881 end_us=18652627 dur_us=3746
UKL-MQTT-BENCH: BUFFULL run_id=try5-c2-cpu start_us=18655474 end_us=18658690 dur_us=3215
UKL-MQTT-BENCH: BUFFULL run_id=try5-c2-cpu start_us=18661550 end_us=18663633 dur_us=2082
UKL-MQTT-BENCH: BUFFULL run_id=try5-c2-cpu start_us=18665889 end_us=18669664 dur_us=3775
UKL-MQTT-BENCH: BUFFULL run_id=try5-c2-cpu start_us=18672492 end_us=18675701 dur_us=3209
UKL-MQTT-BENCH: BUFFULL run_id=try5-c2-cpu start_us=18678590 end_us=18679806 dur_us=1216
UKL-MQTT-BENCH: BUFFULL run_id=try5-c2-cpu start_us=18682249 end_us=18684802 dur_us=2553
UKL-MQTT-BENCH: BUFFULL run_id=try5-c2-cpu start_us=18687226 end_us=18690630 dur_us=3403
UKL-MQTT-BENCH: BUFFULL run_id=try5-c2-cpu start_us=18694700 end_us=18699621 dur_us=4921
UKL-MQTT-BENCH: BUFFULL run_id=try5-c2-cpu start_us=18702692 end_us=18705897 dur_us=3204
UKL-MQTT-BENCH: BUFFULL run_id=try5-c2-cpu start_us=18708840 end_us=18710826 dur_us=1986
UKL-MQTT-BENCH: BUFFULL run_id=try5-c2-cpu start_us=18713077 end_us=18718704 dur_us=5627
UKL-MQTT-BENCH: BUFFULL run_id=try5-c2-cpu start_us=18724906 end_us=18727601 dur_us=2695
UKL-MQTT-BENCH: BUFFULL run_id=try5-c2-cpu start_us=18729863 end_us=18733621 dur_us=3757
UKL-MQTT-BENCH: BUFFULL run_id=try5-c2-cpu start_us=18736484 end_us=18737590 dur_us=1105
UKL-MQTT-BENCH: BUFFULL run_id=try5-c2-cpu start_us=18739301 end_us=18741804 dur_us=2502
UKL-MQTT-BENCH: BUFFULL run_id=try5-c2-cpu start_us=18744051 end_us=18747818 dur_us=3767
UKL-MQTT-BENCH: BUFFULL run_id=try5-c2-cpu start_us=18750682 end_us=18752830 dur_us=2148
UKL-MQTT-BENCH: BUFFULL run_id=try5-c2-cpu start_us=18755087 end_us=18758668 dur_us=3581
UKL-MQTT-BENCH: BUFFULL run_id=try5-c2-cpu start_us=18761522 end_us=18764616 dur_us=3094
UKL-MQTT-BENCH: BUFFULL run_id=try5-c2-cpu start_us=18767466 end_us=18769781 dur_us=2314
UKL-MQTT-BENCH: BUFFULL run_id=try5-c2-cpu start_us=18772033 end_us=18775621 dur_us=3587
UKL-MQTT-BENCH: BUFFULL run_id=try5-c2-cpu start_us=18778479 end_us=18781631 dur_us=3152
UKL-MQTT-BENCH: BUFFULL run_id=try5-c2-cpu start_us=18784474 end_us=18786580 dur_us=2106
UKL-MQTT-BENCH: BUFFULL run_id=try5-c2-cpu start_us=18788854 end_us=18792633 dur_us=3779
UKL-MQTT-BENCH: BUFFULL run_id=try5-c2-cpu start_us=18795486 end_us=18797614 dur_us=2127
UKL-MQTT-BENCH: BUFFULL run_id=try5-c2-cpu start_us=18799861 end_us=18803624 dur_us=3763
UKL-MQTT-BENCH: BUFFULL run_id=try5-c2-cpu start_us=18806488 end_us=18809618 dur_us=3130
UKL-MQTT-BENCH: BUFFULL run_id=try5-c2-cpu start_us=18812464 end_us=18814579 dur_us=2114
UKL-MQTT-BENCH: BUFFULL run_id=try5-c2-cpu start_us=18816880 end_us=18819654 dur_us=2773
UKL-MQTT-BENCH: BUFFULL run_id=try5-c2-cpu start_us=18822531 end_us=18825856 dur_us=3324
UKL-MQTT-BENCH: BUFFULL run_id=try5-c2-cpu start_us=18828716 end_us=18832612 dur_us=3896
UKL-MQTT-BENCH: BUFFULL run_id=try5-c2-cpu start_us=18835472 end_us=18836788 dur_us=1315
UKL-MQTT-BENCH: BUFFULL run_id=try5-c2-cpu start_us=18839041 end_us=18842622 dur_us=3580
UKL-MQTT-BENCH: BUFFULL run_id=try5-c2-cpu start_us=18845509 end_us=18847600 dur_us=2090
UKL-MQTT-BENCH: BUFFULL run_id=try5-c2-cpu start_us=18849863 end_us=18853606 dur_us=3743
UKL-MQTT-BENCH: BUFFULL run_id=try5-c2-cpu start_us=18856482 end_us=18859617 dur_us=3135
UKL-MQTT-BENCH: BUFFULL run_id=try5-c2-cpu start_us=18862468 end_us=18864615 dur_us=2146
UKL-MQTT-BENCH: BUFFULL run_id=try5-c2-cpu start_us=18866882 end_us=18870647 dur_us=3764
UKL-MQTT-BENCH: BUFFULL run_id=try5-c2-cpu start_us=18873489 end_us=18876619 dur_us=3130
UKL-MQTT-BENCH: BUFFULL run_id=try5-c2-cpu start_us=18879475 end_us=18881586 dur_us=2110
UKL-MQTT-BENCH: BUFFULL run_id=try5-c2-cpu start_us=18883862 end_us=18887623 dur_us=3761
UKL-MQTT-BENCH: BUFFULL run_id=try5-c2-cpu start_us=18890474 end_us=18893643 dur_us=3168
UKL-MQTT-BENCH: BUFFULL run_id=try5-c2-cpu start_us=18896510 end_us=18898604 dur_us=2094
UKL-MQTT-BENCH: BUFFULL run_id=try5-c2-cpu start_us=18900876 end_us=18904661 dur_us=3784
UKL-MQTT-BENCH: BUFFULL run_id=try5-c2-cpu start_us=18907520 end_us=18910673 dur_us=3153
UKL-MQTT-BENCH: BUFFULL run_id=try5-c2-cpu start_us=18913511 end_us=18916704 dur_us=3193
UKL-MQTT-BENCH: BUFFULL run_id=try5-c2-cpu start_us=18919551 end_us=18921656 dur_us=2105
UKL-MQTT-BENCH: BUFFULL run_id=try5-c2-cpu start_us=18923909 end_us=18926629 dur_us=2720
UKL-MQTT-BENCH: BUFFULL run_id=try5-c2-cpu start_us=18928891 end_us=18931664 dur_us=2772
UKL-MQTT-BENCH: BUFFULL run_id=try5-c2-cpu start_us=18934509 end_us=18935674 dur_us=1164
UKL-MQTT-BENCH: BUFFULL run_id=try5-c2-cpu start_us=18937353 end_us=18938517 dur_us=1164
UKL-MQTT-BENCH: BUFFULL run_id=try5-c2-cpu start_us=18939605 end_us=18943628 dur_us=4023
UKL-MQTT-BENCH: BUFFULL run_id=try5-c2-cpu start_us=18945898 end_us=18947635 dur_us=1736
UKL-MQTT-BENCH: BUFFULL run_id=try5-c2-cpu start_us=18949912 end_us=18952597 dur_us=2684
UKL-MQTT-BENCH: BUFFULL run_id=try5-c2-cpu start_us=18954872 end_us=18958662 dur_us=3789
UKL-MQTT-BENCH: BUFFULL run_id=try5-c2-cpu start_us=18961503 end_us=18963626 dur_us=2122
UKL-MQTT-BENCH: BUFFULL run_id=try5-c2-cpu start_us=18965885 end_us=18967583 dur_us=1697
UKL-MQTT-BENCH: BUFFULL run_id=try5-c2-cpu start_us=18970573 end_us=18975669 dur_us=5095
UKL-MQTT-BENCH: BUFFULL run_id=try5-c2-cpu start_us=18978523 end_us=18980599 dur_us=2076
UKL-MQTT-BENCH: BUFFULL run_id=try5-c2-cpu start_us=18982881 end_us=18984611 dur_us=1730
UKL-MQTT-BENCH: BUFFULL run_id=try5-c2-cpu start_us=18987547 end_us=18992685 dur_us=5137
UKL-MQTT-BENCH: BUFFULL run_id=try5-c2-cpu start_us=18997479 end_us=19000619 dur_us=3140
UKL-MQTT-BENCH: BUFFULL run_id=try5-c2-cpu start_us=19004133 end_us=19009668 dur_us=5535
UKL-MQTT-BENCH: BUFFULL run_id=try5-c2-cpu start_us=19012534 end_us=19013766 dur_us=1231
UKL-MQTT-BENCH: BUFFULL run_id=try5-c2-cpu start_us=19016029 end_us=19017599 dur_us=1569
UKL-MQTT-BENCH: BUFFULL run_id=try5-c2-cpu start_us=19019286 end_us=19023612 dur_us=4326
UKL-MQTT-BENCH: BUFFULL run_id=try5-c2-cpu start_us=19026468 end_us=19027605 dur_us=1136
UKL-MQTT-BENCH: BUFFULL run_id=try5-c2-cpu start_us=19029296 end_us=19031738 dur_us=2442
UKL-MQTT-BENCH: BUFFULL run_id=try5-c2-cpu start_us=19035613 end_us=19040625 dur_us=5012
UKL-MQTT-BENCH: BUFFULL run_id=try5-c2-cpu start_us=19045423 end_us=19049799 dur_us=4376
UKL-MQTT-BENCH: BUFFULL run_id=try5-c2-cpu start_us=19052676 end_us=19055692 dur_us=3015
UKL-MQTT-BENCH: BUFFULL run_id=try5-c2-cpu start_us=19058559 end_us=19060670 dur_us=2111
UKL-MQTT-BENCH: BUFFULL run_id=try5-c2-cpu start_us=19062931 end_us=19066689 dur_us=3757
UKL-MQTT-BENCH: BUFFULL run_id=try5-c2-cpu start_us=19069534 end_us=19072690 dur_us=3156
UKL-MQTT-BENCH: BUFFULL run_id=try5-c2-cpu start_us=19075553 end_us=19077636 dur_us=2082
UKL-MQTT-BENCH: BUFFULL run_id=try5-c2-cpu start_us=19079898 end_us=19082605 dur_us=2707
UKL-MQTT-BENCH: BUFFULL run_id=try5-c2-cpu start_us=19084946 end_us=19088623 dur_us=3676
UKL-MQTT-BENCH: BUFFULL run_id=try5-c2-cpu start_us=19093239 end_us=19095750 dur_us=2510
UKL-MQTT-BENCH: BUFFULL run_id=try5-c2-cpu start_us=19098001 end_us=19101841 dur_us=3840
UKL-MQTT-BENCH: BUFFULL run_id=try5-c2-cpu start_us=19104698 end_us=19106650 dur_us=1951
UKL-MQTT-BENCH: BUFFULL run_id=try5-c2-cpu start_us=19108921 end_us=19112625 dur_us=3704
UKL-MQTT-BENCH: BUFFULL run_id=try5-c2-cpu start_us=19115498 end_us=19118626 dur_us=3127
UKL-MQTT-BENCH: BUFFULL run_id=try5-c2-cpu start_us=19121460 end_us=19123609 dur_us=2148
UKL-MQTT-BENCH: BUFFULL run_id=try5-c2-cpu start_us=19125874 end_us=19128603 dur_us=2729
UKL-MQTT-BENCH: BUFFULL run_id=try5-c2-cpu start_us=19130867 end_us=19135638 dur_us=4770
UKL-MQTT-BENCH: BUFFULL run_id=try5-c2-cpu start_us=19139124 end_us=19140636 dur_us=1512
UKL-MQTT-BENCH: BUFFULL run_id=try5-c2-cpu start_us=19142905 end_us=19146641 dur_us=3736
UKL-MQTT-BENCH: BUFFULL run_id=try5-c2-cpu start_us=19149517 end_us=19152838 dur_us=3321
UKL-MQTT-BENCH: BUFFULL run_id=try5-c2-cpu start_us=19155702 end_us=19157763 dur_us=2060
UKL-MQTT-BENCH: BUFFULL run_id=try5-c2-cpu start_us=19160018 end_us=19163623 dur_us=3604
UKL-MQTT-BENCH: BUFFULL run_id=try5-c2-cpu start_us=19166464 end_us=19169666 dur_us=3201
UKL-MQTT-BENCH: BUFFULL run_id=try5-c2-cpu start_us=19172538 end_us=19174677 dur_us=2139
UKL-MQTT-BENCH: BUFFULL run_id=try5-c2-cpu start_us=19176927 end_us=19180608 dur_us=3680
UKL-MQTT-BENCH: BUFFULL run_id=try5-c2-cpu start_us=19183470 end_us=19186676 dur_us=3206
UKL-MQTT-BENCH: BUFFULL run_id=try5-c2-cpu start_us=19189528 end_us=19191657 dur_us=2129
UKL-MQTT-BENCH: BUFFULL run_id=try5-c2-cpu start_us=19193910 end_us=19196632 dur_us=2722
UKL-MQTT-BENCH: BUFFULL run_id=try5-c2-cpu start_us=19198891 end_us=19202692 dur_us=3801
UKL-MQTT-BENCH: BUFFULL run_id=try5-c2-cpu start_us=19205552 end_us=19207603 dur_us=2050
UKL-MQTT-BENCH: BUFFULL run_id=try5-c2-cpu start_us=19209875 end_us=19211558 dur_us=1682
UKL-MQTT-BENCH: BUFFULL run_id=try5-c2-cpu start_us=19213253 end_us=19214602 dur_us=1348
UKL-MQTT-BENCH: BUFFULL run_id=try5-c2-cpu start_us=19216288 end_us=19219622 dur_us=3334
UKL-MQTT-BENCH: BUFFULL run_id=try5-c2-cpu start_us=19221896 end_us=19224646 dur_us=2749
UKL-MQTT-BENCH: BUFFULL run_id=try5-c2-cpu start_us=19226902 end_us=19230739 dur_us=3837
UKL-MQTT-BENCH: BUFFULL run_id=try5-c2-cpu start_us=19233580 end_us=19235596 dur_us=2015
UKL-MQTT-BENCH: BUFFULL run_id=try5-c2-cpu start_us=19238532 end_us=19241602 dur_us=3069
UKL-MQTT-BENCH: BUFFULL run_id=try5-c2-cpu start_us=19243906 end_us=19245599 dur_us=1693
UKL-MQTT-BENCH: BUFFULL run_id=try5-c2-cpu start_us=19249496 end_us=19252758 dur_us=3262
UKL-MQTT-BENCH: BUFFULL run_id=try5-c2-cpu start_us=19255023 end_us=19258612 dur_us=3588
UKL-MQTT-BENCH: BUFFULL run_id=try5-c2-cpu start_us=19260867 end_us=19264626 dur_us=3758
UKL-MQTT-BENCH: BUFFULL run_id=try5-c2-cpu start_us=19268120 end_us=19270608 dur_us=2487
UKL-MQTT-BENCH: BUFFULL run_id=try5-c2-cpu start_us=19272866 end_us=19276641 dur_us=3775
UKL-MQTT-BENCH: BUFFULL run_id=try5-c2-cpu start_us=19279493 end_us=19282638 dur_us=3145
UKL-MQTT-BENCH: BUFFULL run_id=try5-c2-cpu start_us=19285490 end_us=19287571 dur_us=2081
UKL-MQTT-BENCH: BUFFULL run_id=try5-c2-cpu start_us=19289850 end_us=19292792 dur_us=2942
UKL-MQTT-BENCH: BUFFULL run_id=try5-c2-cpu start_us=19295664 end_us=19297588 dur_us=1924
UKL-MQTT-BENCH: BUFFULL run_id=try5-c2-cpu start_us=19299861 end_us=19302773 dur_us=2912
UKL-MQTT-BENCH: BUFFULL run_id=try5-c2-cpu start_us=19305628 end_us=19308600 dur_us=2972
UKL-MQTT-BENCH: BUFFULL run_id=try5-c2-cpu start_us=19310866 end_us=19314628 dur_us=3762
UKL-MQTT-BENCH: BUFFULL run_id=try5-c2-cpu start_us=19317506 end_us=19319596 dur_us=2090
UKL-MQTT-BENCH: BUFFULL run_id=try5-c2-cpu start_us=19321861 end_us=19325648 dur_us=3787
UKL-MQTT-BENCH: BUFFULL run_id=try5-c2-cpu start_us=19328491 end_us=19331650 dur_us=3158
UKL-MQTT-BENCH: BUFFULL run_id=try5-c2-cpu start_us=19334497 end_us=19337673 dur_us=3176
UKL-MQTT-BENCH: BUFFULL run_id=try5-c2-cpu start_us=19340533 end_us=19342614 dur_us=2081
UKL-MQTT-BENCH: BUFFULL run_id=try5-c2-cpu start_us=19344885 end_us=19348605 dur_us=3720
UKL-MQTT-BENCH: BUFFULL run_id=try5-c2-cpu start_us=19351466 end_us=19354675 dur_us=3209
UKL-MQTT-BENCH: BUFFULL run_id=try5-c2-cpu start_us=19357539 end_us=19360648 dur_us=3108
UKL-MQTT-BENCH: BUFFULL run_id=try5-c2-cpu start_us=19363507 end_us=19365618 dur_us=2111
UKL-MQTT-BENCH: BUFFULL run_id=try5-c2-cpu start_us=19367870 end_us=19371645 dur_us=3774
UKL-MQTT-BENCH: BUFFULL run_id=try5-c2-cpu start_us=19374493 end_us=19377650 dur_us=3157
UKL-MQTT-BENCH: BUFFULL run_id=try5-c2-cpu start_us=19380503 end_us=19382614 dur_us=2110
UKL-MQTT-BENCH: BUFFULL run_id=try5-c2-cpu start_us=19384889 end_us=19388631 dur_us=3742
UKL-MQTT-BENCH: BUFFULL run_id=try5-c2-cpu start_us=19391482 end_us=19393599 dur_us=2117
UKL-MQTT-BENCH: BUFFULL run_id=try5-c2-cpu start_us=19395885 end_us=19398649 dur_us=2763
UKL-MQTT-BENCH: BUFFULL run_id=try5-c2-cpu start_us=19400889 end_us=19403582 dur_us=2692
UKL-MQTT-BENCH: BUFFULL run_id=try5-c2-cpu start_us=19407093 end_us=19411666 dur_us=4573
UKL-MQTT-BENCH: BUFFULL run_id=try5-c2-cpu start_us=19416411 end_us=19420625 dur_us=4213
UKL-MQTT-BENCH: BUFFULL run_id=try5-c2-cpu start_us=19424101 end_us=19427806 dur_us=3704
UKL-MQTT-BENCH: BUFFULL run_id=try5-c2-cpu start_us=19430663 end_us=19432591 dur_us=1927
UKL-MQTT-BENCH: BUFFULL run_id=try5-c2-cpu start_us=19434858 end_us=19438638 dur_us=3780
UKL-MQTT-BENCH: BUFFULL run_id=try5-c2-cpu start_us=19441584 end_us=19444805 dur_us=3221
UKL-MQTT-BENCH: BUFFULL run_id=try5-c2-cpu start_us=19447671 end_us=19449859 dur_us=2188
UKL-MQTT-BENCH: BUFFULL run_id=try5-c2-cpu start_us=19452734 end_us=19455646 dur_us=2911
UKL-MQTT-BENCH: BUFFULL run_id=try5-c2-cpu start_us=19457935 end_us=19461647 dur_us=3712
UKL-MQTT-BENCH: BUFFULL run_id=try5-c2-cpu start_us=19464492 end_us=19466599 dur_us=2107
UKL-MQTT-BENCH: BUFFULL run_id=try5-c2-cpu start_us=19468867 end_us=19471602 dur_us=2735
UKL-MQTT-BENCH: BUFFULL run_id=try5-c2-cpu start_us=19473855 end_us=19477695 dur_us=3840
UKL-MQTT-BENCH: BUFFULL run_id=try5-c2-cpu start_us=19480534 end_us=19482626 dur_us=2092
UKL-MQTT-BENCH: BUFFULL run_id=try5-c2-cpu start_us=19484906 end_us=19487618 dur_us=2712
UKL-MQTT-BENCH: BUFFULL run_id=try5-c2-cpu start_us=19489879 end_us=19493635 dur_us=3756
UKL-MQTT-BENCH: BUFFULL run_id=try5-c2-cpu start_us=19499293 end_us=19502591 dur_us=3297
UKL-MQTT-BENCH: BUFFULL run_id=try5-c2-cpu start_us=19504838 end_us=19508631 dur_us=3792
UKL-MQTT-BENCH: BUFFULL run_id=try5-c2-cpu start_us=19511480 end_us=19512780 dur_us=1300
UKL-MQTT-BENCH: BUFFULL run_id=try5-c2-cpu start_us=19515052 end_us=19519603 dur_us=4551
UKL-MQTT-BENCH: BUFFULL run_id=try5-c2-cpu start_us=19522452 end_us=19525607 dur_us=3154
UKL-MQTT-BENCH: BUFFULL run_id=try5-c2-cpu start_us=19528451 end_us=19531668 dur_us=3217
UKL-MQTT-BENCH: BUFFULL run_id=try5-c2-cpu start_us=19534547 end_us=19538673 dur_us=4125
UKL-MQTT-BENCH: BUFFULL run_id=try5-c2-cpu start_us=19542153 end_us=19544637 dur_us=2483
UKL-MQTT-BENCH: BUFFULL run_id=try5-c2-cpu start_us=19547485 end_us=19548572 dur_us=1086
UKL-MQTT-BENCH: BUFFULL run_id=try5-c2-cpu start_us=19550266 end_us=19555648 dur_us=5381
UKL-MQTT-BENCH: BUFFULL run_id=try5-c2-cpu start_us=19561852 end_us=19564605 dur_us=2752
UKL-MQTT-BENCH: BUFFULL run_id=try5-c2-cpu start_us=19567028 end_us=19571731 dur_us=4702
UKL-MQTT-BENCH: BUFFULL run_id=try5-c2-cpu start_us=19574768 end_us=19577637 dur_us=2868
UKL-MQTT-BENCH: BUFFULL run_id=try5-c2-cpu start_us=19580688 end_us=19585751 dur_us=5062
UKL-MQTT-BENCH: BUFFULL run_id=try5-c2-cpu start_us=19589426 end_us=19590647 dur_us=1221
UKL-MQTT-BENCH: BUFFULL run_id=try5-c2-cpu start_us=19593065 end_us=19597212 dur_us=4147
UKL-MQTT-BENCH: BUFFULL run_id=try5-c2-cpu start_us=19600308 end_us=19603681 dur_us=3372
UKL-MQTT-BENCH: BUFFULL run_id=try5-c2-cpu start_us=19606725 end_us=19608637 dur_us=1911
UKL-MQTT-BENCH: BUFFULL run_id=try5-c2-cpu start_us=19611042 end_us=19614634 dur_us=3592
UKL-MQTT-BENCH: BUFFULL run_id=try5-c2-cpu start_us=19617498 end_us=19619858 dur_us=2360
UKL-MQTT-BENCH: BUFFULL run_id=try5-c2-cpu start_us=19622151 end_us=19625843 dur_us=3692
UKL-MQTT-BENCH: BUFFULL run_id=try5-c2-cpu start_us=19628720 end_us=19631851 dur_us=3130
UKL-MQTT-BENCH: BUFFULL run_id=try5-c2-cpu start_us=19634899 end_us=19637645 dur_us=2746
UKL-MQTT-BENCH: BUFFULL run_id=try5-c2-cpu start_us=19640051 end_us=19643672 dur_us=3620
UKL-MQTT-BENCH: BUFFULL run_id=try5-c2-cpu start_us=19646556 end_us=19649658 dur_us=3102
UKL-MQTT-BENCH: BUFFULL run_id=try5-c2-cpu start_us=19652513 end_us=19654636 dur_us=2122
UKL-MQTT-BENCH: BUFFULL run_id=try5-c2-cpu start_us=19656979 end_us=19660648 dur_us=3669
UKL-MQTT-BENCH: BUFFULL run_id=try5-c2-cpu start_us=19663510 end_us=19666672 dur_us=3162
UKL-MQTT-BENCH: BUFFULL run_id=try5-c2-cpu start_us=19669533 end_us=19672640 dur_us=3106
UKL-MQTT-BENCH: BUFFULL run_id=try5-c2-cpu start_us=19675495 end_us=19678613 dur_us=3117
UKL-MQTT-BENCH: BUFFULL run_id=try5-c2-cpu start_us=19681456 end_us=19684708 dur_us=3252
UKL-MQTT-BENCH: BUFFULL run_id=try5-c2-cpu start_us=19687560 end_us=19690682 dur_us=3122
UKL-MQTT-BENCH: BUFFULL run_id=try5-c2-cpu start_us=19693540 end_us=19696688 dur_us=3147
UKL-MQTT-BENCH: BUFFULL run_id=try5-c2-cpu start_us=19699544 end_us=19701627 dur_us=2083
UKL-MQTT-BENCH: BUFFULL run_id=try5-c2-cpu start_us=19703876 end_us=19707626 dur_us=3749
UKL-MQTT-BENCH: BUFFULL run_id=try5-c2-cpu start_us=19710484 end_us=19712611 dur_us=2126
UKL-MQTT-BENCH: BUFFULL run_id=try5-c2-cpu start_us=19714883 end_us=19717853 dur_us=2969
UKL-MQTT-BENCH: BUFFULL run_id=try5-c2-cpu start_us=19720709 end_us=19723608 dur_us=2898
UKL-MQTT-BENCH: BUFFULL run_id=try5-c2-cpu start_us=19725863 end_us=19728626 dur_us=2762
UKL-MQTT-BENCH: BUFFULL run_id=try5-c2-cpu start_us=19731485 end_us=19734606 dur_us=3121
UKL-MQTT-BENCH: BUFFULL run_id=try5-c2-cpu start_us=19737459 end_us=19739806 dur_us=2346
UKL-MQTT-BENCH: BUFFULL run_id=try5-c2-cpu start_us=19742068 end_us=19745648 dur_us=3580
UKL-MQTT-BENCH: BUFFULL run_id=try5-c2-cpu start_us=19748526 end_us=19751627 dur_us=3101
UKL-MQTT-BENCH: BUFFULL run_id=try5-c2-cpu start_us=19754469 end_us=19756795 dur_us=2325
UKL-MQTT-BENCH: BUFFULL run_id=try5-c2-cpu start_us=19759056 end_us=19762620 dur_us=3563
UKL-MQTT-BENCH: BUFFULL run_id=try5-c2-cpu start_us=19765469 end_us=19768657 dur_us=3188
UKL-MQTT-BENCH: BUFFULL run_id=try5-c2-cpu start_us=19771516 end_us=19773684 dur_us=2167
UKL-MQTT-BENCH: BUFFULL run_id=try5-c2-cpu start_us=19776611 end_us=19779625 dur_us=3014
UKL-MQTT-BENCH: BUFFULL run_id=try5-c2-cpu start_us=19781889 end_us=19785647 dur_us=3757
UKL-MQTT-BENCH: BUFFULL run_id=try5-c2-cpu start_us=19788500 end_us=19790778 dur_us=2277
UKL-MQTT-BENCH: BUFFULL run_id=try5-c2-cpu start_us=19793647 end_us=19796630 dur_us=2982
UKL-MQTT-BENCH: BUFFULL run_id=try5-c2-cpu start_us=19798900 end_us=19802628 dur_us=3727
UKL-MQTT-BENCH: BUFFULL run_id=try5-c2-cpu start_us=19805472 end_us=19808629 dur_us=3156
UKL-MQTT-BENCH: BUFFULL run_id=try5-c2-cpu start_us=19811489 end_us=19814640 dur_us=3150
UKL-MQTT-BENCH: BUFFULL run_id=try5-c2-cpu start_us=19817492 end_us=19821670 dur_us=4177
UKL-MQTT-BENCH: BUFFULL run_id=try5-c2-cpu start_us=19825093 end_us=19826601 dur_us=1508
UKL-MQTT-BENCH: BUFFULL run_id=try5-c2-cpu start_us=19828863 end_us=19831601 dur_us=2737
UKL-MQTT-BENCH: BUFFULL run_id=try5-c2-cpu start_us=19833858 end_us=19838629 dur_us=4771
UKL-MQTT-BENCH: BUFFULL run_id=try5-c2-cpu start_us=19842097 end_us=19843609 dur_us=1511
UKL-MQTT-BENCH: BUFFULL run_id=try5-c2-cpu start_us=19845874 end_us=19848603 dur_us=2728
UKL-MQTT-BENCH: BUFFULL run_id=try5-c2-cpu start_us=19850868 end_us=19854828 dur_us=3959
UKL-MQTT-BENCH: BUFFULL run_id=try5-c2-cpu start_us=19858255 end_us=19860627 dur_us=2372
UKL-MQTT-BENCH: BUFFULL run_id=try5-c2-cpu start_us=19862899 end_us=19865572 dur_us=2673
UKL-MQTT-BENCH: BUFFULL run_id=try5-c2-cpu start_us=19868434 end_us=19871822 dur_us=3387
UKL-MQTT-BENCH: BUFFULL run_id=try5-c2-cpu start_us=19874689 end_us=19877674 dur_us=2984
UKL-MQTT-BENCH: BUFFULL run_id=try5-c2-cpu start_us=19879930 end_us=19882581 dur_us=2650
UKL-MQTT-BENCH: BUFFULL run_id=try5-c2-cpu start_us=19885454 end_us=19888798 dur_us=3343
UKL-MQTT-BENCH: BUFFULL run_id=try5-c2-cpu start_us=19891668 end_us=19893822 dur_us=2154
UKL-MQTT-BENCH: BUFFULL run_id=try5-c2-cpu start_us=19896072 end_us=19898799 dur_us=2727
UKL-MQTT-BENCH: BUFFULL run_id=try5-c2-cpu start_us=19901658 end_us=19905709 dur_us=4051
UKL-MQTT-BENCH: BUFFULL run_id=try5-c2-cpu start_us=19908562 end_us=19910636 dur_us=2073
UKL-MQTT-BENCH: BUFFULL run_id=try5-c2-cpu start_us=19912876 end_us=19915590 dur_us=2713
UKL-MQTT-BENCH: BUFFULL run_id=try5-c2-cpu start_us=19917901 end_us=19920637 dur_us=2735
UKL-MQTT-BENCH: BUFFULL run_id=try5-c2-cpu start_us=19925245 end_us=19926733 dur_us=1487
UKL-MQTT-BENCH: BUFFULL run_id=try5-c2-cpu start_us=19928404 end_us=19932625 dur_us=4220
UKL-MQTT-BENCH: BUFFULL run_id=try5-c2-cpu start_us=19934885 end_us=19937842 dur_us=2957
UKL-MQTT-BENCH: BUFFULL run_id=try5-c2-cpu start_us=19940703 end_us=19943676 dur_us=2972
UKL-MQTT-BENCH: BUFFULL run_id=try5-c2-cpu start_us=19946523 end_us=19949984 dur_us=3460
UKL-MQTT-BENCH: BUFFULL run_id=try5-c2-cpu start_us=19952831 end_us=19954611 dur_us=1779
UKL-MQTT-BENCH: BUFFULL run_id=try5-c2-cpu start_us=19956862 end_us=19960692 dur_us=3830
UKL-MQTT-BENCH: BUFFULL run_id=try5-c2-cpu start_us=19963553 end_us=19966716 dur_us=3163
UKL-MQTT-BENCH: BUFFULL run_id=try5-c2-cpu start_us=19969568 end_us=19970576 dur_us=1007
UKL-MQTT-BENCH: BUFFULL run_id=try5-c2-cpu start_us=19972256 end_us=19975808 dur_us=3551
UKL-MQTT-BENCH: BUFFULL run_id=try5-c2-cpu start_us=19979323 end_us=19982610 dur_us=3286
UKL-MQTT-BENCH: BUFFULL run_id=try5-c2-cpu start_us=19984868 end_us=19986576 dur_us=1708
UKL-MQTT-BENCH: BUFFULL run_id=try5-c2-cpu start_us=19988837 end_us=19991788 dur_us=2950
UKL-MQTT-BENCH: BUFFULL run_id=try5-c2-cpu start_us=19994040 end_us=19997599 dur_us=3559
UKL-MQTT-BENCH: BUFFULL run_id=try5-c2-cpu start_us=20000457 end_us=20002620 dur_us=2162
UKL-MQTT-BENCH: BUFFULL run_id=try5-c2-cpu start_us=20004886 end_us=20008601 dur_us=3715
UKL-MQTT-BENCH: BUFFULL run_id=try5-c2-cpu start_us=20011467 end_us=20013627 dur_us=2159
UKL-MQTT-BENCH: BUFFULL run_id=try5-c2-cpu start_us=20015870 end_us=20019599 dur_us=3729
UKL-MQTT-BENCH: BUFFULL run_id=try5-c2-cpu start_us=20022452 end_us=20023595 dur_us=1143
UKL-MQTT-BENCH: BUFFULL run_id=try5-c2-cpu start_us=20025863 end_us=20029772 dur_us=3909
UKL-MQTT-BENCH: BUFFULL run_id=try5-c2-cpu start_us=20032638 end_us=20035614 dur_us=2976
UKL-MQTT-BENCH: BUFFULL run_id=try5-c2-cpu start_us=20038455 end_us=20040605 dur_us=2149
UKL-MQTT-BENCH: BUFFULL run_id=try5-c2-cpu start_us=20042876 end_us=20048697 dur_us=5820
UKL-MQTT-BENCH: BUFFULL run_id=try5-c2-cpu start_us=20052138 end_us=20055682 dur_us=3544
UKL-MQTT-BENCH: BUFFULL run_id=try5-c2-cpu start_us=20060379 end_us=20064847 dur_us=4467
UKL-MQTT-BENCH: BUFFULL run_id=try5-c2-cpu start_us=20068284 end_us=20070794 dur_us=2509
UKL-MQTT-BENCH: BUFFULL run_id=try5-c2-cpu start_us=20076834 end_us=20081621 dur_us=4787
UKL-MQTT-BENCH: BUFFULL run_id=try5-c2-cpu start_us=20084525 end_us=20087611 dur_us=3086
UKL-MQTT-BENCH: BUFFULL run_id=try5-c2-cpu start_us=20090457 end_us=20092625 dur_us=2167
UKL-MQTT-BENCH: BUFFULL run_id=try5-c2-cpu start_us=20094881 end_us=20098645 dur_us=3764
UKL-MQTT-BENCH: BUFFULL run_id=try5-c2-cpu start_us=20101498 end_us=20104632 dur_us=3134
UKL-MQTT-BENCH: BUFFULL run_id=try5-c2-cpu start_us=20107492 end_us=20109573 dur_us=2080
UKL-MQTT-BENCH: BUFFULL run_id=try5-c2-cpu start_us=20111832 end_us=20114775 dur_us=2942
UKL-MQTT-BENCH: BUFFULL run_id=try5-c2-cpu start_us=20117640 end_us=20120649 dur_us=3008
UKL-MQTT-BENCH: BUFFULL run_id=try5-c2-cpu start_us=20123515 end_us=20125599 dur_us=2083
UKL-MQTT-BENCH: BUFFULL run_id=try5-c2-cpu start_us=20127857 end_us=20131628 dur_us=3771
UKL-MQTT-BENCH: BUFFULL run_id=try5-c2-cpu start_us=20134479 end_us=20137599 dur_us=3120
UKL-MQTT-BENCH: BUFFULL run_id=try5-c2-cpu start_us=20140446 end_us=20142613 dur_us=2166
UKL-MQTT-BENCH: BUFFULL run_id=try5-c2-cpu start_us=20144877 end_us=20148621 dur_us=3743
UKL-MQTT-BENCH: BUFFULL run_id=try5-c2-cpu start_us=20151471 end_us=20154632 dur_us=3161
UKL-MQTT-BENCH: BUFFULL run_id=try5-c2-cpu start_us=20157477 end_us=20159633 dur_us=2155
UKL-MQTT-BENCH: BUFFULL run_id=try5-c2-cpu start_us=20161912 end_us=20165621 dur_us=3709
UKL-MQTT-BENCH: BUFFULL run_id=try5-c2-cpu start_us=20168470 end_us=20171675 dur_us=3205
UKL-MQTT-BENCH: BUFFULL run_id=try5-c2-cpu start_us=20174525 end_us=20176596 dur_us=2070
UKL-MQTT-BENCH: BUFFULL run_id=try5-c2-cpu start_us=20178869 end_us=20181611 dur_us=2741
UKL-MQTT-BENCH: BUFFULL run_id=try5-c2-cpu start_us=20184479 end_us=20187612 dur_us=3132
UKL-MQTT-BENCH: BUFFULL run_id=try5-c2-cpu start_us=20190461 end_us=20192602 dur_us=2140
UKL-MQTT-BENCH: BUFFULL run_id=try5-c2-cpu start_us=20194867 end_us=20198610 dur_us=3743
UKL-MQTT-BENCH: BUFFULL run_id=try5-c2-cpu start_us=20201454 end_us=20204643 dur_us=3188
UKL-MQTT-BENCH: BUFFULL run_id=try5-c2-cpu start_us=20207505 end_us=20209600 dur_us=2095
UKL-MQTT-BENCH: BUFFULL run_id=try5-c2-cpu start_us=20211869 end_us=20215619 dur_us=3749
UKL-MQTT-BENCH: BUFFULL run_id=try5-c2-cpu start_us=20218466 end_us=20221587 dur_us=3120
UKL-MQTT-BENCH: BUFFULL run_id=try5-c2-cpu start_us=20224444 end_us=20226598 dur_us=2153
UKL-MQTT-BENCH: BUFFULL run_id=try5-c2-cpu start_us=20228848 end_us=20232611 dur_us=3763
UKL-MQTT-BENCH: BUFFULL run_id=try5-c2-cpu start_us=20235464 end_us=20238642 dur_us=3177
UKL-MQTT-BENCH: BUFFULL run_id=try5-c2-cpu start_us=20241496 end_us=20245651 dur_us=4155
UKL-MQTT-BENCH: BUFFULL run_id=try5-c2-cpu start_us=20251245 end_us=20255599 dur_us=4353
UKL-MQTT-BENCH: BUFFULL run_id=try5-c2-cpu start_us=20258457 end_us=20261635 dur_us=3178
UKL-MQTT-BENCH: BUFFULL run_id=try5-c2-cpu start_us=20264478 end_us=20266594 dur_us=2115
UKL-MQTT-BENCH: BUFFULL run_id=try5-c2-cpu start_us=20269449 end_us=20271783 dur_us=2333
UKL-MQTT-BENCH: BUFFULL run_id=try5-c2-cpu start_us=20274042 end_us=20277806 dur_us=3764
UKL-MQTT-BENCH: BUFFULL run_id=try5-c2-cpu start_us=20280695 end_us=20283597 dur_us=2901
UKL-MQTT-BENCH: BUFFULL run_id=try5-c2-cpu start_us=20286461 end_us=20288607 dur_us=2146
UKL-MQTT-BENCH: BUFFULL run_id=try5-c2-cpu start_us=20290902 end_us=20294653 dur_us=3751
UKL-MQTT-BENCH: BUFFULL run_id=try5-c2-cpu start_us=20297508 end_us=20300598 dur_us=3089
UKL-MQTT-BENCH: BUFFULL run_id=try5-c2-cpu start_us=20303452 end_us=20305514 dur_us=2061
UKL-MQTT-BENCH: BUFFULL run_id=try5-c2-cpu start_us=20307780 end_us=20310587 dur_us=2807
UKL-MQTT-BENCH: BUFFULL run_id=try5-c2-cpu start_us=20312855 end_us=20315627 dur_us=2772
UKL-MQTT-BENCH: BUFFULL run_id=try5-c2-cpu start_us=20317906 end_us=20320565 dur_us=2659
UKL-MQTT-BENCH: BUFFULL run_id=try5-c2-cpu start_us=20322837 end_us=20324780 dur_us=1943
UKL-MQTT-BENCH: BUFFULL run_id=try5-c2-cpu start_us=20327041 end_us=20331720 dur_us=4679
UKL-MQTT-BENCH: BUFFULL run_id=try5-c2-cpu start_us=20337427 end_us=20341611 dur_us=4184
UKL-MQTT-BENCH: BUFFULL run_id=try5-c2-cpu start_us=20344455 end_us=20347685 dur_us=3230
UKL-MQTT-BENCH: BUFFULL run_id=try5-c2-cpu start_us=20351209 end_us=20355685 dur_us=4476
UKL-MQTT-BENCH: BUFFULL run_id=try5-c2-cpu start_us=20358547 end_us=20361640 dur_us=3093
UKL-MQTT-BENCH: BUFFULL run_id=try5-c2-cpu start_us=20365780 end_us=20370629 dur_us=4848
UKL-MQTT-BENCH: BUFFULL run_id=try5-c2-cpu start_us=20376249 end_us=20380635 dur_us=4385
UKL-MQTT-BENCH: BUFFULL run_id=try5-c2-cpu start_us=20383530 end_us=20386663 dur_us=3133
UKL-MQTT-BENCH: BUFFULL run_id=try5-c2-cpu start_us=20389519 end_us=20392661 dur_us=3141
UKL-MQTT-BENCH: BUFFULL run_id=try5-c2-cpu start_us=20395520 end_us=20398620 dur_us=3100
UKL-MQTT-BENCH: BUFFULL run_id=try5-c2-cpu start_us=20401472 end_us=20403614 dur_us=2142
UKL-MQTT-BENCH: BUFFULL run_id=try5-c2-cpu start_us=20405878 end_us=20409635 dur_us=3757
UKL-MQTT-BENCH: BUFFULL run_id=try5-c2-cpu start_us=20412489 end_us=20415701 dur_us=3211
UKL-MQTT-BENCH: BUFFULL run_id=try5-c2-cpu start_us=20418564 end_us=20420636 dur_us=2072
UKL-MQTT-BENCH: BUFFULL run_id=try5-c2-cpu start_us=20422891 end_us=20426625 dur_us=3734
UKL-MQTT-BENCH: BUFFULL run_id=try5-c2-cpu start_us=20429474 end_us=20431603 dur_us=2128
UKL-MQTT-BENCH: BUFFULL run_id=try5-c2-cpu start_us=20434452 end_us=20436558 dur_us=2106
UKL-MQTT-BENCH: BUFFULL run_id=try5-c2-cpu start_us=20438822 end_us=20440547 dur_us=1725
UKL-MQTT-BENCH: BUFFULL run_id=try5-c2-cpu start_us=20442237 end_us=20446666 dur_us=4429
UKL-MQTT-BENCH: BUFFULL run_id=try5-c2-cpu start_us=20449510 end_us=20451566 dur_us=2055
UKL-MQTT-BENCH: BUFFULL run_id=try5-c2-cpu start_us=20453819 end_us=20457712 dur_us=3893
UKL-MQTT-BENCH: BUFFULL run_id=try5-c2-cpu start_us=20460582 end_us=20463655 dur_us=3072
UKL-MQTT-BENCH: BUFFULL run_id=try5-c2-cpu start_us=20466535 end_us=20470658 dur_us=4123
UKL-MQTT-BENCH: BUFFULL run_id=try5-c2-cpu start_us=20476235 end_us=20479789 dur_us=3553
UKL-MQTT-BENCH: BUFFULL run_id=try5-c2-cpu start_us=20482688 end_us=20485591 dur_us=2903
UKL-MQTT-BENCH: BUFFULL run_id=try5-c2-cpu start_us=20487855 end_us=20489776 dur_us=1920
UKL-MQTT-BENCH: BUFFULL run_id=try5-c2-cpu start_us=20492030 end_us=20495685 dur_us=3655
UKL-MQTT-BENCH: BUFFULL run_id=try5-c2-cpu start_us=20501285 end_us=20505712 dur_us=4426
UKL-MQTT-BENCH: BUFFULL run_id=try5-c2-cpu start_us=20508582 end_us=20511606 dur_us=3023
UKL-MQTT-BENCH: BUFFULL run_id=try5-c2-cpu start_us=20514467 end_us=20515581 dur_us=1113
UKL-MQTT-BENCH: BUFFULL run_id=try5-c2-cpu start_us=20517273 end_us=20520799 dur_us=3525
UKL-MQTT-BENCH: BUFFULL run_id=try5-c2-cpu start_us=20524357 end_us=20528686 dur_us=4329
UKL-MQTT-BENCH: BUFFULL run_id=try5-c2-cpu start_us=20531558 end_us=20532595 dur_us=1036
UKL-MQTT-BENCH: BUFFULL run_id=try5-c2-cpu start_us=20534273 end_us=20537633 dur_us=3360
UKL-MQTT-BENCH: BUFFULL run_id=try5-c2-cpu start_us=20539892 end_us=20543681 dur_us=3788
UKL-MQTT-BENCH: BUFFULL run_id=try5-c2-cpu start_us=20547144 end_us=20548593 dur_us=1448
UKL-MQTT-BENCH: BUFFULL run_id=try5-c2-cpu start_us=20550272 end_us=20553657 dur_us=3385
UKL-MQTT-BENCH: BUFFULL run_id=try5-c2-cpu start_us=20555913 end_us=20558813 dur_us=2899
UKL-MQTT-BENCH: BUFFULL run_id=try5-c2-cpu start_us=20562946 end_us=20568690 dur_us=5744
UKL-MQTT-BENCH: BUFFULL run_id=try5-c2-cpu start_us=20574290 end_us=20577641 dur_us=3350
UKL-MQTT-BENCH: BUFFULL run_id=try5-c2-cpu start_us=20579904 end_us=20583711 dur_us=3806
UKL-MQTT-BENCH: BUFFULL run_id=try5-c2-cpu start_us=20586564 end_us=20588616 dur_us=2052
UKL-MQTT-BENCH: BUFFULL run_id=try5-c2-cpu start_us=20590888 end_us=20592767 dur_us=1879
UKL-MQTT-BENCH: BUFFULL run_id=try5-c2-cpu start_us=20595043 end_us=20597579 dur_us=2536
UKL-MQTT-BENCH: BUFFULL run_id=try5-c2-cpu start_us=20601594 end_us=20606601 dur_us=5007
UKL-MQTT-BENCH: BUFFULL run_id=try5-c2-cpu start_us=20609451 end_us=20612649 dur_us=3197
UKL-MQTT-BENCH: BUFFULL run_id=try5-c2-cpu start_us=20615505 end_us=20617618 dur_us=2113
UKL-MQTT-BENCH: BUFFULL run_id=try5-c2-cpu start_us=20619883 end_us=20622801 dur_us=2917
UKL-MQTT-BENCH: BUFFULL run_id=try5-c2-cpu start_us=20625661 end_us=20629649 dur_us=3988
UKL-MQTT-BENCH: BUFFULL run_id=try5-c2-cpu start_us=20632495 end_us=20633984 dur_us=1489
UKL-MQTT-BENCH: BUFFULL run_id=try5-c2-cpu start_us=20636249 end_us=20639618 dur_us=3368
UKL-MQTT-BENCH: BUFFULL run_id=try5-c2-cpu start_us=20642470 end_us=20644613 dur_us=2143
UKL-MQTT-BENCH: BUFFULL run_id=try5-c2-cpu start_us=20646878 end_us=20649642 dur_us=2763
UKL-MQTT-BENCH: BUFFULL run_id=try5-c2-cpu start_us=20651895 end_us=20656751 dur_us=4855
UKL-MQTT-BENCH: BUFFULL run_id=try5-c2-cpu start_us=20660213 end_us=20661644 dur_us=1430
UKL-MQTT-BENCH: BUFFULL run_id=try5-c2-cpu start_us=20663905 end_us=20666617 dur_us=2711
UKL-MQTT-BENCH: BUFFULL run_id=try5-c2-cpu start_us=20668888 end_us=20672660 dur_us=3771
UKL-MQTT-BENCH: BUFFULL run_id=try5-c2-cpu start_us=20678416 end_us=20681618 dur_us=3201
UKL-MQTT-BENCH: BUFFULL run_id=try5-c2-cpu start_us=20684034 end_us=20686817 dur_us=2782
UKL-MQTT-BENCH: BUFFULL run_id=try5-c2-cpu start_us=20689233 end_us=20692613 dur_us=3379
UKL-MQTT-BENCH: BUFFULL run_id=try5-c2-cpu start_us=20696418 end_us=20702678 dur_us=6259
UKL-MQTT-BENCH: BUFFULL run_id=try5-c2-cpu start_us=20706366 end_us=20707687 dur_us=1320
UKL-MQTT-BENCH: BUFFULL run_id=try5-c2-cpu start_us=20710110 end_us=20712618 dur_us=2507
UKL-MQTT-BENCH: BUFFULL run_id=try5-c2-cpu start_us=20715041 end_us=20720698 dur_us=5657
UKL-MQTT-BENCH: BUFFULL run_id=try5-c2-cpu start_us=20724398 end_us=20725719 dur_us=1321
UKL-MQTT-BENCH: BUFFULL run_id=try5-c2-cpu start_us=20728773 end_us=20730680 dur_us=1907
UKL-MQTT-BENCH: BUFFULL run_id=try5-c2-cpu start_us=20732479 end_us=20737685 dur_us=5205
UKL-MQTT-BENCH: BUFFULL run_id=try5-c2-cpu start_us=20741367 end_us=20743604 dur_us=2237
UKL-MQTT-BENCH: BUFFULL run_id=try5-c2-cpu start_us=20746021 end_us=20747668 dur_us=1646
UKL-MQTT-BENCH: BUFFULL run_id=try5-c2-cpu start_us=20750081 end_us=20753662 dur_us=3581
UKL-MQTT-BENCH: BUFFULL run_id=try5-c2-cpu start_us=20756079 end_us=20759624 dur_us=3544
UKL-MQTT-BENCH: BUFFULL run_id=try5-c2-cpu start_us=20762689 end_us=20765652 dur_us=2962
UKL-MQTT-BENCH: BUFFULL run_id=try5-c2-cpu start_us=20768624 end_us=20771645 dur_us=3020
UKL-MQTT-BENCH: BUFFULL run_id=try5-c2-cpu start_us=20773917 end_us=20777695 dur_us=3778
UKL-MQTT-BENCH: BUFFULL run_id=try5-c2-cpu start_us=20780582 end_us=20782775 dur_us=2193
UKL-MQTT-BENCH: BUFFULL run_id=try5-c2-cpu start_us=20785698 end_us=20788671 dur_us=2972
UKL-MQTT-BENCH: BUFFULL run_id=try5-c2-cpu start_us=20791521 end_us=20793589 dur_us=2068
UKL-MQTT-BENCH: BUFFULL run_id=try5-c2-cpu start_us=20795858 end_us=20798607 dur_us=2749
UKL-MQTT-BENCH: BUFFULL run_id=try5-c2-cpu start_us=20800912 end_us=20803691 dur_us=2779
UKL-MQTT-BENCH: BUFFULL run_id=try5-c2-cpu start_us=20806106 end_us=20809617 dur_us=3510
UKL-MQTT-BENCH: BUFFULL run_id=try5-c2-cpu start_us=20812563 end_us=20815645 dur_us=3081
UKL-MQTT-BENCH: BUFFULL run_id=try5-c2-cpu start_us=20818499 end_us=20820822 dur_us=2322
UKL-MQTT-BENCH: BUFFULL run_id=try5-c2-cpu start_us=20823090 end_us=20826595 dur_us=3505
UKL-MQTT-BENCH: BUFFULL run_id=try5-c2-cpu start_us=20829446 end_us=20832648 dur_us=3201
UKL-MQTT-BENCH: BUFFULL run_id=try5-c2-cpu start_us=20835482 end_us=20837639 dur_us=2157
UKL-MQTT-BENCH: BUFFULL run_id=try5-c2-cpu start_us=20839907 end_us=20842734 dur_us=2827
UKL-MQTT-BENCH: BUFFULL run_id=try5-c2-cpu start_us=20845597 end_us=20849638 dur_us=4041
UKL-MQTT-BENCH: BUFFULL run_id=try5-c2-cpu start_us=20852483 end_us=20854634 dur_us=2150
UKL-MQTT-BENCH: BUFFULL run_id=try5-c2-cpu start_us=20857533 end_us=20860649 dur_us=3116
UKL-MQTT-BENCH: BUFFULL run_id=try5-c2-cpu start_us=20862916 end_us=20866638 dur_us=3722
UKL-MQTT-BENCH: BUFFULL run_id=try5-c2-cpu start_us=20869504 end_us=20871586 dur_us=2081
UKL-MQTT-BENCH: BUFFULL run_id=try5-c2-cpu start_us=20874445 end_us=20877597 dur_us=3152
UKL-MQTT-BENCH: BUFFULL run_id=try5-c2-cpu start_us=20879873 end_us=20881779 dur_us=1906
UKL-MQTT-BENCH: BUFFULL run_id=try5-c2-cpu start_us=20884065 end_us=20887575 dur_us=3509
UKL-MQTT-BENCH: BUFFULL run_id=try5-c2-cpu start_us=20890434 end_us=20892612 dur_us=2178
UKL-MQTT-BENCH: BUFFULL run_id=try5-c2-cpu start_us=20894869 end_us=20898615 dur_us=3745
UKL-MQTT-BENCH: BUFFULL run_id=try5-c2-cpu start_us=20901465 end_us=20903743 dur_us=2278
UKL-MQTT-BENCH: BUFFULL run_id=try5-c2-cpu start_us=20906611 end_us=20909621 dur_us=3009
UKL-MQTT-BENCH: BUFFULL run_id=try5-c2-cpu start_us=20911905 end_us=20915717 dur_us=3812
UKL-MQTT-BENCH: BUFFULL run_id=try5-c2-cpu start_us=20918644 end_us=20920800 dur_us=2156
UKL-MQTT-BENCH: BUFFULL run_id=try5-c2-cpu start_us=20923676 end_us=20926651 dur_us=2975
UKL-MQTT-BENCH: BUFFULL run_id=try5-c2-cpu start_us=20928925 end_us=20931641 dur_us=2715
UKL-MQTT-BENCH: BUFFULL run_id=try5-c2-cpu start_us=20933899 end_us=20936553 dur_us=2653
UKL-MQTT-BENCH: BUFFULL run_id=try5-c2-cpu start_us=20941242 end_us=20943554 dur_us=2311
UKL-MQTT-BENCH: BUFFULL run_id=try5-c2-cpu start_us=20945250 end_us=20948573 dur_us=3323
UKL-MQTT-BENCH: BUFFULL run_id=try5-c2-cpu start_us=20951439 end_us=20955676 dur_us=4236
UKL-MQTT-BENCH: BUFFULL run_id=try5-c2-cpu start_us=20958547 end_us=20960602 dur_us=2054
UKL-MQTT-BENCH: BUFFULL run_id=try5-c2-cpu start_us=20962866 end_us=20965563 dur_us=2697
UKL-MQTT-BENCH: BUFFULL run_id=try5-c2-cpu start_us=20968444 end_us=20971621 dur_us=3177
UKL-MQTT-BENCH: BUFFULL run_id=try5-c2-cpu start_us=20974471 end_us=20975819 dur_us=1347
UKL-MQTT-BENCH: BUFFULL run_id=try5-c2-cpu start_us=20978073 end_us=20980733 dur_us=2660
UKL-MQTT-BENCH: BUFFULL run_id=try5-c2-cpu start_us=20982996 end_us=20986920 dur_us=3923
UKL-MQTT-BENCH: BUFFULL run_id=try5-c2-cpu start_us=20989204 end_us=20991740 dur_us=2535
UKL-MQTT-BENCH: BUFFULL run_id=try5-c2-cpu start_us=20996625 end_us=21001626 dur_us=5000
UKL-MQTT-BENCH: BUFFULL run_id=try5-c2-cpu start_us=21004468 end_us=21007698 dur_us=3229
UKL-MQTT-BENCH: BUFFULL run_id=try5-c2-cpu start_us=21011122 end_us=21013663 dur_us=2540
UKL-MQTT-BENCH: BUFFULL run_id=try5-c2-cpu start_us=21015920 end_us=21019625 dur_us=3704
UKL-MQTT-BENCH: BUFFULL run_id=try5-c2-cpu start_us=21022456 end_us=21024610 dur_us=2153
UKL-MQTT-BENCH: BUFFULL run_id=try5-c2-cpu start_us=21027455 end_us=21029569 dur_us=2113
UKL-MQTT-BENCH: BUFFULL run_id=try5-c2-cpu start_us=21031833 end_us=21034603 dur_us=2770
UKL-MQTT-BENCH: BUFFULL run_id=try5-c2-cpu start_us=21036847 end_us=21039756 dur_us=2908
UKL-MQTT-BENCH: BUFFULL run_id=try5-c2-cpu start_us=21042014 end_us=21044741 dur_us=2726
UKL-MQTT-BENCH: BUFFULL run_id=try5-c2-cpu start_us=21047592 end_us=21050634 dur_us=3041
UKL-MQTT-BENCH: BUFFULL run_id=try5-c2-cpu start_us=21052887 end_us=21056639 dur_us=3751
UKL-MQTT-BENCH: BUFFULL run_id=try5-c2-cpu start_us=21059483 end_us=21062639 dur_us=3156
UKL-MQTT-BENCH: BUFFULL run_id=try5-c2-cpu start_us=21065483 end_us=21067596 dur_us=2113
UKL-MQTT-BENCH: BUFFULL run_id=try5-c2-cpu start_us=21069851 end_us=21073610 dur_us=3758
UKL-MQTT-BENCH: BUFFULL run_id=try5-c2-cpu start_us=21076469 end_us=21079644 dur_us=3174
UKL-MQTT-BENCH: BUFFULL run_id=try5-c2-cpu start_us=21082487 end_us=21084605 dur_us=2118
UKL-MQTT-BENCH: BUFFULL run_id=try5-c2-cpu start_us=21086882 end_us=21089778 dur_us=2896
UKL-MQTT-BENCH: BUFFULL run_id=try5-c2-cpu start_us=21092681 end_us=21096665 dur_us=3983
UKL-MQTT-BENCH: BUFFULL run_id=try5-c2-cpu start_us=21099540 end_us=21101619 dur_us=2078
UKL-MQTT-BENCH: BUFFULL run_id=try5-c2-cpu start_us=21103906 end_us=21106772 dur_us=2865
UKL-MQTT-BENCH: BUFFULL run_id=try5-c2-cpu start_us=21109638 end_us=21113622 dur_us=3983
UKL-MQTT-BENCH: BUFFULL run_id=try5-c2-cpu start_us=21116487 end_us=21117735 dur_us=1247
UKL-MQTT-BENCH: BUFFULL run_id=try5-c2-cpu start_us=21120010 end_us=21123598 dur_us=3587
UKL-MQTT-BENCH: BUFFULL run_id=try5-c2-cpu start_us=21126447 end_us=21128607 dur_us=2160
UKL-MQTT-BENCH: BUFFULL run_id=try5-c2-cpu start_us=21130874 end_us=21134652 dur_us=3778
UKL-MQTT-BENCH: BUFFULL run_id=try5-c2-cpu start_us=21137501 end_us=21140627 dur_us=3126
UKL-MQTT-BENCH: BUFFULL run_id=try5-c2-cpu start_us=21143474 end_us=21146624 dur_us=3149
UKL-MQTT-BENCH: BUFFULL run_id=try5-c2-cpu start_us=21149475 end_us=21151655 dur_us=2180
UKL-MQTT-BENCH: BUFFULL run_id=try5-c2-cpu start_us=21153916 end_us=21157647 dur_us=3731
UKL-MQTT-BENCH: BUFFULL run_id=try5-c2-cpu start_us=21160506 end_us=21163615 dur_us=3109
UKL-MQTT-BENCH: BUFFULL run_id=try5-c2-cpu start_us=21166453 end_us=21168601 dur_us=2147
UKL-MQTT-BENCH: BUFFULL run_id=try5-c2-cpu start_us=21170852 end_us=21174595 dur_us=3743
UKL-MQTT-BENCH: BUFFULL run_id=try5-c2-cpu start_us=21177457 end_us=21179629 dur_us=2172
UKL-MQTT-BENCH: BUFFULL run_id=try5-c2-cpu start_us=21181883 end_us=21184766 dur_us=2882
UKL-MQTT-BENCH: BUFFULL run_id=try5-c2-cpu start_us=21187634 end_us=21190805 dur_us=3171
UKL-MQTT-BENCH: BUFFULL run_id=try5-c2-cpu start_us=21193669 end_us=21196626 dur_us=2957
UKL-MQTT-BENCH: BUFFULL run_id=try5-c2-cpu start_us=21198905 end_us=21201775 dur_us=2870
UKL-MQTT-BENCH: BUFFULL run_id=try5-c2-cpu start_us=21204631 end_us=21207786 dur_us=3154
UKL-MQTT-BENCH: BUFFULL run_id=try5-c2-cpu start_us=21210638 end_us=21213622 dur_us=2983
UKL-MQTT-BENCH: BUFFULL run_id=try5-c2-cpu start_us=21215894 end_us=21218780 dur_us=2885
UKL-MQTT-BENCH: BUFFULL run_id=try5-c2-cpu start_us=21221647 end_us=21225656 dur_us=4009
UKL-MQTT-BENCH: BUFFULL run_id=try5-c2-cpu start_us=21228539 end_us=21231654 dur_us=3114
UKL-MQTT-BENCH: BUFFULL run_id=try5-c2-cpu start_us=21234528 end_us=21237630 dur_us=3102
UKL-MQTT-BENCH: BUFFULL run_id=try5-c2-cpu start_us=21240491 end_us=21242603 dur_us=2111
UKL-MQTT-BENCH: BUFFULL run_id=try5-c2-cpu start_us=21244892 end_us=21247831 dur_us=2939
UKL-MQTT-BENCH: BUFFULL run_id=try5-c2-cpu start_us=21250701 end_us=21252715 dur_us=2013
UKL-MQTT-BENCH: BUFFULL run_id=try5-c2-cpu start_us=21254982 end_us=21257658 dur_us=2675
UKL-MQTT-BENCH: BUFFULL run_id=try5-c2-cpu start_us=21259918 end_us=21263633 dur_us=3715
UKL-MQTT-BENCH: BUFFULL run_id=try5-c2-cpu start_us=21266487 end_us=21267550 dur_us=1062
UKL-MQTT-BENCH: BUFFULL run_id=try5-c2-cpu start_us=21269239 end_us=21274761 dur_us=5521
UKL-MQTT-BENCH: BUFFULL run_id=try5-c2-cpu start_us=21281024 end_us=21283567 dur_us=2542
UKL-MQTT-BENCH: BUFFULL run_id=try5-c2-cpu start_us=21285264 end_us=21289631 dur_us=4366
UKL-MQTT-BENCH: BUFFULL run_id=try5-c2-cpu start_us=21294445 end_us=21298631 dur_us=4185
UKL-MQTT-BENCH: BUFFULL run_id=try5-c2-cpu start_us=21301497 end_us=21304652 dur_us=3154
UKL-MQTT-BENCH: BUFFULL run_id=try5-c2-cpu start_us=21307513 end_us=21309601 dur_us=2087
UKL-MQTT-BENCH: BUFFULL run_id=try5-c2-cpu start_us=21311872 end_us=21315700 dur_us=3827
UKL-MQTT-BENCH: BUFFULL run_id=try5-c2-cpu start_us=21318558 end_us=21321615 dur_us=3056
UKL-MQTT-BENCH: BUFFULL run_id=try5-c2-cpu start_us=21324478 end_us=21327642 dur_us=3164
UKL-MQTT-BENCH: BUFFULL run_id=try5-c2-cpu start_us=21330507 end_us=21332618 dur_us=2111
UKL-MQTT-BENCH: BUFFULL run_id=try5-c2-cpu start_us=21334887 end_us=21337600 dur_us=2712
UKL-MQTT-BENCH: BUFFULL run_id=try5-c2-cpu start_us=21339870 end_us=21343336 dur_us=3466
UKL-MQTT-BENCH: BUFFULL run_id=try5-c2-cpu start_us=21346207 end_us=21349626 dur_us=3419
UKL-MQTT-BENCH: BUFFULL run_id=try5-c2-cpu start_us=21352490 end_us=21354572 dur_us=2082
UKL-MQTT-BENCH: BUFFULL run_id=try5-c2-cpu start_us=21356846 end_us=21361671 dur_us=4825
UKL-MQTT-BENCH: BUFFULL run_id=try5-c2-cpu start_us=21365118 end_us=21366610 dur_us=1492
UKL-MQTT-BENCH: BUFFULL run_id=try5-c2-cpu start_us=21368880 end_us=21372615 dur_us=3735
UKL-MQTT-BENCH: BUFFULL run_id=try5-c2-cpu start_us=21375462 end_us=21378681 dur_us=3218
UKL-MQTT-BENCH: BUFFULL run_id=try5-c2-cpu start_us=21381530 end_us=21383611 dur_us=2080
UKL-MQTT-BENCH: BUFFULL run_id=try5-c2-cpu start_us=21385881 end_us=21389638 dur_us=3756
UKL-MQTT-BENCH: BUFFULL run_id=try5-c2-cpu start_us=21392492 end_us=21394610 dur_us=2117
UKL-MQTT-BENCH: BUFFULL run_id=try5-c2-cpu start_us=21396872 end_us=21399597 dur_us=2724
UKL-MQTT-BENCH: BUFFULL run_id=try5-c2-cpu start_us=21401868 end_us=21405613 dur_us=3745
UKL-MQTT-BENCH: BUFFULL run_id=try5-c2-cpu start_us=21408477 end_us=21410664 dur_us=2187
UKL-MQTT-BENCH: BUFFULL run_id=try5-c2-cpu start_us=21413523 end_us=21414789 dur_us=1266
UKL-MQTT-BENCH: BUFFULL run_id=try5-c2-cpu start_us=21416465 end_us=21420613 dur_us=4147
UKL-MQTT-BENCH: BUFFULL run_id=try5-c2-cpu start_us=21423463 end_us=21426617 dur_us=3153
UKL-MQTT-BENCH: BUFFULL run_id=try5-c2-cpu start_us=21430769 end_us=21435653 dur_us=4883
UKL-MQTT-BENCH: BUFFULL run_id=try5-c2-cpu start_us=21438496 end_us=21441620 dur_us=3123
UKL-MQTT-BENCH: BUFFULL run_id=try5-c2-cpu start_us=21444483 end_us=21447630 dur_us=3147
UKL-MQTT-BENCH: BUFFULL run_id=try5-c2-cpu start_us=21450489 end_us=21453653 dur_us=3163
UKL-MQTT-BENCH: BUFFULL run_id=try5-c2-cpu start_us=21456506 end_us=21458593 dur_us=2086
UKL-MQTT-BENCH: BUFFULL run_id=try5-c2-cpu start_us=21460862 end_us=21463774 dur_us=2912
UKL-MQTT-BENCH: BUFFULL run_id=try5-c2-cpu start_us=21466647 end_us=21469813 dur_us=3166
UKL-MQTT-BENCH: BUFFULL run_id=try5-c2-cpu start_us=21472684 end_us=21474552 dur_us=1868
UKL-MQTT-BENCH: BUFFULL run_id=try5-c2-cpu start_us=21476838 end_us=21480639 dur_us=3800
UKL-MQTT-BENCH: BUFFULL run_id=try5-c2-cpu start_us=21483494 end_us=21486661 dur_us=3166
UKL-MQTT-BENCH: BUFFULL run_id=try5-c2-cpu start_us=21489530 end_us=21492669 dur_us=3139
UKL-MQTT-BENCH: BUFFULL run_id=try5-c2-cpu start_us=21495532 end_us=21497602 dur_us=2070
UKL-MQTT-BENCH: BUFFULL run_id=try5-c2-cpu start_us=21499936 end_us=21503690 dur_us=3753
UKL-MQTT-BENCH: BUFFULL run_id=try5-c2-cpu start_us=21506581 end_us=21509633 dur_us=3052
UKL-MQTT-BENCH: BUFFULL run_id=try5-c2-cpu start_us=21512491 end_us=21515669 dur_us=3177
UKL-MQTT-BENCH: BUFFULL run_id=try5-c2-cpu start_us=21518534 end_us=21520609 dur_us=2075
UKL-MQTT-BENCH: BUFFULL run_id=try5-c2-cpu start_us=21522872 end_us=21526704 dur_us=3832
UKL-MQTT-BENCH: BUFFULL run_id=try5-c2-cpu start_us=21529575 end_us=21532624 dur_us=3049
UKL-MQTT-BENCH: BUFFULL run_id=try5-c2-cpu start_us=21535487 end_us=21537610 dur_us=2122
UKL-MQTT-BENCH: BUFFULL run_id=try5-c2-cpu start_us=21539873 end_us=21543617 dur_us=3744
UKL-MQTT-BENCH: BUFFULL run_id=try5-c2-cpu start_us=21546483 end_us=21548613 dur_us=2130
UKL-MQTT-BENCH: BUFFULL run_id=try5-c2-cpu start_us=21550884 end_us=21552754 dur_us=1869
UKL-MQTT-BENCH: BUFFULL run_id=try5-c2-cpu start_us=21555025 end_us=21559606 dur_us=4580
UKL-MQTT-BENCH: BUFFULL run_id=try5-c2-cpu start_us=21562465 end_us=21564612 dur_us=2147
UKL-MQTT-BENCH: BUFFULL run_id=try5-c2-cpu start_us=21567475 end_us=21569776 dur_us=2300
UKL-MQTT-BENCH: BUFFULL run_id=try5-c2-cpu start_us=21572046 end_us=21575625 dur_us=3579
UKL-MQTT-BENCH: BUFFULL run_id=try5-c2-cpu start_us=21578491 end_us=21581602 dur_us=3110
UKL-MQTT-BENCH: BUFFULL run_id=try5-c2-cpu start_us=21584511 end_us=21587646 dur_us=3135
UKL-MQTT-BENCH: BUFFULL run_id=try5-c2-cpu start_us=21589898 end_us=21592596 dur_us=2697
UKL-MQTT-BENCH: BUFFULL run_id=try5-c2-cpu start_us=21595474 end_us=21598648 dur_us=3173
UKL-MQTT-BENCH: BUFFULL run_id=try5-c2-cpu start_us=21601502 end_us=21603796 dur_us=2293
UKL-MQTT-BENCH: BUFFULL run_id=try5-c2-cpu start_us=21606045 end_us=21609646 dur_us=3601
UKL-MQTT-BENCH: BUFFULL run_id=try5-c2-cpu start_us=21612496 end_us=21615642 dur_us=3145
UKL-MQTT-BENCH: BUFFULL run_id=try5-c2-cpu start_us=21618503 end_us=21621616 dur_us=3112
UKL-MQTT-BENCH: BUFFULL run_id=try5-c2-cpu start_us=21624496 end_us=21626562 dur_us=2065
UKL-MQTT-BENCH: BUFFULL run_id=try5-c2-cpu start_us=21628830 end_us=21632660 dur_us=3830
UKL-MQTT-BENCH: BUFFULL run_id=try5-c2-cpu start_us=21635495 end_us=21638630 dur_us=3134
UKL-MQTT-BENCH: BUFFULL run_id=try5-c2-cpu start_us=21641484 end_us=21644639 dur_us=3154
UKL-MQTT-BENCH: BUFFULL run_id=try5-c2-cpu start_us=21647499 end_us=21649587 dur_us=2087
UKL-MQTT-BENCH: BUFFULL run_id=try5-c2-cpu start_us=21651846 end_us=21655602 dur_us=3755
UKL-MQTT-BENCH: BUFFULL run_id=try5-c2-cpu start_us=21658452 end_us=21661614 dur_us=3162
UKL-MQTT-BENCH: BUFFULL run_id=try5-c2-cpu start_us=21664477 end_us=21666607 dur_us=2130
UKL-MQTT-BENCH: BUFFULL run_id=try5-c2-cpu start_us=21668868 end_us=21672597 dur_us=3728
UKL-MQTT-BENCH: BUFFULL run_id=try5-c2-cpu start_us=21675437 end_us=21679665 dur_us=4228
UKL-MQTT-BENCH: BUFFULL run_id=try5-c2-cpu start_us=21683095 end_us=21685625 dur_us=2530
UKL-MQTT-BENCH: BUFFULL run_id=try5-c2-cpu start_us=21688488 end_us=21692676 dur_us=4188
UKL-MQTT-BENCH: BUFFULL run_id=try5-c2-cpu start_us=21696125 end_us=21697610 dur_us=1485
UKL-MQTT-BENCH: BUFFULL run_id=try5-c2-cpu start_us=21699873 end_us=21702599 dur_us=2725
UKL-MQTT-BENCH: BUFFULL run_id=try5-c2-cpu start_us=21704867 end_us=21709196 dur_us=4328
UKL-MQTT-BENCH: BUFFULL run_id=try5-c2-cpu start_us=21712878 end_us=21714648 dur_us=1770
UKL-MQTT-BENCH: BUFFULL run_id=try5-c2-cpu start_us=21717056 end_us=21719702 dur_us=2645
UKL-MQTT-BENCH: BUFFULL run_id=try5-c2-cpu start_us=21722117 end_us=21726613 dur_us=4495
UKL-MQTT-BENCH: BUFFULL run_id=try5-c2-cpu start_us=21729518 end_us=21732726 dur_us=3207
UKL-MQTT-BENCH: BUFFULL run_id=try5-c2-cpu start_us=21735588 end_us=21737577 dur_us=1989
UKL-MQTT-BENCH: BUFFULL run_id=try5-c2-cpu start_us=21739866 end_us=21742633 dur_us=2766
UKL-MQTT-BENCH: BUFFULL run_id=try5-c2-cpu start_us=21745485 end_us=21748915 dur_us=3429
UKL-MQTT-BENCH: BUFFULL run_id=try5-c2-cpu start_us=21758966 end_us=21760889 dur_us=1923
UKL-MQTT-BENCH: BUFFULL run_id=try5-c2-cpu start_us=21764938 end_us=21766861 dur_us=1922
UKL-MQTT-BENCH: BUFFULL run_id=try5-c2-cpu start_us=21769710 end_us=21772603 dur_us=2893
UKL-MQTT-BENCH: BUFFULL run_id=try5-c2-cpu start_us=21774848 end_us=21777857 dur_us=3008
UKL-MQTT-BENCH: BUFFULL run_id=try5-c2-cpu start_us=21780769 end_us=21783794 dur_us=3025
UKL-MQTT-BENCH: BUFFULL run_id=try5-c2-cpu start_us=21786632 end_us=21791677 dur_us=5044
UKL-MQTT-BENCH: BUFFULL run_id=try5-c2-cpu start_us=21797437 end_us=21801678 dur_us=4241
UKL-MQTT-BENCH: BUFFULL run_id=try5-c2-cpu start_us=21804524 end_us=21808674 dur_us=4149
UKL-MQTT-BENCH: BUFFULL run_id=try5-c2-cpu start_us=21814831 end_us=21818606 dur_us=3775
UKL-MQTT-BENCH: BUFFULL run_id=try5-c2-cpu start_us=21820846 end_us=21823592 dur_us=2746
UKL-MQTT-BENCH: BUFFULL run_id=try5-c2-cpu start_us=21826448 end_us=21828601 dur_us=2152
UKL-MQTT-BENCH: BUFFULL run_id=try5-c2-cpu start_us=21830854 end_us=21833610 dur_us=2756
UKL-MQTT-BENCH: BUFFULL run_id=try5-c2-cpu start_us=21835854 end_us=21839797 dur_us=3943
UKL-MQTT-BENCH: BUFFULL run_id=try5-c2-cpu start_us=21842642 end_us=21845672 dur_us=3029
UKL-MQTT-BENCH: BUFFULL run_id=try5-c2-cpu start_us=21848518 end_us=21850597 dur_us=2079
UKL-MQTT-BENCH: BUFFULL run_id=try5-c2-cpu start_us=21852843 end_us=21857657 dur_us=4814
UKL-MQTT-BENCH: BUFFULL run_id=try5-c2-cpu start_us=21861072 end_us=21862597 dur_us=1524
UKL-MQTT-BENCH: BUFFULL run_id=try5-c2-cpu start_us=21864841 end_us=21868623 dur_us=3782
UKL-MQTT-BENCH: BUFFULL run_id=try5-c2-cpu start_us=21871464 end_us=21874634 dur_us=3169
UKL-MQTT-BENCH: BUFFULL run_id=try5-c2-cpu start_us=21877467 end_us=21881664 dur_us=4196
UKL-MQTT-BENCH: BUFFULL run_id=try5-c2-cpu start_us=21887825 end_us=21891614 dur_us=3789
UKL-MQTT-BENCH: BUFFULL run_id=try5-c2-cpu start_us=21893855 end_us=21897620 dur_us=3764
UKL-MQTT-BENCH: BUFFULL run_id=try5-c2-cpu start_us=21900458 end_us=21902635 dur_us=2177
UKL-MQTT-BENCH: BUFFULL run_id=try5-c2-cpu start_us=21905496 end_us=21908588 dur_us=3091
UKL-MQTT-BENCH: BUFFULL run_id=try5-c2-cpu start_us=21910845 end_us=21914615 dur_us=3770
UKL-MQTT-BENCH: BUFFULL run_id=try5-c2-cpu start_us=21917510 end_us=21919582 dur_us=2072
UKL-MQTT-BENCH: BUFFULL run_id=try5-c2-cpu start_us=21922452 end_us=21926671 dur_us=4218
UKL-MQTT-BENCH: BUFFULL run_id=try5-c2-cpu start_us=21929525 end_us=21931612 dur_us=2087
UKL-MQTT-BENCH: BUFFULL run_id=try5-c2-cpu start_us=21933858 end_us=21936579 dur_us=2720
UKL-MQTT-BENCH: BUFFULL run_id=try5-c2-cpu start_us=21939421 end_us=21942618 dur_us=3197
UKL-MQTT-BENCH: BUFFULL run_id=try5-c2-cpu start_us=21945471 end_us=21946564 dur_us=1093
UKL-MQTT-BENCH: BUFFULL run_id=try5-c2-cpu start_us=21948822 end_us=21951559 dur_us=2736
UKL-MQTT-BENCH: BUFFULL run_id=try5-c2-cpu start_us=21953833 end_us=21957598 dur_us=3764
UKL-MQTT-BENCH: BUFFULL run_id=try5-c2-cpu start_us=21960442 end_us=21963644 dur_us=3201
UKL-MQTT-BENCH: BUFFULL run_id=try5-c2-cpu start_us=21965899 end_us=21969609 dur_us=3709
UKL-MQTT-BENCH: BUFFULL run_id=try5-c2-cpu start_us=21972482 end_us=21975635 dur_us=3152
UKL-MQTT-BENCH: BUFFULL run_id=try5-c2-cpu start_us=21978483 end_us=21980610 dur_us=2127
UKL-MQTT-BENCH: BUFFULL run_id=try5-c2-cpu start_us=21982853 end_us=21986626 dur_us=3772
UKL-MQTT-BENCH: BUFFULL run_id=try5-c2-cpu start_us=21989475 end_us=21992616 dur_us=3141
UKL-MQTT-BENCH: BUFFULL run_id=try5-c2-cpu start_us=21995484 end_us=21997623 dur_us=2138
UKL-MQTT-BENCH: BUFFULL run_id=try5-c2-cpu start_us=21999885 end_us=22002784 dur_us=2899
UKL-MQTT-BENCH: BUFFULL run_id=try5-c2-cpu start_us=22005651 end_us=22008868 dur_us=3216
UKL-MQTT-BENCH: BUFFULL run_id=try5-c2-cpu start_us=22011736 end_us=22014624 dur_us=2887
UKL-MQTT-BENCH: BUFFULL run_id=try5-c2-cpu start_us=22017489 end_us=22019635 dur_us=2145
UKL-MQTT-BENCH: BUFFULL run_id=try5-c2-cpu start_us=22021894 end_us=22025686 dur_us=3791
UKL-MQTT-BENCH: BUFFULL run_id=try5-c2-cpu start_us=22028557 end_us=22030640 dur_us=2083
UKL-MQTT-BENCH: BUFFULL run_id=try5-c2-cpu start_us=22032891 end_us=22035628 dur_us=2737
UKL-MQTT-BENCH: BUFFULL run_id=try5-c2-cpu start_us=22037879 end_us=22040766 dur_us=2886
UKL-MQTT-BENCH: BUFFULL run_id=try5-c2-cpu start_us=22044284 end_us=22046563 dur_us=2278
UKL-MQTT-BENCH: BUFFULL run_id=try5-c2-cpu start_us=22048830 end_us=22051597 dur_us=2766
UKL-MQTT-BENCH: BUFFULL run_id=try5-c2-cpu start_us=22053853 end_us=22057622 dur_us=3768
UKL-MQTT-BENCH: BUFFULL run_id=try5-c2-cpu start_us=22059878 end_us=22062492 dur_us=2613
UKL-MQTT-BENCH: BUFFULL run_id=try5-c2-cpu start_us=22065366 end_us=22067766 dur_us=2400
UKL-MQTT-BENCH: BUFFULL run_id=try5-c2-cpu start_us=22070007 end_us=22073784 dur_us=3777
UKL-MQTT-BENCH: BUFFULL run_id=try5-c2-cpu start_us=22076652 end_us=22079670 dur_us=3018
UKL-MQTT-BENCH: BUFFULL run_id=try5-c2-cpu start_us=22082513 end_us=22084592 dur_us=2078
UKL-MQTT-BENCH: BUFFULL run_id=try5-c2-cpu start_us=22086847 end_us=22091667 dur_us=4819
UKL-MQTT-BENCH: BUFFULL run_id=try5-c2-cpu start_us=22095097 end_us=22096594 dur_us=1496
UKL-MQTT-BENCH: BUFFULL run_id=try5-c2-cpu start_us=22098923 end_us=22103826 dur_us=4902
UKL-MQTT-BENCH: BUFFULL run_id=try5-c2-cpu start_us=22107284 end_us=22109792 dur_us=2507
UKL-MQTT-BENCH: BUFFULL run_id=try5-c2-cpu start_us=22112649 end_us=22117636 dur_us=4987
UKL-MQTT-BENCH: BUFFULL run_id=try5-c2-cpu start_us=22121083 end_us=22123718 dur_us=2634
UKL-MQTT-BENCH: BUFFULL run_id=try5-c2-cpu start_us=22126553 end_us=22130661 dur_us=4108
UKL-MQTT-BENCH: BUFFULL run_id=try5-c2-cpu start_us=22134095 end_us=22136622 dur_us=2527
UKL-MQTT-BENCH: BUFFULL run_id=try5-c2-cpu start_us=22139467 end_us=22140549 dur_us=1082
UKL-MQTT-BENCH: BUFFULL run_id=try5-c2-cpu start_us=22142789 end_us=22147655 dur_us=4865
UKL-MQTT-BENCH: BUFFULL run_id=try5-c2-cpu start_us=22150496 end_us=22152572 dur_us=2075
UKL-MQTT-BENCH: BUFFULL run_id=try5-c2-cpu start_us=22154834 end_us=22157685 dur_us=2850
UKL-MQTT-BENCH: BUFFULL run_id=try5-c2-cpu start_us=22160549 end_us=22163614 dur_us=3064
UKL-MQTT-BENCH: BUFFULL run_id=try5-c2-cpu start_us=22166469 end_us=22168771 dur_us=2301
UKL-MQTT-BENCH: BUFFULL run_id=try5-c2-cpu start_us=22171025 end_us=22174647 dur_us=3622
UKL-MQTT-BENCH: BUFFULL run_id=try5-c2-cpu start_us=22177495 end_us=22179601 dur_us=2106
UKL-MQTT-BENCH: BUFFULL run_id=try5-c2-cpu start_us=22181860 end_us=22184614 dur_us=2754
UKL-MQTT-BENCH: BUFFULL run_id=try5-c2-cpu start_us=22186893 end_us=22190632 dur_us=3738
UKL-MQTT-BENCH: BUFFULL run_id=try5-c2-cpu start_us=22193476 end_us=22194545 dur_us=1069
UKL-MQTT-BENCH: BUFFULL run_id=try5-c2-cpu start_us=22196234 end_us=22198764 dur_us=2530
UKL-MQTT-BENCH: BUFFULL run_id=try5-c2-cpu start_us=22201031 end_us=22204793 dur_us=3761
UKL-MQTT-BENCH: BUFFULL run_id=try5-c2-cpu start_us=22207679 end_us=22209757 dur_us=2078
UKL-MQTT-BENCH: BUFFULL run_id=try5-c2-cpu start_us=22212022 end_us=22215631 dur_us=3608
UKL-MQTT-BENCH: BUFFULL run_id=try5-c2-cpu start_us=22218483 end_us=22221629 dur_us=3145
UKL-MQTT-BENCH: BUFFULL run_id=try5-c2-cpu start_us=22224488 end_us=22226795 dur_us=2307
UKL-MQTT-BENCH: BUFFULL run_id=try5-c2-cpu start_us=22229061 end_us=22232658 dur_us=3597
UKL-MQTT-BENCH: BUFFULL run_id=try5-c2-cpu start_us=22235521 end_us=22238597 dur_us=3076
UKL-MQTT-BENCH: BUFFULL run_id=try5-c2-cpu start_us=22241449 end_us=22243651 dur_us=2202
UKL-MQTT-BENCH: BUFFULL run_id=try5-c2-cpu start_us=22245907 end_us=22249609 dur_us=3701
UKL-MQTT-BENCH: BUFFULL run_id=try5-c2-cpu start_us=22252455 end_us=22255629 dur_us=3173
UKL-MQTT-BENCH: BUFFULL run_id=try5-c2-cpu start_us=22258472 end_us=22261652 dur_us=3180
UKL-MQTT-BENCH: BUFFULL run_id=try5-c2-cpu start_us=22264499 end_us=22267637 dur_us=3138
UKL-MQTT-BENCH: BUFFULL run_id=try5-c2-cpu start_us=22270498 end_us=22273611 dur_us=3112
UKL-MQTT-BENCH: BUFFULL run_id=try5-c2-cpu start_us=22276466 end_us=22279635 dur_us=3169
UKL-MQTT-BENCH: BUFFULL run_id=try5-c2-cpu start_us=22282495 end_us=22285615 dur_us=3119
UKL-MQTT-BENCH: BUFFULL run_id=try5-c2-cpu start_us=22288477 end_us=22291622 dur_us=3144
UKL-MQTT-BENCH: BUFFULL run_id=try5-c2-cpu start_us=22294475 end_us=22297607 dur_us=3132
UKL-MQTT-BENCH: BUFFULL run_id=try5-c2-cpu start_us=22300467 end_us=22303667 dur_us=3200
UKL-MQTT-BENCH: BUFFULL run_id=try5-c2-cpu start_us=22306602 end_us=22308614 dur_us=2011
UKL-MQTT-BENCH: BUFFULL run_id=try5-c2-cpu start_us=22310883 end_us=22314601 dur_us=3718
UKL-MQTT-BENCH: BUFFULL run_id=try5-c2-cpu start_us=22317458 end_us=22320701 dur_us=3243
UKL-MQTT-BENCH: BUFFULL run_id=try5-c2-cpu start_us=22323570 end_us=22326610 dur_us=3039
UKL-MQTT-BENCH: BUFFULL run_id=try5-c2-cpu start_us=22329485 end_us=22333658 dur_us=4173
UKL-MQTT-BENCH: BUFFULL run_id=try5-c2-cpu start_us=22339278 end_us=22342588 dur_us=3310
UKL-MQTT-BENCH: BUFFULL run_id=try5-c2-cpu start_us=22345449 end_us=22349642 dur_us=4192
UKL-MQTT-BENCH: BUFFULL run_id=try5-c2-cpu start_us=22353091 end_us=22354561 dur_us=1470
UKL-MQTT-BENCH: BUFFULL run_id=try5-c2-cpu start_us=22356235 end_us=22359774 dur_us=3538
UKL-MQTT-BENCH: BUFFULL run_id=try5-c2-cpu start_us=22362642 end_us=22367693 dur_us=5051
UKL-MQTT-BENCH: BUFFULL run_id=try5-c2-cpu start_us=22371139 end_us=22374641 dur_us=3501
UKL-MQTT-BENCH: BUFFULL run_id=try5-c2-cpu start_us=22380253 end_us=22384704 dur_us=4450
UKL-MQTT-BENCH: BUFFULL run_id=try5-c2-cpu start_us=22387569 end_us=22389804 dur_us=2234
UKL-MQTT-BENCH: BUFFULL run_id=try5-c2-cpu start_us=22392661 end_us=22394744 dur_us=2082
UKL-MQTT-BENCH: BUFFULL run_id=try5-c2-cpu start_us=22397004 end_us=22400620 dur_us=3615
UKL-MQTT-BENCH: BUFFULL run_id=try5-c2-cpu start_us=22402883 end_us=22404590 dur_us=1707
UKL-MQTT-BENCH: BUFFULL run_id=try5-c2-cpu start_us=22406869 end_us=22409626 dur_us=2757
UKL-MQTT-BENCH: BUFFULL run_id=try5-c2-cpu start_us=22411882 end_us=22415698 dur_us=3815
UKL-MQTT-BENCH: BUFFULL run_id=try5-c2-cpu start_us=22419162 end_us=22420656 dur_us=1494
UKL-MQTT-BENCH: BUFFULL run_id=try5-c2-cpu start_us=22422937 end_us=22426679 dur_us=3741
UKL-MQTT-BENCH: BUFFULL run_id=try5-c2-cpu start_us=22428931 end_us=22431703 dur_us=2771
UKL-MQTT-BENCH: BUFFULL run_id=try5-c2-cpu start_us=22434562 end_us=22436607 dur_us=2044
UKL-MQTT-BENCH: BUFFULL run_id=try5-c2-cpu start_us=22438876 end_us=22440583 dur_us=1707
UKL-MQTT-BENCH: BUFFULL run_id=try5-c2-cpu start_us=22443739 end_us=22447571 dur_us=3832
UKL-MQTT-BENCH: BUFFULL run_id=try5-c2-cpu start_us=22449839 end_us=22452634 dur_us=2795
UKL-MQTT-BENCH: BUFFULL run_id=try5-c2-cpu start_us=22454889 end_us=22457619 dur_us=2729
UKL-MQTT-BENCH: BUFFULL run_id=try5-c2-cpu start_us=22459904 end_us=22463643 dur_us=3738
UKL-MQTT-BENCH: BUFFULL run_id=try5-c2-cpu start_us=22466506 end_us=22469628 dur_us=3122
UKL-MQTT-BENCH: BUFFULL run_id=try5-c2-cpu start_us=22472485 end_us=22474585 dur_us=2099
UKL-MQTT-BENCH: BUFFULL run_id=try5-c2-cpu start_us=22476850 end_us=22480595 dur_us=3745
UKL-MQTT-BENCH: BUFFULL run_id=try5-c2-cpu start_us=22483449 end_us=22485592 dur_us=2142
UKL-MQTT-BENCH: BUFFULL run_id=try5-c2-cpu start_us=22487869 end_us=22490615 dur_us=2746
UKL-MQTT-BENCH: BUFFULL run_id=try5-c2-cpu start_us=22493463 end_us=22496628 dur_us=3165
UKL-MQTT-BENCH: BUFFULL run_id=try5-c2-cpu start_us=22499688 end_us=22502670 dur_us=2982
UKL-MQTT-BENCH: BUFFULL run_id=try5-c2-cpu start_us=22504933 end_us=22507782 dur_us=2848
UKL-MQTT-BENCH: BUFFULL run_id=try5-c2-cpu start_us=22510669 end_us=22513630 dur_us=2961
UKL-MQTT-BENCH: BUFFULL run_id=try5-c2-cpu start_us=22516589 end_us=22519651 dur_us=3061
UKL-MQTT-BENCH: BUFFULL run_id=try5-c2-cpu start_us=22521959 end_us=22525670 dur_us=3710
UKL-MQTT-BENCH: BUFFULL run_id=try5-c2-cpu start_us=22528736 end_us=22531666 dur_us=2930
UKL-MQTT-BENCH: BUFFULL run_id=try5-c2-cpu start_us=22534722 end_us=22536783 dur_us=2061
UKL-MQTT-BENCH: BUFFULL run_id=try5-c2-cpu start_us=22539191 end_us=22542785 dur_us=3594
UKL-MQTT-BENCH: BUFFULL run_id=try5-c2-cpu start_us=22545656 end_us=22548620 dur_us=2964
UKL-MQTT-BENCH: BUFFULL run_id=try5-c2-cpu start_us=22551474 end_us=22553606 dur_us=2131
UKL-MQTT-BENCH: BUFFULL run_id=try5-c2-cpu start_us=22555866 end_us=22558604 dur_us=2738
UKL-MQTT-BENCH: BUFFULL run_id=try5-c2-cpu start_us=22560884 end_us=22564593 dur_us=3708
UKL-MQTT-BENCH: BUFFULL run_id=try5-c2-cpu start_us=22567481 end_us=22568559 dur_us=1078
UKL-MQTT-BENCH: BUFFULL run_id=try5-c2-cpu start_us=22571582 end_us=22575634 dur_us=4052
UKL-MQTT-BENCH: BUFFULL run_id=try5-c2-cpu start_us=22577913 end_us=22582635 dur_us=4722
UKL-MQTT-BENCH: BUFFULL run_id=try5-c2-cpu start_us=22587393 end_us=22592711 dur_us=5318
UKL-MQTT-BENCH: BUFFULL run_id=try5-c2-cpu start_us=22596143 end_us=22598652 dur_us=2508
UKL-MQTT-BENCH: BUFFULL run_id=try5-c2-cpu start_us=22601537 end_us=22603598 dur_us=2061
UKL-MQTT-BENCH: BUFFULL run_id=try5-c2-cpu start_us=22605864 end_us=22609636 dur_us=3772
UKL-MQTT-BENCH: BUFFULL run_id=try5-c2-cpu start_us=22612510 end_us=22615653 dur_us=3142
UKL-MQTT-BENCH: BUFFULL run_id=try5-c2-cpu start_us=22618527 end_us=22620614 dur_us=2086
UKL-MQTT-BENCH: BUFFULL run_id=try5-c2-cpu start_us=22622911 end_us=22625779 dur_us=2868
UKL-MQTT-BENCH: BUFFULL run_id=try5-c2-cpu start_us=22628645 end_us=22631791 dur_us=3145
UKL-MQTT-BENCH: BUFFULL run_id=try5-c2-cpu start_us=22634652 end_us=22636600 dur_us=1948
UKL-MQTT-BENCH: BUFFULL run_id=try5-c2-cpu start_us=22638871 end_us=22641761 dur_us=2890
UKL-MQTT-BENCH: BUFFULL run_id=try5-c2-cpu start_us=22644029 end_us=22648656 dur_us=4626
UKL-MQTT-BENCH: BUFFULL run_id=try5-c2-cpu start_us=22651513 end_us=22652593 dur_us=1080
UKL-MQTT-BENCH: BUFFULL run_id=try5-c2-cpu start_us=22655510 end_us=22658607 dur_us=3096
UKL-MQTT-BENCH: BUFFULL run_id=try5-c2-cpu start_us=22660871 end_us=22664796 dur_us=3925
UKL-MQTT-BENCH: BUFFULL run_id=try5-c2-cpu start_us=22668250 end_us=22670580 dur_us=2330
UKL-MQTT-BENCH: BUFFULL run_id=try5-c2-cpu start_us=22672833 end_us=22676641 dur_us=3808
UKL-MQTT-BENCH: BUFFULL run_id=try5-c2-cpu start_us=22679479 end_us=22680535 dur_us=1056
UKL-MQTT-BENCH: BUFFULL run_id=try5-c2-cpu start_us=22682214 end_us=22684745 dur_us=2531
UKL-MQTT-BENCH: BUFFULL run_id=try5-c2-cpu start_us=22687033 end_us=22690771 dur_us=3738
UKL-MQTT-BENCH: BUFFULL run_id=try5-c2-cpu start_us=22696260 end_us=22701724 dur_us=5463
UKL-MQTT-BENCH: BUFFULL run_id=try5-c2-cpu start_us=22705163 end_us=22706605 dur_us=1442
UKL-MQTT-BENCH: BUFFULL run_id=try5-c2-cpu start_us=22708870 end_us=22711680 dur_us=2810
UKL-MQTT-BENCH: BUFFULL run_id=try5-c2-cpu start_us=22714094 end_us=22717735 dur_us=3641
UKL-MQTT-BENCH: BUFFULL run_id=try5-c2-cpu start_us=22720807 end_us=22722840 dur_us=2032
UKL-MQTT-BENCH: BUFFULL run_id=try5-c2-cpu start_us=22725257 end_us=22729675 dur_us=4418
UKL-MQTT-BENCH: BUFFULL run_id=try5-c2-cpu start_us=22732547 end_us=22734668 dur_us=2121
UKL-MQTT-BENCH: BUFFULL run_id=try5-c2-cpu start_us=22736940 end_us=22739624 dur_us=2684
UKL-MQTT-BENCH: BUFFULL run_id=try5-c2-cpu start_us=22744279 end_us=22746623 dur_us=2343
UKL-MQTT-BENCH: BUFFULL run_id=try5-c2-cpu start_us=22748351 end_us=22751617 dur_us=3265
UKL-MQTT-BENCH: BUFFULL run_id=try5-c2-cpu start_us=22753876 end_us=22755651 dur_us=1775
UKL-MQTT-BENCH: BUFFULL run_id=try5-c2-cpu start_us=22757913 end_us=22761660 dur_us=3747
UKL-MQTT-BENCH: BUFFULL run_id=try5-c2-cpu start_us=22767014 end_us=22771637 dur_us=4622
UKL-MQTT-BENCH: BUFFULL run_id=try5-c2-cpu start_us=22775769 end_us=22778636 dur_us=2867
UKL-MQTT-BENCH: BUFFULL run_id=try5-c2-cpu start_us=22780901 end_us=22785641 dur_us=4740
UKL-MQTT-BENCH: BUFFULL run_id=try5-c2-cpu start_us=22789102 end_us=22790584 dur_us=1482
UKL-MQTT-BENCH: BUFFULL run_id=try5-c2-cpu start_us=22792838 end_us=22795612 dur_us=2773
UKL-MQTT-BENCH: BUFFULL run_id=try5-c2-cpu start_us=22797869 end_us=22801618 dur_us=3748
UKL-MQTT-BENCH: BUFFULL run_id=try5-c2-cpu start_us=22804474 end_us=22806607 dur_us=2133
UKL-MQTT-BENCH: BUFFULL run_id=try5-c2-cpu start_us=22808865 end_us=22812595 dur_us=3729
UKL-MQTT-BENCH: BUFFULL run_id=try5-c2-cpu start_us=22815514 end_us=22818611 dur_us=3096
UKL-MQTT-BENCH: BUFFULL run_id=try5-c2-cpu start_us=22821503 end_us=22823627 dur_us=2124
UKL-MQTT-BENCH: BUFFULL run_id=try5-c2-cpu start_us=22825895 end_us=22830647 dur_us=4751
UKL-MQTT-BENCH: BUFFULL run_id=try5-c2-cpu start_us=22834099 end_us=22836641 dur_us=2542
UKL-MQTT-BENCH: BUFFULL run_id=try5-c2-cpu start_us=22839506 end_us=22841655 dur_us=2149
UKL-MQTT-BENCH: BUFFULL run_id=try5-c2-cpu start_us=22843929 end_us=22847663 dur_us=3734
UKL-MQTT-BENCH: BUFFULL run_id=try5-c2-cpu start_us=22850543 end_us=22853685 dur_us=3141
UKL-MQTT-BENCH: BUFFULL run_id=try5-c2-cpu start_us=22856535 end_us=22858550 dur_us=2015
UKL-MQTT-BENCH: BUFFULL run_id=try5-c2-cpu start_us=22860816 end_us=22863618 dur_us=2801
UKL-MQTT-BENCH: BUFFULL run_id=try5-c2-cpu start_us=22866493 end_us=22868774 dur_us=2280
UKL-MQTT-BENCH: BUFFULL run_id=try5-c2-cpu start_us=22871035 end_us=22873615 dur_us=2579
UKL-MQTT-BENCH: BUFFULL run_id=try5-c2-cpu start_us=22875897 end_us=22879694 dur_us=3796
UKL-MQTT-BENCH: BUFFULL run_id=try5-c2-cpu start_us=22882548 end_us=22884584 dur_us=2035
UKL-MQTT-BENCH: BUFFULL run_id=try5-c2-cpu start_us=22887508 end_us=22891638 dur_us=4129
UKL-MQTT-BENCH: BUFFULL run_id=try5-c2-cpu start_us=22894487 end_us=22896607 dur_us=2120
UKL-MQTT-BENCH: BUFFULL run_id=try5-c2-cpu start_us=22898875 end_us=22901613 dur_us=2737
UKL-MQTT-BENCH: BUFFULL run_id=try5-c2-cpu start_us=22903868 end_us=22908797 dur_us=4929
UKL-MQTT-BENCH: BUFFULL run_id=try5-c2-cpu start_us=22912467 end_us=22913615 dur_us=1148
UKL-MQTT-BENCH: BUFFULL run_id=try5-c2-cpu start_us=22915920 end_us=22918609 dur_us=2689
UKL-MQTT-BENCH: BUFFULL run_id=try5-c2-cpu start_us=22920880 end_us=22925686 dur_us=4806
UKL-MQTT-BENCH: BUFFULL run_id=try5-c2-cpu start_us=22928551 end_us=22929647 dur_us=1095
UKL-MQTT-BENCH: BUFFULL run_id=try5-c2-cpu start_us=22931918 end_us=22935628 dur_us=3709
UKL-MQTT-BENCH: BUFFULL run_id=try5-c2-cpu start_us=22938485 end_us=22940614 dur_us=2128
UKL-MQTT-BENCH: BUFFULL run_id=try5-c2-cpu start_us=22942867 end_us=22945625 dur_us=2757
UKL-MQTT-BENCH: BUFFULL run_id=try5-c2-cpu start_us=22947911 end_us=22950609 dur_us=2698
UKL-MQTT-BENCH: BUFFULL run_id=try5-c2-cpu start_us=22953659 end_us=22956634 dur_us=2975
UKL-MQTT-BENCH: BUFFULL run_id=try5-c2-cpu start_us=22958922 end_us=22961612 dur_us=2690
UKL-MQTT-BENCH: BUFFULL run_id=try5-c2-cpu start_us=22963880 end_us=22969724 dur_us=5843
UKL-MQTT-BENCH: BUFFULL run_id=try5-c2-cpu start_us=22972595 end_us=22975627 dur_us=3032
UKL-MQTT-BENCH: BUFFULL run_id=try5-c2-cpu start_us=22977891 end_us=22981699 dur_us=3807
UKL-MQTT-BENCH: BUFFULL run_id=try5-c2-cpu start_us=22984566 end_us=22986606 dur_us=2040
UKL-MQTT-BENCH: BUFFULL run_id=try5-c2-cpu start_us=22988881 end_us=22990796 dur_us=1914
UKL-MQTT-BENCH: BUFFULL run_id=try5-c2-cpu start_us=22993059 end_us=22996657 dur_us=3598
UKL-MQTT-BENCH: BUFFULL run_id=try5-c2-cpu start_us=23000982 end_us=23005714 dur_us=4731
UKL-MQTT-BENCH: BUFFULL run_id=try5-c2-cpu start_us=23009832 end_us=23013632 dur_us=3799
UKL-MQTT-BENCH: BUFFULL run_id=try5-c2-cpu start_us=23016491 end_us=23020659 dur_us=4167
UKL-MQTT-BENCH: BUFFULL run_id=try5-c2-cpu start_us=23024811 end_us=23029622 dur_us=4811
UKL-MQTT-BENCH: BUFFULL run_id=try5-c2-cpu start_us=23032488 end_us=23035639 dur_us=3151
UKL-MQTT-BENCH: BUFFULL run_id=try5-c2-cpu start_us=23041277 end_us=23045647 dur_us=4370
UKL-MQTT-BENCH: BUFFULL run_id=try5-c2-cpu start_us=23048504 end_us=23052621 dur_us=4116
UKL-MQTT-BENCH: BUFFULL run_id=try5-c2-cpu start_us=23056066 end_us=23057618 dur_us=1552
UKL-MQTT-BENCH: BUFFULL run_id=try5-c2-cpu start_us=23059874 end_us=23062620 dur_us=2745
UKL-MQTT-BENCH: BUFFULL run_id=try5-c2-cpu start_us=23065472 end_us=23068604 dur_us=3132
UKL-MQTT-BENCH: BUFFULL run_id=try5-c2-cpu start_us=23070864 end_us=23074653 dur_us=3788
UKL-MQTT-BENCH: BUFFULL run_id=try5-c2-cpu start_us=23077502 end_us=23079600 dur_us=2097
UKL-MQTT-BENCH: BUFFULL run_id=try5-c2-cpu start_us=23082466 end_us=23086656 dur_us=4189
UKL-MQTT-BENCH: BUFFULL run_id=try5-c2-cpu start_us=23089519 end_us=23091590 dur_us=2070
UKL-MQTT-BENCH: BUFFULL run_id=try5-c2-cpu start_us=23093851 end_us=23097619 dur_us=3768
UKL-MQTT-BENCH: BUFFULL run_id=try5-c2-cpu start_us=23100480 end_us=23103636 dur_us=3155
UKL-MQTT-BENCH: BUFFULL run_id=try5-c2-cpu start_us=23106493 end_us=23108604 dur_us=2110
UKL-MQTT-BENCH: BUFFULL run_id=try5-c2-cpu start_us=23110869 end_us=23113895 dur_us=3026
UKL-MQTT-BENCH: BUFFULL run_id=try5-c2-cpu start_us=23116757 end_us=23120643 dur_us=3886
UKL-MQTT-BENCH: BUFFULL run_id=try5-c2-cpu start_us=23123625 end_us=23126664 dur_us=3039
UKL-MQTT-BENCH: BUFFULL run_id=try5-c2-cpu start_us=23129521 end_us=23133690 dur_us=4169
UKL-MQTT-BENCH: BUFFULL run_id=try5-c2-cpu start_us=23137139 end_us=23139602 dur_us=2463
UKL-MQTT-BENCH: BUFFULL run_id=try5-c2-cpu start_us=23142499 end_us=23143561 dur_us=1061
UKL-MQTT-BENCH: BUFFULL run_id=try5-c2-cpu start_us=23145239 end_us=23150645 dur_us=5405
UKL-MQTT-BENCH: BUFFULL run_id=try5-c2-cpu start_us=23154096 end_us=23155647 dur_us=1551
UKL-MQTT-BENCH: BUFFULL run_id=try5-c2-cpu start_us=23157971 end_us=23160759 dur_us=2787
UKL-MQTT-BENCH: BUFFULL run_id=try5-c2-cpu start_us=23163644 end_us=23167696 dur_us=4052
UKL-MQTT-BENCH: BUFFULL run_id=try5-c2-cpu start_us=23170545 end_us=23172614 dur_us=2068
UKL-MQTT-BENCH: BUFFULL run_id=try5-c2-cpu start_us=23174863 end_us=23177609 dur_us=2746
UKL-MQTT-BENCH: BUFFULL run_id=try5-c2-cpu start_us=23179873 end_us=23182624 dur_us=2750
UKL-MQTT-BENCH: BUFFULL run_id=try5-c2-cpu start_us=23185479 end_us=23187631 dur_us=2151
UKL-MQTT-BENCH: BUFFULL run_id=try5-c2-cpu start_us=23189887 end_us=23192593 dur_us=2706
UKL-MQTT-BENCH: BUFFULL run_id=try5-c2-cpu start_us=23194858 end_us=23197787 dur_us=2929
UKL-MQTT-BENCH: BUFFULL run_id=try5-c2-cpu start_us=23200052 end_us=23203601 dur_us=3548
UKL-MQTT-BENCH: BUFFULL run_id=try5-c2-cpu start_us=23206439 end_us=23208626 dur_us=2187
UKL-MQTT-BENCH: BUFFULL run_id=try5-c2-cpu start_us=23210876 end_us=23214691 dur_us=3814
UKL-MQTT-BENCH: BUFFULL run_id=try5-c2-cpu start_us=23217529 end_us=23219648 dur_us=2119
UKL-MQTT-BENCH: BUFFULL run_id=try5-c2-cpu start_us=23221892 end_us=23224616 dur_us=2723
UKL-MQTT-BENCH: BUFFULL run_id=try5-c2-cpu start_us=23226886 end_us=23229753 dur_us=2866
UKL-MQTT-BENCH: BUFFULL run_id=try5-c2-cpu start_us=23232604 end_us=23233714 dur_us=1109
UKL-MQTT-BENCH: BUFFULL run_id=try5-c2-cpu start_us=23235386 end_us=23238591 dur_us=3205
UKL-MQTT-BENCH: BUFFULL run_id=try5-c2-cpu start_us=23240883 end_us=23244780 dur_us=3897
UKL-MQTT-BENCH: BUFFULL run_id=try5-c2-cpu start_us=23247627 end_us=23249796 dur_us=2168
UKL-MQTT-BENCH: BUFFULL run_id=try5-c2-cpu start_us=23252045 end_us=23255606 dur_us=3561
UKL-MQTT-BENCH: BUFFULL run_id=try5-c2-cpu start_us=23258447 end_us=23260618 dur_us=2171
UKL-MQTT-BENCH: BUFFULL run_id=try5-c2-cpu start_us=23262868 end_us=23266667 dur_us=3798
UKL-MQTT-BENCH: BUFFULL run_id=try5-c2-cpu start_us=23269516 end_us=23271574 dur_us=2058
UKL-MQTT-BENCH: BUFFULL run_id=try5-c2-cpu start_us=23273834 end_us=23277703 dur_us=3868
UKL-MQTT-BENCH: BUFFULL run_id=try5-c2-cpu start_us=23280574 end_us=23283648 dur_us=3074
UKL-MQTT-BENCH: BUFFULL run_id=try5-c2-cpu start_us=23286483 end_us=23287634 dur_us=1151
UKL-MQTT-BENCH: BUFFULL run_id=try5-c2-cpu start_us=23289316 end_us=23293617 dur_us=4301
UKL-MQTT-BENCH: BUFFULL run_id=try5-c2-cpu start_us=23297107 end_us=23299621 dur_us=2514
UKL-MQTT-BENCH: BUFFULL run_id=try5-c2-cpu start_us=23301872 end_us=23304572 dur_us=2700
UKL-MQTT-BENCH: BUFFULL run_id=try5-c2-cpu start_us=23306838 end_us=23309831 dur_us=2992
UKL-MQTT-BENCH: BUFFULL run_id=try5-c2-cpu start_us=23312728 end_us=23315622 dur_us=2893
UKL-MQTT-BENCH: BUFFULL run_id=try5-c2-cpu start_us=23317873 end_us=23320696 dur_us=2822
UKL-MQTT-BENCH: BUFFULL run_id=try5-c2-cpu start_us=23323574 end_us=23326627 dur_us=3053
UKL-MQTT-BENCH: BUFFULL run_id=try5-c2-cpu start_us=23328892 end_us=23330755 dur_us=1862
UKL-MQTT-BENCH: BUFFULL run_id=try5-c2-cpu start_us=23333033 end_us=23336621 dur_us=3587
UKL-MQTT-BENCH: BUFFULL run_id=try5-c2-cpu start_us=23341234 end_us=23345605 dur_us=4371
UKL-MQTT-BENCH: BUFFULL run_id=try5-c2-cpu start_us=23348468 end_us=23351629 dur_us=3161
UKL-MQTT-BENCH: BUFFULL run_id=try5-c2-cpu start_us=23354489 end_us=23355564 dur_us=1075
UKL-MQTT-BENCH: BUFFULL run_id=try5-c2-cpu start_us=23357820 end_us=23361642 dur_us=3822
UKL-MQTT-BENCH: BUFFULL run_id=try5-c2-cpu start_us=23364538 end_us=23368628 dur_us=4090
UKL-MQTT-BENCH: BUFFULL run_id=try5-c2-cpu start_us=23371495 end_us=23375646 dur_us=4150
UKL-MQTT-BENCH: BUFFULL run_id=try5-c2-cpu start_us=23381228 end_us=23385642 dur_us=4414
UKL-MQTT-BENCH: BUFFULL run_id=try5-c2-cpu start_us=23388516 end_us=23391617 dur_us=3100
UKL-MQTT-BENCH: BUFFULL run_id=try5-c2-cpu start_us=23394469 end_us=23396605 dur_us=2136
UKL-MQTT-BENCH: BUFFULL run_id=try5-c2-cpu start_us=23398863 end_us=23402621 dur_us=3757
UKL-MQTT-BENCH: BUFFULL run_id=try5-c2-cpu start_us=23405466 end_us=23407812 dur_us=2345
UKL-MQTT-BENCH: BUFFULL run_id=try5-c2-cpu start_us=23410677 end_us=23413636 dur_us=2959
UKL-MQTT-BENCH: BUFFULL run_id=try5-c2-cpu start_us=23416486 end_us=23420645 dur_us=4158
UKL-MQTT-BENCH: BUFFULL run_id=try5-c2-cpu start_us=23423480 end_us=23424752 dur_us=1271
UKL-MQTT-BENCH: BUFFULL run_id=try5-c2-cpu start_us=23427034 end_us=23429753 dur_us=2718
UKL-MQTT-BENCH: BUFFULL run_id=try5-c2-cpu start_us=23432016 end_us=23436636 dur_us=4619
UKL-MQTT-BENCH: BUFFULL run_id=try5-c2-cpu start_us=23442250 end_us=23445612 dur_us=3362
UKL-MQTT-BENCH: BUFFULL run_id=try5-c2-cpu start_us=23447877 end_us=23451611 dur_us=3733
UKL-MQTT-BENCH: BUFFULL run_id=try5-c2-cpu start_us=23454459 end_us=23456498 dur_us=2039
UKL-MQTT-BENCH: BUFFULL run_id=try5-c2-cpu start_us=23458765 end_us=23461580 dur_us=2814
UKL-MQTT-BENCH: BUFFULL run_id=try5-c2-cpu start_us=23463848 end_us=23467608 dur_us=3759
UKL-MQTT-BENCH: BUFFULL run_id=try5-c2-cpu start_us=23470476 end_us=23473597 dur_us=3121
UKL-MQTT-BENCH: BUFFULL run_id=try5-c2-cpu start_us=23476472 end_us=23478620 dur_us=2148
UKL-MQTT-BENCH: BUFFULL run_id=try5-c2-cpu start_us=23480883 end_us=23484618 dur_us=3734
UKL-MQTT-BENCH: BUFFULL run_id=try5-c2-cpu start_us=23487464 end_us=23490631 dur_us=3167
UKL-MQTT-BENCH: BUFFULL run_id=try5-c2-cpu start_us=23493480 end_us=23494576 dur_us=1095
UKL-MQTT-BENCH: BUFFULL run_id=try5-c2-cpu start_us=23496263 end_us=23499858 dur_us=3594
UKL-MQTT-BENCH: BUFFULL run_id=try5-c2-cpu start_us=23502912 end_us=23506669 dur_us=3757
UKL-MQTT-BENCH: BUFFULL run_id=try5-c2-cpu start_us=23509726 end_us=23511598 dur_us=1872
UKL-MQTT-BENCH: BUFFULL run_id=try5-c2-cpu start_us=23513864 end_us=23516647 dur_us=2782
UKL-MQTT-BENCH: BUFFULL run_id=try5-c2-cpu start_us=23518917 end_us=23521644 dur_us=2727
UKL-MQTT-BENCH: BUFFULL run_id=try5-c2-cpu start_us=23523901 end_us=23527629 dur_us=3727
UKL-MQTT-BENCH: BUFFULL run_id=try5-c2-cpu start_us=23530523 end_us=23533633 dur_us=3110
UKL-MQTT-BENCH: BUFFULL run_id=try5-c2-cpu start_us=23536501 end_us=23538585 dur_us=2083
UKL-MQTT-BENCH: BUFFULL run_id=try5-c2-cpu start_us=23540846 end_us=23544643 dur_us=3797
UKL-MQTT-BENCH: BUFFULL run_id=try5-c2-cpu start_us=23547503 end_us=23549623 dur_us=2119
UKL-MQTT-BENCH: BUFFULL run_id=try5-c2-cpu start_us=23551888 end_us=23555661 dur_us=3772
UKL-MQTT-BENCH: BUFFULL run_id=try5-c2-cpu start_us=23558551 end_us=23561615 dur_us=3064
UKL-MQTT-BENCH: BUFFULL run_id=try5-c2-cpu start_us=23564480 end_us=23566630 dur_us=2149
UKL-MQTT-BENCH: BUFFULL run_id=try5-c2-cpu start_us=23568894 end_us=23572651 dur_us=3757
UKL-MQTT-BENCH: BUFFULL run_id=try5-c2-cpu start_us=23575514 end_us=23577571 dur_us=2057
UKL-MQTT-BENCH: BUFFULL run_id=try5-c2-cpu start_us=23579850 end_us=23583609 dur_us=3758
UKL-MQTT-BENCH: DRAIN run_id=try5-c2-cpu syncs=200 drain_us=43 errors=0 unsent_after_drain=574
UKL-MQTT-BENCH: RECORDS run_id=try5-c2-cpu buffull_long_logged=4096 buffull_long_dropped=1096 sync_errors=0 sync_errors_dropped=0
UKL-MQTT-BENCH: RESULT run_id=try5-c2-cpu messages=21806745 elapsed_sec=30.000 throughput_msgs_per_sec=726891.5
UKL-MQTT-BENCH: CLIENT run_id=try5-c2-cpu client_error_at_end=1 queue_len_at_end=574
UKL-MQTT-BENCH: done, idling
LAUNCHER_STATUS=done run_id=try5-c2-cpu mode=user loop=recover
