c[?7l[2J[0mSeaBIOS (version 1.16.3-debian-1.16.3-2)


iPXE (https://ipxe.org) 00:02.0 C000 PCI2.10 PnP PMM+BEFCAD50+BEF0AD50 C000
Press Ctrl-B to configure iPXE (PCI 00:02.0)...                                                                               


Booting from ROM..c[?7l[2J[    0.000000] Linux version 6.3.0+ (@e9cd480db408) (gcc (Ubuntu 11.4.0-1ubuntu1~22.04.3) 11.4.0, GNU ld (GNU Binutils for Ubuntu) 2.38) #4 SMP PREEMPT_DYNAMIC Wed Sep 30 21:27:47 UTC 2026
[    0.000000] Command line: console=ttyS0 panic=1 net.ifnames=0 biosdevname=0 clearcpuid=smap,smep mitigations=off mds=off -- 192.168.150.128 52:54:00:12:34:56 ukl try4-c4-cpu recover
[    0.000000] Clearing CPUID bits: smap smep
[    0.000000] x86/fpu: Supporting XSAVE feature 0x001: 'x87 floating point registers'
[    0.000000] x86/fpu: Supporting XSAVE feature 0x002: 'SSE registers'
[    0.000000] x86/fpu: Supporting XSAVE feature 0x004: 'AVX registers'
[    0.000000] x86/fpu: Supporting XSAVE feature 0x200: 'Protection Keys User registers'
[    0.000000] x86/fpu: xstate_offset[2]:  576, xstate_sizes[2]:  256
[    0.000000] x86/fpu: xstate_offset[9]:  832, xstate_sizes[9]:    8
[    0.000000] x86/fpu: Enabled xstate features 0x207, context size is 840 bytes, using 'compacted' format.
[    0.000000] signal: max sigframe size: 3632
[    0.000000] BIOS-provided physical RAM map:
[    0.000000] BIOS-e820: [mem 0x0000000000000000-0x000000000009fbff] usable
[    0.000000] BIOS-e820: [mem 0x000000000009fc00-0x000000000009ffff] reserved
[    0.000000] BIOS-e820: [mem 0x00000000000f0000-0x00000000000fffff] reserved
[    0.000000] BIOS-e820: [mem 0x0000000000100000-0x00000000bffdffff] usable
[    0.000000] BIOS-e820: [mem 0x00000000bffe0000-0x00000000bfffffff] reserved
[    0.000000] BIOS-e820: [mem 0x00000000feffc000-0x00000000feffffff] reserved
[    0.000000] BIOS-e820: [mem 0x00000000fffc0000-0x00000000ffffffff] reserved
[    0.000000] BIOS-e820: [mem 0x0000000100000000-0x000000013fffffff] usable
[    0.000000] NX (Execute Disable) protection: active
[    0.000000] SMBIOS 3.0.0 present.
[    0.000000] DMI: QEMU Ubuntu 24.04 PC v2 (i440FX + PIIX, arch_caps fix, 1996), BIOS 1.16.3-debian-1.16.3-2 04/01/2014
[    0.000000] tsc: Fast TSC calibration using PIT
[    0.000000] tsc: Detected 2496.376 MHz processor
[    0.000121] last_pfn = 0x140000 max_arch_pfn = 0x400000000
[    0.000150] x86/PAT: Configuration [0-7]: WB  WC  UC- UC  WB  WP  UC- WT  
[    0.000183] last_pfn = 0xbffe0 max_arch_pfn = 0x400000000
[    0.001000] found SMP MP-table at [mem 0x000f5480-0x000f548f]
[    0.001000] Using GB pages for direct mapping
[    0.001000] RAMDISK: [mem 0xbf75a000-0xbffdffff]
[    0.001000] ACPI: Early table checksum verification disabled
[    0.001000] ACPI: RSDP 0x00000000000F5270 000014 (v00 BOCHS )
[    0.001000] ACPI: RSDT 0x00000000BFFE1C29 000034 (v01 BOCHS  BXPC     00000001 BXPC 00000001)
[    0.001000] ACPI: FACP 0x00000000BFFE1ADD 000074 (v01 BOCHS  BXPC     00000001 BXPC 00000001)
[    0.001000] ACPI: DSDT 0x00000000BFFE0040 001A9D (v01 BOCHS  BXPC     00000001 BXPC 00000001)
[    0.001000] ACPI: FACS 0x00000000BFFE0000 000040
[    0.001000] ACPI: APIC 0x00000000BFFE1B51 000078 (v03 BOCHS  BXPC     00000001 BXPC 00000001)
[    0.001000] ACPI: HPET 0x00000000BFFE1BC9 000038 (v01 BOCHS  BXPC     00000001 BXPC 00000001)
[    0.001000] ACPI: WAET 0x00000000BFFE1C01 000028 (v01 BOCHS  BXPC     00000001 BXPC 00000001)
[    0.001000] ACPI: Reserving FACP table memory at [mem 0xbffe1add-0xbffe1b50]
[    0.001000] ACPI: Reserving DSDT table memory at [mem 0xbffe0040-0xbffe1adc]
[    0.001000] ACPI: Reserving FACS table memory at [mem 0xbffe0000-0xbffe003f]
[    0.001000] ACPI: Reserving APIC table memory at [mem 0xbffe1b51-0xbffe1bc8]
[    0.001000] ACPI: Reserving HPET table memory at [mem 0xbffe1bc9-0xbffe1c00]
[    0.001000] ACPI: Reserving WAET table memory at [mem 0xbffe1c01-0xbffe1c28]
[    0.001000] No NUMA configuration found
[    0.001000] Faking a node at [mem 0x0000000000000000-0x000000013fffffff]
[    0.001000] NODE_DATA(0) allocated [mem 0x13fffa000-0x13fffdfff]
[    0.001000] Zone ranges:
[    0.001000]   DMA      [mem 0x0000000000001000-0x0000000000ffffff]
[    0.001000]   DMA32    [mem 0x0000000001000000-0x00000000ffffffff]
[    0.001000]   Normal   [mem 0x0000000100000000-0x000000013fffffff]
[    0.001000] Movable zone start for each node
[    0.001000] Early memory node ranges
[    0.001000]   node   0: [mem 0x0000000000001000-0x000000000009efff]
[    0.001000]   node   0: [mem 0x0000000000100000-0x00000000bffdffff]
[    0.001000]   node   0: [mem 0x0000000100000000-0x000000013fffffff]
[    0.001000] Initmem setup node 0 [mem 0x0000000000001000-0x000000013fffffff]
[    0.001000] On node 0, zone DMA: 1 pages in unavailable ranges
[    0.001000] On node 0, zone DMA: 97 pages in unavailable ranges
[    0.001000] On node 0, zone Normal: 32 pages in unavailable ranges
[    0.001000] ACPI: PM-Timer IO Port: 0x608
[    0.001000] ACPI: LAPIC_NMI (acpi_id[0xff] dfl dfl lint[0x1])
[    0.001000] IOAPIC[0]: apic_id 0, version 17, address 0xfec00000, GSI 0-23
[    0.001000] ACPI: INT_SRC_OVR (bus 0 bus_irq 0 global_irq 2 dfl dfl)
[    0.001000] ACPI: INT_SRC_OVR (bus 0 bus_irq 5 global_irq 5 high level)
[    0.001000] ACPI: INT_SRC_OVR (bus 0 bus_irq 9 global_irq 9 high level)
[    0.001000] ACPI: INT_SRC_OVR (bus 0 bus_irq 10 global_irq 10 high level)
[    0.001000] ACPI: INT_SRC_OVR (bus 0 bus_irq 11 global_irq 11 high level)
[    0.001000] ACPI: Using ACPI (MADT) for SMP configuration information
[    0.001000] ACPI: HPET id: 0x8086a201 base: 0xfed00000
[    0.001000] TSC deadline timer available
[    0.001000] smpboot: Allowing 1 CPUs, 0 hotplug CPUs
[    0.001000] PM: hibernation: Registered nosave memory: [mem 0x00000000-0x00000fff]
[    0.001000] PM: hibernation: Registered nosave memory: [mem 0x0009f000-0x0009ffff]
[    0.001000] PM: hibernation: Registered nosave memory: [mem 0x000a0000-0x000effff]
[    0.001000] PM: hibernation: Registered nosave memory: [mem 0x000f0000-0x000fffff]
[    0.001000] PM: hibernation: Registered nosave memory: [mem 0xbffe0000-0xbfffffff]
[    0.001000] PM: hibernation: Registered nosave memory: [mem 0xc0000000-0xfeffbfff]
[    0.001000] PM: hibernation: Registered nosave memory: [mem 0xfeffc000-0xfeffffff]
[    0.001000] PM: hibernation: Registered nosave memory: [mem 0xff000000-0xfffbffff]
[    0.001000] PM: hibernation: Registered nosave memory: [mem 0xfffc0000-0xffffffff]
[    0.001000] [mem 0xc0000000-0xfeffbfff] available for PCI devices
[    0.001000] clocksource: refined-jiffies: mask: 0xffffffff max_cycles: 0xffffffff, max_idle_ns: 1910969940391419 ns
[    0.001000] setup_percpu: NR_CPUS:64 nr_cpumask_bits:1 nr_cpu_ids:1 nr_node_ids:1
[    0.001000] percpu: Embedded 53 pages/cpu s185512 r0 d31576 u2097152
[    0.001000] Fallback order for Node 0: 0 
[    0.001000] Built 1 zonelists, mobility grouping on.  Total pages: 1031904
[    0.001000] Policy zone: Normal
[    0.001000] Kernel command line: console=ttyS0 panic=1 net.ifnames=0 biosdevname=0 clearcpuid=smap,smep mitigations=off mds=off -- 192.168.150.128 52:54:00:12:34:56 ukl try4-c4-cpu recover
[    0.001000] Unknown kernel command line parameters "biosdevname=0", will be passed to user space.
[    0.001000] random: crng init done
[    0.001000] Dentry cache hash table entries: 524288 (order: 10, 4194304 bytes, linear)
[    0.001000] Inode-cache hash table entries: 262144 (order: 9, 2097152 bytes, linear)
[    0.001000] mem auto-init: stack:off, heap alloc:off, heap free:off
[    0.001000] software IO TLB: area num 1.
[    0.001000] Memory: 4000808K/4193784K available (22728K kernel code, 2861K rwdata, 5956K rodata, 1324K init, 2712K bss, 192720K reserved, 0K cma-reserved)
[    0.001000] SLUB: HWalign=64, Order=0-3, MinObjects=0, CPUs=1, Nodes=1
[    0.001000] Dynamic Preempt: none
[    0.001000] rcu: Preemptible hierarchical RCU implementation.
[    0.001000] rcu: 	RCU event tracing is enabled.
[    0.001000] rcu: 	RCU restricting CPUs from NR_CPUS=64 to nr_cpu_ids=1.
[    0.001000] 	Trampoline variant of Tasks RCU enabled.
[    0.001000] 	Tracing variant of Tasks RCU enabled.
[    0.001000] rcu: RCU calculated value of scheduler-enlistment delay is 100 jiffies.
[    0.001000] rcu: Adjusting geometry for rcu_fanout_leaf=16, nr_cpu_ids=1
[    0.001000] NR_IRQS: 4352, nr_irqs: 256, preallocated irqs: 16
[    0.001000] rcu: srcu_init: Setting srcu_struct sizes based on contention.
[    0.001000] Console: colour *CGA 80x25
[    0.001000] printk: console [ttyS0] enabled
[    0.001000] ACPI: Core revision 20221020
[    0.001000] clocksource: hpet: mask: 0xffffffff max_cycles: 0xffffffff, max_idle_ns: 19112604467 ns
[    0.001000] APIC: Switch to symmetric I/O mode setup
[    0.001000] ..TIMER: vector=0x30 apic1=0 pin1=2 apic2=-1 pin2=-1
[    0.001000] clocksource: tsc-early: mask: 0xffffffffffffffff max_cycles: 0x23fbda2067a, max_idle_ns: 440795227355 ns
[    0.099281] Calibrating delay loop (skipped), value calculated using timer frequency.. 4992.75 BogoMIPS (lpj=2496376)
[    0.100279] pid_max: default: 32768 minimum: 301
[    0.100615] LSM: initializing lsm=capability,integrity,selinux
[    0.101280] SELinux:  Initializing.
[    0.101539] Mount-cache hash table entries: 8192 (order: 4, 65536 bytes, linear)
[    0.102035] Mountpoint-cache hash table entries: 8192 (order: 4, 65536 bytes, linear)
[    0.102457] Clearing SMEP for 0
[    0.102686] Clearing SMAP for 0
[    0.103282] x86/cpu: User Mode Instruction Prevention (UMIP) activated
[    0.103817] Last level iTLB entries: 4KB 0, 2MB 0, 4MB 0
[    0.104278] Last level dTLB entries: 4KB 0, 2MB 0, 4MB 0, 1GB 0
[    0.104703] Spectre V2 : User space: Vulnerable
[    0.105035] Speculative Store Bypass: Vulnerable
[    0.108769] Freeing SMP alternatives memory: 52K
[    0.109199] smpboot: CPU0: 12th Gen Intel(R) Core(TM) i5-12450H (family: 0x6, model: 0x9a, stepping: 0x3)
[    0.109278] cblist_init_generic: Setting adjustable number of callback queues.
[    0.109280] cblist_init_generic: Setting shift to 0 and lim to 1.
[    0.109705] cblist_init_generic: Setting shift to 0 and lim to 1.
[    0.110122] Performance Events: unsupported p6 CPU model 154 no PMU driver, software events only.
[    0.110309] rcu: Hierarchical SRCU implementation.
[    0.110637] rcu: 	Max phase no-delay instances is 400.
[    0.111232] smp: Bringing up secondary CPUs ...
[    0.111282] smp: Brought up 1 node, 1 CPU
[    0.111557] smpboot: Max logical packages: 1
[    0.111850] smpboot: Total of 1 processors activated (4992.75 BogoMIPS)
[    0.112437] devtmpfs: initialized
[    0.112777] clocksource: jiffies: mask: 0xffffffff max_cycles: 0xffffffff, max_idle_ns: 1911260446275000 ns
[    0.113281] futex hash table entries: 256 (order: 2, 16384 bytes, linear)
[    0.113841] PM: RTC time: 18:02:37, date: 2026-10-04
[    0.114250] NET: Registered PF_NETLINK/PF_ROUTE protocol family
[    0.114311] audit: initializing netlink subsys (disabled)
[    0.114736] thermal_sys: Registered thermal governor 'step_wise'
[    0.114736] thermal_sys: Registered thermal governor 'user_space'
[    0.115206] audit: type=2000 audit(1791136957.021:1): state=initialized audit_enabled=0 res=1
[    0.115893] cpuidle: using governor menu
[    0.116233] PCI: Using configuration type 1 for base access
[    0.161404] HugeTLB: registered 2.00 MiB page size, pre-allocated 0 pages
[    0.161877] HugeTLB: 28 KiB vmemmap can be freed for a 2.00 MiB page
[    0.162346] ACPI: Added _OSI(Module Device)
[    0.162627] ACPI: Added _OSI(Processor Device)
[    0.162922] ACPI: Added _OSI(3.0 _SCP Extensions)
[    0.163244] ACPI: Added _OSI(Processor Aggregator Device)
[    0.163457] ACPI: 1 ACPI AML tables successfully acquired and loaded
[    0.164334] ACPI: Interpreter enabled
[    0.164591] ACPI: PM: (supports S0 S3 S4 S5)
[    0.164893] ACPI: Using IOAPIC for interrupt routing
[    0.165253] PCI: Using host bridge windows from ACPI; if necessary, use "pci=nocrs" and report a bug
[    0.165280] PCI: Using E820 reservations for host bridge windows
[    0.165733] ACPI: Enabled 2 GPEs in block 00 to 0F
[    0.166700] ACPI: PCI Root Bridge [PCI0] (domain 0000 [bus 00-ff])
[    0.167117] acpi PNP0A03:00: _OSC: OS supports [ASPM ClockPM Segments MSI HPX-Type3]
[    0.167280] acpi PNP0A03:00: _OSC: not requesting OS control; OS requires [ExtendedConfig ASPM ClockPM MSI]
[    0.167934] acpi PNP0A03:00: fail to add MMCONFIG information, can't access extended configuration space under this bridge
[    0.168313] PCI host bridge to bus 0000:00
[    0.168600] pci_bus 0000:00: root bus resource [io  0x0000-0x0cf7 window]
[    0.169062] pci_bus 0000:00: root bus resource [io  0x0d00-0xffff window]
[    0.169279] pci_bus 0000:00: root bus resource [mem 0x000a0000-0x000bffff window]
[    0.169803] pci_bus 0000:00: root bus resource [mem 0xc0000000-0xfebfffff window]
[    0.170279] pci_bus 0000:00: root bus resource [mem 0x7000000000-0x707fffffff window]
[    0.170834] pci_bus 0000:00: root bus resource [bus 00-ff]
[    0.171256] pci 0000:00:00.0: [8086:1237] type 00 class 0x060000
[    0.171515] pci 0000:00:01.0: [8086:7000] type 00 class 0x060100
[    0.172244] pci 0000:00:01.1: [8086:7010] type 00 class 0x010180
[    0.173281] pci 0000:00:01.1: reg 0x20: [io  0xc020-0xc02f]
[    0.174096] pci 0000:00:01.1: legacy IDE quirk: reg 0x10: [io  0x01f0-0x01f7]
[    0.174280] pci 0000:00:01.1: legacy IDE quirk: reg 0x14: [io  0x03f6]
[    0.174712] pci 0000:00:01.1: legacy IDE quirk: reg 0x18: [io  0x0170-0x0177]
[    0.175193] pci 0000:00:01.1: legacy IDE quirk: reg 0x1c: [io  0x0376]
[    0.175375] pci 0000:00:01.3: [8086:7113] type 00 class 0x068000
[    0.176023] pci 0000:00:01.3: quirk: [io  0x0600-0x063f] claimed by PIIX4 ACPI
[    0.176284] pci 0000:00:01.3: quirk: [io  0x0700-0x070f] claimed by PIIX4 SMB
[    0.176923] pci 0000:00:02.0: [1af4:1000] type 00 class 0x020000
[    0.177840] pci 0000:00:02.0: reg 0x10: [io  0xc000-0xc01f]
[    0.178551] pci 0000:00:02.0: reg 0x14: [mem 0xfeb80000-0xfeb80fff]
[    0.180570] pci 0000:00:02.0: reg 0x20: [mem 0x7000000000-0x7000003fff 64bit pref]
[    0.181444] pci 0000:00:02.0: reg 0x30: [mem 0xfeb00000-0xfeb7ffff pref]
[    0.182545] ACPI: PCI: Interrupt link LNKA configured for IRQ 10
[    0.182990] ACPI: PCI: Interrupt link LNKB configured for IRQ 10
[    0.183316] ACPI: PCI: Interrupt link LNKC configured for IRQ 11
[    0.183764] ACPI: PCI: Interrupt link LNKD configured for IRQ 11
[    0.184181] ACPI: PCI: Interrupt link LNKS configured for IRQ 9
[    0.184374] iommu: Default domain type: Translated 
[    0.184699] iommu: DMA domain TLB invalidation policy: lazy mode 
[    0.185132] SCSI subsystem initialized
[    0.185318] ACPI: bus type USB registered
[    0.185590] usbcore: registered new interface driver usbfs
[    0.185955] usbcore: registered new interface driver hub
[    0.186282] usbcore: registered new device driver usb
[    0.186623] pps_core: LinuxPPS API ver. 1 registered
[    0.186953] pps_core: Software ver. 5.3.6 - Copyright 2005-2007 Rodolfo Giometti <giometti@linux.it>
[    0.187280] PTP clock support registered
[    0.187555] EDAC MC: Ver: 3.0.0
[    0.187834] Advanced Linux Sound Architecture Driver Initialized.
[    0.188342] NetLabel: Initializing
[    0.188571] NetLabel:  domain hash size = 128
[    0.188866] NetLabel:  protocols = UNLABELED CIPSOv4 CALIPSO
[    0.189247] NetLabel:  unlabeled traffic allowed by default
[    0.189297] PCI: Using ACPI for IRQ routing
[    0.189634] vgaarb: loaded
[    0.189844] hpet0: at MMIO 0xfed00000, IRQs 2, 8, 0
[    0.190180] hpet0: 3 comparators, 64-bit 100.000000 MHz counter
[    0.195292] clocksource: Switched to clocksource tsc-early
[    0.195691] VFS: Disk quotas dquot_6.6.0
[    0.195957] VFS: Dquot-cache hash table entries: 512 (order 0, 4096 bytes)
[    0.196421] pnp: PnP ACPI init
[    0.196743] pnp: PnP ACPI: found 5 devices
[    0.201881] clocksource: acpi_pm: mask: 0xffffff max_cycles: 0xffffff, max_idle_ns: 2085701024 ns
[    0.202498] NET: Registered PF_INET protocol family
[    0.203069] IP idents hash table entries: 65536 (order: 7, 524288 bytes, linear)
[    0.203994] tcp_listen_portaddr_hash hash table entries: 2048 (order: 3, 32768 bytes, linear)
[    0.204575] Table-perturb hash table entries: 65536 (order: 6, 262144 bytes, linear)
[    0.205087] TCP established hash table entries: 32768 (order: 6, 262144 bytes, linear)
[    0.205636] TCP bind hash table entries: 32768 (order: 8, 1048576 bytes, linear)
[    0.206210] TCP: Hash tables configured (established 32768 bind 32768)
[    0.206673] UDP hash table entries: 2048 (order: 4, 65536 bytes, linear)
[    0.207125] UDP-Lite hash table entries: 2048 (order: 4, 65536 bytes, linear)
[    0.207617] NET: Registered PF_UNIX/PF_LOCAL protocol family
[    0.211562] RPC: Registered named UNIX socket transport module.
[    0.211976] RPC: Registered udp transport module.
[    0.212295] RPC: Registered tcp transport module.
[    0.212607] RPC: Registered tcp NFSv4.1 backchannel transport module.
[    0.213168] pci_bus 0000:00: resource 4 [io  0x0000-0x0cf7 window]
[    0.213580] pci_bus 0000:00: resource 5 [io  0x0d00-0xffff window]
[    0.213989] pci_bus 0000:00: resource 6 [mem 0x000a0000-0x000bffff window]
[    0.214448] pci_bus 0000:00: resource 7 [mem 0xc0000000-0xfebfffff window]
[    0.214902] pci_bus 0000:00: resource 8 [mem 0x7000000000-0x707fffffff window]
[    0.215400] pci 0000:00:01.0: PIIX3: Enabling Passive Release
[    0.215787] pci 0000:00:00.0: Limiting direct PCI/PCI transfers
[    0.216206] PCI: CLS 0 bytes, default 64
[    0.216474] PCI-DMA: Using software bounce buffering for IO (SWIOTLB)
[    0.216899] software IO TLB: mapped [mem 0x00000000bb75a000-0x00000000bf75a000] (64MB)
[    0.217475] Unpacking initramfs...
[    0.396672] RAPL PMU: API unit is 2^-32 Joules, 0 fixed counters, 10737418240 ms ovfl timer
[    0.397748] Initialise system trusted keyrings
[    0.398089] workingset: timestamp_bits=56 max_order=20 bucket_order=0
[    0.398780] NFS: Registering the id_resolver key type
[    0.399133] Key type id_resolver registered
[    0.399417] Key type id_legacy registered
[    0.404229] Key type asymmetric registered
[    0.404534] Asymmetric key parser 'x509' registered
[    0.404865] Block layer SCSI generic (bsg) driver version 0.4 loaded (major 251)
[    0.405357] io scheduler mq-deadline registered
[    0.405667] io scheduler kyber registered
[    0.405989] input: Power Button as /devices/LNXSYSTM:00/LNXPWRBN:00/input/input0
[    0.406505] ACPI: button: Power Button [PWRF]
[    0.412273] ACPI: \_SB_.LNKB: Enabled at IRQ 10
[    0.413199] Serial: 8250/16550 driver, 4 ports, IRQ sharing enabled
[    0.413696] 00:03: ttyS0 at I/O 0x3f8 (irq = 4, base_baud = 115200) is a 16550A
[    0.414313] Non-volatile memory driver v1.3
[    0.414592] Linux agpgart interface v0.103
[    0.414884] ACPI: bus type drm_connector registered
[    0.415549] loop: module loaded
[    0.416318] scsi host0: ata_piix
[    0.416582] scsi host1: ata_piix
[    0.416808] ata1: PATA max MWDMA2 cmd 0x1f0 ctl 0x3f6 bmdma 0xc020 irq 14
[    0.417261] ata2: PATA max MWDMA2 cmd 0x170 ctl 0x376 bmdma 0xc028 irq 15
[    0.418911] e100: Intel(R) PRO/100 Network Driver
[    0.419315] e100: Copyright(c) 1999-2006 Intel Corporation
[    0.419700] e1000: Intel(R) PRO/1000 Network Driver
[    0.420055] e1000: Copyright (c) 1999-2006 Intel Corporation.
[    0.420455] e1000e: Intel(R) PRO/1000 Network Driver
[    0.420785] e1000e: Copyright(c) 1999 - 2015 Intel Corporation.
[    0.421181] igb: Intel(R) Gigabit Ethernet Network Driver
[    0.421541] igb: Copyright (c) 2007-2014 Intel Corporation.
[    0.421913] ixgbe: Intel(R) 10 Gigabit PCI Express Network Driver
[    0.422324] ixgbe: Copyright (c) 1999-2016 Intel Corporation.
[    0.422742] ixgbevf: Intel(R) 10 Gigabit PCI Express Virtual Function Network Driver
[    0.423283] ixgbevf: Copyright (c) 2009 - 2018 Intel Corporation.
[    0.423731] i40e: Intel(R) Ethernet Connection XL710 Network Driver
[    0.424190] i40e: Copyright (c) 2013 - 2019 Intel Corporation.
[    0.424630] ixgb: Intel(R) PRO/10GbE Network Driver
[    0.424965] ixgb: Copyright (c) 1999-2008 Intel Corporation.
[    0.425360] sky2: driver version 1.30
[    0.425632] QLogic 1/10 GbE Converged/Intelligent Ethernet Driver v5.3.66
[    0.426089] QLogic/NetXen Network Driver v4.0.82
[    0.426402] QLogic FastLinQ 4xxxx Core Module qed
[    0.426723] qede init: QLogic FastLinQ 4xxxx Ethernet Driver qede
[    0.427146] Solarflare NET driver
[    0.427381] Solarflare Falcon driver v4.1
[    0.427657] Solarflare Siena driver
[    0.427944] usbcore: registered new interface driver usblp
[    0.428319] usbcore: registered new interface driver usb-storage
[    0.428735] i8042: PNP: PS/2 Controller [PNP0303:KBD,PNP0f13:MOU] at 0x60,0x64 irq 1,12
[    0.429722] serio: i8042 KBD port at 0x60,0x64 irq 1
[    0.430054] serio: i8042 AUX port at 0x60,0x64 irq 12
[    0.430444] rtc_cmos 00:04: RTC can wake from S4
[    0.431119] input: AT Translated Set 2 keyboard as /devices/platform/i8042/serio0/input/input1
[    0.432565] rtc_cmos 00:04: registered as rtc0
[    0.432891] rtc_cmos 00:04: alarms up to one day, y3k, 242 bytes nvram, hpet irqs
[    0.433423] device-mapper: ioctl: 4.47.0-ioctl (2022-07-28) initialised: dm-devel@redhat.com
[    0.433987] intel_pstate: CPU model not supported
[    0.434323] hid: raw HID events driver (C) Jiri Kosina
[    0.434699] usbcore: registered new interface driver usbhid
[    0.435069] usbhid: USB HID core driver
[    0.435685] Initializing XFRM netlink socket
[    0.435988] NET: Registered PF_INET6 protocol family
[    0.436423] Segment Routing with IPv6
[    0.436673] In-situ OAM (IOAM) with IPv6
[    0.436949] sit: IPv6, IPv4 and MPLS over IPv4 tunneling driver
[    0.437401] NET: Registered PF_PACKET protocol family
[    0.437746] Key type dns_resolver registered
[    0.438092] IPI shorthand broadcast: enabled
[    0.439393] sched_clock: Marking stable (347001801, 92278460)->(447822211, -8541950)
[    0.439962] registered taskstats version 1
[    0.440259] Loading compiled-in X.509 certificates
[    0.440970] PM:   Magic number: 14:196:38
[    0.441255] bdi 7:3: hash matches
[    0.441502] printk: console [netcon0] enabled
[    0.441794] netconsole: network logging started
[    0.442124] cfg80211: Loading compiled-in X.509 certificates for regulatory database
[    0.442675] cryptomgr_probe (55) used greatest stack depth: 15528 bytes left
[    0.443226] Loaded X.509 cert 'sforshee: 00b28ddf47aef9cea7'
[    0.443619] ALSA device list:
[    0.443819]   No soundcards found.
[    0.863867] Freeing initrd memory: 8728K
[    0.864246] platform regulatory.0: Direct firmware load for regulatory.db failed with error -2
[    0.864823] cfg80211: failed to load regulatory.db
[    0.865514] Freeing unused kernel image (initmem) memory: 1324K
[    0.866320] Write protecting the kernel read-only data: 30720k
[    0.866868] Freeing unused kernel image (text/rodata gap) memory: 1844K
[    0.867234] Freeing unused kernel image (rodata/data gap) memory: 192K
[    0.867540] Run /init as init process
[    0.869371] mount (57) used greatest stack depth: 13472 bytes left
[    0.873548] awk (65) used greatest stack depth: 13408 bytes left
[    0.875959] ip (68) used greatest stack depth: 13240 bytes left
[    1.225785] input: ImExPS/2 Generic Explorer Mouse as /devices/platform/i8042/serio1/input/input3
[    1.405726] tsc: Refined TSC clocksource calibration: 2496.140 MHz
[    1.407517] clocksource: tsc: mask: 0xffffffffffffffff max_cycles: 0x23fafb48303, max_idle_ns: 440795207437 ns
[    1.409554] clocksource: Switched to clocksource tsc
[    1.470780] IPv6: ADDRCONF(NETDEV_CHANGE): eth0: link becomes ready
RUN_START mode=ukl loop=recover run_id=try4-c4-cpu kernel=6.3.0+ uptime=5.78
UKL-MQTT-BENCH: starting, run_id=try4-c4-cpu loop=recover duration=30 sec
UKL-MQTT-BENCH: broker connected, connect_us=578, running for 30 sec
UKL-MQTT-BENCH: WINDOW run_id=try4-c4-cpu loop=recover accepted=21929278 attempts=53144005 buffer_full_returns=31214727 window_ns=30000000074 payload_bytes=1304645570 payload_min=53 payload_max=60 stopped_on_error=0 stop_code=0
UKL-MQTT-BENCH: SECOND run_id=try4-c4-cpu s=0 accepted=793607
UKL-MQTT-BENCH: SECOND run_id=try4-c4-cpu s=1 accepted=730837
UKL-MQTT-BENCH: SECOND run_id=try4-c4-cpu s=2 accepted=731312
UKL-MQTT-BENCH: SECOND run_id=try4-c4-cpu s=3 accepted=730071
UKL-MQTT-BENCH: SECOND run_id=try4-c4-cpu s=4 accepted=735294
UKL-MQTT-BENCH: SECOND run_id=try4-c4-cpu s=5 accepted=730529
UKL-MQTT-BENCH: SECOND run_id=try4-c4-cpu s=6 accepted=724101
UKL-MQTT-BENCH: SECOND run_id=try4-c4-cpu s=7 accepted=733158
UKL-MQTT-BENCH: SECOND run_id=try4-c4-cpu s=8 accepted=731042
UKL-MQTT-BENCH: SECOND run_id=try4-c4-cpu s=9 accepted=731041
UKL-MQTT-BENCH: SECOND run_id=try4-c4-cpu s=10 accepted=734931
UKL-MQTT-BENCH: SECOND run_id=try4-c4-cpu s=11 accepted=729831
UKL-MQTT-BENCH: SECOND run_id=try4-c4-cpu s=12 accepted=731041
UKL-MQTT-BENCH: SECOND run_id=try4-c4-cpu s=13 accepted=730904
UKL-MQTT-BENCH: SECOND run_id=try4-c4-cpu s=14 accepted=729606
UKL-MQTT-BENCH: SECOND run_id=try4-c4-cpu s=15 accepted=733203
UKL-MQTT-BENCH: SECOND run_id=try4-c4-cpu s=16 accepted=723211
UKL-MQTT-BENCH: SECOND run_id=try4-c4-cpu s=17 accepted=733490
UKL-MQTT-BENCH: SECOND run_id=try4-c4-cpu s=18 accepted=724136
UKL-MQTT-BENCH: SECOND run_id=try4-c4-cpu s=19 accepted=732194
UKL-MQTT-BENCH: SECOND run_id=try4-c4-cpu s=20 accepted=715674
UKL-MQTT-BENCH: SECOND run_id=try4-c4-cpu s=21 accepted=730258
UKL-MQTT-BENCH: SECOND run_id=try4-c4-cpu s=22 accepted=731429
UKL-MQTT-BENCH: SECOND run_id=try4-c4-cpu s=23 accepted=723269
UKL-MQTT-BENCH: SECOND run_id=try4-c4-cpu s=24 accepted=712312
UKL-MQTT-BENCH: SECOND run_id=try4-c4-cpu s=25 accepted=729968
UKL-MQTT-BENCH: SECOND run_id=try4-c4-cpu s=26 accepted=731691
UKL-MQTT-BENCH: SECOND run_id=try4-c4-cpu s=27 accepted=727496
UKL-MQTT-BENCH: SECOND run_id=try4-c4-cpu s=28 accepted=727145
UKL-MQTT-BENCH: SECOND run_id=try4-c4-cpu s=29 accepted=726497
UKL-MQTT-BENCH: BUFFULL_SUMMARY run_id=try4-c4-cpu periods=4857 total_us=16424346 lt10us=0 lt100us=0 lt1ms=12 lt10ms=4845 lt100ms=0 ge100ms=0 open_at_window_end=1
UKL-MQTT-BENCH: BUFFULL run_id=try4-c4-cpu start_us=1560 end_us=3593 dur_us=2032
UKL-MQTT-BENCH: BUFFULL run_id=try4-c4-cpu start_us=93629 end_us=95467 dur_us=1837
UKL-MQTT-BENCH: BUFFULL run_id=try4-c4-cpu start_us=159294 end_us=162202 dur_us=2908
UKL-MQTT-BENCH: BUFFULL run_id=try4-c4-cpu start_us=164987 end_us=166189 dur_us=1202
UKL-MQTT-BENCH: BUFFULL run_id=try4-c4-cpu start_us=167827 end_us=172219 dur_us=4391
UKL-MQTT-BENCH: BUFFULL run_id=try4-c4-cpu start_us=174998 end_us=180246 dur_us=5248
UKL-MQTT-BENCH: BUFFULL run_id=try4-c4-cpu start_us=184172 end_us=186216 dur_us=2043
UKL-MQTT-BENCH: BUFFULL run_id=try4-c4-cpu start_us=188989 end_us=190131 dur_us=1141
UKL-MQTT-BENCH: BUFFULL run_id=try4-c4-cpu start_us=191757 end_us=196569 dur_us=4812
UKL-MQTT-BENCH: BUFFULL run_id=try4-c4-cpu start_us=199344 end_us=202516 dur_us=3171
UKL-MQTT-BENCH: BUFFULL run_id=try4-c4-cpu start_us=205338 end_us=208524 dur_us=3186
UKL-MQTT-BENCH: BUFFULL run_id=try4-c4-cpu start_us=211322 end_us=213498 dur_us=2176
UKL-MQTT-BENCH: BUFFULL run_id=try4-c4-cpu start_us=215712 end_us=220197 dur_us=4485
UKL-MQTT-BENCH: BUFFULL run_id=try4-c4-cpu start_us=222982 end_us=226213 dur_us=3231
UKL-MQTT-BENCH: BUFFULL run_id=try4-c4-cpu start_us=229003 end_us=232207 dur_us=3204
UKL-MQTT-BENCH: BUFFULL run_id=try4-c4-cpu start_us=234987 end_us=239526 dur_us=4539
UKL-MQTT-BENCH: BUFFULL run_id=try4-c4-cpu start_us=242891 end_us=244483 dur_us=1592
UKL-MQTT-BENCH: BUFFULL run_id=try4-c4-cpu start_us=246698 end_us=250527 dur_us=3828
UKL-MQTT-BENCH: BUFFULL run_id=try4-c4-cpu start_us=253328 end_us=258240 dur_us=4912
UKL-MQTT-BENCH: BUFFULL run_id=try4-c4-cpu start_us=261624 end_us=264213 dur_us=2589
UKL-MQTT-BENCH: BUFFULL run_id=try4-c4-cpu start_us=267012 end_us=270652 dur_us=3639
UKL-MQTT-BENCH: BUFFULL run_id=try4-c4-cpu start_us=273449 end_us=276505 dur_us=3056
UKL-MQTT-BENCH: BUFFULL run_id=try4-c4-cpu start_us=279288 end_us=283210 dur_us=3922
UKL-MQTT-BENCH: BUFFULL run_id=try4-c4-cpu start_us=286008 end_us=289213 dur_us=3204
UKL-MQTT-BENCH: BUFFULL run_id=try4-c4-cpu start_us=292001 end_us=296224 dur_us=4223
UKL-MQTT-BENCH: BUFFULL run_id=try4-c4-cpu start_us=299596 end_us=302512 dur_us=2916
UKL-MQTT-BENCH: BUFFULL run_id=try4-c4-cpu start_us=305377 end_us=309207 dur_us=3830
UKL-MQTT-BENCH: BUFFULL run_id=try4-c4-cpu start_us=312001 end_us=316234 dur_us=4232
UKL-MQTT-BENCH: BUFFULL run_id=try4-c4-cpu start_us=319602 end_us=321174 dur_us=1571
UKL-MQTT-BENCH: BUFFULL run_id=try4-c4-cpu start_us=323389 end_us=326173 dur_us=2784
UKL-MQTT-BENCH: BUFFULL run_id=try4-c4-cpu start_us=328389 end_us=333223 dur_us=4833
UKL-MQTT-BENCH: BUFFULL run_id=try4-c4-cpu start_us=336010 end_us=338492 dur_us=2481
UKL-MQTT-BENCH: BUFFULL run_id=try4-c4-cpu start_us=341286 end_us=344517 dur_us=3231
UKL-MQTT-BENCH: BUFFULL run_id=try4-c4-cpu start_us=347321 end_us=351225 dur_us=3903
UKL-MQTT-BENCH: BUFFULL run_id=try4-c4-cpu start_us=354017 end_us=358209 dur_us=4191
UKL-MQTT-BENCH: BUFFULL run_id=try4-c4-cpu start_us=361625 end_us=365549 dur_us=3923
UKL-MQTT-BENCH: BUFFULL run_id=try4-c4-cpu start_us=368921 end_us=372207 dur_us=3286
UKL-MQTT-BENCH: BUFFULL run_id=try4-c4-cpu start_us=374999 end_us=377188 dur_us=2188
UKL-MQTT-BENCH: BUFFULL run_id=try4-c4-cpu start_us=379388 end_us=384228 dur_us=4839
UKL-MQTT-BENCH: BUFFULL run_id=try4-c4-cpu start_us=387620 end_us=389185 dur_us=1564
UKL-MQTT-BENCH: BUFFULL run_id=try4-c4-cpu start_us=391397 end_us=395197 dur_us=3799
UKL-MQTT-BENCH: BUFFULL run_id=try4-c4-cpu start_us=397981 end_us=403217 dur_us=5236
UKL-MQTT-BENCH: BUFFULL run_id=try4-c4-cpu start_us=406601 end_us=410226 dur_us=3625
UKL-MQTT-BENCH: BUFFULL run_id=try4-c4-cpu start_us=413607 end_us=416527 dur_us=2919
UKL-MQTT-BENCH: BUFFULL run_id=try4-c4-cpu start_us=419331 end_us=422534 dur_us=3202
UKL-MQTT-BENCH: BUFFULL run_id=try4-c4-cpu start_us=425336 end_us=429225 dur_us=3888
UKL-MQTT-BENCH: BUFFULL run_id=try4-c4-cpu start_us=432022 end_us=436224 dur_us=4201
UKL-MQTT-BENCH: BUFFULL run_id=try4-c4-cpu start_us=439592 end_us=441179 dur_us=1586
UKL-MQTT-BENCH: BUFFULL run_id=try4-c4-cpu start_us=443383 end_us=447201 dur_us=3817
UKL-MQTT-BENCH: BUFFULL run_id=try4-c4-cpu start_us=449977 end_us=453209 dur_us=3231
UKL-MQTT-BENCH: BUFFULL run_id=try4-c4-cpu start_us=455988 end_us=461210 dur_us=5222
UKL-MQTT-BENCH: BUFFULL run_id=try4-c4-cpu start_us=467703 end_us=472208 dur_us=4504
UKL-MQTT-BENCH: BUFFULL run_id=try4-c4-cpu start_us=475013 end_us=479224 dur_us=4211
UKL-MQTT-BENCH: BUFFULL run_id=try4-c4-cpu start_us=482602 end_us=485525 dur_us=2922
UKL-MQTT-BENCH: BUFFULL run_id=try4-c4-cpu start_us=488336 end_us=491521 dur_us=3185
UKL-MQTT-BENCH: BUFFULL run_id=try4-c4-cpu start_us=494324 end_us=498189 dur_us=3864
UKL-MQTT-BENCH: BUFFULL run_id=try4-c4-cpu start_us=500952 end_us=504194 dur_us=3241
UKL-MQTT-BENCH: BUFFULL run_id=try4-c4-cpu start_us=507011 end_us=510224 dur_us=3212
UKL-MQTT-BENCH: BUFFULL run_id=try4-c4-cpu start_us=513016 end_us=518250 dur_us=5233
UKL-MQTT-BENCH: BUFFULL run_id=try4-c4-cpu start_us=521654 end_us=524207 dur_us=2553
UKL-MQTT-BENCH: BUFFULL run_id=try4-c4-cpu start_us=527019 end_us=530213 dur_us=3193
UKL-MQTT-BENCH: BUFFULL run_id=try4-c4-cpu start_us=533003 end_us=537552 dur_us=4548
UKL-MQTT-BENCH: BUFFULL run_id=try4-c4-cpu start_us=540930 end_us=542490 dur_us=1560
UKL-MQTT-BENCH: BUFFULL run_id=try4-c4-cpu start_us=544699 end_us=547500 dur_us=2800
UKL-MQTT-BENCH: BUFFULL run_id=try4-c4-cpu start_us=549705 end_us=554568 dur_us=4863
UKL-MQTT-BENCH: BUFFULL run_id=try4-c4-cpu start_us=557362 end_us=560176 dur_us=2814
UKL-MQTT-BENCH: BUFFULL run_id=try4-c4-cpu start_us=562960 end_us=566211 dur_us=3251
UKL-MQTT-BENCH: BUFFULL run_id=try4-c4-cpu start_us=568988 end_us=571197 dur_us=2208
UKL-MQTT-BENCH: BUFFULL run_id=try4-c4-cpu start_us=573476 end_us=578229 dur_us=4753
UKL-MQTT-BENCH: BUFFULL run_id=try4-c4-cpu start_us=581596 end_us=584520 dur_us=2924
UKL-MQTT-BENCH: BUFFULL run_id=try4-c4-cpu start_us=587337 end_us=589474 dur_us=2137
UKL-MQTT-BENCH: BUFFULL run_id=try4-c4-cpu start_us=591680 end_us=595534 dur_us=3853
UKL-MQTT-BENCH: BUFFULL run_id=try4-c4-cpu start_us=598319 end_us=602198 dur_us=3879
UKL-MQTT-BENCH: BUFFULL run_id=try4-c4-cpu start_us=604971 end_us=608196 dur_us=3224
UKL-MQTT-BENCH: BUFFULL run_id=try4-c4-cpu start_us=611044 end_us=613197 dur_us=2152
UKL-MQTT-BENCH: BUFFULL run_id=try4-c4-cpu start_us=615407 end_us=619205 dur_us=3797
UKL-MQTT-BENCH: BUFFULL run_id=try4-c4-cpu start_us=621988 end_us=625208 dur_us=3220
UKL-MQTT-BENCH: BUFFULL run_id=try4-c4-cpu start_us=627990 end_us=631523 dur_us=3533
UKL-MQTT-BENCH: BUFFULL run_id=try4-c4-cpu start_us=634313 end_us=637527 dur_us=3213
UKL-MQTT-BENCH: BUFFULL run_id=try4-c4-cpu start_us=640318 end_us=644215 dur_us=3896
UKL-MQTT-BENCH: BUFFULL run_id=try4-c4-cpu start_us=647020 end_us=650200 dur_us=3179
UKL-MQTT-BENCH: BUFFULL run_id=try4-c4-cpu start_us=652983 end_us=657193 dur_us=4209
UKL-MQTT-BENCH: BUFFULL run_id=try4-c4-cpu start_us=660578 end_us=662190 dur_us=1612
UKL-MQTT-BENCH: BUFFULL run_id=try4-c4-cpu start_us=664420 end_us=669225 dur_us=4804
UKL-MQTT-BENCH: BUFFULL run_id=try4-c4-cpu start_us=672031 end_us=677597 dur_us=5566
UKL-MQTT-BENCH: BUFFULL run_id=try4-c4-cpu start_us=681555 end_us=684192 dur_us=2636
UKL-MQTT-BENCH: BUFFULL run_id=try4-c4-cpu start_us=686996 end_us=690211 dur_us=3215
UKL-MQTT-BENCH: BUFFULL run_id=try4-c4-cpu start_us=692991 end_us=695170 dur_us=2178
UKL-MQTT-BENCH: BUFFULL run_id=try4-c4-cpu start_us=697375 end_us=702212 dur_us=4837
UKL-MQTT-BENCH: BUFFULL run_id=try4-c4-cpu start_us=705592 end_us=708519 dur_us=2927
UKL-MQTT-BENCH: BUFFULL run_id=try4-c4-cpu start_us=711308 end_us=716227 dur_us=4919
UKL-MQTT-BENCH: BUFFULL run_id=try4-c4-cpu start_us=719621 end_us=723249 dur_us=3628
UKL-MQTT-BENCH: BUFFULL run_id=try4-c4-cpu start_us=726633 end_us=728185 dur_us=1552
UKL-MQTT-BENCH: BUFFULL run_id=try4-c4-cpu start_us=730398 end_us=734502 dur_us=4104
UKL-MQTT-BENCH: BUFFULL run_id=try4-c4-cpu start_us=737298 end_us=742218 dur_us=4920
UKL-MQTT-BENCH: BUFFULL run_id=try4-c4-cpu start_us=745587 end_us=748209 dur_us=2622
UKL-MQTT-BENCH: BUFFULL run_id=try4-c4-cpu start_us=750998 end_us=754199 dur_us=3201
UKL-MQTT-BENCH: BUFFULL run_id=try4-c4-cpu start_us=756988 end_us=761530 dur_us=4542
UKL-MQTT-BENCH: BUFFULL run_id=try4-c4-cpu start_us=764897 end_us=767532 dur_us=2634
UKL-MQTT-BENCH: BUFFULL run_id=try4-c4-cpu start_us=770329 end_us=775210 dur_us=4881
UKL-MQTT-BENCH: BUFFULL run_id=try4-c4-cpu start_us=778586 end_us=782559 dur_us=3973
UKL-MQTT-BENCH: BUFFULL run_id=try4-c4-cpu start_us=785927 end_us=787496 dur_us=1568
UKL-MQTT-BENCH: BUFFULL run_id=try4-c4-cpu start_us=789694 end_us=792183 dur_us=2488
UKL-MQTT-BENCH: BUFFULL run_id=try4-c4-cpu start_us=794396 end_us=799537 dur_us=5140
UKL-MQTT-BENCH: BUFFULL run_id=try4-c4-cpu start_us=802909 end_us=806216 dur_us=3306
UKL-MQTT-BENCH: BUFFULL run_id=try4-c4-cpu start_us=809008 end_us=812202 dur_us=3194
UKL-MQTT-BENCH: BUFFULL run_id=try4-c4-cpu start_us=815008 end_us=819563 dur_us=4555
UKL-MQTT-BENCH: BUFFULL run_id=try4-c4-cpu start_us=822930 end_us=825529 dur_us=2598
UKL-MQTT-BENCH: BUFFULL run_id=try4-c4-cpu start_us=828318 end_us=832200 dur_us=3881
UKL-MQTT-BENCH: BUFFULL run_id=try4-c4-cpu start_us=834981 end_us=838206 dur_us=3224
UKL-MQTT-BENCH: BUFFULL run_id=try4-c4-cpu start_us=841000 end_us=844217 dur_us=3217
UKL-MQTT-BENCH: BUFFULL run_id=try4-c4-cpu start_us=847018 end_us=850199 dur_us=3180
UKL-MQTT-BENCH: BUFFULL run_id=try4-c4-cpu start_us=852994 end_us=856514 dur_us=3519
UKL-MQTT-BENCH: BUFFULL run_id=try4-c4-cpu start_us=859311 end_us=864224 dur_us=4913
UKL-MQTT-BENCH: BUFFULL run_id=try4-c4-cpu start_us=867633 end_us=870213 dur_us=2579
UKL-MQTT-BENCH: BUFFULL run_id=try4-c4-cpu start_us=873026 end_us=876198 dur_us=3171
UKL-MQTT-BENCH: BUFFULL run_id=try4-c4-cpu start_us=879000 end_us=884232 dur_us=5231
UKL-MQTT-BENCH: BUFFULL run_id=try4-c4-cpu start_us=887676 end_us=889194 dur_us=1517
UKL-MQTT-BENCH: BUFFULL run_id=try4-c4-cpu start_us=891420 end_us=894184 dur_us=2764
UKL-MQTT-BENCH: BUFFULL run_id=try4-c4-cpu start_us=896393 end_us=901251 dur_us=4858
UKL-MQTT-BENCH: BUFFULL run_id=try4-c4-cpu start_us=904032 end_us=906173 dur_us=2141
UKL-MQTT-BENCH: BUFFULL run_id=try4-c4-cpu start_us=908980 end_us=911150 dur_us=2169
UKL-MQTT-BENCH: BUFFULL run_id=try4-c4-cpu start_us=912794 end_us=917198 dur_us=4404
UKL-MQTT-BENCH: BUFFULL run_id=try4-c4-cpu start_us=920659 end_us=923207 dur_us=2547
UKL-MQTT-BENCH: BUFFULL run_id=try4-c4-cpu start_us=926002 end_us=931222 dur_us=5219
UKL-MQTT-BENCH: BUFFULL run_id=try4-c4-cpu start_us=934597 end_us=938562 dur_us=3965
UKL-MQTT-BENCH: BUFFULL run_id=try4-c4-cpu start_us=941965 end_us=946195 dur_us=4229
UKL-MQTT-BENCH: BUFFULL run_id=try4-c4-cpu start_us=949570 end_us=953593 dur_us=4022
UKL-MQTT-BENCH: BUFFULL run_id=try4-c4-cpu start_us=958224 end_us=963195 dur_us=4970
UKL-MQTT-BENCH: BUFFULL run_id=try4-c4-cpu start_us=966795 end_us=971217 dur_us=4421
UKL-MQTT-BENCH: BUFFULL run_id=try4-c4-cpu start_us=974580 end_us=978207 dur_us=3626
UKL-MQTT-BENCH: BUFFULL run_id=try4-c4-cpu start_us=981575 end_us=986238 dur_us=4663
UKL-MQTT-BENCH: BUFFULL run_id=try4-c4-cpu start_us=989596 end_us=993180 dur_us=3584
UKL-MQTT-BENCH: BUFFULL run_id=try4-c4-cpu start_us=996558 end_us=999211 dur_us=2652
UKL-MQTT-BENCH: BUFFULL run_id=try4-c4-cpu start_us=1001999 end_us=1005225 dur_us=3226
UKL-MQTT-BENCH: BUFFULL run_id=try4-c4-cpu start_us=1008046 end_us=1013206 dur_us=5160
UKL-MQTT-BENCH: BUFFULL run_id=try4-c4-cpu start_us=1016563 end_us=1019201 dur_us=2638
UKL-MQTT-BENCH: BUFFULL run_id=try4-c4-cpu start_us=1022045 end_us=1024199 dur_us=2154
UKL-MQTT-BENCH: BUFFULL run_id=try4-c4-cpu start_us=1026421 end_us=1030211 dur_us=3790
UKL-MQTT-BENCH: BUFFULL run_id=try4-c4-cpu start_us=1032459 end_us=1036217 dur_us=3757
UKL-MQTT-BENCH: BUFFULL run_id=try4-c4-cpu start_us=1039000 end_us=1041254 dur_us=2254
UKL-MQTT-BENCH: BUFFULL run_id=try4-c4-cpu start_us=1044053 end_us=1046490 dur_us=2437
UKL-MQTT-BENCH: BUFFULL run_id=try4-c4-cpu start_us=1048772 end_us=1052544 dur_us=3771
UKL-MQTT-BENCH: BUFFULL run_id=try4-c4-cpu start_us=1055341 end_us=1057461 dur_us=2119
UKL-MQTT-BENCH: BUFFULL run_id=try4-c4-cpu start_us=1059122 end_us=1061139 dur_us=2017
UKL-MQTT-BENCH: BUFFULL run_id=try4-c4-cpu start_us=1063346 end_us=1066163 dur_us=2816
UKL-MQTT-BENCH: BUFFULL run_id=try4-c4-cpu start_us=1068366 end_us=1072206 dur_us=3840
UKL-MQTT-BENCH: BUFFULL run_id=try4-c4-cpu start_us=1074996 end_us=1078188 dur_us=3192
UKL-MQTT-BENCH: BUFFULL run_id=try4-c4-cpu start_us=1080390 end_us=1083796 dur_us=3405
UKL-MQTT-BENCH: BUFFULL run_id=try4-c4-cpu start_us=1086782 end_us=1090211 dur_us=3429
UKL-MQTT-BENCH: BUFFULL run_id=try4-c4-cpu start_us=1092429 end_us=1095536 dur_us=3106
UKL-MQTT-BENCH: BUFFULL run_id=try4-c4-cpu start_us=1098338 end_us=1102526 dur_us=4187
UKL-MQTT-BENCH: BUFFULL run_id=try4-c4-cpu start_us=1105883 end_us=1110218 dur_us=4334
UKL-MQTT-BENCH: BUFFULL run_id=try4-c4-cpu start_us=1113582 end_us=1116214 dur_us=2631
UKL-MQTT-BENCH: BUFFULL run_id=try4-c4-cpu start_us=1119073 end_us=1121183 dur_us=2110
UKL-MQTT-BENCH: BUFFULL run_id=try4-c4-cpu start_us=1123433 end_us=1127528 dur_us=4094
UKL-MQTT-BENCH: BUFFULL run_id=try4-c4-cpu start_us=1130346 end_us=1134220 dur_us=3873
UKL-MQTT-BENCH: BUFFULL run_id=try4-c4-cpu start_us=1137210 end_us=1141562 dur_us=4351
UKL-MQTT-BENCH: BUFFULL run_id=try4-c4-cpu start_us=1144943 end_us=1148193 dur_us=3249
UKL-MQTT-BENCH: BUFFULL run_id=try4-c4-cpu start_us=1150996 end_us=1155234 dur_us=4237
UKL-MQTT-BENCH: BUFFULL run_id=try4-c4-cpu start_us=1158587 end_us=1162551 dur_us=3963
UKL-MQTT-BENCH: BUFFULL run_id=try4-c4-cpu start_us=1165900 end_us=1169203 dur_us=3303
UKL-MQTT-BENCH: BUFFULL run_id=try4-c4-cpu start_us=1171990 end_us=1175195 dur_us=3205
UKL-MQTT-BENCH: BUFFULL run_id=try4-c4-cpu start_us=1177975 end_us=1181212 dur_us=3236
UKL-MQTT-BENCH: BUFFULL run_id=try4-c4-cpu start_us=1184013 end_us=1186173 dur_us=2160
UKL-MQTT-BENCH: BUFFULL run_id=try4-c4-cpu start_us=1188385 end_us=1192201 dur_us=3816
UKL-MQTT-BENCH: BUFFULL run_id=try4-c4-cpu start_us=1194984 end_us=1198203 dur_us=3219
UKL-MQTT-BENCH: BUFFULL run_id=try4-c4-cpu start_us=1200412 end_us=1204528 dur_us=4116
UKL-MQTT-BENCH: BUFFULL run_id=try4-c4-cpu start_us=1207870 end_us=1209491 dur_us=1620
UKL-MQTT-BENCH: BUFFULL run_id=try4-c4-cpu start_us=1211696 end_us=1215515 dur_us=3819
UKL-MQTT-BENCH: BUFFULL run_id=try4-c4-cpu start_us=1218341 end_us=1223219 dur_us=4878
UKL-MQTT-BENCH: BUFFULL run_id=try4-c4-cpu start_us=1226731 end_us=1229538 dur_us=2806
UKL-MQTT-BENCH: BUFFULL run_id=try4-c4-cpu start_us=1232338 end_us=1235523 dur_us=3185
UKL-MQTT-BENCH: BUFFULL run_id=try4-c4-cpu start_us=1238327 end_us=1242202 dur_us=3874
UKL-MQTT-BENCH: BUFFULL run_id=try4-c4-cpu start_us=1245020 end_us=1248223 dur_us=3202
UKL-MQTT-BENCH: BUFFULL run_id=try4-c4-cpu start_us=1251010 end_us=1254203 dur_us=3192
UKL-MQTT-BENCH: BUFFULL run_id=try4-c4-cpu start_us=1256986 end_us=1260196 dur_us=3210
UKL-MQTT-BENCH: BUFFULL run_id=try4-c4-cpu start_us=1262975 end_us=1268201 dur_us=5225
UKL-MQTT-BENCH: BUFFULL run_id=try4-c4-cpu start_us=1271584 end_us=1273189 dur_us=1605
UKL-MQTT-BENCH: BUFFULL run_id=try4-c4-cpu start_us=1275401 end_us=1279244 dur_us=3842
UKL-MQTT-BENCH: BUFFULL run_id=try4-c4-cpu start_us=1282067 end_us=1288266 dur_us=6199
UKL-MQTT-BENCH: BUFFULL run_id=try4-c4-cpu start_us=1292160 end_us=1294192 dur_us=2032
UKL-MQTT-BENCH: BUFFULL run_id=try4-c4-cpu start_us=1296915 end_us=1300210 dur_us=3294
UKL-MQTT-BENCH: BUFFULL run_id=try4-c4-cpu start_us=1302944 end_us=1305168 dur_us=2223
UKL-MQTT-BENCH: BUFFULL run_id=try4-c4-cpu start_us=1307341 end_us=1312558 dur_us=5216
UKL-MQTT-BENCH: BUFFULL run_id=try4-c4-cpu start_us=1315871 end_us=1319193 dur_us=3322
UKL-MQTT-BENCH: BUFFULL run_id=try4-c4-cpu start_us=1321933 end_us=1326210 dur_us=4276
UKL-MQTT-BENCH: BUFFULL run_id=try4-c4-cpu start_us=1329592 end_us=1333542 dur_us=3950
UKL-MQTT-BENCH: BUFFULL run_id=try4-c4-cpu start_us=1336865 end_us=1340215 dur_us=3350
UKL-MQTT-BENCH: BUFFULL run_id=try4-c4-cpu start_us=1342958 end_us=1345176 dur_us=2217
UKL-MQTT-BENCH: BUFFULL run_id=try4-c4-cpu start_us=1347400 end_us=1352234 dur_us=4834
UKL-MQTT-BENCH: BUFFULL run_id=try4-c4-cpu start_us=1355542 end_us=1358524 dur_us=2982
UKL-MQTT-BENCH: BUFFULL run_id=try4-c4-cpu start_us=1361261 end_us=1364531 dur_us=3269
UKL-MQTT-BENCH: BUFFULL run_id=try4-c4-cpu start_us=1367260 end_us=1371186 dur_us=3926
UKL-MQTT-BENCH: BUFFULL run_id=try4-c4-cpu start_us=1373916 end_us=1377188 dur_us=3272
UKL-MQTT-BENCH: BUFFULL run_id=try4-c4-cpu start_us=1379922 end_us=1381490 dur_us=1568
UKL-MQTT-BENCH: BUFFULL run_id=try4-c4-cpu start_us=1383663 end_us=1388190 dur_us=4526
UKL-MQTT-BENCH: BUFFULL run_id=try4-c4-cpu start_us=1390940 end_us=1393517 dur_us=2577
UKL-MQTT-BENCH: BUFFULL run_id=try4-c4-cpu start_us=1395712 end_us=1400214 dur_us=4501
UKL-MQTT-BENCH: BUFFULL run_id=try4-c4-cpu start_us=1403514 end_us=1405182 dur_us=1667
UKL-MQTT-BENCH: BUFFULL run_id=try4-c4-cpu start_us=1407345 end_us=1411187 dur_us=3842
UKL-MQTT-BENCH: BUFFULL run_id=try4-c4-cpu start_us=1413921 end_us=1417198 dur_us=3276
UKL-MQTT-BENCH: BUFFULL run_id=try4-c4-cpu start_us=1419926 end_us=1423188 dur_us=3262
UKL-MQTT-BENCH: BUFFULL run_id=try4-c4-cpu start_us=1425921 end_us=1430229 dur_us=4307
UKL-MQTT-BENCH: BUFFULL run_id=try4-c4-cpu start_us=1433588 end_us=1436215 dur_us=2626
UKL-MQTT-BENCH: BUFFULL run_id=try4-c4-cpu start_us=1438957 end_us=1442528 dur_us=3570
UKL-MQTT-BENCH: BUFFULL run_id=try4-c4-cpu start_us=1445287 end_us=1448522 dur_us=3234
UKL-MQTT-BENCH: BUFFULL run_id=try4-c4-cpu start_us=1451282 end_us=1453484 dur_us=2202
UKL-MQTT-BENCH: BUFFULL run_id=try4-c4-cpu start_us=1455642 end_us=1459522 dur_us=3879
UKL-MQTT-BENCH: BUFFULL run_id=try4-c4-cpu start_us=1462284 end_us=1465501 dur_us=3216
UKL-MQTT-BENCH: BUFFULL run_id=try4-c4-cpu start_us=1468262 end_us=1471519 dur_us=3256
UKL-MQTT-BENCH: BUFFULL run_id=try4-c4-cpu start_us=1474289 end_us=1479222 dur_us=4932
UKL-MQTT-BENCH: BUFFULL run_id=try4-c4-cpu start_us=1482537 end_us=1486224 dur_us=3687
UKL-MQTT-BENCH: BUFFULL run_id=try4-c4-cpu start_us=1489582 end_us=1491240 dur_us=1657
UKL-MQTT-BENCH: BUFFULL run_id=try4-c4-cpu start_us=1493394 end_us=1498538 dur_us=5143
UKL-MQTT-BENCH: BUFFULL run_id=try4-c4-cpu start_us=1501834 end_us=1504523 dur_us=2688
UKL-MQTT-BENCH: BUFFULL run_id=try4-c4-cpu start_us=1507273 end_us=1511193 dur_us=3919
UKL-MQTT-BENCH: BUFFULL run_id=try4-c4-cpu start_us=1513921 end_us=1517187 dur_us=3266
UKL-MQTT-BENCH: BUFFULL run_id=try4-c4-cpu start_us=1519931 end_us=1523186 dur_us=3255
UKL-MQTT-BENCH: BUFFULL run_id=try4-c4-cpu start_us=1525916 end_us=1529201 dur_us=3284
UKL-MQTT-BENCH: BUFFULL run_id=try4-c4-cpu start_us=1531997 end_us=1535222 dur_us=3224
UKL-MQTT-BENCH: BUFFULL run_id=try4-c4-cpu start_us=1537975 end_us=1541207 dur_us=3232
UKL-MQTT-BENCH: BUFFULL run_id=try4-c4-cpu start_us=1543942 end_us=1547511 dur_us=3569
UKL-MQTT-BENCH: BUFFULL run_id=try4-c4-cpu start_us=1550281 end_us=1552169 dur_us=1887
UKL-MQTT-BENCH: BUFFULL run_id=try4-c4-cpu start_us=1554359 end_us=1558539 dur_us=4179
UKL-MQTT-BENCH: BUFFULL run_id=try4-c4-cpu start_us=1561264 end_us=1565543 dur_us=4278
UKL-MQTT-BENCH: BUFFULL run_id=try4-c4-cpu start_us=1568841 end_us=1572193 dur_us=3351
UKL-MQTT-BENCH: BUFFULL run_id=try4-c4-cpu start_us=1574915 end_us=1578203 dur_us=3287
UKL-MQTT-BENCH: BUFFULL run_id=try4-c4-cpu start_us=1580940 end_us=1584197 dur_us=3257
UKL-MQTT-BENCH: BUFFULL run_id=try4-c4-cpu start_us=1586939 end_us=1590184 dur_us=3244
UKL-MQTT-BENCH: BUFFULL run_id=try4-c4-cpu start_us=1592894 end_us=1596204 dur_us=3310
UKL-MQTT-BENCH: BUFFULL run_id=try4-c4-cpu start_us=1598930 end_us=1602198 dur_us=3267
UKL-MQTT-BENCH: BUFFULL run_id=try4-c4-cpu start_us=1604925 end_us=1609218 dur_us=4292
UKL-MQTT-BENCH: BUFFULL run_id=try4-c4-cpu start_us=1612528 end_us=1615511 dur_us=2982
UKL-MQTT-BENCH: BUFFULL run_id=try4-c4-cpu start_us=1618236 end_us=1621521 dur_us=3285
UKL-MQTT-BENCH: BUFFULL run_id=try4-c4-cpu start_us=1624259 end_us=1629219 dur_us=4959
UKL-MQTT-BENCH: BUFFULL run_id=try4-c4-cpu start_us=1635693 end_us=1638502 dur_us=2809
UKL-MQTT-BENCH: BUFFULL run_id=try4-c4-cpu start_us=1640666 end_us=1645542 dur_us=4876
UKL-MQTT-BENCH: BUFFULL run_id=try4-c4-cpu start_us=1648296 end_us=1651179 dur_us=2883
UKL-MQTT-BENCH: BUFFULL run_id=try4-c4-cpu start_us=1653909 end_us=1657197 dur_us=3288
UKL-MQTT-BENCH: BUFFULL run_id=try4-c4-cpu start_us=1659936 end_us=1663203 dur_us=3267
UKL-MQTT-BENCH: BUFFULL run_id=try4-c4-cpu start_us=1665941 end_us=1670192 dur_us=4251
UKL-MQTT-BENCH: BUFFULL run_id=try4-c4-cpu start_us=1673478 end_us=1676210 dur_us=2731
UKL-MQTT-BENCH: BUFFULL run_id=try4-c4-cpu start_us=1678931 end_us=1682180 dur_us=3248
UKL-MQTT-BENCH: BUFFULL run_id=try4-c4-cpu start_us=1684900 end_us=1691239 dur_us=6339
UKL-MQTT-BENCH: BUFFULL run_id=try4-c4-cpu start_us=1695094 end_us=1697194 dur_us=2100
UKL-MQTT-BENCH: BUFFULL run_id=try4-c4-cpu start_us=1699925 end_us=1704203 dur_us=4277
UKL-MQTT-BENCH: BUFFULL run_id=try4-c4-cpu start_us=1707491 end_us=1710193 dur_us=2702
UKL-MQTT-BENCH: BUFFULL run_id=try4-c4-cpu start_us=1712920 end_us=1716207 dur_us=3286
UKL-MQTT-BENCH: BUFFULL run_id=try4-c4-cpu start_us=1718937 end_us=1722198 dur_us=3261
UKL-MQTT-BENCH: BUFFULL run_id=try4-c4-cpu start_us=1724935 end_us=1728500 dur_us=3564
UKL-MQTT-BENCH: BUFFULL run_id=try4-c4-cpu start_us=1731226 end_us=1733163 dur_us=1937
UKL-MQTT-BENCH: BUFFULL run_id=try4-c4-cpu start_us=1735351 end_us=1739211 dur_us=3859
UKL-MQTT-BENCH: BUFFULL run_id=try4-c4-cpu start_us=1741383 end_us=1745512 dur_us=4129
UKL-MQTT-BENCH: BUFFULL run_id=try4-c4-cpu start_us=1748823 end_us=1751518 dur_us=2694
UKL-MQTT-BENCH: BUFFULL run_id=try4-c4-cpu start_us=1754266 end_us=1757528 dur_us=3262
UKL-MQTT-BENCH: BUFFULL run_id=try4-c4-cpu start_us=1760282 end_us=1765233 dur_us=4950
UKL-MQTT-BENCH: BUFFULL run_id=try4-c4-cpu start_us=1768547 end_us=1770209 dur_us=1662
UKL-MQTT-BENCH: BUFFULL run_id=try4-c4-cpu start_us=1772393 end_us=1775184 dur_us=2790
UKL-MQTT-BENCH: BUFFULL run_id=try4-c4-cpu start_us=1777352 end_us=1782267 dur_us=4915
UKL-MQTT-BENCH: BUFFULL run_id=try4-c4-cpu start_us=1785024 end_us=1787188 dur_us=2164
UKL-MQTT-BENCH: BUFFULL run_id=try4-c4-cpu start_us=1789920 end_us=1793225 dur_us=3304
UKL-MQTT-BENCH: BUFFULL run_id=try4-c4-cpu start_us=1796144 end_us=1799190 dur_us=3045
UKL-MQTT-BENCH: BUFFULL run_id=try4-c4-cpu start_us=1801506 end_us=1805231 dur_us=3724
UKL-MQTT-BENCH: BUFFULL run_id=try4-c4-cpu start_us=1807975 end_us=1812227 dur_us=4251
UKL-MQTT-BENCH: BUFFULL run_id=try4-c4-cpu start_us=1815541 end_us=1819531 dur_us=3990
UKL-MQTT-BENCH: BUFFULL run_id=try4-c4-cpu start_us=1822831 end_us=1824504 dur_us=1673
UKL-MQTT-BENCH: BUFFULL run_id=try4-c4-cpu start_us=1826670 end_us=1830536 dur_us=3866
UKL-MQTT-BENCH: BUFFULL run_id=try4-c4-cpu start_us=1833265 end_us=1836505 dur_us=3239
UKL-MQTT-BENCH: BUFFULL run_id=try4-c4-cpu start_us=1839304 end_us=1843211 dur_us=3907
UKL-MQTT-BENCH: BUFFULL run_id=try4-c4-cpu start_us=1845951 end_us=1849193 dur_us=3241
UKL-MQTT-BENCH: BUFFULL run_id=try4-c4-cpu start_us=1851923 end_us=1855205 dur_us=3281
UKL-MQTT-BENCH: BUFFULL run_id=try4-c4-cpu start_us=1857942 end_us=1861192 dur_us=3249
UKL-MQTT-BENCH: BUFFULL run_id=try4-c4-cpu start_us=1863931 end_us=1867212 dur_us=3281
UKL-MQTT-BENCH: BUFFULL run_id=try4-c4-cpu start_us=1870640 end_us=1872176 dur_us=1535
UKL-MQTT-BENCH: BUFFULL run_id=try4-c4-cpu start_us=1874364 end_us=1878197 dur_us=3832
UKL-MQTT-BENCH: BUFFULL run_id=try4-c4-cpu start_us=1880960 end_us=1884524 dur_us=3564
UKL-MQTT-BENCH: BUFFULL run_id=try4-c4-cpu start_us=1887282 end_us=1890544 dur_us=3262
UKL-MQTT-BENCH: BUFFULL run_id=try4-c4-cpu start_us=1893290 end_us=1898221 dur_us=4931
UKL-MQTT-BENCH: BUFFULL run_id=try4-c4-cpu start_us=1901548 end_us=1905224 dur_us=3676
UKL-MQTT-BENCH: BUFFULL run_id=try4-c4-cpu start_us=1908524 end_us=1910161 dur_us=1637
UKL-MQTT-BENCH: BUFFULL run_id=try4-c4-cpu start_us=1912341 end_us=1917510 dur_us=5168
UKL-MQTT-BENCH: BUFFULL run_id=try4-c4-cpu start_us=1920805 end_us=1925207 dur_us=4402
UKL-MQTT-BENCH: BUFFULL run_id=try4-c4-cpu start_us=1928503 end_us=1931199 dur_us=2696
UKL-MQTT-BENCH: BUFFULL run_id=try4-c4-cpu start_us=1933940 end_us=1938198 dur_us=4258
UKL-MQTT-BENCH: BUFFULL run_id=try4-c4-cpu start_us=1941539 end_us=1944206 dur_us=2667
UKL-MQTT-BENCH: BUFFULL run_id=try4-c4-cpu start_us=1946948 end_us=1950524 dur_us=3575
UKL-MQTT-BENCH: BUFFULL run_id=try4-c4-cpu start_us=1953353 end_us=1958197 dur_us=4843
UKL-MQTT-BENCH: BUFFULL run_id=try4-c4-cpu start_us=1961512 end_us=1965206 dur_us=3693
UKL-MQTT-BENCH: BUFFULL run_id=try4-c4-cpu start_us=1968513 end_us=1970177 dur_us=1664
UKL-MQTT-BENCH: BUFFULL run_id=try4-c4-cpu start_us=1972339 end_us=1977216 dur_us=4876
UKL-MQTT-BENCH: BUFFULL run_id=try4-c4-cpu start_us=1980539 end_us=1984527 dur_us=3987
UKL-MQTT-BENCH: BUFFULL run_id=try4-c4-cpu start_us=1987844 end_us=1991191 dur_us=3347
UKL-MQTT-BENCH: BUFFULL run_id=try4-c4-cpu start_us=1993903 end_us=1997199 dur_us=3295
UKL-MQTT-BENCH: BUFFULL run_id=try4-c4-cpu start_us=1999922 end_us=2002173 dur_us=2251
UKL-MQTT-BENCH: BUFFULL run_id=try4-c4-cpu start_us=2004335 end_us=2007531 dur_us=3195
UKL-MQTT-BENCH: BUFFULL run_id=try4-c4-cpu start_us=2010274 end_us=2013535 dur_us=3260
UKL-MQTT-BENCH: BUFFULL run_id=try4-c4-cpu start_us=2016288 end_us=2020200 dur_us=3911
UKL-MQTT-BENCH: BUFFULL run_id=try4-c4-cpu start_us=2022936 end_us=2025162 dur_us=2225
UKL-MQTT-BENCH: BUFFULL run_id=try4-c4-cpu start_us=2027326 end_us=2030513 dur_us=3187
UKL-MQTT-BENCH: BUFFULL run_id=try4-c4-cpu start_us=2032671 end_us=2037209 dur_us=4538
UKL-MQTT-BENCH: BUFFULL run_id=try4-c4-cpu start_us=2040505 end_us=2043222 dur_us=2716
UKL-MQTT-BENCH: BUFFULL run_id=try4-c4-cpu start_us=2045975 end_us=2049206 dur_us=3231
UKL-MQTT-BENCH: BUFFULL run_id=try4-c4-cpu start_us=2051965 end_us=2054139 dur_us=2173
UKL-MQTT-BENCH: BUFFULL run_id=try4-c4-cpu start_us=2055751 end_us=2060220 dur_us=4469
UKL-MQTT-BENCH: BUFFULL run_id=try4-c4-cpu start_us=2062978 end_us=2065180 dur_us=2201
UKL-MQTT-BENCH: BUFFULL run_id=try4-c4-cpu start_us=2067915 end_us=2070503 dur_us=2587
UKL-MQTT-BENCH: BUFFULL run_id=try4-c4-cpu start_us=2072702 end_us=2076182 dur_us=3480
UKL-MQTT-BENCH: BUFFULL run_id=try4-c4-cpu start_us=2078911 end_us=2082195 dur_us=3284
UKL-MQTT-BENCH: BUFFULL run_id=try4-c4-cpu start_us=2084348 end_us=2087147 dur_us=2798
UKL-MQTT-BENCH: BUFFULL run_id=try4-c4-cpu start_us=2089308 end_us=2093182 dur_us=3873
UKL-MQTT-BENCH: BUFFULL run_id=try4-c4-cpu start_us=2096472 end_us=2099198 dur_us=2726
UKL-MQTT-BENCH: BUFFULL run_id=try4-c4-cpu start_us=2101931 end_us=2105500 dur_us=3569
UKL-MQTT-BENCH: BUFFULL run_id=try4-c4-cpu start_us=2108238 end_us=2113204 dur_us=4965
UKL-MQTT-BENCH: BUFFULL run_id=try4-c4-cpu start_us=2116509 end_us=2119198 dur_us=2689
UKL-MQTT-BENCH: BUFFULL run_id=try4-c4-cpu start_us=2121937 end_us=2126196 dur_us=4259
UKL-MQTT-BENCH: BUFFULL run_id=try4-c4-cpu start_us=2129508 end_us=2133543 dur_us=4034
UKL-MQTT-BENCH: BUFFULL run_id=try4-c4-cpu start_us=2136842 end_us=2138500 dur_us=1657
UKL-MQTT-BENCH: BUFFULL run_id=try4-c4-cpu start_us=2140653 end_us=2143181 dur_us=2528
UKL-MQTT-BENCH: BUFFULL run_id=try4-c4-cpu start_us=2145389 end_us=2151200 dur_us=5810
UKL-MQTT-BENCH: BUFFULL run_id=try4-c4-cpu start_us=2154514 end_us=2157219 dur_us=2704
UKL-MQTT-BENCH: BUFFULL run_id=try4-c4-cpu start_us=2159964 end_us=2163198 dur_us=3234
UKL-MQTT-BENCH: BUFFULL run_id=try4-c4-cpu start_us=2165933 end_us=2170222 dur_us=4288
UKL-MQTT-BENCH: BUFFULL run_id=try4-c4-cpu start_us=2173528 end_us=2176535 dur_us=3006
UKL-MQTT-BENCH: BUFFULL run_id=try4-c4-cpu start_us=2179282 end_us=2182537 dur_us=3254
UKL-MQTT-BENCH: BUFFULL run_id=try4-c4-cpu start_us=2185281 end_us=2188534 dur_us=3252
UKL-MQTT-BENCH: BUFFULL run_id=try4-c4-cpu start_us=2191263 end_us=2194507 dur_us=3244
UKL-MQTT-BENCH: BUFFULL run_id=try4-c4-cpu start_us=2197241 end_us=2201201 dur_us=3959
UKL-MQTT-BENCH: BUFFULL run_id=try4-c4-cpu start_us=2203944 end_us=2207192 dur_us=3248
UKL-MQTT-BENCH: BUFFULL run_id=try4-c4-cpu start_us=2209923 end_us=2214215 dur_us=4292
UKL-MQTT-BENCH: BUFFULL run_id=try4-c4-cpu start_us=2217537 end_us=2220192 dur_us=2654
UKL-MQTT-BENCH: BUFFULL run_id=try4-c4-cpu start_us=2223048 end_us=2226540 dur_us=3491
UKL-MQTT-BENCH: BUFFULL run_id=try4-c4-cpu start_us=2229273 end_us=2234202 dur_us=4928
UKL-MQTT-BENCH: BUFFULL run_id=try4-c4-cpu start_us=2237494 end_us=2239168 dur_us=1673
UKL-MQTT-BENCH: BUFFULL run_id=try4-c4-cpu start_us=2241341 end_us=2243496 dur_us=2155
UKL-MQTT-BENCH: BUFFULL run_id=try4-c4-cpu start_us=2245663 end_us=2251250 dur_us=5586
UKL-MQTT-BENCH: BUFFULL run_id=try4-c4-cpu start_us=2253993 end_us=2256177 dur_us=2184
UKL-MQTT-BENCH: BUFFULL run_id=try4-c4-cpu start_us=2258915 end_us=2262198 dur_us=3282
UKL-MQTT-BENCH: BUFFULL run_id=try4-c4-cpu start_us=2264937 end_us=2267165 dur_us=2227
UKL-MQTT-BENCH: BUFFULL run_id=try4-c4-cpu start_us=2269329 end_us=2273181 dur_us=3851
UKL-MQTT-BENCH: BUFFULL run_id=try4-c4-cpu start_us=2275904 end_us=2280215 dur_us=4311
UKL-MQTT-BENCH: BUFFULL run_id=try4-c4-cpu start_us=2283494 end_us=2287527 dur_us=4033
UKL-MQTT-BENCH: BUFFULL run_id=try4-c4-cpu start_us=2290829 end_us=2292322 dur_us=1492
UKL-MQTT-BENCH: BUFFULL run_id=try4-c4-cpu start_us=2294491 end_us=2298190 dur_us=3699
UKL-MQTT-BENCH: BUFFULL run_id=try4-c4-cpu start_us=2300909 end_us=2304512 dur_us=3602
UKL-MQTT-BENCH: BUFFULL run_id=try4-c4-cpu start_us=2307238 end_us=2310522 dur_us=3284
UKL-MQTT-BENCH: BUFFULL run_id=try4-c4-cpu start_us=2313251 end_us=2316523 dur_us=3272
UKL-MQTT-BENCH: BUFFULL run_id=try4-c4-cpu start_us=2319248 end_us=2322517 dur_us=3268
UKL-MQTT-BENCH: BUFFULL run_id=try4-c4-cpu start_us=2325236 end_us=2328521 dur_us=3284
UKL-MQTT-BENCH: BUFFULL run_id=try4-c4-cpu start_us=2331255 end_us=2334509 dur_us=3254
UKL-MQTT-BENCH: BUFFULL run_id=try4-c4-cpu start_us=2337267 end_us=2339474 dur_us=2206
UKL-MQTT-BENCH: BUFFULL run_id=try4-c4-cpu start_us=2341649 end_us=2345523 dur_us=3873
UKL-MQTT-BENCH: BUFFULL run_id=try4-c4-cpu start_us=2348261 end_us=2352198 dur_us=3936
UKL-MQTT-BENCH: BUFFULL run_id=try4-c4-cpu start_us=2354936 end_us=2358197 dur_us=3260
UKL-MQTT-BENCH: BUFFULL run_id=try4-c4-cpu start_us=2360941 end_us=2365218 dur_us=4277
UKL-MQTT-BENCH: BUFFULL run_id=try4-c4-cpu start_us=2368522 end_us=2372552 dur_us=4030
UKL-MQTT-BENCH: BUFFULL run_id=try4-c4-cpu start_us=2375952 end_us=2377501 dur_us=1549
UKL-MQTT-BENCH: BUFFULL run_id=try4-c4-cpu start_us=2379668 end_us=2385209 dur_us=5541
UKL-MQTT-BENCH: BUFFULL run_id=try4-c4-cpu start_us=2388508 end_us=2391178 dur_us=2670
UKL-MQTT-BENCH: BUFFULL run_id=try4-c4-cpu start_us=2393900 end_us=2397183 dur_us=3283
UKL-MQTT-BENCH: BUFFULL run_id=try4-c4-cpu start_us=2399918 end_us=2403163 dur_us=3244
UKL-MQTT-BENCH: BUFFULL run_id=try4-c4-cpu start_us=2405929 end_us=2409193 dur_us=3263
UKL-MQTT-BENCH: BUFFULL run_id=try4-c4-cpu start_us=2411934 end_us=2415198 dur_us=3263
UKL-MQTT-BENCH: BUFFULL run_id=try4-c4-cpu start_us=2417913 end_us=2421167 dur_us=3254
UKL-MQTT-BENCH: BUFFULL run_id=try4-c4-cpu start_us=2423915 end_us=2427183 dur_us=3267
UKL-MQTT-BENCH: BUFFULL run_id=try4-c4-cpu start_us=2429927 end_us=2433210 dur_us=3282
UKL-MQTT-BENCH: BUFFULL run_id=try4-c4-cpu start_us=2435931 end_us=2440550 dur_us=4618
UKL-MQTT-BENCH: BUFFULL run_id=try4-c4-cpu start_us=2443844 end_us=2447196 dur_us=3351
UKL-MQTT-BENCH: BUFFULL run_id=try4-c4-cpu start_us=2449917 end_us=2453206 dur_us=3289
UKL-MQTT-BENCH: BUFFULL run_id=try4-c4-cpu start_us=2455952 end_us=2459178 dur_us=3226
UKL-MQTT-BENCH: BUFFULL run_id=try4-c4-cpu start_us=2461909 end_us=2465191 dur_us=3282
UKL-MQTT-BENCH: BUFFULL run_id=try4-c4-cpu start_us=2467938 end_us=2471196 dur_us=3258
UKL-MQTT-BENCH: BUFFULL run_id=try4-c4-cpu start_us=2473945 end_us=2478544 dur_us=4599
UKL-MQTT-BENCH: BUFFULL run_id=try4-c4-cpu start_us=2481873 end_us=2484528 dur_us=2654
UKL-MQTT-BENCH: BUFFULL run_id=try4-c4-cpu start_us=2487287 end_us=2491206 dur_us=3919
UKL-MQTT-BENCH: BUFFULL run_id=try4-c4-cpu start_us=2493945 end_us=2498213 dur_us=4267
UKL-MQTT-BENCH: BUFFULL run_id=try4-c4-cpu start_us=2501509 end_us=2503151 dur_us=1642
UKL-MQTT-BENCH: BUFFULL run_id=try4-c4-cpu start_us=2505320 end_us=2508154 dur_us=2833
UKL-MQTT-BENCH: BUFFULL run_id=try4-c4-cpu start_us=2510322 end_us=2515234 dur_us=4911
UKL-MQTT-BENCH: BUFFULL run_id=try4-c4-cpu start_us=2517966 end_us=2520153 dur_us=2186
UKL-MQTT-BENCH: BUFFULL run_id=try4-c4-cpu start_us=2522872 end_us=2527181 dur_us=4308
UKL-MQTT-BENCH: BUFFULL run_id=try4-c4-cpu start_us=2530484 end_us=2532186 dur_us=1702
UKL-MQTT-BENCH: BUFFULL run_id=try4-c4-cpu start_us=2534356 end_us=2539204 dur_us=4848
UKL-MQTT-BENCH: BUFFULL run_id=try4-c4-cpu start_us=2542512 end_us=2546523 dur_us=4011
UKL-MQTT-BENCH: BUFFULL run_id=try4-c4-cpu start_us=2549821 end_us=2553188 dur_us=3367
UKL-MQTT-BENCH: BUFFULL run_id=try4-c4-cpu start_us=2555989 end_us=2559209 dur_us=3219
UKL-MQTT-BENCH: BUFFULL run_id=try4-c4-cpu start_us=2561958 end_us=2564167 dur_us=2208
UKL-MQTT-BENCH: BUFFULL run_id=try4-c4-cpu start_us=2566337 end_us=2569545 dur_us=3208
UKL-MQTT-BENCH: BUFFULL run_id=try4-c4-cpu start_us=2572310 end_us=2575491 dur_us=3181
UKL-MQTT-BENCH: BUFFULL run_id=try4-c4-cpu start_us=2577664 end_us=2582183 dur_us=4518
UKL-MQTT-BENCH: BUFFULL run_id=try4-c4-cpu start_us=2585477 end_us=2587176 dur_us=1699
UKL-MQTT-BENCH: BUFFULL run_id=try4-c4-cpu start_us=2589365 end_us=2593204 dur_us=3838
UKL-MQTT-BENCH: BUFFULL run_id=try4-c4-cpu start_us=2595933 end_us=2600207 dur_us=4273
UKL-MQTT-BENCH: BUFFULL run_id=try4-c4-cpu start_us=2603512 end_us=2606548 dur_us=3035
UKL-MQTT-BENCH: BUFFULL run_id=try4-c4-cpu start_us=2609336 end_us=2611533 dur_us=2197
UKL-MQTT-BENCH: BUFFULL run_id=try4-c4-cpu start_us=2613700 end_us=2617538 dur_us=3838
UKL-MQTT-BENCH: BUFFULL run_id=try4-c4-cpu start_us=2620290 end_us=2623532 dur_us=3242
UKL-MQTT-BENCH: BUFFULL run_id=try4-c4-cpu start_us=2626272 end_us=2628507 dur_us=2235
UKL-MQTT-BENCH: BUFFULL run_id=try4-c4-cpu start_us=2630703 end_us=2634523 dur_us=3820
UKL-MQTT-BENCH: BUFFULL run_id=try4-c4-cpu start_us=2637268 end_us=2642226 dur_us=4957
UKL-MQTT-BENCH: BUFFULL run_id=try4-c4-cpu start_us=2645566 end_us=2648232 dur_us=2665
UKL-MQTT-BENCH: BUFFULL run_id=try4-c4-cpu start_us=2651161 end_us=2655198 dur_us=4036
UKL-MQTT-BENCH: BUFFULL run_id=try4-c4-cpu start_us=2658061 end_us=2662610 dur_us=4549
UKL-MQTT-BENCH: BUFFULL run_id=try4-c4-cpu start_us=2666128 end_us=2668192 dur_us=2063
UKL-MQTT-BENCH: BUFFULL run_id=try4-c4-cpu start_us=2670511 end_us=2674199 dur_us=3688
UKL-MQTT-BENCH: BUFFULL run_id=try4-c4-cpu start_us=2676958 end_us=2680202 dur_us=3244
UKL-MQTT-BENCH: BUFFULL run_id=try4-c4-cpu start_us=2682944 end_us=2687552 dur_us=4607
UKL-MQTT-BENCH: BUFFULL run_id=try4-c4-cpu start_us=2690861 end_us=2693796 dur_us=2934
UKL-MQTT-BENCH: BUFFULL run_id=try4-c4-cpu start_us=2696535 end_us=2701216 dur_us=4680
UKL-MQTT-BENCH: BUFFULL run_id=try4-c4-cpu start_us=2704530 end_us=2708577 dur_us=4046
UKL-MQTT-BENCH: BUFFULL run_id=try4-c4-cpu start_us=2711886 end_us=2714525 dur_us=2639
UKL-MQTT-BENCH: BUFFULL run_id=try4-c4-cpu start_us=2717304 end_us=2720538 dur_us=3234
UKL-MQTT-BENCH: BUFFULL run_id=try4-c4-cpu start_us=2723304 end_us=2726513 dur_us=3208
UKL-MQTT-BENCH: BUFFULL run_id=try4-c4-cpu start_us=2729238 end_us=2733181 dur_us=3942
UKL-MQTT-BENCH: BUFFULL run_id=try4-c4-cpu start_us=2735901 end_us=2739184 dur_us=3283
UKL-MQTT-BENCH: BUFFULL run_id=try4-c4-cpu start_us=2741912 end_us=2746187 dur_us=4275
UKL-MQTT-BENCH: BUFFULL run_id=try4-c4-cpu start_us=2749483 end_us=2751162 dur_us=1679
UKL-MQTT-BENCH: BUFFULL run_id=try4-c4-cpu start_us=2753324 end_us=2757197 dur_us=3873
UKL-MQTT-BENCH: BUFFULL run_id=try4-c4-cpu start_us=2760078 end_us=2766255 dur_us=6177
UKL-MQTT-BENCH: BUFFULL run_id=try4-c4-cpu start_us=2770135 end_us=2772187 dur_us=2052
UKL-MQTT-BENCH: BUFFULL run_id=try4-c4-cpu start_us=2774917 end_us=2776479 dur_us=1561
UKL-MQTT-BENCH: BUFFULL run_id=try4-c4-cpu start_us=2778646 end_us=2782207 dur_us=3560
UKL-MQTT-BENCH: BUFFULL run_id=try4-c4-cpu start_us=2784923 end_us=2788537 dur_us=3614
UKL-MQTT-BENCH: BUFFULL run_id=try4-c4-cpu start_us=2790690 end_us=2795193 dur_us=4503
UKL-MQTT-BENCH: BUFFULL run_id=try4-c4-cpu start_us=2798486 end_us=2801173 dur_us=2687
UKL-MQTT-BENCH: BUFFULL run_id=try4-c4-cpu start_us=2803899 end_us=2806180 dur_us=2280
UKL-MQTT-BENCH: BUFFULL run_id=try4-c4-cpu start_us=2808346 end_us=2811542 dur_us=3195
UKL-MQTT-BENCH: BUFFULL run_id=try4-c4-cpu start_us=2813759 end_us=2818174 dur_us=4414
UKL-MQTT-BENCH: BUFFULL run_id=try4-c4-cpu start_us=2821460 end_us=2824183 dur_us=2723
UKL-MQTT-BENCH: BUFFULL run_id=try4-c4-cpu start_us=2826913 end_us=2830229 dur_us=3316
UKL-MQTT-BENCH: BUFFULL run_id=try4-c4-cpu start_us=2832969 end_us=2837208 dur_us=4238
UKL-MQTT-BENCH: BUFFULL run_id=try4-c4-cpu start_us=2840509 end_us=2843540 dur_us=3030
UKL-MQTT-BENCH: BUFFULL run_id=try4-c4-cpu start_us=2846271 end_us=2849516 dur_us=3244
UKL-MQTT-BENCH: BUFFULL run_id=try4-c4-cpu start_us=2852260 end_us=2855521 dur_us=3260
UKL-MQTT-BENCH: BUFFULL run_id=try4-c4-cpu start_us=2858260 end_us=2863219 dur_us=4958
UKL-MQTT-BENCH: BUFFULL run_id=try4-c4-cpu start_us=2866552 end_us=2869200 dur_us=2647
UKL-MQTT-BENCH: BUFFULL run_id=try4-c4-cpu start_us=2871935 end_us=2875196 dur_us=3261
UKL-MQTT-BENCH: BUFFULL run_id=try4-c4-cpu start_us=2877929 end_us=2881188 dur_us=3258
UKL-MQTT-BENCH: BUFFULL run_id=try4-c4-cpu start_us=2883923 end_us=2886169 dur_us=2245
UKL-MQTT-BENCH: BUFFULL run_id=try4-c4-cpu start_us=2888384 end_us=2892186 dur_us=3802
UKL-MQTT-BENCH: BUFFULL run_id=try4-c4-cpu start_us=2894903 end_us=2898205 dur_us=3302
UKL-MQTT-BENCH: BUFFULL run_id=try4-c4-cpu start_us=2900963 end_us=2904193 dur_us=3229
UKL-MQTT-BENCH: BUFFULL run_id=try4-c4-cpu start_us=2906929 end_us=2911546 dur_us=4617
UKL-MQTT-BENCH: BUFFULL run_id=try4-c4-cpu start_us=2914855 end_us=2916504 dur_us=1648
UKL-MQTT-BENCH: BUFFULL run_id=try4-c4-cpu start_us=2918678 end_us=2922520 dur_us=3842
UKL-MQTT-BENCH: BUFFULL run_id=try4-c4-cpu start_us=2925245 end_us=2928520 dur_us=3275
UKL-MQTT-BENCH: BUFFULL run_id=try4-c4-cpu start_us=2931253 end_us=2935183 dur_us=3930
UKL-MQTT-BENCH: BUFFULL run_id=try4-c4-cpu start_us=2937906 end_us=2941179 dur_us=3272
UKL-MQTT-BENCH: BUFFULL run_id=try4-c4-cpu start_us=2943915 end_us=2947183 dur_us=3268
UKL-MQTT-BENCH: BUFFULL run_id=try4-c4-cpu start_us=2949910 end_us=2953178 dur_us=3268
UKL-MQTT-BENCH: BUFFULL run_id=try4-c4-cpu start_us=2955904 end_us=2959167 dur_us=3263
UKL-MQTT-BENCH: BUFFULL run_id=try4-c4-cpu start_us=2961925 end_us=2966229 dur_us=4304
UKL-MQTT-BENCH: BUFFULL run_id=try4-c4-cpu start_us=2969536 end_us=2973542 dur_us=4006
UKL-MQTT-BENCH: BUFFULL run_id=try4-c4-cpu start_us=2976886 end_us=2980190 dur_us=3303
UKL-MQTT-BENCH: BUFFULL run_id=try4-c4-cpu start_us=2982925 end_us=2986200 dur_us=3274
UKL-MQTT-BENCH: BUFFULL run_id=try4-c4-cpu start_us=2988936 end_us=2993203 dur_us=4267
UKL-MQTT-BENCH: BUFFULL run_id=try4-c4-cpu start_us=2996516 end_us=2998138 dur_us=1621
UKL-MQTT-BENCH: BUFFULL run_id=try4-c4-cpu start_us=3000306 end_us=3003153 dur_us=2846
UKL-MQTT-BENCH: BUFFULL run_id=try4-c4-cpu start_us=3005314 end_us=3010238 dur_us=4924
UKL-MQTT-BENCH: BUFFULL run_id=try4-c4-cpu start_us=3012985 end_us=3015144 dur_us=2159
UKL-MQTT-BENCH: BUFFULL run_id=try4-c4-cpu start_us=3017908 end_us=3021188 dur_us=3280
UKL-MQTT-BENCH: BUFFULL run_id=try4-c4-cpu start_us=3023919 end_us=3026170 dur_us=2251
UKL-MQTT-BENCH: BUFFULL run_id=try4-c4-cpu start_us=3028334 end_us=3033209 dur_us=4875
UKL-MQTT-BENCH: BUFFULL run_id=try4-c4-cpu start_us=3036504 end_us=3039182 dur_us=2677
UKL-MQTT-BENCH: BUFFULL run_id=try4-c4-cpu start_us=3041899 end_us=3045172 dur_us=3272
UKL-MQTT-BENCH: BUFFULL run_id=try4-c4-cpu start_us=3047902 end_us=3051171 dur_us=3269
UKL-MQTT-BENCH: BUFFULL run_id=try4-c4-cpu start_us=3053891 end_us=3058541 dur_us=4649
UKL-MQTT-BENCH: BUFFULL run_id=try4-c4-cpu start_us=3061827 end_us=3065178 dur_us=3351
UKL-MQTT-BENCH: BUFFULL run_id=try4-c4-cpu start_us=3068060 end_us=3071220 dur_us=3159
UKL-MQTT-BENCH: BUFFULL run_id=try4-c4-cpu start_us=3074092 end_us=3077193 dur_us=3100
UKL-MQTT-BENCH: BUFFULL run_id=try4-c4-cpu start_us=3079995 end_us=3083533 dur_us=3538
UKL-MQTT-BENCH: BUFFULL run_id=try4-c4-cpu start_us=3086283 end_us=3089471 dur_us=3188
UKL-MQTT-BENCH: BUFFULL run_id=try4-c4-cpu start_us=3092225 end_us=3095710 dur_us=3484
UKL-MQTT-BENCH: BUFFULL run_id=try4-c4-cpu start_us=3098441 end_us=3102193 dur_us=3751
UKL-MQTT-BENCH: BUFFULL run_id=try4-c4-cpu start_us=3104967 end_us=3109210 dur_us=4242
UKL-MQTT-BENCH: BUFFULL run_id=try4-c4-cpu start_us=3112523 end_us=3115180 dur_us=2657
UKL-MQTT-BENCH: BUFFULL run_id=try4-c4-cpu start_us=3117914 end_us=3121188 dur_us=3273
UKL-MQTT-BENCH: BUFFULL run_id=try4-c4-cpu start_us=3123912 end_us=3128548 dur_us=4636
UKL-MQTT-BENCH: BUFFULL run_id=try4-c4-cpu start_us=3131854 end_us=3133493 dur_us=1639
UKL-MQTT-BENCH: BUFFULL run_id=try4-c4-cpu start_us=3135659 end_us=3138173 dur_us=2513
UKL-MQTT-BENCH: BUFFULL run_id=try4-c4-cpu start_us=3140335 end_us=3145221 dur_us=4885
UKL-MQTT-BENCH: BUFFULL run_id=try4-c4-cpu start_us=3147939 end_us=3150492 dur_us=2553
UKL-MQTT-BENCH: BUFFULL run_id=try4-c4-cpu start_us=3153236 end_us=3156514 dur_us=3277
UKL-MQTT-BENCH: BUFFULL run_id=try4-c4-cpu start_us=3159255 end_us=3161493 dur_us=2237
UKL-MQTT-BENCH: BUFFULL run_id=try4-c4-cpu start_us=3163669 end_us=3168558 dur_us=4889
UKL-MQTT-BENCH: BUFFULL run_id=try4-c4-cpu start_us=3171876 end_us=3175190 dur_us=3314
UKL-MQTT-BENCH: BUFFULL run_id=try4-c4-cpu start_us=3177951 end_us=3181213 dur_us=3261
UKL-MQTT-BENCH: BUFFULL run_id=try4-c4-cpu start_us=3184010 end_us=3187188 dur_us=3178
UKL-MQTT-BENCH: BUFFULL run_id=try4-c4-cpu start_us=3189938 end_us=3193184 dur_us=3246
UKL-MQTT-BENCH: BUFFULL run_id=try4-c4-cpu start_us=3195917 end_us=3199530 dur_us=3613
UKL-MQTT-BENCH: BUFFULL run_id=try4-c4-cpu start_us=3202279 end_us=3207220 dur_us=4940
UKL-MQTT-BENCH: BUFFULL run_id=try4-c4-cpu start_us=3210536 end_us=3213177 dur_us=2640
UKL-MQTT-BENCH: BUFFULL run_id=try4-c4-cpu start_us=3215897 end_us=3219181 dur_us=3283
UKL-MQTT-BENCH: BUFFULL run_id=try4-c4-cpu start_us=3221930 end_us=3226222 dur_us=4292
UKL-MQTT-BENCH: BUFFULL run_id=try4-c4-cpu start_us=3229528 end_us=3232184 dur_us=2656
UKL-MQTT-BENCH: BUFFULL run_id=try4-c4-cpu start_us=3234917 end_us=3237158 dur_us=2240
UKL-MQTT-BENCH: BUFFULL run_id=try4-c4-cpu start_us=3239326 end_us=3244549 dur_us=5222
UKL-MQTT-BENCH: BUFFULL run_id=try4-c4-cpu start_us=3247834 end_us=3249168 dur_us=1333
UKL-MQTT-BENCH: BUFFULL run_id=try4-c4-cpu start_us=3251327 end_us=3255535 dur_us=4208
UKL-MQTT-BENCH: BUFFULL run_id=try4-c4-cpu start_us=3258280 end_us=3262522 dur_us=4241
UKL-MQTT-BENCH: BUFFULL run_id=try4-c4-cpu start_us=3265814 end_us=3268514 dur_us=2699
UKL-MQTT-BENCH: BUFFULL run_id=try4-c4-cpu start_us=3271318 end_us=3275190 dur_us=3872
UKL-MQTT-BENCH: BUFFULL run_id=try4-c4-cpu start_us=3277942 end_us=3282213 dur_us=4270
UKL-MQTT-BENCH: BUFFULL run_id=try4-c4-cpu start_us=3285531 end_us=3288523 dur_us=2992
UKL-MQTT-BENCH: BUFFULL run_id=try4-c4-cpu start_us=3291270 end_us=3294522 dur_us=3251
UKL-MQTT-BENCH: BUFFULL run_id=try4-c4-cpu start_us=3297264 end_us=3300518 dur_us=3254
UKL-MQTT-BENCH: BUFFULL run_id=try4-c4-cpu start_us=3303252 end_us=3306514 dur_us=3261
UKL-MQTT-BENCH: BUFFULL run_id=try4-c4-cpu start_us=3309253 end_us=3313189 dur_us=3935
UKL-MQTT-BENCH: BUFFULL run_id=try4-c4-cpu start_us=3315923 end_us=3319178 dur_us=3255
UKL-MQTT-BENCH: BUFFULL run_id=try4-c4-cpu start_us=3321908 end_us=3326202 dur_us=4294
UKL-MQTT-BENCH: BUFFULL run_id=try4-c4-cpu start_us=3329519 end_us=3332171 dur_us=2652
UKL-MQTT-BENCH: BUFFULL run_id=try4-c4-cpu start_us=3334896 end_us=3338179 dur_us=3282
UKL-MQTT-BENCH: BUFFULL run_id=try4-c4-cpu start_us=3340903 end_us=3345545 dur_us=4642
UKL-MQTT-BENCH: BUFFULL run_id=try4-c4-cpu start_us=3348851 end_us=3350502 dur_us=1651
UKL-MQTT-BENCH: BUFFULL run_id=try4-c4-cpu start_us=3352668 end_us=3356497 dur_us=3828
UKL-MQTT-BENCH: BUFFULL run_id=try4-c4-cpu start_us=3359235 end_us=3364199 dur_us=4964
UKL-MQTT-BENCH: BUFFULL run_id=try4-c4-cpu start_us=3367504 end_us=3370189 dur_us=2684
UKL-MQTT-BENCH: BUFFULL run_id=try4-c4-cpu start_us=3372947 end_us=3376194 dur_us=3246
UKL-MQTT-BENCH: BUFFULL run_id=try4-c4-cpu start_us=3378935 end_us=3382193 dur_us=3257
UKL-MQTT-BENCH: BUFFULL run_id=try4-c4-cpu start_us=3384944 end_us=3388524 dur_us=3580
UKL-MQTT-BENCH: BUFFULL run_id=try4-c4-cpu start_us=3391279 end_us=3394532 dur_us=3252
UKL-MQTT-BENCH: BUFFULL run_id=try4-c4-cpu start_us=3397276 end_us=3400502 dur_us=3225
UKL-MQTT-BENCH: BUFFULL run_id=try4-c4-cpu start_us=3403245 end_us=3406525 dur_us=3279
UKL-MQTT-BENCH: BUFFULL run_id=try4-c4-cpu start_us=3409273 end_us=3413187 dur_us=3913
UKL-MQTT-BENCH: BUFFULL run_id=try4-c4-cpu start_us=3415920 end_us=3420205 dur_us=4285
UKL-MQTT-BENCH: BUFFULL run_id=try4-c4-cpu start_us=3423513 end_us=3426181 dur_us=2668
UKL-MQTT-BENCH: BUFFULL run_id=try4-c4-cpu start_us=3428926 end_us=3432523 dur_us=3597
UKL-MQTT-BENCH: BUFFULL run_id=try4-c4-cpu start_us=3435271 end_us=3439556 dur_us=4285
UKL-MQTT-BENCH: BUFFULL run_id=try4-c4-cpu start_us=3442843 end_us=3444486 dur_us=1642
UKL-MQTT-BENCH: BUFFULL run_id=try4-c4-cpu start_us=3446650 end_us=3449493 dur_us=2842
UKL-MQTT-BENCH: BUFFULL run_id=try4-c4-cpu start_us=3451678 end_us=3456236 dur_us=4558
UKL-MQTT-BENCH: BUFFULL run_id=try4-c4-cpu start_us=3458970 end_us=3461481 dur_us=2511
UKL-MQTT-BENCH: BUFFULL run_id=try4-c4-cpu start_us=3464227 end_us=3467520 dur_us=3292
UKL-MQTT-BENCH: BUFFULL run_id=try4-c4-cpu start_us=3470281 end_us=3472516 dur_us=2234
UKL-MQTT-BENCH: BUFFULL run_id=try4-c4-cpu start_us=3474684 end_us=3480225 dur_us=5540
UKL-MQTT-BENCH: BUFFULL run_id=try4-c4-cpu start_us=3483555 end_us=3486186 dur_us=2630
UKL-MQTT-BENCH: BUFFULL run_id=try4-c4-cpu start_us=3488936 end_us=3491166 dur_us=2229
UKL-MQTT-BENCH: BUFFULL run_id=try4-c4-cpu start_us=3493343 end_us=3496900 dur_us=3556
UKL-MQTT-BENCH: BUFFULL run_id=try4-c4-cpu start_us=3499663 end_us=3503184 dur_us=3520
UKL-MQTT-BENCH: BUFFULL run_id=try4-c4-cpu start_us=3505926 end_us=3509167 dur_us=3240
UKL-MQTT-BENCH: BUFFULL run_id=try4-c4-cpu start_us=3511901 end_us=3515187 dur_us=3286
UKL-MQTT-BENCH: BUFFULL run_id=try4-c4-cpu start_us=3517923 end_us=3521177 dur_us=3254
UKL-MQTT-BENCH: BUFFULL run_id=try4-c4-cpu start_us=3523900 end_us=3528541 dur_us=4640
UKL-MQTT-BENCH: BUFFULL run_id=try4-c4-cpu start_us=3531835 end_us=3535177 dur_us=3342
UKL-MQTT-BENCH: BUFFULL run_id=try4-c4-cpu start_us=3537924 end_us=3541185 dur_us=3261
UKL-MQTT-BENCH: BUFFULL run_id=try4-c4-cpu start_us=3543906 end_us=3548200 dur_us=4293
UKL-MQTT-BENCH: BUFFULL run_id=try4-c4-cpu start_us=3551529 end_us=3553137 dur_us=1607
UKL-MQTT-BENCH: BUFFULL run_id=try4-c4-cpu start_us=3555384 end_us=3558160 dur_us=2775
UKL-MQTT-BENCH: BUFFULL run_id=try4-c4-cpu start_us=3560338 end_us=3565223 dur_us=4885
UKL-MQTT-BENCH: BUFFULL run_id=try4-c4-cpu start_us=3567962 end_us=3570152 dur_us=2190
UKL-MQTT-BENCH: BUFFULL run_id=try4-c4-cpu start_us=3572895 end_us=3576176 dur_us=3280
UKL-MQTT-BENCH: BUFFULL run_id=try4-c4-cpu start_us=3579013 end_us=3581181 dur_us=2167
UKL-MQTT-BENCH: BUFFULL run_id=try4-c4-cpu start_us=3583376 end_us=3588522 dur_us=5146
UKL-MQTT-BENCH: BUFFULL run_id=try4-c4-cpu start_us=3591832 end_us=3596197 dur_us=4364
UKL-MQTT-BENCH: BUFFULL run_id=try4-c4-cpu start_us=3599500 end_us=3601164 dur_us=1663
UKL-MQTT-BENCH: BUFFULL run_id=try4-c4-cpu start_us=3603341 end_us=3605481 dur_us=2139
UKL-MQTT-BENCH: BUFFULL run_id=try4-c4-cpu start_us=3607649 end_us=3613208 dur_us=5559
UKL-MQTT-BENCH: BUFFULL run_id=try4-c4-cpu start_us=3616530 end_us=3619179 dur_us=2648
UKL-MQTT-BENCH: BUFFULL run_id=try4-c4-cpu start_us=3621915 end_us=3625183 dur_us=3267
UKL-MQTT-BENCH: BUFFULL run_id=try4-c4-cpu start_us=3627918 end_us=3632213 dur_us=4294
UKL-MQTT-BENCH: BUFFULL run_id=try4-c4-cpu start_us=3635512 end_us=3638526 dur_us=3014
UKL-MQTT-BENCH: BUFFULL run_id=try4-c4-cpu start_us=3641270 end_us=3644532 dur_us=3261
UKL-MQTT-BENCH: BUFFULL run_id=try4-c4-cpu start_us=3647266 end_us=3649511 dur_us=2245
UKL-MQTT-BENCH: BUFFULL run_id=try4-c4-cpu start_us=3651688 end_us=3655514 dur_us=3826
UKL-MQTT-BENCH: BUFFULL run_id=try4-c4-cpu start_us=3658272 end_us=3661193 dur_us=2920
UKL-MQTT-BENCH: BUFFULL run_id=try4-c4-cpu start_us=3663592 end_us=3666531 dur_us=2939
UKL-MQTT-BENCH: BUFFULL run_id=try4-c4-cpu start_us=3669253 end_us=3672549 dur_us=3296
UKL-MQTT-BENCH: BUFFULL run_id=try4-c4-cpu start_us=3675373 end_us=3679187 dur_us=3814
UKL-MQTT-BENCH: BUFFULL run_id=try4-c4-cpu start_us=3681973 end_us=3686202 dur_us=4229
UKL-MQTT-BENCH: BUFFULL run_id=try4-c4-cpu start_us=3689517 end_us=3692188 dur_us=2671
UKL-MQTT-BENCH: BUFFULL run_id=try4-c4-cpu start_us=3694933 end_us=3697152 dur_us=2219
UKL-MQTT-BENCH: BUFFULL run_id=try4-c4-cpu start_us=3699369 end_us=3703192 dur_us=3822
UKL-MQTT-BENCH: BUFFULL run_id=try4-c4-cpu start_us=3706094 end_us=3710211 dur_us=4117
UKL-MQTT-BENCH: BUFFULL run_id=try4-c4-cpu start_us=3713011 end_us=3716177 dur_us=3165
UKL-MQTT-BENCH: BUFFULL run_id=try4-c4-cpu start_us=3718904 end_us=3722205 dur_us=3300
UKL-MQTT-BENCH: BUFFULL run_id=try4-c4-cpu start_us=3724971 end_us=3729545 dur_us=4573
UKL-MQTT-BENCH: BUFFULL run_id=try4-c4-cpu start_us=3732835 end_us=3736544 dur_us=3708
UKL-MQTT-BENCH: BUFFULL run_id=try4-c4-cpu start_us=3739831 end_us=3741503 dur_us=1671
UKL-MQTT-BENCH: BUFFULL run_id=try4-c4-cpu start_us=3743682 end_us=3749200 dur_us=5517
UKL-MQTT-BENCH: BUFFULL run_id=try4-c4-cpu start_us=3752527 end_us=3755176 dur_us=2649
UKL-MQTT-BENCH: BUFFULL run_id=try4-c4-cpu start_us=3757908 end_us=3761193 dur_us=3285
UKL-MQTT-BENCH: BUFFULL run_id=try4-c4-cpu start_us=3763918 end_us=3768188 dur_us=4269
UKL-MQTT-BENCH: BUFFULL run_id=try4-c4-cpu start_us=3771493 end_us=3773161 dur_us=1668
UKL-MQTT-BENCH: BUFFULL run_id=try4-c4-cpu start_us=3775332 end_us=3778159 dur_us=2826
UKL-MQTT-BENCH: BUFFULL run_id=try4-c4-cpu start_us=3780321 end_us=3785230 dur_us=4908
UKL-MQTT-BENCH: BUFFULL run_id=try4-c4-cpu start_us=3787972 end_us=3790161 dur_us=2189
UKL-MQTT-BENCH: BUFFULL run_id=try4-c4-cpu start_us=3792893 end_us=3796525 dur_us=3631
UKL-MQTT-BENCH: BUFFULL run_id=try4-c4-cpu start_us=3799267 end_us=3801493 dur_us=2226
UKL-MQTT-BENCH: BUFFULL run_id=try4-c4-cpu start_us=3803670 end_us=3807187 dur_us=3517
UKL-MQTT-BENCH: BUFFULL run_id=try4-c4-cpu start_us=3809924 end_us=3814550 dur_us=4626
UKL-MQTT-BENCH: BUFFULL run_id=try4-c4-cpu start_us=3817847 end_us=3822190 dur_us=4343
UKL-MQTT-BENCH: BUFFULL run_id=try4-c4-cpu start_us=3825465 end_us=3827159 dur_us=1694
UKL-MQTT-BENCH: BUFFULL run_id=try4-c4-cpu start_us=3829331 end_us=3833182 dur_us=3850
UKL-MQTT-BENCH: BUFFULL run_id=try4-c4-cpu start_us=3835907 end_us=3839169 dur_us=3262
UKL-MQTT-BENCH: BUFFULL run_id=try4-c4-cpu start_us=3841897 end_us=3845187 dur_us=3289
UKL-MQTT-BENCH: BUFFULL run_id=try4-c4-cpu start_us=3847908 end_us=3851189 dur_us=3280
UKL-MQTT-BENCH: BUFFULL run_id=try4-c4-cpu start_us=3853955 end_us=3857176 dur_us=3221
UKL-MQTT-BENCH: BUFFULL run_id=try4-c4-cpu start_us=3859898 end_us=3863515 dur_us=3616
UKL-MQTT-BENCH: BUFFULL run_id=try4-c4-cpu start_us=3866267 end_us=3869532 dur_us=3265
UKL-MQTT-BENCH: BUFFULL run_id=try4-c4-cpu start_us=3872282 end_us=3874155 dur_us=1873
UKL-MQTT-BENCH: BUFFULL run_id=try4-c4-cpu start_us=3876343 end_us=3880510 dur_us=4166
UKL-MQTT-BENCH: BUFFULL run_id=try4-c4-cpu start_us=3883249 end_us=3886535 dur_us=3285
UKL-MQTT-BENCH: BUFFULL run_id=try4-c4-cpu start_us=3889286 end_us=3892705 dur_us=3419
UKL-MQTT-BENCH: BUFFULL run_id=try4-c4-cpu start_us=3895464 end_us=3899188 dur_us=3724
UKL-MQTT-BENCH: BUFFULL run_id=try4-c4-cpu start_us=3901968 end_us=3905180 dur_us=3211
UKL-MQTT-BENCH: BUFFULL run_id=try4-c4-cpu start_us=3907911 end_us=3911179 dur_us=3267
UKL-MQTT-BENCH: BUFFULL run_id=try4-c4-cpu start_us=3913912 end_us=3916134 dur_us=2221
UKL-MQTT-BENCH: BUFFULL run_id=try4-c4-cpu start_us=3918301 end_us=3922181 dur_us=3879
UKL-MQTT-BENCH: BUFFULL run_id=try4-c4-cpu start_us=3924906 end_us=3928154 dur_us=3247
UKL-MQTT-BENCH: BUFFULL run_id=try4-c4-cpu start_us=3930876 end_us=3934197 dur_us=3321
UKL-MQTT-BENCH: BUFFULL run_id=try4-c4-cpu start_us=3937043 end_us=3941623 dur_us=4579
UKL-MQTT-BENCH: BUFFULL run_id=try4-c4-cpu start_us=3944974 end_us=3949218 dur_us=4243
UKL-MQTT-BENCH: BUFFULL run_id=try4-c4-cpu start_us=3952589 end_us=3954155 dur_us=1565
UKL-MQTT-BENCH: BUFFULL run_id=try4-c4-cpu start_us=3956334 end_us=3961207 dur_us=4872
UKL-MQTT-BENCH: BUFFULL run_id=try4-c4-cpu start_us=3964517 end_us=3967190 dur_us=2672
UKL-MQTT-BENCH: BUFFULL run_id=try4-c4-cpu start_us=3969933 end_us=3973506 dur_us=3572
UKL-MQTT-BENCH: BUFFULL run_id=try4-c4-cpu start_us=3976282 end_us=3979532 dur_us=3249
UKL-MQTT-BENCH: BUFFULL run_id=try4-c4-cpu start_us=3982265 end_us=3985517 dur_us=3252
UKL-MQTT-BENCH: BUFFULL run_id=try4-c4-cpu start_us=3988323 end_us=3991526 dur_us=3203
UKL-MQTT-BENCH: BUFFULL run_id=try4-c4-cpu start_us=3994279 end_us=3998162 dur_us=3882
UKL-MQTT-BENCH: BUFFULL run_id=try4-c4-cpu start_us=4000920 end_us=4004193 dur_us=3273
UKL-MQTT-BENCH: BUFFULL run_id=try4-c4-cpu start_us=4006929 end_us=4010183 dur_us=3254
UKL-MQTT-BENCH: BUFFULL run_id=try4-c4-cpu start_us=4012927 end_us=4017205 dur_us=4278
UKL-MQTT-BENCH: BUFFULL run_id=try4-c4-cpu start_us=4020497 end_us=4023166 dur_us=2668
UKL-MQTT-BENCH: BUFFULL run_id=try4-c4-cpu start_us=4025891 end_us=4029183 dur_us=3292
UKL-MQTT-BENCH: BUFFULL run_id=try4-c4-cpu start_us=4031933 end_us=4036556 dur_us=4622
UKL-MQTT-BENCH: BUFFULL run_id=try4-c4-cpu start_us=4039846 end_us=4041492 dur_us=1645
UKL-MQTT-BENCH: BUFFULL run_id=try4-c4-cpu start_us=4043645 end_us=4046168 dur_us=2523
UKL-MQTT-BENCH: BUFFULL run_id=try4-c4-cpu start_us=4048330 end_us=4053226 dur_us=4896
UKL-MQTT-BENCH: BUFFULL run_id=try4-c4-cpu start_us=4055946 end_us=4058488 dur_us=2542
UKL-MQTT-BENCH: BUFFULL run_id=try4-c4-cpu start_us=4061224 end_us=4064530 dur_us=3305
UKL-MQTT-BENCH: BUFFULL run_id=try4-c4-cpu start_us=4067265 end_us=4069507 dur_us=2241
UKL-MQTT-BENCH: BUFFULL run_id=try4-c4-cpu start_us=4071669 end_us=4076545 dur_us=4876
UKL-MQTT-BENCH: BUFFULL run_id=try4-c4-cpu start_us=4079916 end_us=4082513 dur_us=2597
UKL-MQTT-BENCH: BUFFULL run_id=try4-c4-cpu start_us=4085284 end_us=4087503 dur_us=2219
UKL-MQTT-BENCH: BUFFULL run_id=try4-c4-cpu start_us=4089677 end_us=4093529 dur_us=3851
UKL-MQTT-BENCH: BUFFULL run_id=try4-c4-cpu start_us=4096290 end_us=4100185 dur_us=3895
UKL-MQTT-BENCH: BUFFULL run_id=try4-c4-cpu start_us=4102918 end_us=4106176 dur_us=3257
UKL-MQTT-BENCH: BUFFULL run_id=try4-c4-cpu start_us=4108915 end_us=4112174 dur_us=3259
UKL-MQTT-BENCH: BUFFULL run_id=try4-c4-cpu start_us=4114903 end_us=4118190 dur_us=3286
UKL-MQTT-BENCH: BUFFULL run_id=try4-c4-cpu start_us=4120930 end_us=4125201 dur_us=4270
UKL-MQTT-BENCH: BUFFULL run_id=try4-c4-cpu start_us=4128556 end_us=4131196 dur_us=2640
UKL-MQTT-BENCH: BUFFULL run_id=try4-c4-cpu start_us=4133958 end_us=4137521 dur_us=3563
UKL-MQTT-BENCH: BUFFULL run_id=try4-c4-cpu start_us=4140256 end_us=4145202 dur_us=4946
UKL-MQTT-BENCH: BUFFULL run_id=try4-c4-cpu start_us=4151656 end_us=4154490 dur_us=2833
UKL-MQTT-BENCH: BUFFULL run_id=try4-c4-cpu start_us=4156642 end_us=4161218 dur_us=4575
UKL-MQTT-BENCH: BUFFULL run_id=try4-c4-cpu start_us=4163940 end_us=4166484 dur_us=2543
UKL-MQTT-BENCH: BUFFULL run_id=try4-c4-cpu start_us=4169208 end_us=4172519 dur_us=3310
UKL-MQTT-BENCH: BUFFULL run_id=try4-c4-cpu start_us=4175250 end_us=4177509 dur_us=2258
UKL-MQTT-BENCH: BUFFULL run_id=try4-c4-cpu start_us=4179673 end_us=4185211 dur_us=5538
UKL-MQTT-BENCH: BUFFULL run_id=try4-c4-cpu start_us=4188530 end_us=4191191 dur_us=2660
UKL-MQTT-BENCH: BUFFULL run_id=try4-c4-cpu start_us=4193994 end_us=4196173 dur_us=2178
UKL-MQTT-BENCH: BUFFULL run_id=try4-c4-cpu start_us=4198356 end_us=4202199 dur_us=3842
UKL-MQTT-BENCH: BUFFULL run_id=try4-c4-cpu start_us=4204990 end_us=4208186 dur_us=3195
UKL-MQTT-BENCH: BUFFULL run_id=try4-c4-cpu start_us=4210926 end_us=4214169 dur_us=3243
UKL-MQTT-BENCH: BUFFULL run_id=try4-c4-cpu start_us=4216880 end_us=4220180 dur_us=3300
UKL-MQTT-BENCH: BUFFULL run_id=try4-c4-cpu start_us=4222919 end_us=4226537 dur_us=3618
UKL-MQTT-BENCH: BUFFULL run_id=try4-c4-cpu start_us=4229356 end_us=4234208 dur_us=4851
UKL-MQTT-BENCH: BUFFULL run_id=try4-c4-cpu start_us=4237537 end_us=4240187 dur_us=2650
UKL-MQTT-BENCH: BUFFULL run_id=try4-c4-cpu start_us=4242938 end_us=4246186 dur_us=3247
UKL-MQTT-BENCH: BUFFULL run_id=try4-c4-cpu start_us=4248903 end_us=4253205 dur_us=4301
UKL-MQTT-BENCH: BUFFULL run_id=try4-c4-cpu start_us=4256516 end_us=4258143 dur_us=1627
UKL-MQTT-BENCH: BUFFULL run_id=try4-c4-cpu start_us=4260309 end_us=4263141 dur_us=2831
UKL-MQTT-BENCH: BUFFULL run_id=try4-c4-cpu start_us=4265312 end_us=4270229 dur_us=4917
UKL-MQTT-BENCH: BUFFULL run_id=try4-c4-cpu start_us=4273388 end_us=4275149 dur_us=1761
UKL-MQTT-BENCH: BUFFULL run_id=try4-c4-cpu start_us=4277884 end_us=4281172 dur_us=3287
UKL-MQTT-BENCH: BUFFULL run_id=try4-c4-cpu start_us=4283976 end_us=4286443 dur_us=2467
UKL-MQTT-BENCH: BUFFULL run_id=try4-c4-cpu start_us=4288620 end_us=4293578 dur_us=4958
UKL-MQTT-BENCH: BUFFULL run_id=try4-c4-cpu start_us=4297017 end_us=4300174 dur_us=3156
UKL-MQTT-BENCH: BUFFULL run_id=try4-c4-cpu start_us=4303061 end_us=4305162 dur_us=2100
UKL-MQTT-BENCH: BUFFULL run_id=try4-c4-cpu start_us=4307335 end_us=4311183 dur_us=3847
UKL-MQTT-BENCH: BUFFULL run_id=try4-c4-cpu start_us=4313955 end_us=4317179 dur_us=3224
UKL-MQTT-BENCH: BUFFULL run_id=try4-c4-cpu start_us=4319926 end_us=4323177 dur_us=3250
UKL-MQTT-BENCH: BUFFULL run_id=try4-c4-cpu start_us=4325915 end_us=4329176 dur_us=3260
UKL-MQTT-BENCH: BUFFULL run_id=try4-c4-cpu start_us=4331917 end_us=4335529 dur_us=3612
UKL-MQTT-BENCH: BUFFULL run_id=try4-c4-cpu start_us=4338283 end_us=4342551 dur_us=4268
UKL-MQTT-BENCH: BUFFULL run_id=try4-c4-cpu start_us=4345847 end_us=4349183 dur_us=3336
UKL-MQTT-BENCH: BUFFULL run_id=try4-c4-cpu start_us=4351921 end_us=4355173 dur_us=3251
UKL-MQTT-BENCH: BUFFULL run_id=try4-c4-cpu start_us=4357903 end_us=4361167 dur_us=3264
UKL-MQTT-BENCH: BUFFULL run_id=try4-c4-cpu start_us=4363908 end_us=4367175 dur_us=3267
UKL-MQTT-BENCH: BUFFULL run_id=try4-c4-cpu start_us=4369904 end_us=4373153 dur_us=3249
UKL-MQTT-BENCH: BUFFULL run_id=try4-c4-cpu start_us=4375894 end_us=4379192 dur_us=3297
UKL-MQTT-BENCH: BUFFULL run_id=try4-c4-cpu start_us=4381918 end_us=4385179 dur_us=3260
UKL-MQTT-BENCH: BUFFULL run_id=try4-c4-cpu start_us=4387940 end_us=4392182 dur_us=4242
UKL-MQTT-BENCH: BUFFULL run_id=try4-c4-cpu start_us=4395501 end_us=4398531 dur_us=3030
UKL-MQTT-BENCH: BUFFULL run_id=try4-c4-cpu start_us=4401287 end_us=4404519 dur_us=3231
UKL-MQTT-BENCH: BUFFULL run_id=try4-c4-cpu start_us=4407274 end_us=4412196 dur_us=4922
UKL-MQTT-BENCH: BUFFULL run_id=try4-c4-cpu start_us=4415526 end_us=4417145 dur_us=1619
UKL-MQTT-BENCH: BUFFULL run_id=try4-c4-cpu start_us=4419322 end_us=4421494 dur_us=2172
UKL-MQTT-BENCH: BUFFULL run_id=try4-c4-cpu start_us=4423664 end_us=4428569 dur_us=4904
UKL-MQTT-BENCH: BUFFULL run_id=try4-c4-cpu start_us=4431319 end_us=4434159 dur_us=2839
UKL-MQTT-BENCH: BUFFULL run_id=try4-c4-cpu start_us=4436889 end_us=4440178 dur_us=3289
UKL-MQTT-BENCH: BUFFULL run_id=try4-c4-cpu start_us=4442912 end_us=4445167 dur_us=2255
UKL-MQTT-BENCH: BUFFULL run_id=try4-c4-cpu start_us=4447356 end_us=4452208 dur_us=4852
UKL-MQTT-BENCH: BUFFULL run_id=try4-c4-cpu start_us=4455532 end_us=4458180 dur_us=2647
UKL-MQTT-BENCH: BUFFULL run_id=try4-c4-cpu start_us=4460910 end_us=4463124 dur_us=2214
UKL-MQTT-BENCH: BUFFULL run_id=try4-c4-cpu start_us=4465295 end_us=4469177 dur_us=3882
UKL-MQTT-BENCH: BUFFULL run_id=try4-c4-cpu start_us=4471929 end_us=4476183 dur_us=4253
UKL-MQTT-BENCH: BUFFULL run_id=try4-c4-cpu start_us=4479500 end_us=4482180 dur_us=2679
UKL-MQTT-BENCH: BUFFULL run_id=try4-c4-cpu start_us=4484920 end_us=4487138 dur_us=2218
UKL-MQTT-BENCH: BUFFULL run_id=try4-c4-cpu start_us=4489311 end_us=4494531 dur_us=5219
UKL-MQTT-BENCH: BUFFULL run_id=try4-c4-cpu start_us=4497864 end_us=4500547 dur_us=2683
UKL-MQTT-BENCH: BUFFULL run_id=try4-c4-cpu start_us=4503313 end_us=4508189 dur_us=4876
UKL-MQTT-BENCH: BUFFULL run_id=try4-c4-cpu start_us=4511508 end_us=4515203 dur_us=3695
UKL-MQTT-BENCH: BUFFULL run_id=try4-c4-cpu start_us=4518516 end_us=4520161 dur_us=1645
UKL-MQTT-BENCH: BUFFULL run_id=try4-c4-cpu start_us=4522340 end_us=4525150 dur_us=2809
UKL-MQTT-BENCH: BUFFULL run_id=try4-c4-cpu start_us=4527340 end_us=4532171 dur_us=4830
UKL-MQTT-BENCH: BUFFULL run_id=try4-c4-cpu start_us=4535465 end_us=4538169 dur_us=2703
UKL-MQTT-BENCH: BUFFULL run_id=try4-c4-cpu start_us=4540924 end_us=4544180 dur_us=3255
UKL-MQTT-BENCH: BUFFULL run_id=try4-c4-cpu start_us=4546913 end_us=4551572 dur_us=4659
UKL-MQTT-BENCH: BUFFULL run_id=try4-c4-cpu start_us=4554896 end_us=4558169 dur_us=3272
UKL-MQTT-BENCH: BUFFULL run_id=try4-c4-cpu start_us=4560930 end_us=4564174 dur_us=3243
UKL-MQTT-BENCH: BUFFULL run_id=try4-c4-cpu start_us=4566902 end_us=4570187 dur_us=3284
UKL-MQTT-BENCH: BUFFULL run_id=try4-c4-cpu start_us=4572929 end_us=4576156 dur_us=3227
UKL-MQTT-BENCH: BUFFULL run_id=try4-c4-cpu start_us=4578893 end_us=4582181 dur_us=3287
UKL-MQTT-BENCH: BUFFULL run_id=try4-c4-cpu start_us=4584910 end_us=4588159 dur_us=3249
UKL-MQTT-BENCH: BUFFULL run_id=try4-c4-cpu start_us=4590933 end_us=4595544 dur_us=4610
UKL-MQTT-BENCH: BUFFULL run_id=try4-c4-cpu start_us=4598841 end_us=4601542 dur_us=2701
UKL-MQTT-BENCH: BUFFULL run_id=try4-c4-cpu start_us=4604310 end_us=4608184 dur_us=3873
UKL-MQTT-BENCH: BUFFULL run_id=try4-c4-cpu start_us=4610918 end_us=4614174 dur_us=3255
UKL-MQTT-BENCH: BUFFULL run_id=try4-c4-cpu start_us=4616912 end_us=4620174 dur_us=3261
UKL-MQTT-BENCH: BUFFULL run_id=try4-c4-cpu start_us=4622900 end_us=4626171 dur_us=3270
UKL-MQTT-BENCH: BUFFULL run_id=try4-c4-cpu start_us=4628904 end_us=4633203 dur_us=4298
UKL-MQTT-BENCH: BUFFULL run_id=try4-c4-cpu start_us=4636494 end_us=4639494 dur_us=2999
UKL-MQTT-BENCH: BUFFULL run_id=try4-c4-cpu start_us=4642250 end_us=4645522 dur_us=3272
UKL-MQTT-BENCH: BUFFULL run_id=try4-c4-cpu start_us=4648299 end_us=4653198 dur_us=4898
UKL-MQTT-BENCH: BUFFULL run_id=try4-c4-cpu start_us=4656496 end_us=4660177 dur_us=3681
UKL-MQTT-BENCH: BUFFULL run_id=try4-c4-cpu start_us=4663472 end_us=4666190 dur_us=2717
UKL-MQTT-BENCH: BUFFULL run_id=try4-c4-cpu start_us=4668908 end_us=4673522 dur_us=4613
UKL-MQTT-BENCH: BUFFULL run_id=try4-c4-cpu start_us=4676819 end_us=4681210 dur_us=4391
UKL-MQTT-BENCH: BUFFULL run_id=try4-c4-cpu start_us=4684503 end_us=4685718 dur_us=1214
UKL-MQTT-BENCH: BUFFULL run_id=try4-c4-cpu start_us=4687901 end_us=4690498 dur_us=2596
UKL-MQTT-BENCH: BUFFULL run_id=try4-c4-cpu start_us=4692663 end_us=4698163 dur_us=5500
UKL-MQTT-BENCH: BUFFULL run_id=try4-c4-cpu start_us=4701493 end_us=4704196 dur_us=2703
UKL-MQTT-BENCH: BUFFULL run_id=try4-c4-cpu start_us=4706939 end_us=4710175 dur_us=3235
UKL-MQTT-BENCH: BUFFULL run_id=try4-c4-cpu start_us=4712911 end_us=4717540 dur_us=4629
UKL-MQTT-BENCH: BUFFULL run_id=try4-c4-cpu start_us=4720853 end_us=4723508 dur_us=2654
UKL-MQTT-BENCH: BUFFULL run_id=try4-c4-cpu start_us=4726279 end_us=4729524 dur_us=3245
UKL-MQTT-BENCH: BUFFULL run_id=try4-c4-cpu start_us=4732261 end_us=4735522 dur_us=3261
UKL-MQTT-BENCH: BUFFULL run_id=try4-c4-cpu start_us=4738254 end_us=4741511 dur_us=3256
UKL-MQTT-BENCH: BUFFULL run_id=try4-c4-cpu start_us=4744265 end_us=4747525 dur_us=3259
UKL-MQTT-BENCH: BUFFULL run_id=try4-c4-cpu start_us=4750266 end_us=4754168 dur_us=3902
UKL-MQTT-BENCH: BUFFULL run_id=try4-c4-cpu start_us=4756907 end_us=4761184 dur_us=4277
UKL-MQTT-BENCH: BUFFULL run_id=try4-c4-cpu start_us=4764475 end_us=4767166 dur_us=2690
UKL-MQTT-BENCH: BUFFULL run_id=try4-c4-cpu start_us=4769886 end_us=4773157 dur_us=3270
UKL-MQTT-BENCH: BUFFULL run_id=try4-c4-cpu start_us=4775882 end_us=4780547 dur_us=4665
UKL-MQTT-BENCH: BUFFULL run_id=try4-c4-cpu start_us=4783835 end_us=4785131 dur_us=1296
UKL-MQTT-BENCH: BUFFULL run_id=try4-c4-cpu start_us=4787309 end_us=4790142 dur_us=2832
UKL-MQTT-BENCH: BUFFULL run_id=try4-c4-cpu start_us=4792319 end_us=4797201 dur_us=4881
UKL-MQTT-BENCH: BUFFULL run_id=try4-c4-cpu start_us=4799930 end_us=4802139 dur_us=2209
UKL-MQTT-BENCH: BUFFULL run_id=try4-c4-cpu start_us=4804890 end_us=4808169 dur_us=3278
UKL-MQTT-BENCH: BUFFULL run_id=try4-c4-cpu start_us=4810909 end_us=4813511 dur_us=2601
UKL-MQTT-BENCH: BUFFULL run_id=try4-c4-cpu start_us=4815684 end_us=4819167 dur_us=3483
UKL-MQTT-BENCH: BUFFULL run_id=try4-c4-cpu start_us=4821910 end_us=4826548 dur_us=4638
UKL-MQTT-BENCH: BUFFULL run_id=try4-c4-cpu start_us=4831691 end_us=4836167 dur_us=4476
UKL-MQTT-BENCH: BUFFULL run_id=try4-c4-cpu start_us=4838892 end_us=4843556 dur_us=4664
UKL-MQTT-BENCH: BUFFULL run_id=try4-c4-cpu start_us=4846926 end_us=4849527 dur_us=2600
UKL-MQTT-BENCH: BUFFULL run_id=try4-c4-cpu start_us=4852312 end_us=4856175 dur_us=3862
UKL-MQTT-BENCH: BUFFULL run_id=try4-c4-cpu start_us=4858904 end_us=4862163 dur_us=3258
UKL-MQTT-BENCH: BUFFULL run_id=try4-c4-cpu start_us=4864888 end_us=4868159 dur_us=3270
UKL-MQTT-BENCH: BUFFULL run_id=try4-c4-cpu start_us=4870873 end_us=4874161 dur_us=3288
UKL-MQTT-BENCH: BUFFULL run_id=try4-c4-cpu start_us=4876903 end_us=4880172 dur_us=3269
UKL-MQTT-BENCH: BUFFULL run_id=try4-c4-cpu start_us=4882881 end_us=4887207 dur_us=4325
UKL-MQTT-BENCH: BUFFULL run_id=try4-c4-cpu start_us=4890507 end_us=4893178 dur_us=2671
UKL-MQTT-BENCH: BUFFULL run_id=try4-c4-cpu start_us=4895924 end_us=4899520 dur_us=3596
UKL-MQTT-BENCH: BUFFULL run_id=try4-c4-cpu start_us=4902270 end_us=4906541 dur_us=4270
UKL-MQTT-BENCH: BUFFULL run_id=try4-c4-cpu start_us=4909909 end_us=4911503 dur_us=1594
UKL-MQTT-BENCH: BUFFULL run_id=try4-c4-cpu start_us=4913670 end_us=4916484 dur_us=2814
UKL-MQTT-BENCH: BUFFULL run_id=try4-c4-cpu start_us=4918653 end_us=4923567 dur_us=4913
UKL-MQTT-BENCH: BUFFULL run_id=try4-c4-cpu start_us=4926336 end_us=4928512 dur_us=2175
UKL-MQTT-BENCH: BUFFULL run_id=try4-c4-cpu start_us=4931269 end_us=4936159 dur_us=4889
UKL-MQTT-BENCH: BUFFULL run_id=try4-c4-cpu start_us=4941849 end_us=4945586 dur_us=3736
UKL-MQTT-BENCH: BUFFULL run_id=try4-c4-cpu start_us=4948343 end_us=4954227 dur_us=5883
UKL-MQTT-BENCH: BUFFULL run_id=try4-c4-cpu start_us=4958101 end_us=4961205 dur_us=3104
UKL-MQTT-BENCH: BUFFULL run_id=try4-c4-cpu start_us=4963932 end_us=4965122 dur_us=1190
UKL-MQTT-BENCH: BUFFULL run_id=try4-c4-cpu start_us=4967428 end_us=4971659 dur_us=4231
UKL-MQTT-BENCH: BUFFULL run_id=try4-c4-cpu start_us=4974482 end_us=4977601 dur_us=3119
UKL-MQTT-BENCH: BUFFULL run_id=try4-c4-cpu start_us=4979757 end_us=4982536 dur_us=2779
UKL-MQTT-BENCH: BUFFULL run_id=try4-c4-cpu start_us=4984693 end_us=4988168 dur_us=3474
UKL-MQTT-BENCH: BUFFULL run_id=try4-c4-cpu start_us=4990885 end_us=4992504 dur_us=1619
UKL-MQTT-BENCH: BUFFULL run_id=try4-c4-cpu start_us=4994657 end_us=4997149 dur_us=2491
UKL-MQTT-BENCH: BUFFULL run_id=try4-c4-cpu start_us=5000512 end_us=5005532 dur_us=5019
UKL-MQTT-BENCH: BUFFULL run_id=try4-c4-cpu start_us=5008266 end_us=5010497 dur_us=2230
UKL-MQTT-BENCH: BUFFULL run_id=try4-c4-cpu start_us=5012695 end_us=5015494 dur_us=2798
UKL-MQTT-BENCH: BUFFULL run_id=try4-c4-cpu start_us=5017666 end_us=5021524 dur_us=3858
UKL-MQTT-BENCH: BUFFULL run_id=try4-c4-cpu start_us=5024287 end_us=5027141 dur_us=2853
UKL-MQTT-BENCH: BUFFULL run_id=try4-c4-cpu start_us=5029317 end_us=5032152 dur_us=2835
UKL-MQTT-BENCH: BUFFULL run_id=try4-c4-cpu start_us=5034864 end_us=5037496 dur_us=2632
UKL-MQTT-BENCH: BUFFULL run_id=try4-c4-cpu start_us=5039660 end_us=5043147 dur_us=3486
UKL-MQTT-BENCH: BUFFULL run_id=try4-c4-cpu start_us=5045868 end_us=5049164 dur_us=3296
UKL-MQTT-BENCH: BUFFULL run_id=try4-c4-cpu start_us=5051937 end_us=5054157 dur_us=2220
UKL-MQTT-BENCH: BUFFULL run_id=try4-c4-cpu start_us=5056379 end_us=5061553 dur_us=5173
UKL-MQTT-BENCH: BUFFULL run_id=try4-c4-cpu start_us=5064838 end_us=5067540 dur_us=2701
UKL-MQTT-BENCH: BUFFULL run_id=try4-c4-cpu start_us=5070279 end_us=5075161 dur_us=4881
UKL-MQTT-BENCH: BUFFULL run_id=try4-c4-cpu start_us=5078469 end_us=5081189 dur_us=2719
UKL-MQTT-BENCH: BUFFULL run_id=try4-c4-cpu start_us=5083922 end_us=5087205 dur_us=3283
UKL-MQTT-BENCH: BUFFULL run_id=try4-c4-cpu start_us=5089945 end_us=5096235 dur_us=6290
UKL-MQTT-BENCH: BUFFULL run_id=try4-c4-cpu start_us=5100124 end_us=5102224 dur_us=2099
UKL-MQTT-BENCH: BUFFULL run_id=try4-c4-cpu start_us=5104939 end_us=5107568 dur_us=2629
UKL-MQTT-BENCH: BUFFULL run_id=try4-c4-cpu start_us=5110310 end_us=5115214 dur_us=4903
UKL-MQTT-BENCH: BUFFULL run_id=try4-c4-cpu start_us=5117952 end_us=5119156 dur_us=1204
UKL-MQTT-BENCH: BUFFULL run_id=try4-c4-cpu start_us=5121334 end_us=5124193 dur_us=2859
UKL-MQTT-BENCH: BUFFULL run_id=try4-c4-cpu start_us=5126364 end_us=5129540 dur_us=3176
UKL-MQTT-BENCH: BUFFULL run_id=try4-c4-cpu start_us=5131706 end_us=5133088 dur_us=1382
UKL-MQTT-BENCH: BUFFULL run_id=try4-c4-cpu start_us=5134692 end_us=5137121 dur_us=2429
UKL-MQTT-BENCH: BUFFULL run_id=try4-c4-cpu start_us=5139289 end_us=5142143 dur_us=2854
UKL-MQTT-BENCH: BUFFULL run_id=try4-c4-cpu start_us=5144318 end_us=5146491 dur_us=2173
UKL-MQTT-BENCH: BUFFULL run_id=try4-c4-cpu start_us=5148658 end_us=5153158 dur_us=4499
UKL-MQTT-BENCH: BUFFULL run_id=try4-c4-cpu start_us=5155911 end_us=5158523 dur_us=2611
UKL-MQTT-BENCH: BUFFULL run_id=try4-c4-cpu start_us=5160677 end_us=5163496 dur_us=2818
UKL-MQTT-BENCH: BUFFULL run_id=try4-c4-cpu start_us=5166247 end_us=5169527 dur_us=3279
UKL-MQTT-BENCH: BUFFULL run_id=try4-c4-cpu start_us=5172281 end_us=5176168 dur_us=3887
UKL-MQTT-BENCH: BUFFULL run_id=try4-c4-cpu start_us=5178891 end_us=5182172 dur_us=3281
UKL-MQTT-BENCH: BUFFULL run_id=try4-c4-cpu start_us=5184886 end_us=5188141 dur_us=3254
UKL-MQTT-BENCH: BUFFULL run_id=try4-c4-cpu start_us=5190907 end_us=5194163 dur_us=3256
UKL-MQTT-BENCH: BUFFULL run_id=try4-c4-cpu start_us=5196895 end_us=5200162 dur_us=3266
UKL-MQTT-BENCH: BUFFULL run_id=try4-c4-cpu start_us=5202901 end_us=5206178 dur_us=3277
UKL-MQTT-BENCH: BUFFULL run_id=try4-c4-cpu start_us=5208918 end_us=5212170 dur_us=3252
UKL-MQTT-BENCH: BUFFULL run_id=try4-c4-cpu start_us=5214959 end_us=5218538 dur_us=3579
UKL-MQTT-BENCH: BUFFULL run_id=try4-c4-cpu start_us=5221291 end_us=5226199 dur_us=4908
UKL-MQTT-BENCH: BUFFULL run_id=try4-c4-cpu start_us=5229509 end_us=5232180 dur_us=2670
UKL-MQTT-BENCH: BUFFULL run_id=try4-c4-cpu start_us=5234922 end_us=5238168 dur_us=3245
UKL-MQTT-BENCH: BUFFULL run_id=try4-c4-cpu start_us=5240887 end_us=5244172 dur_us=3284
UKL-MQTT-BENCH: BUFFULL run_id=try4-c4-cpu start_us=5246906 end_us=5250158 dur_us=3252
UKL-MQTT-BENCH: BUFFULL run_id=try4-c4-cpu start_us=5252904 end_us=5256167 dur_us=3262
UKL-MQTT-BENCH: BUFFULL run_id=try4-c4-cpu start_us=5258944 end_us=5262519 dur_us=3574
UKL-MQTT-BENCH: BUFFULL run_id=try4-c4-cpu start_us=5265262 end_us=5269560 dur_us=4298
UKL-MQTT-BENCH: BUFFULL run_id=try4-c4-cpu start_us=5272893 end_us=5276170 dur_us=3277
UKL-MQTT-BENCH: BUFFULL run_id=try4-c4-cpu start_us=5278928 end_us=5282166 dur_us=3238
UKL-MQTT-BENCH: BUFFULL run_id=try4-c4-cpu start_us=5284913 end_us=5288170 dur_us=3257
UKL-MQTT-BENCH: BUFFULL run_id=try4-c4-cpu start_us=5290896 end_us=5294144 dur_us=3248
UKL-MQTT-BENCH: BUFFULL run_id=try4-c4-cpu start_us=5296878 end_us=5300166 dur_us=3287
UKL-MQTT-BENCH: BUFFULL run_id=try4-c4-cpu start_us=5302907 end_us=5306163 dur_us=3255
UKL-MQTT-BENCH: BUFFULL run_id=try4-c4-cpu start_us=5308906 end_us=5313552 dur_us=4646
UKL-MQTT-BENCH: BUFFULL run_id=try4-c4-cpu start_us=5316902 end_us=5320181 dur_us=3278
UKL-MQTT-BENCH: BUFFULL run_id=try4-c4-cpu start_us=5322935 end_us=5326165 dur_us=3229
UKL-MQTT-BENCH: BUFFULL run_id=try4-c4-cpu start_us=5328909 end_us=5333195 dur_us=4286
UKL-MQTT-BENCH: BUFFULL run_id=try4-c4-cpu start_us=5336504 end_us=5338149 dur_us=1644
UKL-MQTT-BENCH: BUFFULL run_id=try4-c4-cpu start_us=5340325 end_us=5344155 dur_us=3829
UKL-MQTT-BENCH: BUFFULL run_id=try4-c4-cpu start_us=5346909 end_us=5351544 dur_us=4634
UKL-MQTT-BENCH: BUFFULL run_id=try4-c4-cpu start_us=5354913 end_us=5357522 dur_us=2608
UKL-MQTT-BENCH: BUFFULL run_id=try4-c4-cpu start_us=5360251 end_us=5363515 dur_us=3264
UKL-MQTT-BENCH: BUFFULL run_id=try4-c4-cpu start_us=5366268 end_us=5371171 dur_us=4903
UKL-MQTT-BENCH: BUFFULL run_id=try4-c4-cpu start_us=5374469 end_us=5377189 dur_us=2719
UKL-MQTT-BENCH: BUFFULL run_id=try4-c4-cpu start_us=5379925 end_us=5384528 dur_us=4602
UKL-MQTT-BENCH: BUFFULL run_id=try4-c4-cpu start_us=5387821 end_us=5391523 dur_us=3702
UKL-MQTT-BENCH: BUFFULL run_id=try4-c4-cpu start_us=5394880 end_us=5396500 dur_us=1620
UKL-MQTT-BENCH: BUFFULL run_id=try4-c4-cpu start_us=5398664 end_us=5401506 dur_us=2841
UKL-MQTT-BENCH: BUFFULL run_id=try4-c4-cpu start_us=5403665 end_us=5408511 dur_us=4846
UKL-MQTT-BENCH: BUFFULL run_id=try4-c4-cpu start_us=5411828 end_us=5415171 dur_us=3343
UKL-MQTT-BENCH: BUFFULL run_id=try4-c4-cpu start_us=5417946 end_us=5421173 dur_us=3227
UKL-MQTT-BENCH: BUFFULL run_id=try4-c4-cpu start_us=5423916 end_us=5428189 dur_us=4273
UKL-MQTT-BENCH: BUFFULL run_id=try4-c4-cpu start_us=5431501 end_us=5434169 dur_us=2668
UKL-MQTT-BENCH: BUFFULL run_id=try4-c4-cpu start_us=5436901 end_us=5440521 dur_us=3619
UKL-MQTT-BENCH: BUFFULL run_id=try4-c4-cpu start_us=5443276 end_us=5446529 dur_us=3252
UKL-MQTT-BENCH: BUFFULL run_id=try4-c4-cpu start_us=5449267 end_us=5452533 dur_us=3266
UKL-MQTT-BENCH: BUFFULL run_id=try4-c4-cpu start_us=5455293 end_us=5458523 dur_us=3229
UKL-MQTT-BENCH: BUFFULL run_id=try4-c4-cpu start_us=5461263 end_us=5464767 dur_us=3503
UKL-MQTT-BENCH: BUFFULL run_id=try4-c4-cpu start_us=5467509 end_us=5472187 dur_us=4677
UKL-MQTT-BENCH: BUFFULL run_id=try4-c4-cpu start_us=5476037 end_us=5478160 dur_us=2123
UKL-MQTT-BENCH: BUFFULL run_id=try4-c4-cpu start_us=5480911 end_us=5484177 dur_us=3266
UKL-MQTT-BENCH: BUFFULL run_id=try4-c4-cpu start_us=5486916 end_us=5490508 dur_us=3591
UKL-MQTT-BENCH: BUFFULL run_id=try4-c4-cpu start_us=5493254 end_us=5496531 dur_us=3276
UKL-MQTT-BENCH: BUFFULL run_id=try4-c4-cpu start_us=5499280 end_us=5502520 dur_us=3239
UKL-MQTT-BENCH: BUFFULL run_id=try4-c4-cpu start_us=5505276 end_us=5510189 dur_us=4912
UKL-MQTT-BENCH: BUFFULL run_id=try4-c4-cpu start_us=5513503 end_us=5516171 dur_us=2667
UKL-MQTT-BENCH: BUFFULL run_id=try4-c4-cpu start_us=5518903 end_us=5522169 dur_us=3266
UKL-MQTT-BENCH: BUFFULL run_id=try4-c4-cpu start_us=5524964 end_us=5529568 dur_us=4604
UKL-MQTT-BENCH: BUFFULL run_id=try4-c4-cpu start_us=5532882 end_us=5534132 dur_us=1249
UKL-MQTT-BENCH: BUFFULL run_id=try4-c4-cpu start_us=5536301 end_us=5539143 dur_us=2841
UKL-MQTT-BENCH: BUFFULL run_id=try4-c4-cpu start_us=5541314 end_us=5546217 dur_us=4902
UKL-MQTT-BENCH: BUFFULL run_id=try4-c4-cpu start_us=5548962 end_us=5552168 dur_us=3205
UKL-MQTT-BENCH: BUFFULL run_id=try4-c4-cpu start_us=5554953 end_us=5558179 dur_us=3226
UKL-MQTT-BENCH: BUFFULL run_id=try4-c4-cpu start_us=5560967 end_us=5563154 dur_us=2187
UKL-MQTT-BENCH: BUFFULL run_id=try4-c4-cpu start_us=5565322 end_us=5570193 dur_us=4871
UKL-MQTT-BENCH: BUFFULL run_id=try4-c4-cpu start_us=5573537 end_us=5576533 dur_us=2996
UKL-MQTT-BENCH: BUFFULL run_id=try4-c4-cpu start_us=5579298 end_us=5582525 dur_us=3226
UKL-MQTT-BENCH: BUFFULL run_id=try4-c4-cpu start_us=5585288 end_us=5588508 dur_us=3220
UKL-MQTT-BENCH: BUFFULL run_id=try4-c4-cpu start_us=5591275 end_us=5595167 dur_us=3891
UKL-MQTT-BENCH: BUFFULL run_id=try4-c4-cpu start_us=5597901 end_us=5601173 dur_us=3271
UKL-MQTT-BENCH: BUFFULL run_id=try4-c4-cpu start_us=5603901 end_us=5608190 dur_us=4289
UKL-MQTT-BENCH: BUFFULL run_id=try4-c4-cpu start_us=5611528 end_us=5614527 dur_us=2999
UKL-MQTT-BENCH: BUFFULL run_id=try4-c4-cpu start_us=5617292 end_us=5620518 dur_us=3225
UKL-MQTT-BENCH: BUFFULL run_id=try4-c4-cpu start_us=5623263 end_us=5628215 dur_us=4952
UKL-MQTT-BENCH: BUFFULL run_id=try4-c4-cpu start_us=5631521 end_us=5633129 dur_us=1608
UKL-MQTT-BENCH: BUFFULL run_id=try4-c4-cpu start_us=5635300 end_us=5638147 dur_us=2847
UKL-MQTT-BENCH: BUFFULL run_id=try4-c4-cpu start_us=5640321 end_us=5645200 dur_us=4878
UKL-MQTT-BENCH: BUFFULL run_id=try4-c4-cpu start_us=5647954 end_us=5650136 dur_us=2182
UKL-MQTT-BENCH: BUFFULL run_id=try4-c4-cpu start_us=5652874 end_us=5656153 dur_us=3279
UKL-MQTT-BENCH: BUFFULL run_id=try4-c4-cpu start_us=5658875 end_us=5661178 dur_us=2302
UKL-MQTT-BENCH: BUFFULL run_id=try4-c4-cpu start_us=5663398 end_us=5668545 dur_us=5146
UKL-MQTT-BENCH: BUFFULL run_id=try4-c4-cpu start_us=5671852 end_us=5674526 dur_us=2673
UKL-MQTT-BENCH: BUFFULL run_id=try4-c4-cpu start_us=5677268 end_us=5679506 dur_us=2238
UKL-MQTT-BENCH: BUFFULL run_id=try4-c4-cpu start_us=5681680 end_us=5685515 dur_us=3834
UKL-MQTT-BENCH: BUFFULL run_id=try4-c4-cpu start_us=5688338 end_us=5691525 dur_us=3187
UKL-MQTT-BENCH: BUFFULL run_id=try4-c4-cpu start_us=5694254 end_us=5698146 dur_us=3891
UKL-MQTT-BENCH: BUFFULL run_id=try4-c4-cpu start_us=5700879 end_us=5704154 dur_us=3274
UKL-MQTT-BENCH: BUFFULL run_id=try4-c4-cpu start_us=5706874 end_us=5710163 dur_us=3288
UKL-MQTT-BENCH: BUFFULL run_id=try4-c4-cpu start_us=5712913 end_us=5717179 dur_us=4266
UKL-MQTT-BENCH: BUFFULL run_id=try4-c4-cpu start_us=5720468 end_us=5723166 dur_us=2697
UKL-MQTT-BENCH: BUFFULL run_id=try4-c4-cpu start_us=5725918 end_us=5729529 dur_us=3610
UKL-MQTT-BENCH: BUFFULL run_id=try4-c4-cpu start_us=5732280 end_us=5737188 dur_us=4908
UKL-MQTT-BENCH: BUFFULL run_id=try4-c4-cpu start_us=5743657 end_us=5746498 dur_us=2841
UKL-MQTT-BENCH: BUFFULL run_id=try4-c4-cpu start_us=5748660 end_us=5753574 dur_us=4913
UKL-MQTT-BENCH: BUFFULL run_id=try4-c4-cpu start_us=5756323 end_us=5758486 dur_us=2162
UKL-MQTT-BENCH: BUFFULL run_id=try4-c4-cpu start_us=5761228 end_us=5765158 dur_us=3930
UKL-MQTT-BENCH: BUFFULL run_id=try4-c4-cpu start_us=5767878 end_us=5770137 dur_us=2258
UKL-MQTT-BENCH: BUFFULL run_id=try4-c4-cpu start_us=5772290 end_us=5777179 dur_us=4889
UKL-MQTT-BENCH: BUFFULL run_id=try4-c4-cpu start_us=5780480 end_us=5783156 dur_us=2676
UKL-MQTT-BENCH: BUFFULL run_id=try4-c4-cpu start_us=5785909 end_us=5789166 dur_us=3256
UKL-MQTT-BENCH: BUFFULL run_id=try4-c4-cpu start_us=5791888 end_us=5795134 dur_us=3246
UKL-MQTT-BENCH: BUFFULL run_id=try4-c4-cpu start_us=5797871 end_us=5801157 dur_us=3285
UKL-MQTT-BENCH: BUFFULL run_id=try4-c4-cpu start_us=5803882 end_us=5807157 dur_us=3274
UKL-MQTT-BENCH: BUFFULL run_id=try4-c4-cpu start_us=5809890 end_us=5814544 dur_us=4653
UKL-MQTT-BENCH: BUFFULL run_id=try4-c4-cpu start_us=5817841 end_us=5820509 dur_us=2667
UKL-MQTT-BENCH: BUFFULL run_id=try4-c4-cpu start_us=5823241 end_us=5826521 dur_us=3279
UKL-MQTT-BENCH: BUFFULL run_id=try4-c4-cpu start_us=5829290 end_us=5834189 dur_us=4899
UKL-MQTT-BENCH: BUFFULL run_id=try4-c4-cpu start_us=5837505 end_us=5839126 dur_us=1620
UKL-MQTT-BENCH: BUFFULL run_id=try4-c4-cpu start_us=5841298 end_us=5843510 dur_us=2211
UKL-MQTT-BENCH: BUFFULL run_id=try4-c4-cpu start_us=5845686 end_us=5850568 dur_us=4882
UKL-MQTT-BENCH: BUFFULL run_id=try4-c4-cpu start_us=5853331 end_us=5856133 dur_us=2801
UKL-MQTT-BENCH: BUFFULL run_id=try4-c4-cpu start_us=5858875 end_us=5861929 dur_us=3054
UKL-MQTT-BENCH: BUFFULL run_id=try4-c4-cpu start_us=5864655 end_us=5867140 dur_us=2485
UKL-MQTT-BENCH: BUFFULL run_id=try4-c4-cpu start_us=5869325 end_us=5874181 dur_us=4855
UKL-MQTT-BENCH: BUFFULL run_id=try4-c4-cpu start_us=5877486 end_us=5880525 dur_us=3039
UKL-MQTT-BENCH: BUFFULL run_id=try4-c4-cpu start_us=5883263 end_us=5886521 dur_us=3258
UKL-MQTT-BENCH: BUFFULL run_id=try4-c4-cpu start_us=5889303 end_us=5892517 dur_us=3214
UKL-MQTT-BENCH: BUFFULL run_id=try4-c4-cpu start_us=5895249 end_us=5898527 dur_us=3278
UKL-MQTT-BENCH: BUFFULL run_id=try4-c4-cpu start_us=5901293 end_us=5905153 dur_us=3860
UKL-MQTT-BENCH: BUFFULL run_id=try4-c4-cpu start_us=5907898 end_us=5912185 dur_us=4287
UKL-MQTT-BENCH: BUFFULL run_id=try4-c4-cpu start_us=5915526 end_us=5918153 dur_us=2626
UKL-MQTT-BENCH: BUFFULL run_id=try4-c4-cpu start_us=5920889 end_us=5924530 dur_us=3640
UKL-MQTT-BENCH: BUFFULL run_id=try4-c4-cpu start_us=5927259 end_us=5930512 dur_us=3252
UKL-MQTT-BENCH: BUFFULL run_id=try4-c4-cpu start_us=5933304 end_us=5936539 dur_us=3234
UKL-MQTT-BENCH: BUFFULL run_id=try4-c4-cpu start_us=5939351 end_us=5943166 dur_us=3815
UKL-MQTT-BENCH: BUFFULL run_id=try4-c4-cpu start_us=5945902 end_us=5950192 dur_us=4290
UKL-MQTT-BENCH: BUFFULL run_id=try4-c4-cpu start_us=5953509 end_us=5956158 dur_us=2649
UKL-MQTT-BENCH: BUFFULL run_id=try4-c4-cpu start_us=5958896 end_us=5962159 dur_us=3262
UKL-MQTT-BENCH: BUFFULL run_id=try4-c4-cpu start_us=5964874 end_us=5969541 dur_us=4667
UKL-MQTT-BENCH: BUFFULL run_id=try4-c4-cpu start_us=5972871 end_us=5974487 dur_us=1615
UKL-MQTT-BENCH: BUFFULL run_id=try4-c4-cpu start_us=5976662 end_us=5979129 dur_us=2466
UKL-MQTT-BENCH: BUFFULL run_id=try4-c4-cpu start_us=5981300 end_us=5986207 dur_us=4906
UKL-MQTT-BENCH: BUFFULL run_id=try4-c4-cpu start_us=5988934 end_us=5991480 dur_us=2545
UKL-MQTT-BENCH: BUFFULL run_id=try4-c4-cpu start_us=5994237 end_us=5997528 dur_us=3291
UKL-MQTT-BENCH: BUFFULL run_id=try4-c4-cpu start_us=6000267 end_us=6002506 dur_us=2239
UKL-MQTT-BENCH: BUFFULL run_id=try4-c4-cpu start_us=6004666 end_us=6009542 dur_us=4876
UKL-MQTT-BENCH: BUFFULL run_id=try4-c4-cpu start_us=6012846 end_us=6015515 dur_us=2668
UKL-MQTT-BENCH: BUFFULL run_id=try4-c4-cpu start_us=6018274 end_us=6020510 dur_us=2236
UKL-MQTT-BENCH: BUFFULL run_id=try4-c4-cpu start_us=6022674 end_us=6026508 dur_us=3834
UKL-MQTT-BENCH: BUFFULL run_id=try4-c4-cpu start_us=6029226 end_us=6032533 dur_us=3306
UKL-MQTT-BENCH: BUFFULL run_id=try4-c4-cpu start_us=6035338 end_us=6039164 dur_us=3825
UKL-MQTT-BENCH: BUFFULL run_id=try4-c4-cpu start_us=6041901 end_us=6045159 dur_us=3257
UKL-MQTT-BENCH: BUFFULL run_id=try4-c4-cpu start_us=6047914 end_us=6051159 dur_us=3244
UKL-MQTT-BENCH: BUFFULL run_id=try4-c4-cpu start_us=6053888 end_us=6058547 dur_us=4659
UKL-MQTT-BENCH: BUFFULL run_id=try4-c4-cpu start_us=6061851 end_us=6064531 dur_us=2679
UKL-MQTT-BENCH: BUFFULL run_id=try4-c4-cpu start_us=6067254 end_us=6070517 dur_us=3263
UKL-MQTT-BENCH: BUFFULL run_id=try4-c4-cpu start_us=6073236 end_us=6077176 dur_us=3939
UKL-MQTT-BENCH: BUFFULL run_id=try4-c4-cpu start_us=6079925 end_us=6083138 dur_us=3212
UKL-MQTT-BENCH: BUFFULL run_id=try4-c4-cpu start_us=6085883 end_us=6089182 dur_us=3299
UKL-MQTT-BENCH: BUFFULL run_id=try4-c4-cpu start_us=6092103 end_us=6095554 dur_us=3451
UKL-MQTT-BENCH: BUFFULL run_id=try4-c4-cpu start_us=6098296 end_us=6103183 dur_us=4887
UKL-MQTT-BENCH: BUFFULL run_id=try4-c4-cpu start_us=6106495 end_us=6109165 dur_us=2669
UKL-MQTT-BENCH: BUFFULL run_id=try4-c4-cpu start_us=6111908 end_us=6115158 dur_us=3249
UKL-MQTT-BENCH: BUFFULL run_id=try4-c4-cpu start_us=6117903 end_us=6122546 dur_us=4642
UKL-MQTT-BENCH: BUFFULL run_id=try4-c4-cpu start_us=6125842 end_us=6127136 dur_us=1294
UKL-MQTT-BENCH: BUFFULL run_id=try4-c4-cpu start_us=6129314 end_us=6133505 dur_us=4190
UKL-MQTT-BENCH: BUFFULL run_id=try4-c4-cpu start_us=6136291 end_us=6141200 dur_us=4909
UKL-MQTT-BENCH: BUFFULL run_id=try4-c4-cpu start_us=6144520 end_us=6147161 dur_us=2641
UKL-MQTT-BENCH: BUFFULL run_id=try4-c4-cpu start_us=6149902 end_us=6153173 dur_us=3270
UKL-MQTT-BENCH: BUFFULL run_id=try4-c4-cpu start_us=6155932 end_us=6159164 dur_us=3232
UKL-MQTT-BENCH: BUFFULL run_id=try4-c4-cpu start_us=6161904 end_us=6165161 dur_us=3257
UKL-MQTT-BENCH: BUFFULL run_id=try4-c4-cpu start_us=6167892 end_us=6171188 dur_us=3296
UKL-MQTT-BENCH: BUFFULL run_id=try4-c4-cpu start_us=6174108 end_us=6178164 dur_us=4055
UKL-MQTT-BENCH: BUFFULL run_id=try4-c4-cpu start_us=6180905 end_us=6184161 dur_us=3255
UKL-MQTT-BENCH: BUFFULL run_id=try4-c4-cpu start_us=6186906 end_us=6190159 dur_us=3253
UKL-MQTT-BENCH: BUFFULL run_id=try4-c4-cpu start_us=6192877 end_us=6197179 dur_us=4302
UKL-MQTT-BENCH: BUFFULL run_id=try4-c4-cpu start_us=6200484 end_us=6203526 dur_us=3041
UKL-MQTT-BENCH: BUFFULL run_id=try4-c4-cpu start_us=6206283 end_us=6209515 dur_us=3232
UKL-MQTT-BENCH: BUFFULL run_id=try4-c4-cpu start_us=6212268 end_us=6217204 dur_us=4935
UKL-MQTT-BENCH: BUFFULL run_id=try4-c4-cpu start_us=6220598 end_us=6222132 dur_us=1534
UKL-MQTT-BENCH: BUFFULL run_id=try4-c4-cpu start_us=6224303 end_us=6226510 dur_us=2207
UKL-MQTT-BENCH: BUFFULL run_id=try4-c4-cpu start_us=6228712 end_us=6233597 dur_us=4884
UKL-MQTT-BENCH: BUFFULL run_id=try4-c4-cpu start_us=6236352 end_us=6239163 dur_us=2810
UKL-MQTT-BENCH: BUFFULL run_id=try4-c4-cpu start_us=6241912 end_us=6245173 dur_us=3261
UKL-MQTT-BENCH: BUFFULL run_id=try4-c4-cpu start_us=6247911 end_us=6250145 dur_us=2233
UKL-MQTT-BENCH: BUFFULL run_id=try4-c4-cpu start_us=6252313 end_us=6257187 dur_us=4874
UKL-MQTT-BENCH: BUFFULL run_id=try4-c4-cpu start_us=6260498 end_us=6263440 dur_us=2941
UKL-MQTT-BENCH: BUFFULL run_id=try4-c4-cpu start_us=6266177 end_us=6268140 dur_us=1963
UKL-MQTT-BENCH: BUFFULL run_id=try4-c4-cpu start_us=6270323 end_us=6274530 dur_us=4206
UKL-MQTT-BENCH: BUFFULL run_id=try4-c4-cpu start_us=6277310 end_us=6280522 dur_us=3212
UKL-MQTT-BENCH: BUFFULL run_id=try4-c4-cpu start_us=6283262 end_us=6286512 dur_us=3249
UKL-MQTT-BENCH: BUFFULL run_id=try4-c4-cpu start_us=6289293 end_us=6292530 dur_us=3236
UKL-MQTT-BENCH: BUFFULL run_id=try4-c4-cpu start_us=6295278 end_us=6299154 dur_us=3875
UKL-MQTT-BENCH: BUFFULL run_id=try4-c4-cpu start_us=6301891 end_us=6306181 dur_us=4290
UKL-MQTT-BENCH: BUFFULL run_id=try4-c4-cpu start_us=6309498 end_us=6312164 dur_us=2666
UKL-MQTT-BENCH: BUFFULL run_id=try4-c4-cpu start_us=6314903 end_us=6318153 dur_us=3250
UKL-MQTT-BENCH: BUFFULL run_id=try4-c4-cpu start_us=6320881 end_us=6325556 dur_us=4674
UKL-MQTT-BENCH: BUFFULL run_id=try4-c4-cpu start_us=6328856 end_us=6330480 dur_us=1623
UKL-MQTT-BENCH: BUFFULL run_id=try4-c4-cpu start_us=6332643 end_us=6335131 dur_us=2488
UKL-MQTT-BENCH: BUFFULL run_id=try4-c4-cpu start_us=6337294 end_us=6342574 dur_us=5279
UKL-MQTT-BENCH: BUFFULL run_id=try4-c4-cpu start_us=6345319 end_us=6347488 dur_us=2169
UKL-MQTT-BENCH: BUFFULL run_id=try4-c4-cpu start_us=6350237 end_us=6353534 dur_us=3296
UKL-MQTT-BENCH: BUFFULL run_id=try4-c4-cpu start_us=6356298 end_us=6359141 dur_us=2843
UKL-MQTT-BENCH: BUFFULL run_id=try4-c4-cpu start_us=6361306 end_us=6366183 dur_us=4877
UKL-MQTT-BENCH: BUFFULL run_id=try4-c4-cpu start_us=6369526 end_us=6372153 dur_us=2627
UKL-MQTT-BENCH: BUFFULL run_id=try4-c4-cpu start_us=6375068 end_us=6378177 dur_us=3108
UKL-MQTT-BENCH: BUFFULL run_id=try4-c4-cpu start_us=6380484 end_us=6384545 dur_us=4060
UKL-MQTT-BENCH: BUFFULL run_id=try4-c4-cpu start_us=6387314 end_us=6390517 dur_us=3203
UKL-MQTT-BENCH: BUFFULL run_id=try4-c4-cpu start_us=6393290 end_us=6396518 dur_us=3228
UKL-MQTT-BENCH: BUFFULL run_id=try4-c4-cpu start_us=6399286 end_us=6402531 dur_us=3245
UKL-MQTT-BENCH: BUFFULL run_id=try4-c4-cpu start_us=6405250 end_us=6409167 dur_us=3917
UKL-MQTT-BENCH: BUFFULL run_id=try4-c4-cpu start_us=6411897 end_us=6416183 dur_us=4285
UKL-MQTT-BENCH: BUFFULL run_id=try4-c4-cpu start_us=6419502 end_us=6422149 dur_us=2646
UKL-MQTT-BENCH: BUFFULL run_id=try4-c4-cpu start_us=6424919 end_us=6428157 dur_us=3237
UKL-MQTT-BENCH: BUFFULL run_id=try4-c4-cpu start_us=6431135 end_us=6436242 dur_us=5107
UKL-MQTT-BENCH: BUFFULL run_id=try4-c4-cpu start_us=6439566 end_us=6442550 dur_us=2984
UKL-MQTT-BENCH: BUFFULL run_id=try4-c4-cpu start_us=6445306 end_us=6447505 dur_us=2198
UKL-MQTT-BENCH: BUFFULL run_id=try4-c4-cpu start_us=6449687 end_us=6455190 dur_us=5502
UKL-MQTT-BENCH: BUFFULL run_id=try4-c4-cpu start_us=6461665 end_us=6466169 dur_us=4504
UKL-MQTT-BENCH: BUFFULL run_id=try4-c4-cpu start_us=6468966 end_us=6473195 dur_us=4228
UKL-MQTT-BENCH: BUFFULL run_id=try4-c4-cpu start_us=6476540 end_us=6479159 dur_us=2619
UKL-MQTT-BENCH: BUFFULL run_id=try4-c4-cpu start_us=6481957 end_us=6484140 dur_us=2183
UKL-MQTT-BENCH: BUFFULL run_id=try4-c4-cpu start_us=6486306 end_us=6491547 dur_us=5240
UKL-MQTT-BENCH: BUFFULL run_id=try4-c4-cpu start_us=6494846 end_us=6496496 dur_us=1650
UKL-MQTT-BENCH: BUFFULL run_id=try4-c4-cpu start_us=6498672 end_us=6502532 dur_us=3859
UKL-MQTT-BENCH: BUFFULL run_id=try4-c4-cpu start_us=6505280 end_us=6510140 dur_us=4859
UKL-MQTT-BENCH: BUFFULL run_id=try4-c4-cpu start_us=6513440 end_us=6516157 dur_us=2717
UKL-MQTT-BENCH: BUFFULL run_id=try4-c4-cpu start_us=6518898 end_us=6522164 dur_us=3266
UKL-MQTT-BENCH: BUFFULL run_id=try4-c4-cpu start_us=6524903 end_us=6529551 dur_us=4647
UKL-MQTT-BENCH: BUFFULL run_id=try4-c4-cpu start_us=6532861 end_us=6535514 dur_us=2652
UKL-MQTT-BENCH: BUFFULL run_id=try4-c4-cpu start_us=6538265 end_us=6541522 dur_us=3256
UKL-MQTT-BENCH: BUFFULL run_id=try4-c4-cpu start_us=6544265 end_us=6548171 dur_us=3905
UKL-MQTT-BENCH: BUFFULL run_id=try4-c4-cpu start_us=6550918 end_us=6554143 dur_us=3224
UKL-MQTT-BENCH: BUFFULL run_id=try4-c4-cpu start_us=6556880 end_us=6560174 dur_us=3293
UKL-MQTT-BENCH: BUFFULL run_id=try4-c4-cpu start_us=6562909 end_us=6566149 dur_us=3239
UKL-MQTT-BENCH: BUFFULL run_id=try4-c4-cpu start_us=6568888 end_us=6573569 dur_us=4681
UKL-MQTT-BENCH: BUFFULL run_id=try4-c4-cpu start_us=6576895 end_us=6580151 dur_us=3255
UKL-MQTT-BENCH: BUFFULL run_id=try4-c4-cpu start_us=6582887 end_us=6586159 dur_us=3271
UKL-MQTT-BENCH: BUFFULL run_id=try4-c4-cpu start_us=6588896 end_us=6593170 dur_us=4273
UKL-MQTT-BENCH: BUFFULL run_id=try4-c4-cpu start_us=6596489 end_us=6598126 dur_us=1636
UKL-MQTT-BENCH: BUFFULL run_id=try4-c4-cpu start_us=6600303 end_us=6603125 dur_us=2822
UKL-MQTT-BENCH: BUFFULL run_id=try4-c4-cpu start_us=6605294 end_us=6610200 dur_us=4906
UKL-MQTT-BENCH: BUFFULL run_id=try4-c4-cpu start_us=6612934 end_us=6615110 dur_us=2175
UKL-MQTT-BENCH: BUFFULL run_id=try4-c4-cpu start_us=6617849 end_us=6621145 dur_us=3296
UKL-MQTT-BENCH: BUFFULL run_id=try4-c4-cpu start_us=6623876 end_us=6626123 dur_us=2247
UKL-MQTT-BENCH: BUFFULL run_id=try4-c4-cpu start_us=6628293 end_us=6633538 dur_us=5244
UKL-MQTT-BENCH: BUFFULL run_id=try4-c4-cpu start_us=6636836 end_us=6639515 dur_us=2678
UKL-MQTT-BENCH: BUFFULL run_id=try4-c4-cpu start_us=6642274 end_us=6645512 dur_us=3237
UKL-MQTT-BENCH: BUFFULL run_id=try4-c4-cpu start_us=6648327 end_us=6653194 dur_us=4866
UKL-MQTT-BENCH: BUFFULL run_id=try4-c4-cpu start_us=6656525 end_us=6660550 dur_us=4025
UKL-MQTT-BENCH: BUFFULL run_id=try4-c4-cpu start_us=6663901 end_us=6667891 dur_us=3989
UKL-MQTT-BENCH: BUFFULL run_id=try4-c4-cpu start_us=6671212 end_us=6675168 dur_us=3956
UKL-MQTT-BENCH: BUFFULL run_id=try4-c4-cpu start_us=6678893 end_us=6681157 dur_us=2264
UKL-MQTT-BENCH: BUFFULL run_id=try4-c4-cpu start_us=6683895 end_us=6687512 dur_us=3617
UKL-MQTT-BENCH: BUFFULL run_id=try4-c4-cpu start_us=6690306 end_us=6695177 dur_us=4871
UKL-MQTT-BENCH: BUFFULL run_id=try4-c4-cpu start_us=6698508 end_us=6701168 dur_us=2660
UKL-MQTT-BENCH: BUFFULL run_id=try4-c4-cpu start_us=6703929 end_us=6708526 dur_us=4596
UKL-MQTT-BENCH: BUFFULL run_id=try4-c4-cpu start_us=6711838 end_us=6716183 dur_us=4345
UKL-MQTT-BENCH: BUFFULL run_id=try4-c4-cpu start_us=6719485 end_us=6720515 dur_us=1030
UKL-MQTT-BENCH: BUFFULL run_id=try4-c4-cpu start_us=6722729 end_us=6725503 dur_us=2773
UKL-MQTT-BENCH: BUFFULL run_id=try4-c4-cpu start_us=6727660 end_us=6733163 dur_us=5502
UKL-MQTT-BENCH: BUFFULL run_id=try4-c4-cpu start_us=6736480 end_us=6739180 dur_us=2700
UKL-MQTT-BENCH: BUFFULL run_id=try4-c4-cpu start_us=6742109 end_us=6746198 dur_us=4089
UKL-MQTT-BENCH: BUFFULL run_id=try4-c4-cpu start_us=6749129 end_us=6753566 dur_us=4437
UKL-MQTT-BENCH: BUFFULL run_id=try4-c4-cpu start_us=6757140 end_us=6760191 dur_us=3050
UKL-MQTT-BENCH: BUFFULL run_id=try4-c4-cpu start_us=6763114 end_us=6767197 dur_us=4082
UKL-MQTT-BENCH: BUFFULL run_id=try4-c4-cpu start_us=6770128 end_us=6773182 dur_us=3053
UKL-MQTT-BENCH: BUFFULL run_id=try4-c4-cpu start_us=6776108 end_us=6780176 dur_us=4068
UKL-MQTT-BENCH: BUFFULL run_id=try4-c4-cpu start_us=6783106 end_us=6786551 dur_us=3444
UKL-MQTT-BENCH: BUFFULL run_id=try4-c4-cpu start_us=6789472 end_us=6793161 dur_us=3688
UKL-MQTT-BENCH: BUFFULL run_id=try4-c4-cpu start_us=6795909 end_us=6800185 dur_us=4275
UKL-MQTT-BENCH: BUFFULL run_id=try4-c4-cpu start_us=6803495 end_us=6806155 dur_us=2659
UKL-MQTT-BENCH: BUFFULL run_id=try4-c4-cpu start_us=6808901 end_us=6812547 dur_us=3646
UKL-MQTT-BENCH: BUFFULL run_id=try4-c4-cpu start_us=6815333 end_us=6820175 dur_us=4842
UKL-MQTT-BENCH: BUFFULL run_id=try4-c4-cpu start_us=6823476 end_us=6824493 dur_us=1016
UKL-MQTT-BENCH: BUFFULL run_id=try4-c4-cpu start_us=6826659 end_us=6829507 dur_us=2847
UKL-MQTT-BENCH: BUFFULL run_id=try4-c4-cpu start_us=6831691 end_us=6836567 dur_us=4875
UKL-MQTT-BENCH: BUFFULL run_id=try4-c4-cpu start_us=6839304 end_us=6842137 dur_us=2832
UKL-MQTT-BENCH: BUFFULL run_id=try4-c4-cpu start_us=6844897 end_us=6848168 dur_us=3270
UKL-MQTT-BENCH: BUFFULL run_id=try4-c4-cpu start_us=6850898 end_us=6853130 dur_us=2232
UKL-MQTT-BENCH: BUFFULL run_id=try4-c4-cpu start_us=6855295 end_us=6859160 dur_us=3865
UKL-MQTT-BENCH: BUFFULL run_id=try4-c4-cpu start_us=6861903 end_us=6865158 dur_us=3254
UKL-MQTT-BENCH: BUFFULL run_id=try4-c4-cpu start_us=6867913 end_us=6871164 dur_us=3250
UKL-MQTT-BENCH: BUFFULL run_id=try4-c4-cpu start_us=6873910 end_us=6877148 dur_us=3237
UKL-MQTT-BENCH: BUFFULL run_id=try4-c4-cpu start_us=6879886 end_us=6883525 dur_us=3638
UKL-MQTT-BENCH: BUFFULL run_id=try4-c4-cpu start_us=6886318 end_us=6889543 dur_us=3225
UKL-MQTT-BENCH: BUFFULL run_id=try4-c4-cpu start_us=6892285 end_us=6896159 dur_us=3874
UKL-MQTT-BENCH: BUFFULL run_id=try4-c4-cpu start_us=6898904 end_us=6902150 dur_us=3246
UKL-MQTT-BENCH: BUFFULL run_id=try4-c4-cpu start_us=6904891 end_us=6909120 dur_us=4228
UKL-MQTT-BENCH: BUFFULL run_id=try4-c4-cpu start_us=6912458 end_us=6914136 dur_us=1677
UKL-MQTT-BENCH: BUFFULL run_id=try4-c4-cpu start_us=6916306 end_us=6920168 dur_us=3861
UKL-MQTT-BENCH: BUFFULL run_id=try4-c4-cpu start_us=6922894 end_us=6929189 dur_us=6295
UKL-MQTT-BENCH: BUFFULL run_id=try4-c4-cpu start_us=6933088 end_us=6935143 dur_us=2055
UKL-MQTT-BENCH: BUFFULL run_id=try4-c4-cpu start_us=6937969 end_us=6941147 dur_us=3177
UKL-MQTT-BENCH: BUFFULL run_id=try4-c4-cpu start_us=6943898 end_us=6946132 dur_us=2234
UKL-MQTT-BENCH: BUFFULL run_id=try4-c4-cpu start_us=6948307 end_us=6953168 dur_us=4861
UKL-MQTT-BENCH: BUFFULL run_id=try4-c4-cpu start_us=6956497 end_us=6959530 dur_us=3032
UKL-MQTT-BENCH: BUFFULL run_id=try4-c4-cpu start_us=6962285 end_us=6967153 dur_us=4868
UKL-MQTT-BENCH: BUFFULL run_id=try4-c4-cpu start_us=6970457 end_us=6974179 dur_us=3721
UKL-MQTT-BENCH: BUFFULL run_id=try4-c4-cpu start_us=6977497 end_us=6979138 dur_us=1640
UKL-MQTT-BENCH: BUFFULL run_id=try4-c4-cpu start_us=6981308 end_us=6985123 dur_us=3814
UKL-MQTT-BENCH: BUFFULL run_id=try4-c4-cpu start_us=6987869 end_us=6992532 dur_us=4662
UKL-MQTT-BENCH: BUFFULL run_id=try4-c4-cpu start_us=6995846 end_us=6998518 dur_us=2672
UKL-MQTT-BENCH: BUFFULL run_id=try4-c4-cpu start_us=7001241 end_us=7004522 dur_us=3281
UKL-MQTT-BENCH: BUFFULL run_id=try4-c4-cpu start_us=7007242 end_us=7011150 dur_us=3907
UKL-MQTT-BENCH: BUFFULL run_id=try4-c4-cpu start_us=7013886 end_us=7017134 dur_us=3247
UKL-MQTT-BENCH: BUFFULL run_id=try4-c4-cpu start_us=7019863 end_us=7023142 dur_us=3278
UKL-MQTT-BENCH: BUFFULL run_id=try4-c4-cpu start_us=7025881 end_us=7029130 dur_us=3249
UKL-MQTT-BENCH: BUFFULL run_id=try4-c4-cpu start_us=7031853 end_us=7035133 dur_us=3279
UKL-MQTT-BENCH: BUFFULL run_id=try4-c4-cpu start_us=7037884 end_us=7041152 dur_us=3267
UKL-MQTT-BENCH: BUFFULL run_id=try4-c4-cpu start_us=7043892 end_us=7048536 dur_us=4643
UKL-MQTT-BENCH: BUFFULL run_id=try4-c4-cpu start_us=7051847 end_us=7054525 dur_us=2677
UKL-MQTT-BENCH: BUFFULL run_id=try4-c4-cpu start_us=7057264 end_us=7061160 dur_us=3895
UKL-MQTT-BENCH: BUFFULL run_id=try4-c4-cpu start_us=7063897 end_us=7068179 dur_us=4281
UKL-MQTT-BENCH: BUFFULL run_id=try4-c4-cpu start_us=7071529 end_us=7073133 dur_us=1603
UKL-MQTT-BENCH: BUFFULL run_id=try4-c4-cpu start_us=7075308 end_us=7079157 dur_us=3849
UKL-MQTT-BENCH: BUFFULL run_id=try4-c4-cpu start_us=7081909 end_us=7086555 dur_us=4645
UKL-MQTT-BENCH: BUFFULL run_id=try4-c4-cpu start_us=7089934 end_us=7092532 dur_us=2597
UKL-MQTT-BENCH: BUFFULL run_id=try4-c4-cpu start_us=7095282 end_us=7099128 dur_us=3846
UKL-MQTT-BENCH: BUFFULL run_id=try4-c4-cpu start_us=7101896 end_us=7105150 dur_us=3254
UKL-MQTT-BENCH: BUFFULL run_id=try4-c4-cpu start_us=7107913 end_us=7111140 dur_us=3226
UKL-MQTT-BENCH: BUFFULL run_id=try4-c4-cpu start_us=7113877 end_us=7117144 dur_us=3266
UKL-MQTT-BENCH: BUFFULL run_id=try4-c4-cpu start_us=7119887 end_us=7123139 dur_us=3252
UKL-MQTT-BENCH: BUFFULL run_id=try4-c4-cpu start_us=7125873 end_us=7129517 dur_us=3644
UKL-MQTT-BENCH: BUFFULL run_id=try4-c4-cpu start_us=7132273 end_us=7135528 dur_us=3255
UKL-MQTT-BENCH: BUFFULL run_id=try4-c4-cpu start_us=7138279 end_us=7143165 dur_us=4886
UKL-MQTT-BENCH: BUFFULL run_id=try4-c4-cpu start_us=7146494 end_us=7149150 dur_us=2656
UKL-MQTT-BENCH: BUFFULL run_id=try4-c4-cpu start_us=7151900 end_us=7155147 dur_us=3247
UKL-MQTT-BENCH: BUFFULL run_id=try4-c4-cpu start_us=7157877 end_us=7162518 dur_us=4641
UKL-MQTT-BENCH: BUFFULL run_id=try4-c4-cpu start_us=7165821 end_us=7167515 dur_us=1694
UKL-MQTT-BENCH: BUFFULL run_id=try4-c4-cpu start_us=7169687 end_us=7173533 dur_us=3845
UKL-MQTT-BENCH: BUFFULL run_id=try4-c4-cpu start_us=7176286 end_us=7182217 dur_us=5930
UKL-MQTT-BENCH: BUFFULL run_id=try4-c4-cpu start_us=7186075 end_us=7188126 dur_us=2051
UKL-MQTT-BENCH: BUFFULL run_id=try4-c4-cpu start_us=7190918 end_us=7194149 dur_us=3231
UKL-MQTT-BENCH: BUFFULL run_id=try4-c4-cpu start_us=7196889 end_us=7199149 dur_us=2259
UKL-MQTT-BENCH: BUFFULL run_id=try4-c4-cpu start_us=7201321 end_us=7206533 dur_us=5212
UKL-MQTT-BENCH: BUFFULL run_id=try4-c4-cpu start_us=7209850 end_us=7212527 dur_us=2676
UKL-MQTT-BENCH: BUFFULL run_id=try4-c4-cpu start_us=7215259 end_us=7218523 dur_us=3264
UKL-MQTT-BENCH: BUFFULL run_id=try4-c4-cpu start_us=7221275 end_us=7225147 dur_us=3871
UKL-MQTT-BENCH: BUFFULL run_id=try4-c4-cpu start_us=7227895 end_us=7229488 dur_us=1592
UKL-MQTT-BENCH: BUFFULL run_id=try4-c4-cpu start_us=7231660 end_us=7236151 dur_us=4490
UKL-MQTT-BENCH: BUFFULL run_id=try4-c4-cpu start_us=7238892 end_us=7242150 dur_us=3257
UKL-MQTT-BENCH: BUFFULL run_id=try4-c4-cpu start_us=7244896 end_us=7248123 dur_us=3226
UKL-MQTT-BENCH: BUFFULL run_id=try4-c4-cpu start_us=7250854 end_us=7254136 dur_us=3282
UKL-MQTT-BENCH: BUFFULL run_id=try4-c4-cpu start_us=7256869 end_us=7260162 dur_us=3292
UKL-MQTT-BENCH: BUFFULL run_id=try4-c4-cpu start_us=7262898 end_us=7267547 dur_us=4649
UKL-MQTT-BENCH: BUFFULL run_id=try4-c4-cpu start_us=7270862 end_us=7273531 dur_us=2668
UKL-MQTT-BENCH: BUFFULL run_id=try4-c4-cpu start_us=7276276 end_us=7279538 dur_us=3261
UKL-MQTT-BENCH: BUFFULL run_id=try4-c4-cpu start_us=7282286 end_us=7287187 dur_us=4900
UKL-MQTT-BENCH: BUFFULL run_id=try4-c4-cpu start_us=7290518 end_us=7292121 dur_us=1603
UKL-MQTT-BENCH: BUFFULL run_id=try4-c4-cpu start_us=7294351 end_us=7297125 dur_us=2774
UKL-MQTT-BENCH: BUFFULL run_id=try4-c4-cpu start_us=7299305 end_us=7304185 dur_us=4880
UKL-MQTT-BENCH: BUFFULL run_id=try4-c4-cpu start_us=7306971 end_us=7309109 dur_us=2138
UKL-MQTT-BENCH: BUFFULL run_id=try4-c4-cpu start_us=7311838 end_us=7315147 dur_us=3309
UKL-MQTT-BENCH: BUFFULL run_id=try4-c4-cpu start_us=7317888 end_us=7320138 dur_us=2249
UKL-MQTT-BENCH: BUFFULL run_id=try4-c4-cpu start_us=7322299 end_us=7326157 dur_us=3858
UKL-MQTT-BENCH: BUFFULL run_id=try4-c4-cpu start_us=7328878 end_us=7332139 dur_us=3261
UKL-MQTT-BENCH: BUFFULL run_id=try4-c4-cpu start_us=7334879 end_us=7338137 dur_us=3257
UKL-MQTT-BENCH: BUFFULL run_id=try4-c4-cpu start_us=7340869 end_us=7343133 dur_us=2263
UKL-MQTT-BENCH: BUFFULL run_id=try4-c4-cpu start_us=7345298 end_us=7349114 dur_us=3815
UKL-MQTT-BENCH: BUFFULL run_id=try4-c4-cpu start_us=7351275 end_us=7355166 dur_us=3890
UKL-MQTT-BENCH: BUFFULL run_id=try4-c4-cpu start_us=7358458 end_us=7360144 dur_us=1686
UKL-MQTT-BENCH: BUFFULL run_id=try4-c4-cpu start_us=7362314 end_us=7367554 dur_us=5240
UKL-MQTT-BENCH: BUFFULL run_id=try4-c4-cpu start_us=7370858 end_us=7372136 dur_us=1278
UKL-MQTT-BENCH: BUFFULL run_id=try4-c4-cpu start_us=7374305 end_us=7378120 dur_us=3815
UKL-MQTT-BENCH: BUFFULL run_id=try4-c4-cpu start_us=7380885 end_us=7384524 dur_us=3638
UKL-MQTT-BENCH: BUFFULL run_id=try4-c4-cpu start_us=7387265 end_us=7390527 dur_us=3261
UKL-MQTT-BENCH: BUFFULL run_id=try4-c4-cpu start_us=7393310 end_us=7396519 dur_us=3209
UKL-MQTT-BENCH: BUFFULL run_id=try4-c4-cpu start_us=7399260 end_us=7402526 dur_us=3265
UKL-MQTT-BENCH: BUFFULL run_id=try4-c4-cpu start_us=7405271 end_us=7409142 dur_us=3870
UKL-MQTT-BENCH: BUFFULL run_id=try4-c4-cpu start_us=7411871 end_us=7413486 dur_us=1615
UKL-MQTT-BENCH: BUFFULL run_id=try4-c4-cpu start_us=7415645 end_us=7419509 dur_us=3863
UKL-MQTT-BENCH: BUFFULL run_id=try4-c4-cpu start_us=7422238 end_us=7425523 dur_us=3284
UKL-MQTT-BENCH: BUFFULL run_id=try4-c4-cpu start_us=7428269 end_us=7432147 dur_us=3878
UKL-MQTT-BENCH: BUFFULL run_id=try4-c4-cpu start_us=7435005 end_us=7439174 dur_us=4168
UKL-MQTT-BENCH: BUFFULL run_id=try4-c4-cpu start_us=7442489 end_us=7446547 dur_us=4057
UKL-MQTT-BENCH: BUFFULL run_id=try4-c4-cpu start_us=7449877 end_us=7451496 dur_us=1618
UKL-MQTT-BENCH: BUFFULL run_id=try4-c4-cpu start_us=7453667 end_us=7459167 dur_us=5499
UKL-MQTT-BENCH: BUFFULL run_id=try4-c4-cpu start_us=7462488 end_us=7465155 dur_us=2666
UKL-MQTT-BENCH: BUFFULL run_id=try4-c4-cpu start_us=7467873 end_us=7471137 dur_us=3264
UKL-MQTT-BENCH: BUFFULL run_id=try4-c4-cpu start_us=7473873 end_us=7477040 dur_us=3167
UKL-MQTT-BENCH: BUFFULL run_id=try4-c4-cpu start_us=7479776 end_us=7483150 dur_us=3373
UKL-MQTT-BENCH: BUFFULL run_id=try4-c4-cpu start_us=7485911 end_us=7489144 dur_us=3232
UKL-MQTT-BENCH: BUFFULL run_id=try4-c4-cpu start_us=7491867 end_us=7495118 dur_us=3250
UKL-MQTT-BENCH: BUFFULL run_id=try4-c4-cpu start_us=7497893 end_us=7501526 dur_us=3632
UKL-MQTT-BENCH: BUFFULL run_id=try4-c4-cpu start_us=7504263 end_us=7507516 dur_us=3253
UKL-MQTT-BENCH: BUFFULL run_id=try4-c4-cpu start_us=7510251 end_us=7514542 dur_us=4291
UKL-MQTT-BENCH: BUFFULL run_id=try4-c4-cpu start_us=7517844 end_us=7521250 dur_us=3405
UKL-MQTT-BENCH: BUFFULL run_id=try4-c4-cpu start_us=7524078 end_us=7527174 dur_us=3095
UKL-MQTT-BENCH: BUFFULL run_id=try4-c4-cpu start_us=7529971 end_us=7534542 dur_us=4571
UKL-MQTT-BENCH: BUFFULL run_id=try4-c4-cpu start_us=7537836 end_us=7539502 dur_us=1665
UKL-MQTT-BENCH: BUFFULL run_id=try4-c4-cpu start_us=7541661 end_us=7544485 dur_us=2824
UKL-MQTT-BENCH: BUFFULL run_id=try4-c4-cpu start_us=7546642 end_us=7551558 dur_us=4915
UKL-MQTT-BENCH: BUFFULL run_id=try4-c4-cpu start_us=7554292 end_us=7556567 dur_us=2274
UKL-MQTT-BENCH: BUFFULL run_id=try4-c4-cpu start_us=7559300 end_us=7562527 dur_us=3227
UKL-MQTT-BENCH: BUFFULL run_id=try4-c4-cpu start_us=7565264 end_us=7567549 dur_us=2284
UKL-MQTT-BENCH: BUFFULL run_id=try4-c4-cpu start_us=7569716 end_us=7573143 dur_us=3426
UKL-MQTT-BENCH: BUFFULL run_id=try4-c4-cpu start_us=7575309 end_us=7578506 dur_us=3197
UKL-MQTT-BENCH: BUFFULL run_id=try4-c4-cpu start_us=7581263 end_us=7584130 dur_us=2866
UKL-MQTT-BENCH: BUFFULL run_id=try4-c4-cpu start_us=7586908 end_us=7589512 dur_us=2603
UKL-MQTT-BENCH: BUFFULL run_id=try4-c4-cpu start_us=7591679 end_us=7595529 dur_us=3850
UKL-MQTT-BENCH: BUFFULL run_id=try4-c4-cpu start_us=7598276 end_us=7601514 dur_us=3238
UKL-MQTT-BENCH: BUFFULL run_id=try4-c4-cpu start_us=7604266 end_us=7609149 dur_us=4882
UKL-MQTT-BENCH: BUFFULL run_id=try4-c4-cpu start_us=7612478 end_us=7615158 dur_us=2680
UKL-MQTT-BENCH: BUFFULL run_id=try4-c4-cpu start_us=7617905 end_us=7621137 dur_us=3231
UKL-MQTT-BENCH: BUFFULL run_id=try4-c4-cpu start_us=7623883 end_us=7627133 dur_us=3250
UKL-MQTT-BENCH: BUFFULL run_id=try4-c4-cpu start_us=7629880 end_us=7633156 dur_us=3276
UKL-MQTT-BENCH: BUFFULL run_id=try4-c4-cpu start_us=7635909 end_us=7639148 dur_us=3238
UKL-MQTT-BENCH: BUFFULL run_id=try4-c4-cpu start_us=7641888 end_us=7645146 dur_us=3257
UKL-MQTT-BENCH: BUFFULL run_id=try4-c4-cpu start_us=7647880 end_us=7651529 dur_us=3649
UKL-MQTT-BENCH: BUFFULL run_id=try4-c4-cpu start_us=7654282 end_us=7657522 dur_us=3240
UKL-MQTT-BENCH: BUFFULL run_id=try4-c4-cpu start_us=7660270 end_us=7662103 dur_us=1833
UKL-MQTT-BENCH: BUFFULL run_id=try4-c4-cpu start_us=7664269 end_us=7668138 dur_us=3869
UKL-MQTT-BENCH: BUFFULL run_id=try4-c4-cpu start_us=7670877 end_us=7674512 dur_us=3635
UKL-MQTT-BENCH: BUFFULL run_id=try4-c4-cpu start_us=7677252 end_us=7680526 dur_us=3274
UKL-MQTT-BENCH: BUFFULL run_id=try4-c4-cpu start_us=7683291 end_us=7687547 dur_us=4256
UKL-MQTT-BENCH: BUFFULL run_id=try4-c4-cpu start_us=7690857 end_us=7695178 dur_us=4320
UKL-MQTT-BENCH: BUFFULL run_id=try4-c4-cpu start_us=7698515 end_us=7700105 dur_us=1590
UKL-MQTT-BENCH: BUFFULL run_id=try4-c4-cpu start_us=7702317 end_us=7707169 dur_us=4851
UKL-MQTT-BENCH: BUFFULL run_id=try4-c4-cpu start_us=7710480 end_us=7713139 dur_us=2659
UKL-MQTT-BENCH: BUFFULL run_id=try4-c4-cpu start_us=7715880 end_us=7719524 dur_us=3643
UKL-MQTT-BENCH: BUFFULL run_id=try4-c4-cpu start_us=7722313 end_us=7725525 dur_us=3211
UKL-MQTT-BENCH: BUFFULL run_id=try4-c4-cpu start_us=7728282 end_us=7731514 dur_us=3231
UKL-MQTT-BENCH: BUFFULL run_id=try4-c4-cpu start_us=7734276 end_us=7737519 dur_us=3243
UKL-MQTT-BENCH: BUFFULL run_id=try4-c4-cpu start_us=7740262 end_us=7743516 dur_us=3254
UKL-MQTT-BENCH: BUFFULL run_id=try4-c4-cpu start_us=7746299 end_us=7750136 dur_us=3837
UKL-MQTT-BENCH: BUFFULL run_id=try4-c4-cpu start_us=7752867 end_us=7756142 dur_us=3275
UKL-MQTT-BENCH: BUFFULL run_id=try4-c4-cpu start_us=7758886 end_us=7763149 dur_us=4263
UKL-MQTT-BENCH: BUFFULL run_id=try4-c4-cpu start_us=7766456 end_us=7769129 dur_us=2673
UKL-MQTT-BENCH: BUFFULL run_id=try4-c4-cpu start_us=7771882 end_us=7775160 dur_us=3277
UKL-MQTT-BENCH: BUFFULL run_id=try4-c4-cpu start_us=7777892 end_us=7782551 dur_us=4658
UKL-MQTT-BENCH: BUFFULL run_id=try4-c4-cpu start_us=7785865 end_us=7787123 dur_us=1257
UKL-MQTT-BENCH: BUFFULL run_id=try4-c4-cpu start_us=7789286 end_us=7793508 dur_us=4221
UKL-MQTT-BENCH: BUFFULL run_id=try4-c4-cpu start_us=7796254 end_us=7800544 dur_us=4289
UKL-MQTT-BENCH: BUFFULL run_id=try4-c4-cpu start_us=7803833 end_us=7807151 dur_us=3317
UKL-MQTT-BENCH: BUFFULL run_id=try4-c4-cpu start_us=7809886 end_us=7813140 dur_us=3253
UKL-MQTT-BENCH: BUFFULL run_id=try4-c4-cpu start_us=7815882 end_us=7819149 dur_us=3266
UKL-MQTT-BENCH: BUFFULL run_id=try4-c4-cpu start_us=7821892 end_us=7825130 dur_us=3237
UKL-MQTT-BENCH: BUFFULL run_id=try4-c4-cpu start_us=7827866 end_us=7831143 dur_us=3276
UKL-MQTT-BENCH: BUFFULL run_id=try4-c4-cpu start_us=7833867 end_us=7837118 dur_us=3250
UKL-MQTT-BENCH: BUFFULL run_id=try4-c4-cpu start_us=7839863 end_us=7843142 dur_us=3279
UKL-MQTT-BENCH: BUFFULL run_id=try4-c4-cpu start_us=7845887 end_us=7849119 dur_us=3231
UKL-MQTT-BENCH: BUFFULL run_id=try4-c4-cpu start_us=7851851 end_us=7856536 dur_us=4685
UKL-MQTT-BENCH: BUFFULL run_id=try4-c4-cpu start_us=7859824 end_us=7862512 dur_us=2688
UKL-MQTT-BENCH: BUFFULL run_id=try4-c4-cpu start_us=7865266 end_us=7870141 dur_us=4875
UKL-MQTT-BENCH: BUFFULL run_id=try4-c4-cpu start_us=7873435 end_us=7875923 dur_us=2487
UKL-MQTT-BENCH: BUFFULL run_id=try4-c4-cpu start_us=7878670 end_us=7883148 dur_us=4477
UKL-MQTT-BENCH: BUFFULL run_id=try4-c4-cpu start_us=7886480 end_us=7890542 dur_us=4062
UKL-MQTT-BENCH: BUFFULL run_id=try4-c4-cpu start_us=7893901 end_us=7895489 dur_us=1588
UKL-MQTT-BENCH: BUFFULL run_id=try4-c4-cpu start_us=7897660 end_us=7900127 dur_us=2467
UKL-MQTT-BENCH: BUFFULL run_id=try4-c4-cpu start_us=7902354 end_us=7907529 dur_us=5175
UKL-MQTT-BENCH: BUFFULL run_id=try4-c4-cpu start_us=7910848 end_us=7913529 dur_us=2681
UKL-MQTT-BENCH: BUFFULL run_id=try4-c4-cpu start_us=7916282 end_us=7919543 dur_us=3261
UKL-MQTT-BENCH: BUFFULL run_id=try4-c4-cpu start_us=7922283 end_us=7927126 dur_us=4842
UKL-MQTT-BENCH: BUFFULL run_id=try4-c4-cpu start_us=7930475 end_us=7934166 dur_us=3690
UKL-MQTT-BENCH: BUFFULL run_id=try4-c4-cpu start_us=7937472 end_us=7940542 dur_us=3070
UKL-MQTT-BENCH: BUFFULL run_id=try4-c4-cpu start_us=7943275 end_us=7947557 dur_us=4281
UKL-MQTT-BENCH: BUFFULL run_id=try4-c4-cpu start_us=7950866 end_us=7955159 dur_us=4292
UKL-MQTT-BENCH: BUFFULL run_id=try4-c4-cpu start_us=7958477 end_us=7961129 dur_us=2651
UKL-MQTT-BENCH: BUFFULL run_id=try4-c4-cpu start_us=7963865 end_us=7967140 dur_us=3274
UKL-MQTT-BENCH: BUFFULL run_id=try4-c4-cpu start_us=7969879 end_us=7973136 dur_us=3257
UKL-MQTT-BENCH: BUFFULL run_id=try4-c4-cpu start_us=7975867 end_us=7978125 dur_us=2258
UKL-MQTT-BENCH: BUFFULL run_id=try4-c4-cpu start_us=7980293 end_us=7984121 dur_us=3827
UKL-MQTT-BENCH: BUFFULL run_id=try4-c4-cpu start_us=7986876 end_us=7990162 dur_us=3286
UKL-MQTT-BENCH: BUFFULL run_id=try4-c4-cpu start_us=7992912 end_us=7996147 dur_us=3235
UKL-MQTT-BENCH: BUFFULL run_id=try4-c4-cpu start_us=7998893 end_us=8003541 dur_us=4648
UKL-MQTT-BENCH: BUFFULL run_id=try4-c4-cpu start_us=8006856 end_us=8008504 dur_us=1648
UKL-MQTT-BENCH: BUFFULL run_id=try4-c4-cpu start_us=8010668 end_us=8014517 dur_us=3849
UKL-MQTT-BENCH: BUFFULL run_id=try4-c4-cpu start_us=8017243 end_us=8020526 dur_us=3283
UKL-MQTT-BENCH: BUFFULL run_id=try4-c4-cpu start_us=8023263 end_us=8026506 dur_us=3242
UKL-MQTT-BENCH: BUFFULL run_id=try4-c4-cpu start_us=8029252 end_us=8033143 dur_us=3891
UKL-MQTT-BENCH: BUFFULL run_id=try4-c4-cpu start_us=8035891 end_us=8039134 dur_us=3243
UKL-MQTT-BENCH: BUFFULL run_id=try4-c4-cpu start_us=8041868 end_us=8045130 dur_us=3262
UKL-MQTT-BENCH: BUFFULL run_id=try4-c4-cpu start_us=8047860 end_us=8051142 dur_us=3281
UKL-MQTT-BENCH: BUFFULL run_id=try4-c4-cpu start_us=8053905 end_us=8058168 dur_us=4263
UKL-MQTT-BENCH: BUFFULL run_id=try4-c4-cpu start_us=8061471 end_us=8064521 dur_us=3049
UKL-MQTT-BENCH: BUFFULL run_id=try4-c4-cpu start_us=8067246 end_us=8070524 dur_us=3277
UKL-MQTT-BENCH: BUFFULL run_id=try4-c4-cpu start_us=8073251 end_us=8076502 dur_us=3251
UKL-MQTT-BENCH: BUFFULL run_id=try4-c4-cpu start_us=8079237 end_us=8082548 dur_us=3311
UKL-MQTT-BENCH: BUFFULL run_id=try4-c4-cpu start_us=8085311 end_us=8088530 dur_us=3219
UKL-MQTT-BENCH: BUFFULL run_id=try4-c4-cpu start_us=8091281 end_us=8095138 dur_us=3856
UKL-MQTT-BENCH: BUFFULL run_id=try4-c4-cpu start_us=8097858 end_us=8099491 dur_us=1632
UKL-MQTT-BENCH: BUFFULL run_id=try4-c4-cpu start_us=8101669 end_us=8106161 dur_us=4492
UKL-MQTT-BENCH: BUFFULL run_id=try4-c4-cpu start_us=8108923 end_us=8113159 dur_us=4235
UKL-MQTT-BENCH: BUFFULL run_id=try4-c4-cpu start_us=8116487 end_us=8119145 dur_us=2658
UKL-MQTT-BENCH: BUFFULL run_id=try4-c4-cpu start_us=8121873 end_us=8125135 dur_us=3261
UKL-MQTT-BENCH: BUFFULL run_id=try4-c4-cpu start_us=8127873 end_us=8131520 dur_us=3646
UKL-MQTT-BENCH: BUFFULL run_id=try4-c4-cpu start_us=8134269 end_us=8137500 dur_us=3230
UKL-MQTT-BENCH: BUFFULL run_id=try4-c4-cpu start_us=8140244 end_us=8143525 dur_us=3281
UKL-MQTT-BENCH: BUFFULL run_id=try4-c4-cpu start_us=8146266 end_us=8149516 dur_us=3250
UKL-MQTT-BENCH: BUFFULL run_id=try4-c4-cpu start_us=8152262 end_us=8157151 dur_us=4888
UKL-MQTT-BENCH: BUFFULL run_id=try4-c4-cpu start_us=8160447 end_us=8163139 dur_us=2691
UKL-MQTT-BENCH: BUFFULL run_id=try4-c4-cpu start_us=8165884 end_us=8169123 dur_us=3238
UKL-MQTT-BENCH: BUFFULL run_id=try4-c4-cpu start_us=8171851 end_us=8176522 dur_us=4671
UKL-MQTT-BENCH: BUFFULL run_id=try4-c4-cpu start_us=8179813 end_us=8181123 dur_us=1309
UKL-MQTT-BENCH: BUFFULL run_id=try4-c4-cpu start_us=8183300 end_us=8186126 dur_us=2825
UKL-MQTT-BENCH: BUFFULL run_id=try4-c4-cpu start_us=8188291 end_us=8193176 dur_us=4885
UKL-MQTT-BENCH: BUFFULL run_id=try4-c4-cpu start_us=8195910 end_us=8198099 dur_us=2189
UKL-MQTT-BENCH: BUFFULL run_id=try4-c4-cpu start_us=8200839 end_us=8204524 dur_us=3685
UKL-MQTT-BENCH: BUFFULL run_id=try4-c4-cpu start_us=8207276 end_us=8209482 dur_us=2206
UKL-MQTT-BENCH: BUFFULL run_id=try4-c4-cpu start_us=8211647 end_us=8215129 dur_us=3481
UKL-MQTT-BENCH: BUFFULL run_id=try4-c4-cpu start_us=8217891 end_us=8222554 dur_us=4662
UKL-MQTT-BENCH: BUFFULL run_id=try4-c4-cpu start_us=8225849 end_us=8230147 dur_us=4297
UKL-MQTT-BENCH: BUFFULL run_id=try4-c4-cpu start_us=8233455 end_us=8235118 dur_us=1663
UKL-MQTT-BENCH: BUFFULL run_id=try4-c4-cpu start_us=8237282 end_us=8241122 dur_us=3839
UKL-MQTT-BENCH: BUFFULL run_id=try4-c4-cpu start_us=8243898 end_us=8247132 dur_us=3234
UKL-MQTT-BENCH: BUFFULL run_id=try4-c4-cpu start_us=8249951 end_us=8253147 dur_us=3196
UKL-MQTT-BENCH: BUFFULL run_id=try4-c4-cpu start_us=8255898 end_us=8260535 dur_us=4636
UKL-MQTT-BENCH: BUFFULL run_id=try4-c4-cpu start_us=8263845 end_us=8268133 dur_us=4287
UKL-MQTT-BENCH: BUFFULL run_id=try4-c4-cpu start_us=8271433 end_us=8274137 dur_us=2703
UKL-MQTT-BENCH: BUFFULL run_id=try4-c4-cpu start_us=8276864 end_us=8278852 dur_us=1988
UKL-MQTT-BENCH: BUFFULL run_id=try4-c4-cpu start_us=8281046 end_us=8286163 dur_us=5117
UKL-MQTT-BENCH: BUFFULL run_id=try4-c4-cpu start_us=8289486 end_us=8292138 dur_us=2651
UKL-MQTT-BENCH: BUFFULL run_id=try4-c4-cpu start_us=8294882 end_us=8299546 dur_us=4663
UKL-MQTT-BENCH: BUFFULL run_id=try4-c4-cpu start_us=8302843 end_us=8305523 dur_us=2680
UKL-MQTT-BENCH: BUFFULL run_id=try4-c4-cpu start_us=8308359 end_us=8310499 dur_us=2140
UKL-MQTT-BENCH: BUFFULL run_id=try4-c4-cpu start_us=8312710 end_us=8318151 dur_us=5441
UKL-MQTT-BENCH: BUFFULL run_id=try4-c4-cpu start_us=8321457 end_us=8324128 dur_us=2670
UKL-MQTT-BENCH: BUFFULL run_id=try4-c4-cpu start_us=8326859 end_us=8330137 dur_us=3278
UKL-MQTT-BENCH: BUFFULL run_id=try4-c4-cpu start_us=8332863 end_us=8336104 dur_us=3240
UKL-MQTT-BENCH: BUFFULL run_id=try4-c4-cpu start_us=8338868 end_us=8342139 dur_us=3271
UKL-MQTT-BENCH: BUFFULL run_id=try4-c4-cpu start_us=8344880 end_us=8347101 dur_us=2221
UKL-MQTT-BENCH: BUFFULL run_id=try4-c4-cpu start_us=8349264 end_us=8353133 dur_us=3869
UKL-MQTT-BENCH: BUFFULL run_id=try4-c4-cpu start_us=8355856 end_us=8360554 dur_us=4698
UKL-MQTT-BENCH: BUFFULL run_id=try4-c4-cpu start_us=8363852 end_us=8366523 dur_us=2671
UKL-MQTT-BENCH: BUFFULL run_id=try4-c4-cpu start_us=8369262 end_us=8372522 dur_us=3259
UKL-MQTT-BENCH: BUFFULL run_id=try4-c4-cpu start_us=8375255 end_us=8378524 dur_us=3268
UKL-MQTT-BENCH: BUFFULL run_id=try4-c4-cpu start_us=8381242 end_us=8383491 dur_us=2249
UKL-MQTT-BENCH: BUFFULL run_id=try4-c4-cpu start_us=8385676 end_us=8389155 dur_us=3478
UKL-MQTT-BENCH: BUFFULL run_id=try4-c4-cpu start_us=8391897 end_us=8395117 dur_us=3220
UKL-MQTT-BENCH: BUFFULL run_id=try4-c4-cpu start_us=8397286 end_us=8402154 dur_us=4868
UKL-MQTT-BENCH: BUFFULL run_id=try4-c4-cpu start_us=8405448 end_us=8406504 dur_us=1056
UKL-MQTT-BENCH: BUFFULL run_id=try4-c4-cpu start_us=8408677 end_us=8414138 dur_us=5460
UKL-MQTT-BENCH: BUFFULL run_id=try4-c4-cpu start_us=8417451 end_us=8419113 dur_us=1661
UKL-MQTT-BENCH: BUFFULL run_id=try4-c4-cpu start_us=8421284 end_us=8426135 dur_us=4850
UKL-MQTT-BENCH: BUFFULL run_id=try4-c4-cpu start_us=8429428 end_us=8432138 dur_us=2709
UKL-MQTT-BENCH: BUFFULL run_id=try4-c4-cpu start_us=8434951 end_us=8438246 dur_us=3294
UKL-MQTT-BENCH: BUFFULL run_id=try4-c4-cpu start_us=8441077 end_us=8447638 dur_us=6561
UKL-MQTT-BENCH: BUFFULL run_id=try4-c4-cpu start_us=8451687 end_us=8454240 dur_us=2553
UKL-MQTT-BENCH: BUFFULL run_id=try4-c4-cpu start_us=8457170 end_us=8460568 dur_us=3397
UKL-MQTT-BENCH: BUFFULL run_id=try4-c4-cpu start_us=8463499 end_us=8466154 dur_us=2654
UKL-MQTT-BENCH: BUFFULL run_id=try4-c4-cpu start_us=8468472 end_us=8472178 dur_us=3705
UKL-MQTT-BENCH: BUFFULL run_id=try4-c4-cpu start_us=8475095 end_us=8478550 dur_us=3454
UKL-MQTT-BENCH: BUFFULL run_id=try4-c4-cpu start_us=8481778 end_us=8486151 dur_us=4373
UKL-MQTT-BENCH: BUFFULL run_id=try4-c4-cpu start_us=8489730 end_us=8494719 dur_us=4989
UKL-MQTT-BENCH: BUFFULL run_id=try4-c4-cpu start_us=8498268 end_us=8502182 dur_us=3913
UKL-MQTT-BENCH: BUFFULL run_id=try4-c4-cpu start_us=8505527 end_us=8508166 dur_us=2638
UKL-MQTT-BENCH: BUFFULL run_id=try4-c4-cpu start_us=8510892 end_us=8512060 dur_us=1167
UKL-MQTT-BENCH: BUFFULL run_id=try4-c4-cpu start_us=8513772 end_us=8518214 dur_us=4442
UKL-MQTT-BENCH: BUFFULL run_id=try4-c4-cpu start_us=8521179 end_us=8523590 dur_us=2411
UKL-MQTT-BENCH: BUFFULL run_id=try4-c4-cpu start_us=8525915 end_us=8531173 dur_us=5257
UKL-MQTT-BENCH: BUFFULL run_id=try4-c4-cpu start_us=8534674 end_us=8536118 dur_us=1444
UKL-MQTT-BENCH: BUFFULL run_id=try4-c4-cpu start_us=8538323 end_us=8542151 dur_us=3827
UKL-MQTT-BENCH: BUFFULL run_id=try4-c4-cpu start_us=8544900 end_us=8548156 dur_us=3255
UKL-MQTT-BENCH: BUFFULL run_id=try4-c4-cpu start_us=8550967 end_us=8555551 dur_us=4583
UKL-MQTT-BENCH: BUFFULL run_id=try4-c4-cpu start_us=8558870 end_us=8560496 dur_us=1626
UKL-MQTT-BENCH: BUFFULL run_id=try4-c4-cpu start_us=8562692 end_us=8565116 dur_us=2424
UKL-MQTT-BENCH: BUFFULL run_id=try4-c4-cpu start_us=8567276 end_us=8572184 dur_us=4908
UKL-MQTT-BENCH: BUFFULL run_id=try4-c4-cpu start_us=8574925 end_us=8577099 dur_us=2173
UKL-MQTT-BENCH: BUFFULL run_id=try4-c4-cpu start_us=8579828 end_us=8583527 dur_us=3698
UKL-MQTT-BENCH: BUFFULL run_id=try4-c4-cpu start_us=8586273 end_us=8588500 dur_us=2227
UKL-MQTT-BENCH: BUFFULL run_id=try4-c4-cpu start_us=8590674 end_us=8594146 dur_us=3471
UKL-MQTT-BENCH: BUFFULL run_id=try4-c4-cpu start_us=8596885 end_us=8600109 dur_us=3224
UKL-MQTT-BENCH: BUFFULL run_id=try4-c4-cpu start_us=8602884 end_us=8606546 dur_us=3661
UKL-MQTT-BENCH: BUFFULL run_id=try4-c4-cpu start_us=8609896 end_us=8611136 dur_us=1239
UKL-MQTT-BENCH: BUFFULL run_id=try4-c4-cpu start_us=8613397 end_us=8617543 dur_us=4145
UKL-MQTT-BENCH: BUFFULL run_id=try4-c4-cpu start_us=8620296 end_us=8623523 dur_us=3227
UKL-MQTT-BENCH: BUFFULL run_id=try4-c4-cpu start_us=8626276 end_us=8629527 dur_us=3250
UKL-MQTT-BENCH: BUFFULL run_id=try4-c4-cpu start_us=8632270 end_us=8634497 dur_us=2226
UKL-MQTT-BENCH: BUFFULL run_id=try4-c4-cpu start_us=8636658 end_us=8641531 dur_us=4872
UKL-MQTT-BENCH: BUFFULL run_id=try4-c4-cpu start_us=8644833 end_us=8647524 dur_us=2690
UKL-MQTT-BENCH: BUFFULL run_id=try4-c4-cpu start_us=8650270 end_us=8655166 dur_us=4895
UKL-MQTT-BENCH: BUFFULL run_id=try4-c4-cpu start_us=8658500 end_us=8661120 dur_us=2619
UKL-MQTT-BENCH: BUFFULL run_id=try4-c4-cpu start_us=8663904 end_us=8668525 dur_us=4621
UKL-MQTT-BENCH: BUFFULL run_id=try4-c4-cpu start_us=8671840 end_us=8674541 dur_us=2701
UKL-MQTT-BENCH: BUFFULL run_id=try4-c4-cpu start_us=8677274 end_us=8681792 dur_us=4518
UKL-MQTT-BENCH: BUFFULL run_id=try4-c4-cpu start_us=8685098 end_us=8689144 dur_us=4045
UKL-MQTT-BENCH: BUFFULL run_id=try4-c4-cpu start_us=8692452 end_us=8694115 dur_us=1662
UKL-MQTT-BENCH: BUFFULL run_id=try4-c4-cpu start_us=8696296 end_us=8699094 dur_us=2798
UKL-MQTT-BENCH: BUFFULL run_id=try4-c4-cpu start_us=8701269 end_us=8706106 dur_us=4837
UKL-MQTT-BENCH: BUFFULL run_id=try4-c4-cpu start_us=8709455 end_us=8713580 dur_us=4125
UKL-MQTT-BENCH: BUFFULL run_id=try4-c4-cpu start_us=8716914 end_us=8719511 dur_us=2596
UKL-MQTT-BENCH: BUFFULL run_id=try4-c4-cpu start_us=8722427 end_us=8728212 dur_us=5784
UKL-MQTT-BENCH: BUFFULL run_id=try4-c4-cpu start_us=8732075 end_us=8735171 dur_us=3096
UKL-MQTT-BENCH: BUFFULL run_id=try4-c4-cpu start_us=8737906 end_us=8741519 dur_us=3613
UKL-MQTT-BENCH: BUFFULL run_id=try4-c4-cpu start_us=8744821 end_us=8747518 dur_us=2696
UKL-MQTT-BENCH: BUFFULL run_id=try4-c4-cpu start_us=8750250 end_us=8751439 dur_us=1188
UKL-MQTT-BENCH: BUFFULL run_id=try4-c4-cpu start_us=8753058 end_us=8758150 dur_us=5091
UKL-MQTT-BENCH: BUFFULL run_id=try4-c4-cpu start_us=8760884 end_us=8764145 dur_us=3260
UKL-MQTT-BENCH: BUFFULL run_id=try4-c4-cpu start_us=8767470 end_us=8770526 dur_us=3055
UKL-MQTT-BENCH: BUFFULL run_id=try4-c4-cpu start_us=8773249 end_us=8775502 dur_us=2252
UKL-MQTT-BENCH: BUFFULL run_id=try4-c4-cpu start_us=8777653 end_us=8781110 dur_us=3456
UKL-MQTT-BENCH: BUFFULL run_id=try4-c4-cpu start_us=8783273 end_us=8787118 dur_us=3845
UKL-MQTT-BENCH: BUFFULL run_id=try4-c4-cpu start_us=8789841 end_us=8792098 dur_us=2256
UKL-MQTT-BENCH: BUFFULL run_id=try4-c4-cpu start_us=8794840 end_us=8798525 dur_us=3685
UKL-MQTT-BENCH: BUFFULL run_id=try4-c4-cpu start_us=8801242 end_us=8803497 dur_us=2255
UKL-MQTT-BENCH: BUFFULL run_id=try4-c4-cpu start_us=8805641 end_us=8809133 dur_us=3492
UKL-MQTT-BENCH: BUFFULL run_id=try4-c4-cpu start_us=8811867 end_us=8815131 dur_us=3264
UKL-MQTT-BENCH: BUFFULL run_id=try4-c4-cpu start_us=8817909 end_us=8821130 dur_us=3221
UKL-MQTT-BENCH: BUFFULL run_id=try4-c4-cpu start_us=8823856 end_us=8826104 dur_us=2248
UKL-MQTT-BENCH: BUFFULL run_id=try4-c4-cpu start_us=8828267 end_us=8832146 dur_us=3878
UKL-MQTT-BENCH: BUFFULL run_id=try4-c4-cpu start_us=8834892 end_us=8838123 dur_us=3231
UKL-MQTT-BENCH: BUFFULL run_id=try4-c4-cpu start_us=8840875 end_us=8844132 dur_us=3256
UKL-MQTT-BENCH: BUFFULL run_id=try4-c4-cpu start_us=8846855 end_us=8850126 dur_us=3270
UKL-MQTT-BENCH: BUFFULL run_id=try4-c4-cpu start_us=8852849 end_us=8855116 dur_us=2266
UKL-MQTT-BENCH: BUFFULL run_id=try4-c4-cpu start_us=8857282 end_us=8861114 dur_us=3831
UKL-MQTT-BENCH: BUFFULL run_id=try4-c4-cpu start_us=8863849 end_us=8867115 dur_us=3265
UKL-MQTT-BENCH: BUFFULL run_id=try4-c4-cpu start_us=8869838 end_us=8873123 dur_us=3285
UKL-MQTT-BENCH: BUFFULL run_id=try4-c4-cpu start_us=8875848 end_us=8880530 dur_us=4682
UKL-MQTT-BENCH: BUFFULL run_id=try4-c4-cpu start_us=8883819 end_us=8885495 dur_us=1676
UKL-MQTT-BENCH: BUFFULL run_id=try4-c4-cpu start_us=8887670 end_us=8890111 dur_us=2440
UKL-MQTT-BENCH: BUFFULL run_id=try4-c4-cpu start_us=8892285 end_us=8897176 dur_us=4890
UKL-MQTT-BENCH: BUFFULL run_id=try4-c4-cpu start_us=8899909 end_us=8902114 dur_us=2204
UKL-MQTT-BENCH: BUFFULL run_id=try4-c4-cpu start_us=8904834 end_us=8908141 dur_us=3306
UKL-MQTT-BENCH: BUFFULL run_id=try4-c4-cpu start_us=8910893 end_us=8913492 dur_us=2599
UKL-MQTT-BENCH: BUFFULL run_id=try4-c4-cpu start_us=8915652 end_us=8919117 dur_us=3464
UKL-MQTT-BENCH: BUFFULL run_id=try4-c4-cpu start_us=8921894 end_us=8925169 dur_us=3275
UKL-MQTT-BENCH: BUFFULL run_id=try4-c4-cpu start_us=8927925 end_us=8931124 dur_us=3199
UKL-MQTT-BENCH: BUFFULL run_id=try4-c4-cpu start_us=8933846 end_us=8938548 dur_us=4702
UKL-MQTT-BENCH: BUFFULL run_id=try4-c4-cpu start_us=8941866 end_us=8944520 dur_us=2653
UKL-MQTT-BENCH: BUFFULL run_id=try4-c4-cpu start_us=8947251 end_us=8950522 dur_us=3270
UKL-MQTT-BENCH: BUFFULL run_id=try4-c4-cpu start_us=8953254 end_us=8958139 dur_us=4885
UKL-MQTT-BENCH: BUFFULL run_id=try4-c4-cpu start_us=8961467 end_us=8962478 dur_us=1011
UKL-MQTT-BENCH: BUFFULL run_id=try4-c4-cpu start_us=8964666 end_us=8967514 dur_us=2848
UKL-MQTT-BENCH: BUFFULL run_id=try4-c4-cpu start_us=8969728 end_us=8975166 dur_us=5438
UKL-MQTT-BENCH: BUFFULL run_id=try4-c4-cpu start_us=8978522 end_us=8980104 dur_us=1581
UKL-MQTT-BENCH: BUFFULL run_id=try4-c4-cpu start_us=8982270 end_us=8986114 dur_us=3843
UKL-MQTT-BENCH: BUFFULL run_id=try4-c4-cpu start_us=8988847 end_us=8991502 dur_us=2655
UKL-MQTT-BENCH: BUFFULL run_id=try4-c4-cpu start_us=8993662 end_us=8996491 dur_us=2828
UKL-MQTT-BENCH: BUFFULL run_id=try4-c4-cpu start_us=8999259 end_us=9004158 dur_us=4899
UKL-MQTT-BENCH: BUFFULL run_id=try4-c4-cpu start_us=9007447 end_us=9010127 dur_us=2680
UKL-MQTT-BENCH: BUFFULL run_id=try4-c4-cpu start_us=9012865 end_us=9015098 dur_us=2233
UKL-MQTT-BENCH: BUFFULL run_id=try4-c4-cpu start_us=9017264 end_us=9022518 dur_us=5253
UKL-MQTT-BENCH: BUFFULL run_id=try4-c4-cpu start_us=9025819 end_us=9028523 dur_us=2703
UKL-MQTT-BENCH: BUFFULL run_id=try4-c4-cpu start_us=9031254 end_us=9034507 dur_us=3252
UKL-MQTT-BENCH: BUFFULL run_id=try4-c4-cpu start_us=9037233 end_us=9043183 dur_us=5950
UKL-MQTT-BENCH: BUFFULL run_id=try4-c4-cpu start_us=9047027 end_us=9048102 dur_us=1074
UKL-MQTT-BENCH: BUFFULL run_id=try4-c4-cpu start_us=9050275 end_us=9055154 dur_us=4879
UKL-MQTT-BENCH: BUFFULL run_id=try4-c4-cpu start_us=9058464 end_us=9060100 dur_us=1635
UKL-MQTT-BENCH: BUFFULL run_id=try4-c4-cpu start_us=9062267 end_us=9066132 dur_us=3865
UKL-MQTT-BENCH: BUFFULL run_id=try4-c4-cpu start_us=9068846 end_us=9071914 dur_us=3068
UKL-MQTT-BENCH: BUFFULL run_id=try4-c4-cpu start_us=9074663 end_us=9078132 dur_us=3469
UKL-MQTT-BENCH: BUFFULL run_id=try4-c4-cpu start_us=9080865 end_us=9084131 dur_us=3265
UKL-MQTT-BENCH: BUFFULL run_id=try4-c4-cpu start_us=9086911 end_us=9090128 dur_us=3216
UKL-MQTT-BENCH: BUFFULL run_id=try4-c4-cpu start_us=9092847 end_us=9096525 dur_us=3677
UKL-MQTT-BENCH: BUFFULL run_id=try4-c4-cpu start_us=9099272 end_us=9102545 dur_us=3272
UKL-MQTT-BENCH: BUFFULL run_id=try4-c4-cpu start_us=9105276 end_us=9107081 dur_us=1805
UKL-MQTT-BENCH: BUFFULL run_id=try4-c4-cpu start_us=9109251 end_us=9113512 dur_us=4260
UKL-MQTT-BENCH: BUFFULL run_id=try4-c4-cpu start_us=9116263 end_us=9119537 dur_us=3274
UKL-MQTT-BENCH: BUFFULL run_id=try4-c4-cpu start_us=9122283 end_us=9125515 dur_us=3231
UKL-MQTT-BENCH: BUFFULL run_id=try4-c4-cpu start_us=9128373 end_us=9133126 dur_us=4752
UKL-MQTT-BENCH: BUFFULL run_id=try4-c4-cpu start_us=9136482 end_us=9139153 dur_us=2671
UKL-MQTT-BENCH: BUFFULL run_id=try4-c4-cpu start_us=9141887 end_us=9146139 dur_us=4252
UKL-MQTT-BENCH: BUFFULL run_id=try4-c4-cpu start_us=9149426 end_us=9154176 dur_us=4750
UKL-MQTT-BENCH: BUFFULL run_id=try4-c4-cpu start_us=9157475 end_us=9159505 dur_us=2030
UKL-MQTT-BENCH: BUFFULL run_id=try4-c4-cpu start_us=9162254 end_us=9165516 dur_us=3262
UKL-MQTT-BENCH: BUFFULL run_id=try4-c4-cpu start_us=9168252 end_us=9170500 dur_us=2247
UKL-MQTT-BENCH: BUFFULL run_id=try4-c4-cpu start_us=9172654 end_us=9176512 dur_us=3858
UKL-MQTT-BENCH: BUFFULL run_id=try4-c4-cpu start_us=9179228 end_us=9182518 dur_us=3289
UKL-MQTT-BENCH: BUFFULL run_id=try4-c4-cpu start_us=9185281 end_us=9190162 dur_us=4880
UKL-MQTT-BENCH: BUFFULL run_id=try4-c4-cpu start_us=9193459 end_us=9195081 dur_us=1621
UKL-MQTT-BENCH: BUFFULL run_id=try4-c4-cpu start_us=9197253 end_us=9199501 dur_us=2247
UKL-MQTT-BENCH: BUFFULL run_id=try4-c4-cpu start_us=9201655 end_us=9206557 dur_us=4901
UKL-MQTT-BENCH: BUFFULL run_id=try4-c4-cpu start_us=9209295 end_us=9212115 dur_us=2819
UKL-MQTT-BENCH: BUFFULL run_id=try4-c4-cpu start_us=9214847 end_us=9218140 dur_us=3293
UKL-MQTT-BENCH: BUFFULL run_id=try4-c4-cpu start_us=9220884 end_us=9223105 dur_us=2220
UKL-MQTT-BENCH: BUFFULL run_id=try4-c4-cpu start_us=9225290 end_us=9228534 dur_us=3244
UKL-MQTT-BENCH: BUFFULL run_id=try4-c4-cpu start_us=9231264 end_us=9235157 dur_us=3893
UKL-MQTT-BENCH: BUFFULL run_id=try4-c4-cpu start_us=9237886 end_us=9241122 dur_us=3235
UKL-MQTT-BENCH: BUFFULL run_id=try4-c4-cpu start_us=9243855 end_us=9248162 dur_us=4306
UKL-MQTT-BENCH: BUFFULL run_id=try4-c4-cpu start_us=9251456 end_us=9253095 dur_us=1638
UKL-MQTT-BENCH: BUFFULL run_id=try4-c4-cpu start_us=9255253 end_us=9258102 dur_us=2848
UKL-MQTT-BENCH: BUFFULL run_id=try4-c4-cpu start_us=9260270 end_us=9265175 dur_us=4904
UKL-MQTT-BENCH: BUFFULL run_id=try4-c4-cpu start_us=9267902 end_us=9270092 dur_us=2189
UKL-MQTT-BENCH: BUFFULL run_id=try4-c4-cpu start_us=9272819 end_us=9276120 dur_us=3300
UKL-MQTT-BENCH: BUFFULL run_id=try4-c4-cpu start_us=9278842 end_us=9281086 dur_us=2244
UKL-MQTT-BENCH: BUFFULL run_id=try4-c4-cpu start_us=9283251 end_us=9287119 dur_us=3868
UKL-MQTT-BENCH: BUFFULL run_id=try4-c4-cpu start_us=9289845 end_us=9294149 dur_us=4303
UKL-MQTT-BENCH: BUFFULL run_id=try4-c4-cpu start_us=9297436 end_us=9301154 dur_us=3718
UKL-MQTT-BENCH: BUFFULL run_id=try4-c4-cpu start_us=9304472 end_us=9306090 dur_us=1617
UKL-MQTT-BENCH: BUFFULL run_id=try4-c4-cpu start_us=9308259 end_us=9313551 dur_us=5292
UKL-MQTT-BENCH: BUFFULL run_id=try4-c4-cpu start_us=9316857 end_us=9319528 dur_us=2671
UKL-MQTT-BENCH: BUFFULL run_id=try4-c4-cpu start_us=9322278 end_us=9325511 dur_us=3232
UKL-MQTT-BENCH: BUFFULL run_id=try4-c4-cpu start_us=9328300 end_us=9331541 dur_us=3240
UKL-MQTT-BENCH: BUFFULL run_id=try4-c4-cpu start_us=9334400 end_us=9338150 dur_us=3749
UKL-MQTT-BENCH: BUFFULL run_id=try4-c4-cpu start_us=9340877 end_us=9344127 dur_us=3250
UKL-MQTT-BENCH: BUFFULL run_id=try4-c4-cpu start_us=9346856 end_us=9350128 dur_us=3271
UKL-MQTT-BENCH: BUFFULL run_id=try4-c4-cpu start_us=9352852 end_us=9356123 dur_us=3271
UKL-MQTT-BENCH: BUFFULL run_id=try4-c4-cpu start_us=9358849 end_us=9363142 dur_us=4293
UKL-MQTT-BENCH: BUFFULL run_id=try4-c4-cpu start_us=9366436 end_us=9369128 dur_us=2691
UKL-MQTT-BENCH: BUFFULL run_id=try4-c4-cpu start_us=9371853 end_us=9375523 dur_us=3669
UKL-MQTT-BENCH: BUFFULL run_id=try4-c4-cpu start_us=9378316 end_us=9381509 dur_us=3193
UKL-MQTT-BENCH: BUFFULL run_id=try4-c4-cpu start_us=9384264 end_us=9387508 dur_us=3244
UKL-MQTT-BENCH: BUFFULL run_id=try4-c4-cpu start_us=9390241 end_us=9393505 dur_us=3264
UKL-MQTT-BENCH: BUFFULL run_id=try4-c4-cpu start_us=9396243 end_us=9401153 dur_us=4910
UKL-MQTT-BENCH: BUFFULL run_id=try4-c4-cpu start_us=9404454 end_us=9407103 dur_us=2649
UKL-MQTT-BENCH: BUFFULL run_id=try4-c4-cpu start_us=9409832 end_us=9414158 dur_us=4325
UKL-MQTT-BENCH: BUFFULL run_id=try4-c4-cpu start_us=9417460 end_us=9420132 dur_us=2672
UKL-MQTT-BENCH: BUFFULL run_id=try4-c4-cpu start_us=9422872 end_us=9427548 dur_us=4676
UKL-MQTT-BENCH: BUFFULL run_id=try4-c4-cpu start_us=9430886 end_us=9433530 dur_us=2644
UKL-MQTT-BENCH: BUFFULL run_id=try4-c4-cpu start_us=9436303 end_us=9440121 dur_us=3817
UKL-MQTT-BENCH: BUFFULL run_id=try4-c4-cpu start_us=9442862 end_us=9447140 dur_us=4277
UKL-MQTT-BENCH: BUFFULL run_id=try4-c4-cpu start_us=9450492 end_us=9452099 dur_us=1606
UKL-MQTT-BENCH: BUFFULL run_id=try4-c4-cpu start_us=9454382 end_us=9457150 dur_us=2768
UKL-MQTT-BENCH: BUFFULL run_id=try4-c4-cpu start_us=9459358 end_us=9464190 dur_us=4832
UKL-MQTT-BENCH: BUFFULL run_id=try4-c4-cpu start_us=9466934 end_us=9469099 dur_us=2164
UKL-MQTT-BENCH: BUFFULL run_id=try4-c4-cpu start_us=9471830 end_us=9475128 dur_us=3297
UKL-MQTT-BENCH: BUFFULL run_id=try4-c4-cpu start_us=9477863 end_us=9480107 dur_us=2244
UKL-MQTT-BENCH: BUFFULL run_id=try4-c4-cpu start_us=9482276 end_us=9487545 dur_us=5269
UKL-MQTT-BENCH: BUFFULL run_id=try4-c4-cpu start_us=9490855 end_us=9493517 dur_us=2662
UKL-MQTT-BENCH: BUFFULL run_id=try4-c4-cpu start_us=9496248 end_us=9498093 dur_us=1844
UKL-MQTT-BENCH: BUFFULL run_id=try4-c4-cpu start_us=9500267 end_us=9504132 dur_us=3865
UKL-MQTT-BENCH: BUFFULL run_id=try4-c4-cpu start_us=9506865 end_us=9510527 dur_us=3661
UKL-MQTT-BENCH: BUFFULL run_id=try4-c4-cpu start_us=9513287 end_us=9516522 dur_us=3235
UKL-MQTT-BENCH: BUFFULL run_id=try4-c4-cpu start_us=9519254 end_us=9522531 dur_us=3277
UKL-MQTT-BENCH: BUFFULL run_id=try4-c4-cpu start_us=9525273 end_us=9529131 dur_us=3857
UKL-MQTT-BENCH: BUFFULL run_id=try4-c4-cpu start_us=9531890 end_us=9536165 dur_us=4274
UKL-MQTT-BENCH: BUFFULL run_id=try4-c4-cpu start_us=9539471 end_us=9542132 dur_us=2661
UKL-MQTT-BENCH: BUFFULL run_id=try4-c4-cpu start_us=9544881 end_us=9548523 dur_us=3642
UKL-MQTT-BENCH: BUFFULL run_id=try4-c4-cpu start_us=9551310 end_us=9555575 dur_us=4264
UKL-MQTT-BENCH: BUFFULL run_id=try4-c4-cpu start_us=9558876 end_us=9560494 dur_us=1618
UKL-MQTT-BENCH: BUFFULL run_id=try4-c4-cpu start_us=9562665 end_us=9565500 dur_us=2835
UKL-MQTT-BENCH: BUFFULL run_id=try4-c4-cpu start_us=9567673 end_us=9572566 dur_us=4892
UKL-MQTT-BENCH: BUFFULL run_id=try4-c4-cpu start_us=9575299 end_us=9577489 dur_us=2189
UKL-MQTT-BENCH: BUFFULL run_id=try4-c4-cpu start_us=9580223 end_us=9583529 dur_us=3305
UKL-MQTT-BENCH: BUFFULL run_id=try4-c4-cpu start_us=9586286 end_us=9588484 dur_us=2198
UKL-MQTT-BENCH: BUFFULL run_id=try4-c4-cpu start_us=9590653 end_us=9596159 dur_us=5506
UKL-MQTT-BENCH: BUFFULL run_id=try4-c4-cpu start_us=9599456 end_us=9602122 dur_us=2665
UKL-MQTT-BENCH: BUFFULL run_id=try4-c4-cpu start_us=9604863 end_us=9608121 dur_us=3258
UKL-MQTT-BENCH: BUFFULL run_id=try4-c4-cpu start_us=9610844 end_us=9614129 dur_us=3285
UKL-MQTT-BENCH: BUFFULL run_id=try4-c4-cpu start_us=9616860 end_us=9620126 dur_us=3266
UKL-MQTT-BENCH: BUFFULL run_id=try4-c4-cpu start_us=9622871 end_us=9626529 dur_us=3658
UKL-MQTT-BENCH: BUFFULL run_id=try4-c4-cpu start_us=9629265 end_us=9632515 dur_us=3249
UKL-MQTT-BENCH: BUFFULL run_id=try4-c4-cpu start_us=9635247 end_us=9638524 dur_us=3277
UKL-MQTT-BENCH: BUFFULL run_id=try4-c4-cpu start_us=9641268 end_us=9645108 dur_us=3839
UKL-MQTT-BENCH: BUFFULL run_id=try4-c4-cpu start_us=9647840 end_us=9652147 dur_us=4306
UKL-MQTT-BENCH: BUFFULL run_id=try4-c4-cpu start_us=9655443 end_us=9658116 dur_us=2672
UKL-MQTT-BENCH: BUFFULL run_id=try4-c4-cpu start_us=9660847 end_us=9664121 dur_us=3274
UKL-MQTT-BENCH: BUFFULL run_id=try4-c4-cpu start_us=9666846 end_us=9671546 dur_us=4700
UKL-MQTT-BENCH: BUFFULL run_id=try4-c4-cpu start_us=9674897 end_us=9676069 dur_us=1172
UKL-MQTT-BENCH: BUFFULL run_id=try4-c4-cpu start_us=9678249 end_us=9681100 dur_us=2850
UKL-MQTT-BENCH: BUFFULL run_id=try4-c4-cpu start_us=9683725 end_us=9688154 dur_us=4428
UKL-MQTT-BENCH: BUFFULL run_id=try4-c4-cpu start_us=9690942 end_us=9693489 dur_us=2547
UKL-MQTT-BENCH: BUFFULL run_id=try4-c4-cpu start_us=9696259 end_us=9699528 dur_us=3269
UKL-MQTT-BENCH: BUFFULL run_id=try4-c4-cpu start_us=9702278 end_us=9704520 dur_us=2241
UKL-MQTT-BENCH: BUFFULL run_id=try4-c4-cpu start_us=9706676 end_us=9712132 dur_us=5456
UKL-MQTT-BENCH: BUFFULL run_id=try4-c4-cpu start_us=9715433 end_us=9718105 dur_us=2672
UKL-MQTT-BENCH: BUFFULL run_id=try4-c4-cpu start_us=9720896 end_us=9722496 dur_us=1599
UKL-MQTT-BENCH: BUFFULL run_id=try4-c4-cpu start_us=9724657 end_us=9729114 dur_us=4457
UKL-MQTT-BENCH: BUFFULL run_id=try4-c4-cpu start_us=9731858 end_us=9736133 dur_us=4275
UKL-MQTT-BENCH: BUFFULL run_id=try4-c4-cpu start_us=9739483 end_us=9742522 dur_us=3039
UKL-MQTT-BENCH: BUFFULL run_id=try4-c4-cpu start_us=9745246 end_us=9748520 dur_us=3274
UKL-MQTT-BENCH: BUFFULL run_id=try4-c4-cpu start_us=9751259 end_us=9755529 dur_us=4269
UKL-MQTT-BENCH: BUFFULL run_id=try4-c4-cpu start_us=9758829 end_us=9763110 dur_us=4280
UKL-MQTT-BENCH: BUFFULL run_id=try4-c4-cpu start_us=9766425 end_us=9768111 dur_us=1685
UKL-MQTT-BENCH: BUFFULL run_id=try4-c4-cpu start_us=9770284 end_us=9775127 dur_us=4843
UKL-MQTT-BENCH: BUFFULL run_id=try4-c4-cpu start_us=9778426 end_us=9782537 dur_us=4111
UKL-MQTT-BENCH: BUFFULL run_id=try4-c4-cpu start_us=9785892 end_us=9788528 dur_us=2635
UKL-MQTT-BENCH: BUFFULL run_id=try4-c4-cpu start_us=9791250 end_us=9794524 dur_us=3274
UKL-MQTT-BENCH: BUFFULL run_id=try4-c4-cpu start_us=9797301 end_us=9799501 dur_us=2199
UKL-MQTT-BENCH: BUFFULL run_id=try4-c4-cpu start_us=9801660 end_us=9805127 dur_us=3466
UKL-MQTT-BENCH: BUFFULL run_id=try4-c4-cpu start_us=9807853 end_us=9811131 dur_us=3277
UKL-MQTT-BENCH: BUFFULL run_id=try4-c4-cpu start_us=9813296 end_us=9817530 dur_us=4233
UKL-MQTT-BENCH: BUFFULL run_id=try4-c4-cpu start_us=9820834 end_us=9823522 dur_us=2687
UKL-MQTT-BENCH: BUFFULL run_id=try4-c4-cpu start_us=9826265 end_us=9828501 dur_us=2235
UKL-MQTT-BENCH: BUFFULL run_id=try4-c4-cpu start_us=9830671 end_us=9834134 dur_us=3462
UKL-MQTT-BENCH: BUFFULL run_id=try4-c4-cpu start_us=9836317 end_us=9841120 dur_us=4802
UKL-MQTT-BENCH: BUFFULL run_id=try4-c4-cpu start_us=9844443 end_us=9848118 dur_us=3674
UKL-MQTT-BENCH: BUFFULL run_id=try4-c4-cpu start_us=9851411 end_us=9854118 dur_us=2707
UKL-MQTT-BENCH: BUFFULL run_id=try4-c4-cpu start_us=9856847 end_us=9861532 dur_us=4684
UKL-MQTT-BENCH: BUFFULL run_id=try4-c4-cpu start_us=9864825 end_us=9868829 dur_us=4004
UKL-MQTT-BENCH: BUFFULL run_id=try4-c4-cpu start_us=9872130 end_us=9875115 dur_us=2984
UKL-MQTT-BENCH: BUFFULL run_id=try4-c4-cpu start_us=9877833 end_us=9881118 dur_us=3284
UKL-MQTT-BENCH: BUFFULL run_id=try4-c4-cpu start_us=9883839 end_us=9887121 dur_us=3282
UKL-MQTT-BENCH: BUFFULL run_id=try4-c4-cpu start_us=9889843 end_us=9892101 dur_us=2257
UKL-MQTT-BENCH: BUFFULL run_id=try4-c4-cpu start_us=9894261 end_us=9898115 dur_us=3853
UKL-MQTT-BENCH: BUFFULL run_id=try4-c4-cpu start_us=9900878 end_us=9905146 dur_us=4268
UKL-MQTT-BENCH: BUFFULL run_id=try4-c4-cpu start_us=9908455 end_us=9911109 dur_us=2653
UKL-MQTT-BENCH: BUFFULL run_id=try4-c4-cpu start_us=9913838 end_us=9917518 dur_us=3680
UKL-MQTT-BENCH: BUFFULL run_id=try4-c4-cpu start_us=9920270 end_us=9923529 dur_us=3259
UKL-MQTT-BENCH: BUFFULL run_id=try4-c4-cpu start_us=9926266 end_us=9928097 dur_us=1831
UKL-MQTT-BENCH: BUFFULL run_id=try4-c4-cpu start_us=9930267 end_us=9934514 dur_us=4246
UKL-MQTT-BENCH: BUFFULL run_id=try4-c4-cpu start_us=9937248 end_us=9940511 dur_us=3262
UKL-MQTT-BENCH: BUFFULL run_id=try4-c4-cpu start_us=9943274 end_us=9946522 dur_us=3247
UKL-MQTT-BENCH: BUFFULL run_id=try4-c4-cpu start_us=9949269 end_us=9954122 dur_us=4853
UKL-MQTT-BENCH: BUFFULL run_id=try4-c4-cpu start_us=9957418 end_us=9961140 dur_us=3722
UKL-MQTT-BENCH: BUFFULL run_id=try4-c4-cpu start_us=9964437 end_us=9966093 dur_us=1655
UKL-MQTT-BENCH: BUFFULL run_id=try4-c4-cpu start_us=9968250 end_us=9973138 dur_us=4887
UKL-MQTT-BENCH: BUFFULL run_id=try4-c4-cpu start_us=9976431 end_us=9980511 dur_us=4079
UKL-MQTT-BENCH: BUFFULL run_id=try4-c4-cpu start_us=9983791 end_us=9986542 dur_us=2750
UKL-MQTT-BENCH: BUFFULL run_id=try4-c4-cpu start_us=9989300 end_us=9993104 dur_us=3804
UKL-MQTT-BENCH: BUFFULL run_id=try4-c4-cpu start_us=9995833 end_us=10001175 dur_us=5341
UKL-MQTT-BENCH: BUFFULL run_id=try4-c4-cpu start_us=10005019 end_us=10007518 dur_us=2498
UKL-MQTT-BENCH: BUFFULL run_id=try4-c4-cpu start_us=10010270 end_us=10014549 dur_us=4279
UKL-MQTT-BENCH: BUFFULL run_id=try4-c4-cpu start_us=10017859 end_us=10021111 dur_us=3251
UKL-MQTT-BENCH: BUFFULL run_id=try4-c4-cpu start_us=10023850 end_us=10027116 dur_us=3266
UKL-MQTT-BENCH: BUFFULL run_id=try4-c4-cpu start_us=10029843 end_us=10033101 dur_us=3257
UKL-MQTT-BENCH: BUFFULL run_id=try4-c4-cpu start_us=10035828 end_us=10039127 dur_us=3298
UKL-MQTT-BENCH: BUFFULL run_id=try4-c4-cpu start_us=10041887 end_us=10045125 dur_us=3238
UKL-MQTT-BENCH: BUFFULL run_id=try4-c4-cpu start_us=10047864 end_us=10052549 dur_us=4684
UKL-MQTT-BENCH: BUFFULL run_id=try4-c4-cpu start_us=10055863 end_us=10058521 dur_us=2658
UKL-MQTT-BENCH: BUFFULL run_id=try4-c4-cpu start_us=10061252 end_us=10064515 dur_us=3263
UKL-MQTT-BENCH: BUFFULL run_id=try4-c4-cpu start_us=10067241 end_us=10072142 dur_us=4900
UKL-MQTT-BENCH: BUFFULL run_id=try4-c4-cpu start_us=10075436 end_us=10077079 dur_us=1642
UKL-MQTT-BENCH: BUFFULL run_id=try4-c4-cpu start_us=10079297 end_us=10082096 dur_us=2799
UKL-MQTT-BENCH: BUFFULL run_id=try4-c4-cpu start_us=10084254 end_us=10088562 dur_us=4308
UKL-MQTT-BENCH: BUFFULL run_id=try4-c4-cpu start_us=10091318 end_us=10094075 dur_us=2757
UKL-MQTT-BENCH: BUFFULL run_id=try4-c4-cpu start_us=10096798 end_us=10100105 dur_us=3307
UKL-MQTT-BENCH: BUFFULL run_id=try4-c4-cpu start_us=10102836 end_us=10105098 dur_us=2262
UKL-MQTT-BENCH: BUFFULL run_id=try4-c4-cpu start_us=10107260 end_us=10112139 dur_us=4878
UKL-MQTT-BENCH: BUFFULL run_id=try4-c4-cpu start_us=10115457 end_us=10118105 dur_us=2648
UKL-MQTT-BENCH: BUFFULL run_id=try4-c4-cpu start_us=10120841 end_us=10123079 dur_us=2238
UKL-MQTT-BENCH: BUFFULL run_id=try4-c4-cpu start_us=10125235 end_us=10129120 dur_us=3885
UKL-MQTT-BENCH: BUFFULL run_id=try4-c4-cpu start_us=10131841 end_us=10135119 dur_us=3277
UKL-MQTT-BENCH: BUFFULL run_id=try4-c4-cpu start_us=10137837 end_us=10141114 dur_us=3276
UKL-MQTT-BENCH: BUFFULL run_id=try4-c4-cpu start_us=10143889 end_us=10147127 dur_us=3238
UKL-MQTT-BENCH: BUFFULL run_id=try4-c4-cpu start_us=10149887 end_us=10154530 dur_us=4642
UKL-MQTT-BENCH: BUFFULL run_id=try4-c4-cpu start_us=10157813 end_us=10160530 dur_us=2716
UKL-MQTT-BENCH: BUFFULL run_id=try4-c4-cpu start_us=10163261 end_us=10165504 dur_us=2243
UKL-MQTT-BENCH: BUFFULL run_id=try4-c4-cpu start_us=10167665 end_us=10171502 dur_us=3837
UKL-MQTT-BENCH: BUFFULL run_id=try4-c4-cpu start_us=10174230 end_us=10177525 dur_us=3295
UKL-MQTT-BENCH: BUFFULL run_id=try4-c4-cpu start_us=10180256 end_us=10184110 dur_us=3854
UKL-MQTT-BENCH: BUFFULL run_id=try4-c4-cpu start_us=10186851 end_us=10190112 dur_us=3260
UKL-MQTT-BENCH: BUFFULL run_id=try4-c4-cpu start_us=10192894 end_us=10196111 dur_us=3216
UKL-MQTT-BENCH: BUFFULL run_id=try4-c4-cpu start_us=10198840 end_us=10202119 dur_us=3279
UKL-MQTT-BENCH: BUFFULL run_id=try4-c4-cpu start_us=10204830 end_us=10207062 dur_us=2231
UKL-MQTT-BENCH: BUFFULL run_id=try4-c4-cpu start_us=10209217 end_us=10213110 dur_us=3893
UKL-MQTT-BENCH: BUFFULL run_id=try4-c4-cpu start_us=10215834 end_us=10219099 dur_us=3264
UKL-MQTT-BENCH: BUFFULL run_id=try4-c4-cpu start_us=10221824 end_us=10225110 dur_us=3286
UKL-MQTT-BENCH: BUFFULL run_id=try4-c4-cpu start_us=10227837 end_us=10232549 dur_us=4712
UKL-MQTT-BENCH: BUFFULL run_id=try4-c4-cpu start_us=10235841 end_us=10240132 dur_us=4290
UKL-MQTT-BENCH: BUFFULL run_id=try4-c4-cpu start_us=10243517 end_us=10245078 dur_us=1560
UKL-MQTT-BENCH: BUFFULL run_id=try4-c4-cpu start_us=10247237 end_us=10252146 dur_us=4909
UKL-MQTT-BENCH: BUFFULL run_id=try4-c4-cpu start_us=10255434 end_us=10258110 dur_us=2676
UKL-MQTT-BENCH: BUFFULL run_id=try4-c4-cpu start_us=10260836 end_us=10264089 dur_us=3253
UKL-MQTT-BENCH: BUFFULL run_id=try4-c4-cpu start_us=10266853 end_us=10270279 dur_us=3425
UKL-MQTT-BENCH: BUFFULL run_id=try4-c4-cpu start_us=10273048 end_us=10276512 dur_us=3464
UKL-MQTT-BENCH: BUFFULL run_id=try4-c4-cpu start_us=10279246 end_us=10282521 dur_us=3274
UKL-MQTT-BENCH: BUFFULL run_id=try4-c4-cpu start_us=10286010 end_us=10288580 dur_us=2570
UKL-MQTT-BENCH: BUFFULL run_id=try4-c4-cpu start_us=10291459 end_us=10295120 dur_us=3660
UKL-MQTT-BENCH: BUFFULL run_id=try4-c4-cpu start_us=10297883 end_us=10301123 dur_us=3240
UKL-MQTT-BENCH: BUFFULL run_id=try4-c4-cpu start_us=10303872 end_us=10308542 dur_us=4669
UKL-MQTT-BENCH: BUFFULL run_id=try4-c4-cpu start_us=10311844 end_us=10314518 dur_us=2673
UKL-MQTT-BENCH: BUFFULL run_id=try4-c4-cpu start_us=10317247 end_us=10320519 dur_us=3271
UKL-MQTT-BENCH: BUFFULL run_id=try4-c4-cpu start_us=10323254 end_us=10328144 dur_us=4889
UKL-MQTT-BENCH: BUFFULL run_id=try4-c4-cpu start_us=10331450 end_us=10334126 dur_us=2676
UKL-MQTT-BENCH: BUFFULL run_id=try4-c4-cpu start_us=10336867 end_us=10340107 dur_us=3240
UKL-MQTT-BENCH: BUFFULL run_id=try4-c4-cpu start_us=10342850 end_us=10346122 dur_us=3271
UKL-MQTT-BENCH: BUFFULL run_id=try4-c4-cpu start_us=10348891 end_us=10352123 dur_us=3231
UKL-MQTT-BENCH: BUFFULL run_id=try4-c4-cpu start_us=10354864 end_us=10359515 dur_us=4650
UKL-MQTT-BENCH: BUFFULL run_id=try4-c4-cpu start_us=10362820 end_us=10367106 dur_us=4286
UKL-MQTT-BENCH: BUFFULL run_id=try4-c4-cpu start_us=10370455 end_us=10371511 dur_us=1055
UKL-MQTT-BENCH: BUFFULL run_id=try4-c4-cpu start_us=10373701 end_us=10379129 dur_us=5428
UKL-MQTT-BENCH: BUFFULL run_id=try4-c4-cpu start_us=10382419 end_us=10386537 dur_us=4117
UKL-MQTT-BENCH: BUFFULL run_id=try4-c4-cpu start_us=10389816 end_us=10392520 dur_us=2703
UKL-MQTT-BENCH: BUFFULL run_id=try4-c4-cpu start_us=10395250 end_us=10398519 dur_us=3269
UKL-MQTT-BENCH: BUFFULL run_id=try4-c4-cpu start_us=10401261 end_us=10403499 dur_us=2237
UKL-MQTT-BENCH: BUFFULL run_id=try4-c4-cpu start_us=10405665 end_us=10409110 dur_us=3444
UKL-MQTT-BENCH: BUFFULL run_id=try4-c4-cpu start_us=10411868 end_us=10415128 dur_us=3260
UKL-MQTT-BENCH: BUFFULL run_id=try4-c4-cpu start_us=10417865 end_us=10421543 dur_us=3678
UKL-MQTT-BENCH: BUFFULL run_id=try4-c4-cpu start_us=10424290 end_us=10426488 dur_us=2198
UKL-MQTT-BENCH: BUFFULL run_id=try4-c4-cpu start_us=10428645 end_us=10432134 dur_us=3488
UKL-MQTT-BENCH: BUFFULL run_id=try4-c4-cpu start_us=10434330 end_us=10438141 dur_us=3810
UKL-MQTT-BENCH: BUFFULL run_id=try4-c4-cpu start_us=10440882 end_us=10443485 dur_us=2602
UKL-MQTT-BENCH: BUFFULL run_id=try4-c4-cpu start_us=10446230 end_us=10448514 dur_us=2283
UKL-MQTT-BENCH: BUFFULL run_id=try4-c4-cpu start_us=10450694 end_us=10454526 dur_us=3831
UKL-MQTT-BENCH: BUFFULL run_id=try4-c4-cpu start_us=10457263 end_us=10460536 dur_us=3273
UKL-MQTT-BENCH: BUFFULL run_id=try4-c4-cpu start_us=10462700 end_us=10465483 dur_us=2783
UKL-MQTT-BENCH: BUFFULL run_id=try4-c4-cpu start_us=10468251 end_us=10471113 dur_us=2861
UKL-MQTT-BENCH: BUFFULL run_id=try4-c4-cpu start_us=10473275 end_us=10477098 dur_us=3822
UKL-MQTT-BENCH: BUFFULL run_id=try4-c4-cpu start_us=10479822 end_us=10483543 dur_us=3720
UKL-MQTT-BENCH: BUFFULL run_id=try4-c4-cpu start_us=10486862 end_us=10488499 dur_us=1636
UKL-MQTT-BENCH: BUFFULL run_id=try4-c4-cpu start_us=10490665 end_us=10494500 dur_us=3835
UKL-MQTT-BENCH: BUFFULL run_id=try4-c4-cpu start_us=10497264 end_us=10502139 dur_us=4875
UKL-MQTT-BENCH: BUFFULL run_id=try4-c4-cpu start_us=10505440 end_us=10509601 dur_us=4161
UKL-MQTT-BENCH: BUFFULL run_id=try4-c4-cpu start_us=10512913 end_us=10516518 dur_us=3604
UKL-MQTT-BENCH: BUFFULL run_id=try4-c4-cpu start_us=10519814 end_us=10524117 dur_us=4302
UKL-MQTT-BENCH: BUFFULL run_id=try4-c4-cpu start_us=10528640 end_us=10533146 dur_us=4505
UKL-MQTT-BENCH: BUFFULL run_id=try4-c4-cpu start_us=10535876 end_us=10540140 dur_us=4263
UKL-MQTT-BENCH: BUFFULL run_id=try4-c4-cpu start_us=10543455 end_us=10546122 dur_us=2666
UKL-MQTT-BENCH: BUFFULL run_id=try4-c4-cpu start_us=10551067 end_us=10555526 dur_us=4458
UKL-MQTT-BENCH: BUFFULL run_id=try4-c4-cpu start_us=10558261 end_us=10561520 dur_us=3259
UKL-MQTT-BENCH: BUFFULL run_id=try4-c4-cpu start_us=10564238 end_us=10568120 dur_us=3882
UKL-MQTT-BENCH: BUFFULL run_id=try4-c4-cpu start_us=10570922 end_us=10575131 dur_us=4208
UKL-MQTT-BENCH: BUFFULL run_id=try4-c4-cpu start_us=10578434 end_us=10581121 dur_us=2687
UKL-MQTT-BENCH: BUFFULL run_id=try4-c4-cpu start_us=10583847 end_us=10588550 dur_us=4702
UKL-MQTT-BENCH: BUFFULL run_id=try4-c4-cpu start_us=10591837 end_us=10596123 dur_us=4286
UKL-MQTT-BENCH: BUFFULL run_id=try4-c4-cpu start_us=10599444 end_us=10602113 dur_us=2669
UKL-MQTT-BENCH: BUFFULL run_id=try4-c4-cpu start_us=10604830 end_us=10608104 dur_us=3273
UKL-MQTT-BENCH: BUFFULL run_id=try4-c4-cpu start_us=10610828 end_us=10614100 dur_us=3272
UKL-MQTT-BENCH: BUFFULL run_id=try4-c4-cpu start_us=10616822 end_us=10620511 dur_us=3689
UKL-MQTT-BENCH: BUFFULL run_id=try4-c4-cpu start_us=10623261 end_us=10626516 dur_us=3255
UKL-MQTT-BENCH: BUFFULL run_id=try4-c4-cpu start_us=10629230 end_us=10633550 dur_us=4319
UKL-MQTT-BENCH: BUFFULL run_id=try4-c4-cpu start_us=10636852 end_us=10640133 dur_us=3281
UKL-MQTT-BENCH: BUFFULL run_id=try4-c4-cpu start_us=10642884 end_us=10646117 dur_us=3232
UKL-MQTT-BENCH: BUFFULL run_id=try4-c4-cpu start_us=10648854 end_us=10652106 dur_us=3251
UKL-MQTT-BENCH: BUFFULL run_id=try4-c4-cpu start_us=10654851 end_us=10658115 dur_us=3263
UKL-MQTT-BENCH: BUFFULL run_id=try4-c4-cpu start_us=10660842 end_us=10664105 dur_us=3262
UKL-MQTT-BENCH: BUFFULL run_id=try4-c4-cpu start_us=10666844 end_us=10670207 dur_us=3362
UKL-MQTT-BENCH: BUFFULL run_id=try4-c4-cpu start_us=10672938 end_us=10676101 dur_us=3163
UKL-MQTT-BENCH: BUFFULL run_id=try4-c4-cpu start_us=10678828 end_us=10682518 dur_us=3689
UKL-MQTT-BENCH: BUFFULL run_id=try4-c4-cpu start_us=10685270 end_us=10689548 dur_us=4277
UKL-MQTT-BENCH: BUFFULL run_id=try4-c4-cpu start_us=10692844 end_us=10695514 dur_us=2670
UKL-MQTT-BENCH: BUFFULL run_id=try4-c4-cpu start_us=10698267 end_us=10702112 dur_us=3844
UKL-MQTT-BENCH: BUFFULL run_id=try4-c4-cpu start_us=10704843 end_us=10709121 dur_us=4277
UKL-MQTT-BENCH: BUFFULL run_id=try4-c4-cpu start_us=10712420 end_us=10714062 dur_us=1641
UKL-MQTT-BENCH: BUFFULL run_id=try4-c4-cpu start_us=10716231 end_us=10719090 dur_us=2858
UKL-MQTT-BENCH: BUFFULL run_id=try4-c4-cpu start_us=10721255 end_us=10725555 dur_us=4300
UKL-MQTT-BENCH: BUFFULL run_id=try4-c4-cpu start_us=10728298 end_us=10731073 dur_us=2775
UKL-MQTT-BENCH: BUFFULL run_id=try4-c4-cpu start_us=10733802 end_us=10737117 dur_us=3315
UKL-MQTT-BENCH: BUFFULL run_id=try4-c4-cpu start_us=10739850 end_us=10742093 dur_us=2242
UKL-MQTT-BENCH: BUFFULL run_id=try4-c4-cpu start_us=10744264 end_us=10749137 dur_us=4872
UKL-MQTT-BENCH: BUFFULL run_id=try4-c4-cpu start_us=10752527 end_us=10755116 dur_us=2588
UKL-MQTT-BENCH: BUFFULL run_id=try4-c4-cpu start_us=10757927 end_us=10760092 dur_us=2165
UKL-MQTT-BENCH: BUFFULL run_id=try4-c4-cpu start_us=10762254 end_us=10766532 dur_us=4277
UKL-MQTT-BENCH: BUFFULL run_id=try4-c4-cpu start_us=10769284 end_us=10772518 dur_us=3233
UKL-MQTT-BENCH: BUFFULL run_id=try4-c4-cpu start_us=10775262 end_us=10778510 dur_us=3248
UKL-MQTT-BENCH: BUFFULL run_id=try4-c4-cpu start_us=10781246 end_us=10784530 dur_us=3283
UKL-MQTT-BENCH: BUFFULL run_id=try4-c4-cpu start_us=10787270 end_us=10790519 dur_us=3248
UKL-MQTT-BENCH: BUFFULL run_id=try4-c4-cpu start_us=10793256 end_us=10798134 dur_us=4877
UKL-MQTT-BENCH: BUFFULL run_id=try4-c4-cpu start_us=10801442 end_us=10804109 dur_us=2667
UKL-MQTT-BENCH: BUFFULL run_id=try4-c4-cpu start_us=10806846 end_us=10810113 dur_us=3266
UKL-MQTT-BENCH: BUFFULL run_id=try4-c4-cpu start_us=10812898 end_us=10817569 dur_us=4671
UKL-MQTT-BENCH: BUFFULL run_id=try4-c4-cpu start_us=10820861 end_us=10822473 dur_us=1612
UKL-MQTT-BENCH: BUFFULL run_id=try4-c4-cpu start_us=10824665 end_us=10827090 dur_us=2425
UKL-MQTT-BENCH: BUFFULL run_id=try4-c4-cpu start_us=10829254 end_us=10834156 dur_us=4901
UKL-MQTT-BENCH: BUFFULL run_id=try4-c4-cpu start_us=10836878 end_us=10839490 dur_us=2612
UKL-MQTT-BENCH: BUFFULL run_id=try4-c4-cpu start_us=10842277 end_us=10845533 dur_us=3256
UKL-MQTT-BENCH: BUFFULL run_id=try4-c4-cpu start_us=10848260 end_us=10850515 dur_us=2255
UKL-MQTT-BENCH: BUFFULL run_id=try4-c4-cpu start_us=10852788 end_us=10857544 dur_us=4756
UKL-MQTT-BENCH: BUFFULL run_id=try4-c4-cpu start_us=10860832 end_us=10864118 dur_us=3286
UKL-MQTT-BENCH: BUFFULL run_id=try4-c4-cpu start_us=10866931 end_us=10869082 dur_us=2151
UKL-MQTT-BENCH: BUFFULL run_id=try4-c4-cpu start_us=10871242 end_us=10875105 dur_us=3862
UKL-MQTT-BENCH: BUFFULL run_id=try4-c4-cpu start_us=10877840 end_us=10881101 dur_us=3261
UKL-MQTT-BENCH: BUFFULL run_id=try4-c4-cpu start_us=10883831 end_us=10887097 dur_us=3266
UKL-MQTT-BENCH: BUFFULL run_id=try4-c4-cpu start_us=10889835 end_us=10893097 dur_us=3262
UKL-MQTT-BENCH: BUFFULL run_id=try4-c4-cpu start_us=10895817 end_us=10899104 dur_us=3286
UKL-MQTT-BENCH: BUFFULL run_id=try4-c4-cpu start_us=10901862 end_us=10906545 dur_us=4683
UKL-MQTT-BENCH: BUFFULL run_id=try4-c4-cpu start_us=10909831 end_us=10912523 dur_us=2692
UKL-MQTT-BENCH: BUFFULL run_id=try4-c4-cpu start_us=10915248 end_us=10918509 dur_us=3261
UKL-MQTT-BENCH: BUFFULL run_id=try4-c4-cpu start_us=10921251 end_us=10924522 dur_us=3271
UKL-MQTT-BENCH: BUFFULL run_id=try4-c4-cpu start_us=10927262 end_us=10931075 dur_us=3812
UKL-MQTT-BENCH: BUFFULL run_id=try4-c4-cpu start_us=10933807 end_us=10937105 dur_us=3298
UKL-MQTT-BENCH: BUFFULL run_id=try4-c4-cpu start_us=10939823 end_us=10943105 dur_us=3281
UKL-MQTT-BENCH: BUFFULL run_id=try4-c4-cpu start_us=10945863 end_us=10950137 dur_us=4274
UKL-MQTT-BENCH: BUFFULL run_id=try4-c4-cpu start_us=10953446 end_us=10956518 dur_us=3072
UKL-MQTT-BENCH: BUFFULL run_id=try4-c4-cpu start_us=10959306 end_us=10962525 dur_us=3218
UKL-MQTT-BENCH: BUFFULL run_id=try4-c4-cpu start_us=10965255 end_us=10970133 dur_us=4878
UKL-MQTT-BENCH: BUFFULL run_id=try4-c4-cpu start_us=10973433 end_us=10975081 dur_us=1647
UKL-MQTT-BENCH: BUFFULL run_id=try4-c4-cpu start_us=10977249 end_us=10979501 dur_us=2251
UKL-MQTT-BENCH: BUFFULL run_id=try4-c4-cpu start_us=10981655 end_us=10986567 dur_us=4911
UKL-MQTT-BENCH: BUFFULL run_id=try4-c4-cpu start_us=10989286 end_us=10992073 dur_us=2786
UKL-MQTT-BENCH: BUFFULL run_id=try4-c4-cpu start_us=10994796 end_us=10998120 dur_us=3323
UKL-MQTT-BENCH: BUFFULL run_id=try4-c4-cpu start_us=11000849 end_us=11003043 dur_us=2194
UKL-MQTT-BENCH: BUFFULL run_id=try4-c4-cpu start_us=11005206 end_us=11010131 dur_us=4925
UKL-MQTT-BENCH: BUFFULL run_id=try4-c4-cpu start_us=11013408 end_us=11016101 dur_us=2692
UKL-MQTT-BENCH: BUFFULL run_id=try4-c4-cpu start_us=11018836 end_us=11022102 dur_us=3265
UKL-MQTT-BENCH: BUFFULL run_id=try4-c4-cpu start_us=11024846 end_us=11028098 dur_us=3252
UKL-MQTT-BENCH: BUFFULL run_id=try4-c4-cpu start_us=11030823 end_us=11034096 dur_us=3272
UKL-MQTT-BENCH: BUFFULL run_id=try4-c4-cpu start_us=11036807 end_us=11040516 dur_us=3708
UKL-MQTT-BENCH: BUFFULL run_id=try4-c4-cpu start_us=11043241 end_us=11046535 dur_us=3294
UKL-MQTT-BENCH: BUFFULL run_id=try4-c4-cpu start_us=11049311 end_us=11051066 dur_us=1754
UKL-MQTT-BENCH: BUFFULL run_id=try4-c4-cpu start_us=11053239 end_us=11057530 dur_us=4290
UKL-MQTT-BENCH: BUFFULL run_id=try4-c4-cpu start_us=11060261 end_us=11063462 dur_us=3200
UKL-MQTT-BENCH: BUFFULL run_id=try4-c4-cpu start_us=11066204 end_us=11069519 dur_us=3314
UKL-MQTT-BENCH: BUFFULL run_id=try4-c4-cpu start_us=11072267 end_us=11077134 dur_us=4867
UKL-MQTT-BENCH: BUFFULL run_id=try4-c4-cpu start_us=11080436 end_us=11084117 dur_us=3680
UKL-MQTT-BENCH: BUFFULL run_id=try4-c4-cpu start_us=11087433 end_us=11089063 dur_us=1629
UKL-MQTT-BENCH: BUFFULL run_id=try4-c4-cpu start_us=11091207 end_us=11096133 dur_us=4925
UKL-MQTT-BENCH: BUFFULL run_id=try4-c4-cpu start_us=11099424 end_us=11102095 dur_us=2671
UKL-MQTT-BENCH: BUFFULL run_id=try4-c4-cpu start_us=11104855 end_us=11108547 dur_us=3692
UKL-MQTT-BENCH: BUFFULL run_id=try4-c4-cpu start_us=11111520 end_us=11115111 dur_us=3591
UKL-MQTT-BENCH: BUFFULL run_id=try4-c4-cpu start_us=11117839 end_us=11121108 dur_us=3268
UKL-MQTT-BENCH: BUFFULL run_id=try4-c4-cpu start_us=11123843 end_us=11127105 dur_us=3261
UKL-MQTT-BENCH: BUFFULL run_id=try4-c4-cpu start_us=11129852 end_us=11133087 dur_us=3234
UKL-MQTT-BENCH: BUFFULL run_id=try4-c4-cpu start_us=11135821 end_us=11139104 dur_us=3282
UKL-MQTT-BENCH: BUFFULL run_id=try4-c4-cpu start_us=11141834 end_us=11145536 dur_us=3701
UKL-MQTT-BENCH: BUFFULL run_id=try4-c4-cpu start_us=11148263 end_us=11152558 dur_us=4295
UKL-MQTT-BENCH: BUFFULL run_id=try4-c4-cpu start_us=11155879 end_us=11159111 dur_us=3232
UKL-MQTT-BENCH: BUFFULL run_id=try4-c4-cpu start_us=11161849 end_us=11165105 dur_us=3256
UKL-MQTT-BENCH: BUFFULL run_id=try4-c4-cpu start_us=11167874 end_us=11172112 dur_us=4237
UKL-MQTT-BENCH: BUFFULL run_id=try4-c4-cpu start_us=11175437 end_us=11177079 dur_us=1641
UKL-MQTT-BENCH: BUFFULL run_id=try4-c4-cpu start_us=11179232 end_us=11183111 dur_us=3879
UKL-MQTT-BENCH: BUFFULL run_id=try4-c4-cpu start_us=11185856 end_us=11190542 dur_us=4685
UKL-MQTT-BENCH: BUFFULL run_id=try4-c4-cpu start_us=11193824 end_us=11196518 dur_us=2693
UKL-MQTT-BENCH: BUFFULL run_id=try4-c4-cpu start_us=11199272 end_us=11203120 dur_us=3847
UKL-MQTT-BENCH: BUFFULL run_id=try4-c4-cpu start_us=11205851 end_us=11209103 dur_us=3251
UKL-MQTT-BENCH: BUFFULL run_id=try4-c4-cpu start_us=11212030 end_us=11215568 dur_us=3537
UKL-MQTT-BENCH: BUFFULL run_id=try4-c4-cpu start_us=11218392 end_us=11221531 dur_us=3138
UKL-MQTT-BENCH: BUFFULL run_id=try4-c4-cpu start_us=11224289 end_us=11229109 dur_us=4819
UKL-MQTT-BENCH: BUFFULL run_id=try4-c4-cpu start_us=11232442 end_us=11235108 dur_us=2665
UKL-MQTT-BENCH: BUFFULL run_id=try4-c4-cpu start_us=11237836 end_us=11241110 dur_us=3274
UKL-MQTT-BENCH: BUFFULL run_id=try4-c4-cpu start_us=11243837 end_us=11248115 dur_us=4278
UKL-MQTT-BENCH: BUFFULL run_id=try4-c4-cpu start_us=11251445 end_us=11253065 dur_us=1620
UKL-MQTT-BENCH: BUFFULL run_id=try4-c4-cpu start_us=11255224 end_us=11258081 dur_us=2856
UKL-MQTT-BENCH: BUFFULL run_id=try4-c4-cpu start_us=11260270 end_us=11265145 dur_us=4874
UKL-MQTT-BENCH: BUFFULL run_id=try4-c4-cpu start_us=11267886 end_us=11270072 dur_us=2185
UKL-MQTT-BENCH: BUFFULL run_id=try4-c4-cpu start_us=11272797 end_us=11276105 dur_us=3307
UKL-MQTT-BENCH: BUFFULL run_id=try4-c4-cpu start_us=11278841 end_us=11281519 dur_us=2678
UKL-MQTT-BENCH: BUFFULL run_id=try4-c4-cpu start_us=11283693 end_us=11288547 dur_us=4853
UKL-MQTT-BENCH: BUFFULL run_id=try4-c4-cpu start_us=11291858 end_us=11294521 dur_us=2663
UKL-MQTT-BENCH: BUFFULL run_id=try4-c4-cpu start_us=11297261 end_us=11299507 dur_us=2245
UKL-MQTT-BENCH: BUFFULL run_id=try4-c4-cpu start_us=11301670 end_us=11305511 dur_us=3841
UKL-MQTT-BENCH: BUFFULL run_id=try4-c4-cpu start_us=11308271 end_us=11311521 dur_us=3250
UKL-MQTT-BENCH: BUFFULL run_id=try4-c4-cpu start_us=11314262 end_us=11317536 dur_us=3274
UKL-MQTT-BENCH: BUFFULL run_id=try4-c4-cpu start_us=11320278 end_us=11323517 dur_us=3238
UKL-MQTT-BENCH: BUFFULL run_id=try4-c4-cpu start_us=11326263 end_us=11330091 dur_us=3828
UKL-MQTT-BENCH: BUFFULL run_id=try4-c4-cpu start_us=11332805 end_us=11334477 dur_us=1671
UKL-MQTT-BENCH: BUFFULL run_id=try4-c4-cpu start_us=11336638 end_us=11340532 dur_us=3894
UKL-MQTT-BENCH: BUFFULL run_id=try4-c4-cpu start_us=11343269 end_us=11348104 dur_us=4835
UKL-MQTT-BENCH: BUFFULL run_id=try4-c4-cpu start_us=11351406 end_us=11354120 dur_us=2714
UKL-MQTT-BENCH: BUFFULL run_id=try4-c4-cpu start_us=11356844 end_us=11360098 dur_us=3254
UKL-MQTT-BENCH: BUFFULL run_id=try4-c4-cpu start_us=11362859 end_us=11366111 dur_us=3252
UKL-MQTT-BENCH: BUFFULL run_id=try4-c4-cpu start_us=11368962 end_us=11372524 dur_us=3562
UKL-MQTT-BENCH: BUFFULL run_id=try4-c4-cpu start_us=11375271 end_us=11378534 dur_us=3262
UKL-MQTT-BENCH: BUFFULL run_id=try4-c4-cpu start_us=11381294 end_us=11384526 dur_us=3231
UKL-MQTT-BENCH: BUFFULL run_id=try4-c4-cpu start_us=11387265 end_us=11392129 dur_us=4863
UKL-MQTT-BENCH: BUFFULL run_id=try4-c4-cpu start_us=11395432 end_us=11398084 dur_us=2651
UKL-MQTT-BENCH: BUFFULL run_id=try4-c4-cpu start_us=11400821 end_us=11404109 dur_us=3287
UKL-MQTT-BENCH: BUFFULL run_id=try4-c4-cpu start_us=11406847 end_us=11410089 dur_us=3242
UKL-MQTT-BENCH: BUFFULL run_id=try4-c4-cpu start_us=11412854 end_us=11416519 dur_us=3664
UKL-MQTT-BENCH: BUFFULL run_id=try4-c4-cpu start_us=11419263 end_us=11422526 dur_us=3263
UKL-MQTT-BENCH: BUFFULL run_id=try4-c4-cpu start_us=11425269 end_us=11428516 dur_us=3246
UKL-MQTT-BENCH: BUFFULL run_id=try4-c4-cpu start_us=11431259 end_us=11436132 dur_us=4873
UKL-MQTT-BENCH: BUFFULL run_id=try4-c4-cpu start_us=11439479 end_us=11442091 dur_us=2611
UKL-MQTT-BENCH: BUFFULL run_id=try4-c4-cpu start_us=11444820 end_us=11448081 dur_us=3261
UKL-MQTT-BENCH: BUFFULL run_id=try4-c4-cpu start_us=11450874 end_us=11454102 dur_us=3227
UKL-MQTT-BENCH: BUFFULL run_id=try4-c4-cpu start_us=11456862 end_us=11460521 dur_us=3658
UKL-MQTT-BENCH: BUFFULL run_id=try4-c4-cpu start_us=11463285 end_us=11466491 dur_us=3205
UKL-MQTT-BENCH: BUFFULL run_id=try4-c4-cpu start_us=11469251 end_us=11474114 dur_us=4862
UKL-MQTT-BENCH: BUFFULL run_id=try4-c4-cpu start_us=11477426 end_us=11480097 dur_us=2670
UKL-MQTT-BENCH: BUFFULL run_id=try4-c4-cpu start_us=11482835 end_us=11486103 dur_us=3267
UKL-MQTT-BENCH: BUFFULL run_id=try4-c4-cpu start_us=11488838 end_us=11493120 dur_us=4281
UKL-MQTT-BENCH: BUFFULL run_id=try4-c4-cpu start_us=11496424 end_us=11498062 dur_us=1638
UKL-MQTT-BENCH: BUFFULL run_id=try4-c4-cpu start_us=11500249 end_us=11503062 dur_us=2813
UKL-MQTT-BENCH: BUFFULL run_id=try4-c4-cpu start_us=11505246 end_us=11510098 dur_us=4851
UKL-MQTT-BENCH: BUFFULL run_id=try4-c4-cpu start_us=11512838 end_us=11515086 dur_us=2248
UKL-MQTT-BENCH: BUFFULL run_id=try4-c4-cpu start_us=11517818 end_us=11522522 dur_us=4704
UKL-MQTT-BENCH: BUFFULL run_id=try4-c4-cpu start_us=11525816 end_us=11530117 dur_us=4301
UKL-MQTT-BENCH: BUFFULL run_id=try4-c4-cpu start_us=11533424 end_us=11535069 dur_us=1645
UKL-MQTT-BENCH: BUFFULL run_id=try4-c4-cpu start_us=11537236 end_us=11539498 dur_us=2261
UKL-MQTT-BENCH: BUFFULL run_id=try4-c4-cpu start_us=11541663 end_us=11547121 dur_us=5458
UKL-MQTT-BENCH: BUFFULL run_id=try4-c4-cpu start_us=11550434 end_us=11553108 dur_us=2674
UKL-MQTT-BENCH: BUFFULL run_id=try4-c4-cpu start_us=11555945 end_us=11559543 dur_us=3597
UKL-MQTT-BENCH: BUFFULL run_id=try4-c4-cpu start_us=11562382 end_us=11567129 dur_us=4746
UKL-MQTT-BENCH: BUFFULL run_id=try4-c4-cpu start_us=11570487 end_us=11573116 dur_us=2628
UKL-MQTT-BENCH: BUFFULL run_id=try4-c4-cpu start_us=11575873 end_us=11579108 dur_us=3235
UKL-MQTT-BENCH: BUFFULL run_id=try4-c4-cpu start_us=11581836 end_us=11585113 dur_us=3276
UKL-MQTT-BENCH: BUFFULL run_id=try4-c4-cpu start_us=11587863 end_us=11591520 dur_us=3656
UKL-MQTT-BENCH: BUFFULL run_id=try4-c4-cpu start_us=11594269 end_us=11597520 dur_us=3250
UKL-MQTT-BENCH: BUFFULL run_id=try4-c4-cpu start_us=11600278 end_us=11603534 dur_us=3255
UKL-MQTT-BENCH: BUFFULL run_id=try4-c4-cpu start_us=11606275 end_us=11611128 dur_us=4853
UKL-MQTT-BENCH: BUFFULL run_id=try4-c4-cpu start_us=11614455 end_us=11617092 dur_us=2637
UKL-MQTT-BENCH: BUFFULL run_id=try4-c4-cpu start_us=11619823 end_us=11623099 dur_us=3275
UKL-MQTT-BENCH: BUFFULL run_id=try4-c4-cpu start_us=11625838 end_us=11629079 dur_us=3241
UKL-MQTT-BENCH: BUFFULL run_id=try4-c4-cpu start_us=11631815 end_us=11635518 dur_us=3702
UKL-MQTT-BENCH: BUFFULL run_id=try4-c4-cpu start_us=11638249 end_us=11641529 dur_us=3279
UKL-MQTT-BENCH: BUFFULL run_id=try4-c4-cpu start_us=11644266 end_us=11647515 dur_us=3248
UKL-MQTT-BENCH: BUFFULL run_id=try4-c4-cpu start_us=11650250 end_us=11655114 dur_us=4863
UKL-MQTT-BENCH: BUFFULL run_id=try4-c4-cpu start_us=11658419 end_us=11661086 dur_us=2666
UKL-MQTT-BENCH: BUFFULL run_id=try4-c4-cpu start_us=11663862 end_us=11667107 dur_us=3245
UKL-MQTT-BENCH: BUFFULL run_id=try4-c4-cpu start_us=11669840 end_us=11674546 dur_us=4705
UKL-MQTT-BENCH: BUFFULL run_id=try4-c4-cpu start_us=11677848 end_us=11680517 dur_us=2669
UKL-MQTT-BENCH: BUFFULL run_id=try4-c4-cpu start_us=11683270 end_us=11685481 dur_us=2211
UKL-MQTT-BENCH: BUFFULL run_id=try4-c4-cpu start_us=11687674 end_us=11692550 dur_us=4876
UKL-MQTT-BENCH: BUFFULL run_id=try4-c4-cpu start_us=11695844 end_us=11697479 dur_us=1634
UKL-MQTT-BENCH: BUFFULL run_id=try4-c4-cpu start_us=11699648 end_us=11703526 dur_us=3877
UKL-MQTT-BENCH: BUFFULL run_id=try4-c4-cpu start_us=11706251 end_us=11711121 dur_us=4870
UKL-MQTT-BENCH: BUFFULL run_id=try4-c4-cpu start_us=11714435 end_us=11717093 dur_us=2657
UKL-MQTT-BENCH: BUFFULL run_id=try4-c4-cpu start_us=11719820 end_us=11722041 dur_us=2221
UKL-MQTT-BENCH: BUFFULL run_id=try4-c4-cpu start_us=11724217 end_us=11729105 dur_us=4887
UKL-MQTT-BENCH: BUFFULL run_id=try4-c4-cpu start_us=11732407 end_us=11734044 dur_us=1636
UKL-MQTT-BENCH: BUFFULL run_id=try4-c4-cpu start_us=11736207 end_us=11740086 dur_us=3878
UKL-MQTT-BENCH: BUFFULL run_id=try4-c4-cpu start_us=11742802 end_us=11746091 dur_us=3288
UKL-MQTT-BENCH: BUFFULL run_id=try4-c4-cpu start_us=11748827 end_us=11753534 dur_us=4707
UKL-MQTT-BENCH: BUFFULL run_id=try4-c4-cpu start_us=11756842 end_us=11758505 dur_us=1663
UKL-MQTT-BENCH: BUFFULL run_id=try4-c4-cpu start_us=11760677 end_us=11764549 dur_us=3871
UKL-MQTT-BENCH: BUFFULL run_id=try4-c4-cpu start_us=11767303 end_us=11770523 dur_us=3220
UKL-MQTT-BENCH: BUFFULL run_id=try4-c4-cpu start_us=11773276 end_us=11777105 dur_us=3829
UKL-MQTT-BENCH: BUFFULL run_id=try4-c4-cpu start_us=11779841 end_us=11781496 dur_us=1654
UKL-MQTT-BENCH: BUFFULL run_id=try4-c4-cpu start_us=11783661 end_us=11788097 dur_us=4436
UKL-MQTT-BENCH: BUFFULL run_id=try4-c4-cpu start_us=11790817 end_us=11794093 dur_us=3275
UKL-MQTT-BENCH: BUFFULL run_id=try4-c4-cpu start_us=11796829 end_us=11800099 dur_us=3269
UKL-MQTT-BENCH: BUFFULL run_id=try4-c4-cpu start_us=11802836 end_us=11806101 dur_us=3264
UKL-MQTT-BENCH: BUFFULL run_id=try4-c4-cpu start_us=11808861 end_us=11813505 dur_us=4643
UKL-MQTT-BENCH: BUFFULL run_id=try4-c4-cpu start_us=11816874 end_us=11821093 dur_us=4219
UKL-MQTT-BENCH: BUFFULL run_id=try4-c4-cpu start_us=11824401 end_us=11825518 dur_us=1117
UKL-MQTT-BENCH: BUFFULL run_id=try4-c4-cpu start_us=11827681 end_us=11833113 dur_us=5431
UKL-MQTT-BENCH: BUFFULL run_id=try4-c4-cpu start_us=11836406 end_us=11840530 dur_us=4124
UKL-MQTT-BENCH: BUFFULL run_id=try4-c4-cpu start_us=11843848 end_us=11846529 dur_us=2680
UKL-MQTT-BENCH: BUFFULL run_id=try4-c4-cpu start_us=11849270 end_us=11852516 dur_us=3245
UKL-MQTT-BENCH: BUFFULL run_id=try4-c4-cpu start_us=11855255 end_us=11857496 dur_us=2240
UKL-MQTT-BENCH: BUFFULL run_id=try4-c4-cpu start_us=11859660 end_us=11863105 dur_us=3444
UKL-MQTT-BENCH: BUFFULL run_id=try4-c4-cpu start_us=11865900 end_us=11869366 dur_us=3466
UKL-MQTT-BENCH: BUFFULL run_id=try4-c4-cpu start_us=11872112 end_us=11876105 dur_us=3992
UKL-MQTT-BENCH: BUFFULL run_id=try4-c4-cpu start_us=11878840 end_us=11880491 dur_us=1650
UKL-MQTT-BENCH: BUFFULL run_id=try4-c4-cpu start_us=11882660 end_us=11886096 dur_us=3436
UKL-MQTT-BENCH: BUFFULL run_id=try4-c4-cpu start_us=11888279 end_us=11892105 dur_us=3826
UKL-MQTT-BENCH: BUFFULL run_id=try4-c4-cpu start_us=11894835 end_us=11897483 dur_us=2648
UKL-MQTT-BENCH: BUFFULL run_id=try4-c4-cpu start_us=11900240 end_us=11903066 dur_us=2826
UKL-MQTT-BENCH: BUFFULL run_id=try4-c4-cpu start_us=11905231 end_us=11908520 dur_us=3288
UKL-MQTT-BENCH: BUFFULL run_id=try4-c4-cpu start_us=11911260 end_us=11914515 dur_us=3255
UKL-MQTT-BENCH: BUFFULL run_id=try4-c4-cpu start_us=11916674 end_us=11919580 dur_us=2906
UKL-MQTT-BENCH: BUFFULL run_id=try4-c4-cpu start_us=11922323 end_us=11925506 dur_us=3182
UKL-MQTT-BENCH: BUFFULL run_id=try4-c4-cpu start_us=11928230 end_us=11932068 dur_us=3837
UKL-MQTT-BENCH: BUFFULL run_id=try4-c4-cpu start_us=11934787 end_us=11936038 dur_us=1250
UKL-MQTT-BENCH: BUFFULL run_id=try4-c4-cpu start_us=11937679 end_us=11942103 dur_us=4424
UKL-MQTT-BENCH: BUFFULL run_id=try4-c4-cpu start_us=11944848 end_us=11948539 dur_us=3691
UKL-MQTT-BENCH: BUFFULL run_id=try4-c4-cpu start_us=11951833 end_us=11955104 dur_us=3271
UKL-MQTT-BENCH: BUFFULL run_id=try4-c4-cpu start_us=11957828 end_us=11961082 dur_us=3253
UKL-MQTT-BENCH: BUFFULL run_id=try4-c4-cpu start_us=11963836 end_us=11965476 dur_us=1639
UKL-MQTT-BENCH: BUFFULL run_id=try4-c4-cpu start_us=11967096 end_us=11971533 dur_us=4437
UKL-MQTT-BENCH: BUFFULL run_id=try4-c4-cpu start_us=11974310 end_us=11977538 dur_us=3228
UKL-MQTT-BENCH: BUFFULL run_id=try4-c4-cpu start_us=11980262 end_us=11983054 dur_us=2791
UKL-MQTT-BENCH: BUFFULL run_id=try4-c4-cpu start_us=11985807 end_us=11988069 dur_us=2262
UKL-MQTT-BENCH: BUFFULL run_id=try4-c4-cpu start_us=11990245 end_us=11994087 dur_us=3842
UKL-MQTT-BENCH: BUFFULL run_id=try4-c4-cpu start_us=11996812 end_us=12000106 dur_us=3293
UKL-MQTT-BENCH: BUFFULL run_id=try4-c4-cpu start_us=12002275 end_us=12005048 dur_us=2772
UKL-MQTT-BENCH: BUFFULL run_id=try4-c4-cpu start_us=12007791 end_us=12011088 dur_us=3297
UKL-MQTT-BENCH: BUFFULL run_id=try4-c4-cpu start_us=12013816 end_us=12017112 dur_us=3295
UKL-MQTT-BENCH: BUFFULL run_id=try4-c4-cpu start_us=12019838 end_us=12024533 dur_us=4694
UKL-MQTT-BENCH: BUFFULL run_id=try4-c4-cpu start_us=12027814 end_us=12032111 dur_us=4296
UKL-MQTT-BENCH: BUFFULL run_id=try4-c4-cpu start_us=12035439 end_us=12036499 dur_us=1059
UKL-MQTT-BENCH: BUFFULL run_id=try4-c4-cpu start_us=12038654 end_us=12041502 dur_us=2848
UKL-MQTT-BENCH: BUFFULL run_id=try4-c4-cpu start_us=12043691 end_us=12049090 dur_us=5399
UKL-MQTT-BENCH: BUFFULL run_id=try4-c4-cpu start_us=12052374 end_us=12055078 dur_us=2703
UKL-MQTT-BENCH: BUFFULL run_id=try4-c4-cpu start_us=12057817 end_us=12061087 dur_us=3270
UKL-MQTT-BENCH: BUFFULL run_id=try4-c4-cpu start_us=12063814 end_us=12068560 dur_us=4745
UKL-MQTT-BENCH: BUFFULL run_id=try4-c4-cpu start_us=12071855 end_us=12074487 dur_us=2631
UKL-MQTT-BENCH: BUFFULL run_id=try4-c4-cpu start_us=12077254 end_us=12080525 dur_us=3270
UKL-MQTT-BENCH: BUFFULL run_id=try4-c4-cpu start_us=12083253 end_us=12087081 dur_us=3828
UKL-MQTT-BENCH: BUFFULL run_id=try4-c4-cpu start_us=12089816 end_us=12093095 dur_us=3279
UKL-MQTT-BENCH: BUFFULL run_id=try4-c4-cpu start_us=12095816 end_us=12099090 dur_us=3273
UKL-MQTT-BENCH: BUFFULL run_id=try4-c4-cpu start_us=12101826 end_us=12105094 dur_us=3267
UKL-MQTT-BENCH: BUFFULL run_id=try4-c4-cpu start_us=12107822 end_us=12112547 dur_us=4724
UKL-MQTT-BENCH: BUFFULL run_id=try4-c4-cpu start_us=12115903 end_us=12118513 dur_us=2610
UKL-MQTT-BENCH: BUFFULL run_id=try4-c4-cpu start_us=12121252 end_us=12124511 dur_us=3258
UKL-MQTT-BENCH: BUFFULL run_id=try4-c4-cpu start_us=12127252 end_us=12130540 dur_us=3287
UKL-MQTT-BENCH: BUFFULL run_id=try4-c4-cpu start_us=12133267 end_us=12136520 dur_us=3253
UKL-MQTT-BENCH: BUFFULL run_id=try4-c4-cpu start_us=12139250 end_us=12143067 dur_us=3816
UKL-MQTT-BENCH: BUFFULL run_id=try4-c4-cpu start_us=12145796 end_us=12147478 dur_us=1682
UKL-MQTT-BENCH: BUFFULL run_id=try4-c4-cpu start_us=12149641 end_us=12153502 dur_us=3860
UKL-MQTT-BENCH: BUFFULL run_id=try4-c4-cpu start_us=12156225 end_us=12161105 dur_us=4879
UKL-MQTT-BENCH: BUFFULL run_id=try4-c4-cpu start_us=12164448 end_us=12167092 dur_us=2644
UKL-MQTT-BENCH: BUFFULL run_id=try4-c4-cpu start_us=12169831 end_us=12174498 dur_us=4667
UKL-MQTT-BENCH: BUFFULL run_id=try4-c4-cpu start_us=12177855 end_us=12180534 dur_us=2678
UKL-MQTT-BENCH: BUFFULL run_id=try4-c4-cpu start_us=12183255 end_us=12187076 dur_us=3821
UKL-MQTT-BENCH: BUFFULL run_id=try4-c4-cpu start_us=12189808 end_us=12195139 dur_us=5330
UKL-MQTT-BENCH: BUFFULL run_id=try4-c4-cpu start_us=12199019 end_us=12200073 dur_us=1053
UKL-MQTT-BENCH: BUFFULL run_id=try4-c4-cpu start_us=12202229 end_us=12207537 dur_us=5308
UKL-MQTT-BENCH: BUFFULL run_id=try4-c4-cpu start_us=12210842 end_us=12212497 dur_us=1655
UKL-MQTT-BENCH: BUFFULL run_id=try4-c4-cpu start_us=12214653 end_us=12218521 dur_us=3868
UKL-MQTT-BENCH: BUFFULL run_id=try4-c4-cpu start_us=12221276 end_us=12224517 dur_us=3241
UKL-MQTT-BENCH: BUFFULL run_id=try4-c4-cpu start_us=12227287 end_us=12230532 dur_us=3244
UKL-MQTT-BENCH: BUFFULL run_id=try4-c4-cpu start_us=12233281 end_us=12235495 dur_us=2214
UKL-MQTT-BENCH: BUFFULL run_id=try4-c4-cpu start_us=12237665 end_us=12241520 dur_us=3854
UKL-MQTT-BENCH: BUFFULL run_id=try4-c4-cpu start_us=12244252 end_us=12247526 dur_us=3273
UKL-MQTT-BENCH: BUFFULL run_id=try4-c4-cpu start_us=12250253 end_us=12255076 dur_us=4822
UKL-MQTT-BENCH: BUFFULL run_id=try4-c4-cpu start_us=12258378 end_us=12259853 dur_us=1475
UKL-MQTT-BENCH: BUFFULL run_id=try4-c4-cpu start_us=12262020 end_us=12265064 dur_us=3043
UKL-MQTT-BENCH: BUFFULL run_id=try4-c4-cpu start_us=12267248 end_us=12273154 dur_us=5906
UKL-MQTT-BENCH: BUFFULL run_id=try4-c4-cpu start_us=12277014 end_us=12279524 dur_us=2510
UKL-MQTT-BENCH: BUFFULL run_id=try4-c4-cpu start_us=12282269 end_us=12285516 dur_us=3246
UKL-MQTT-BENCH: BUFFULL run_id=try4-c4-cpu start_us=12288339 end_us=12290486 dur_us=2147
UKL-MQTT-BENCH: BUFFULL run_id=try4-c4-cpu start_us=12292661 end_us=12298124 dur_us=5462
UKL-MQTT-BENCH: BUFFULL run_id=try4-c4-cpu start_us=12301440 end_us=12304083 dur_us=2643
UKL-MQTT-BENCH: BUFFULL run_id=try4-c4-cpu start_us=12306820 end_us=12311055 dur_us=4235
UKL-MQTT-BENCH: BUFFULL run_id=try4-c4-cpu start_us=12314385 end_us=12317509 dur_us=3124
UKL-MQTT-BENCH: BUFFULL run_id=try4-c4-cpu start_us=12320250 end_us=12322082 dur_us=1831
UKL-MQTT-BENCH: BUFFULL run_id=try4-c4-cpu start_us=12324239 end_us=12330577 dur_us=6338
UKL-MQTT-BENCH: BUFFULL run_id=try4-c4-cpu start_us=12334443 end_us=12337088 dur_us=2645
UKL-MQTT-BENCH: BUFFULL run_id=try4-c4-cpu start_us=12339812 end_us=12343077 dur_us=3264
UKL-MQTT-BENCH: BUFFULL run_id=try4-c4-cpu start_us=12345807 end_us=12348048 dur_us=2241
UKL-MQTT-BENCH: BUFFULL run_id=try4-c4-cpu start_us=12350235 end_us=12353530 dur_us=3295
UKL-MQTT-BENCH: BUFFULL run_id=try4-c4-cpu start_us=12356279 end_us=12359536 dur_us=3257
UKL-MQTT-BENCH: BUFFULL run_id=try4-c4-cpu start_us=12361702 end_us=12366087 dur_us=4384
UKL-MQTT-BENCH: BUFFULL run_id=try4-c4-cpu start_us=12369391 end_us=12370459 dur_us=1068
UKL-MQTT-BENCH: BUFFULL run_id=try4-c4-cpu start_us=12372064 end_us=12376085 dur_us=4021
UKL-MQTT-BENCH: BUFFULL run_id=try4-c4-cpu start_us=12378863 end_us=12383091 dur_us=4227
UKL-MQTT-BENCH: BUFFULL run_id=try4-c4-cpu start_us=12385880 end_us=12389086 dur_us=3206
UKL-MQTT-BENCH: BUFFULL run_id=try4-c4-cpu start_us=12392372 end_us=12395521 dur_us=3148
UKL-MQTT-BENCH: BUFFULL run_id=try4-c4-cpu start_us=12398263 end_us=12401527 dur_us=3264
UKL-MQTT-BENCH: BUFFULL run_id=try4-c4-cpu start_us=12404270 end_us=12407524 dur_us=3253
UKL-MQTT-BENCH: BUFFULL run_id=try4-c4-cpu start_us=12410255 end_us=12413514 dur_us=3259
UKL-MQTT-BENCH: BUFFULL run_id=try4-c4-cpu start_us=12416249 end_us=12419519 dur_us=3269
UKL-MQTT-BENCH: BUFFULL run_id=try4-c4-cpu start_us=12422265 end_us=12426103 dur_us=3837
UKL-MQTT-BENCH: BUFFULL run_id=try4-c4-cpu start_us=12428825 end_us=12433095 dur_us=4269
UKL-MQTT-BENCH: BUFFULL run_id=try4-c4-cpu start_us=12436387 end_us=12439086 dur_us=2698
UKL-MQTT-BENCH: BUFFULL run_id=try4-c4-cpu start_us=12441808 end_us=12445519 dur_us=3711
UKL-MQTT-BENCH: BUFFULL run_id=try4-c4-cpu start_us=12448267 end_us=12451523 dur_us=3256
UKL-MQTT-BENCH: BUFFULL run_id=try4-c4-cpu start_us=12454290 end_us=12457519 dur_us=3228
UKL-MQTT-BENCH: BUFFULL run_id=try4-c4-cpu start_us=12460249 end_us=12463523 dur_us=3273
UKL-MQTT-BENCH: BUFFULL run_id=try4-c4-cpu start_us=12466264 end_us=12471105 dur_us=4841
UKL-MQTT-BENCH: BUFFULL run_id=try4-c4-cpu start_us=12474424 end_us=12477082 dur_us=2658
UKL-MQTT-BENCH: BUFFULL run_id=try4-c4-cpu start_us=12479820 end_us=12483083 dur_us=3263
UKL-MQTT-BENCH: BUFFULL run_id=try4-c4-cpu start_us=12485811 end_us=12489516 dur_us=3705
UKL-MQTT-BENCH: BUFFULL run_id=try4-c4-cpu start_us=12492272 end_us=12495512 dur_us=3239
UKL-MQTT-BENCH: BUFFULL run_id=try4-c4-cpu start_us=12498265 end_us=12501517 dur_us=3252
UKL-MQTT-BENCH: BUFFULL run_id=try4-c4-cpu start_us=12504260 end_us=12509099 dur_us=4838
UKL-MQTT-BENCH: BUFFULL run_id=try4-c4-cpu start_us=12512428 end_us=12515066 dur_us=2638
UKL-MQTT-BENCH: BUFFULL run_id=try4-c4-cpu start_us=12517846 end_us=12522113 dur_us=4266
UKL-MQTT-BENCH: BUFFULL run_id=try4-c4-cpu start_us=12525415 end_us=12528519 dur_us=3103
UKL-MQTT-BENCH: BUFFULL run_id=try4-c4-cpu start_us=12531237 end_us=12535550 dur_us=4313
UKL-MQTT-BENCH: BUFFULL run_id=try4-c4-cpu start_us=12538851 end_us=12542075 dur_us=3223
UKL-MQTT-BENCH: BUFFULL run_id=try4-c4-cpu start_us=12544803 end_us=12548087 dur_us=3284
UKL-MQTT-BENCH: BUFFULL run_id=try4-c4-cpu start_us=12550809 end_us=12555121 dur_us=4311
UKL-MQTT-BENCH: BUFFULL run_id=try4-c4-cpu start_us=12558415 end_us=12561541 dur_us=3125
UKL-MQTT-BENCH: BUFFULL run_id=try4-c4-cpu start_us=12564380 end_us=12566500 dur_us=2119
UKL-MQTT-BENCH: BUFFULL run_id=try4-c4-cpu start_us=12568663 end_us=12574107 dur_us=5443
UKL-MQTT-BENCH: BUFFULL run_id=try4-c4-cpu start_us=12577398 end_us=12578495 dur_us=1096
UKL-MQTT-BENCH: BUFFULL run_id=try4-c4-cpu start_us=12580701 end_us=12585104 dur_us=4403
UKL-MQTT-BENCH: BUFFULL run_id=try4-c4-cpu start_us=12587926 end_us=12592082 dur_us=4155
UKL-MQTT-BENCH: BUFFULL run_id=try4-c4-cpu start_us=12595377 end_us=12598097 dur_us=2719
UKL-MQTT-BENCH: BUFFULL run_id=try4-c4-cpu start_us=12600881 end_us=12604538 dur_us=3657
UKL-MQTT-BENCH: BUFFULL run_id=try4-c4-cpu start_us=12607271 end_us=12611540 dur_us=4269
UKL-MQTT-BENCH: BUFFULL run_id=try4-c4-cpu start_us=12614825 end_us=12618095 dur_us=3270
UKL-MQTT-BENCH: BUFFULL run_id=try4-c4-cpu start_us=12620837 end_us=12624094 dur_us=3256
UKL-MQTT-BENCH: BUFFULL run_id=try4-c4-cpu start_us=12626863 end_us=12630069 dur_us=3205
UKL-MQTT-BENCH: BUFFULL run_id=try4-c4-cpu start_us=12632809 end_us=12636077 dur_us=3267
UKL-MQTT-BENCH: BUFFULL run_id=try4-c4-cpu start_us=12638790 end_us=12642087 dur_us=3296
UKL-MQTT-BENCH: BUFFULL run_id=try4-c4-cpu start_us=12644827 end_us=12648085 dur_us=3257
UKL-MQTT-BENCH: BUFFULL run_id=try4-c4-cpu start_us=12650819 end_us=12655537 dur_us=4718
UKL-MQTT-BENCH: BUFFULL run_id=try4-c4-cpu start_us=12658842 end_us=12661513 dur_us=2670
UKL-MQTT-BENCH: BUFFULL run_id=try4-c4-cpu start_us=12664234 end_us=12668096 dur_us=3861
UKL-MQTT-BENCH: BUFFULL run_id=try4-c4-cpu start_us=12670824 end_us=12675098 dur_us=4274
UKL-MQTT-BENCH: BUFFULL run_id=try4-c4-cpu start_us=12678387 end_us=12680061 dur_us=1673
UKL-MQTT-BENCH: BUFFULL run_id=try4-c4-cpu start_us=12682216 end_us=12685064 dur_us=2848
UKL-MQTT-BENCH: BUFFULL run_id=try4-c4-cpu start_us=12687225 end_us=12692130 dur_us=4904
UKL-MQTT-BENCH: BUFFULL run_id=try4-c4-cpu start_us=12694859 end_us=12697055 dur_us=2195
UKL-MQTT-BENCH: BUFFULL run_id=try4-c4-cpu start_us=12699798 end_us=12703087 dur_us=3289
UKL-MQTT-BENCH: BUFFULL run_id=try4-c4-cpu start_us=12705827 end_us=12708064 dur_us=2237
UKL-MQTT-BENCH: BUFFULL run_id=try4-c4-cpu start_us=12710214 end_us=12715105 dur_us=4890
UKL-MQTT-BENCH: BUFFULL run_id=try4-c4-cpu start_us=12718400 end_us=12721565 dur_us=3165
UKL-MQTT-BENCH: BUFFULL run_id=try4-c4-cpu start_us=12724304 end_us=12727519 dur_us=3214
UKL-MQTT-BENCH: BUFFULL run_id=try4-c4-cpu start_us=12730251 end_us=12733507 dur_us=3256
UKL-MQTT-BENCH: BUFFULL run_id=try4-c4-cpu start_us=12736228 end_us=12739524 dur_us=3295
UKL-MQTT-BENCH: BUFFULL run_id=try4-c4-cpu start_us=12742243 end_us=12745515 dur_us=3271
UKL-MQTT-BENCH: BUFFULL run_id=try4-c4-cpu start_us=12748245 end_us=12753111 dur_us=4865
UKL-MQTT-BENCH: BUFFULL run_id=try4-c4-cpu start_us=12756416 end_us=12759069 dur_us=2652
UKL-MQTT-BENCH: BUFFULL run_id=try4-c4-cpu start_us=12761791 end_us=12765518 dur_us=3726
UKL-MQTT-BENCH: BUFFULL run_id=try4-c4-cpu start_us=12768245 end_us=12772524 dur_us=4278
UKL-MQTT-BENCH: BUFFULL run_id=try4-c4-cpu start_us=12775808 end_us=12777493 dur_us=1684
UKL-MQTT-BENCH: BUFFULL run_id=try4-c4-cpu start_us=12779692 end_us=12782511 dur_us=2818
UKL-MQTT-BENCH: BUFFULL run_id=try4-c4-cpu start_us=12784679 end_us=12791143 dur_us=6464
UKL-MQTT-BENCH: BUFFULL run_id=try4-c4-cpu start_us=12795017 end_us=12797084 dur_us=2067
UKL-MQTT-BENCH: BUFFULL run_id=try4-c4-cpu start_us=12799831 end_us=12804518 dur_us=4687
UKL-MQTT-BENCH: BUFFULL run_id=try4-c4-cpu start_us=12807816 end_us=12809532 dur_us=1716
UKL-MQTT-BENCH: BUFFULL run_id=try4-c4-cpu start_us=12811712 end_us=12814074 dur_us=2362
UKL-MQTT-BENCH: BUFFULL run_id=try4-c4-cpu start_us=12816283 end_us=12823186 dur_us=6902
UKL-MQTT-BENCH: BUFFULL run_id=try4-c4-cpu start_us=12827058 end_us=12830111 dur_us=3052
UKL-MQTT-BENCH: BUFFULL run_id=try4-c4-cpu start_us=12832845 end_us=12837563 dur_us=4717
UKL-MQTT-BENCH: BUFFULL run_id=try4-c4-cpu start_us=12840871 end_us=12844086 dur_us=3215
UKL-MQTT-BENCH: BUFFULL run_id=try4-c4-cpu start_us=12847376 end_us=12850069 dur_us=2692
UKL-MQTT-BENCH: BUFFULL run_id=try4-c4-cpu start_us=12852801 end_us=12856094 dur_us=3292
UKL-MQTT-BENCH: BUFFULL run_id=try4-c4-cpu start_us=12858833 end_us=12863557 dur_us=4724
UKL-MQTT-BENCH: BUFFULL run_id=try4-c4-cpu start_us=12866940 end_us=12869529 dur_us=2589
UKL-MQTT-BENCH: BUFFULL run_id=try4-c4-cpu start_us=12872260 end_us=12876064 dur_us=3803
UKL-MQTT-BENCH: BUFFULL run_id=try4-c4-cpu start_us=12878791 end_us=12883109 dur_us=4317
UKL-MQTT-BENCH: BUFFULL run_id=try4-c4-cpu start_us=12886413 end_us=12889087 dur_us=2673
UKL-MQTT-BENCH: BUFFULL run_id=try4-c4-cpu start_us=12891812 end_us=12896555 dur_us=4743
UKL-MQTT-BENCH: BUFFULL run_id=try4-c4-cpu start_us=12899859 end_us=12902530 dur_us=2670
UKL-MQTT-BENCH: BUFFULL run_id=try4-c4-cpu start_us=12905252 end_us=12908523 dur_us=3270
UKL-MQTT-BENCH: BUFFULL run_id=try4-c4-cpu start_us=12911261 end_us=12916102 dur_us=4841
UKL-MQTT-BENCH: BUFFULL run_id=try4-c4-cpu start_us=12919430 end_us=12921038 dur_us=1608
UKL-MQTT-BENCH: BUFFULL run_id=try4-c4-cpu start_us=12923199 end_us=12925499 dur_us=2300
UKL-MQTT-BENCH: BUFFULL run_id=try4-c4-cpu start_us=12927666 end_us=12932565 dur_us=4899
UKL-MQTT-BENCH: BUFFULL run_id=try4-c4-cpu start_us=12935292 end_us=12938054 dur_us=2761
UKL-MQTT-BENCH: BUFFULL run_id=try4-c4-cpu start_us=12940770 end_us=12944078 dur_us=3307
UKL-MQTT-BENCH: BUFFULL run_id=try4-c4-cpu start_us=12946797 end_us=12949049 dur_us=2252
UKL-MQTT-BENCH: BUFFULL run_id=try4-c4-cpu start_us=12951203 end_us=12956099 dur_us=4896
UKL-MQTT-BENCH: BUFFULL run_id=try4-c4-cpu start_us=12959397 end_us=12962067 dur_us=2669
UKL-MQTT-BENCH: BUFFULL run_id=try4-c4-cpu start_us=12964807 end_us=12968526 dur_us=3719
UKL-MQTT-BENCH: BUFFULL run_id=try4-c4-cpu start_us=12971272 end_us=12974531 dur_us=3259
UKL-MQTT-BENCH: BUFFULL run_id=try4-c4-cpu start_us=12977446 end_us=12982104 dur_us=4657
UKL-MQTT-BENCH: BUFFULL run_id=try4-c4-cpu start_us=12985450 end_us=12988526 dur_us=3075
UKL-MQTT-BENCH: BUFFULL run_id=try4-c4-cpu start_us=12991371 end_us=12994523 dur_us=3151
UKL-MQTT-BENCH: BUFFULL run_id=try4-c4-cpu start_us=12997270 end_us=13002096 dur_us=4825
UKL-MQTT-BENCH: BUFFULL run_id=try4-c4-cpu start_us=13005429 end_us=13007041 dur_us=1612
UKL-MQTT-BENCH: BUFFULL run_id=try4-c4-cpu start_us=13009208 end_us=13012054 dur_us=2846
UKL-MQTT-BENCH: BUFFULL run_id=try4-c4-cpu start_us=13014217 end_us=13019103 dur_us=4886
UKL-MQTT-BENCH: BUFFULL run_id=try4-c4-cpu start_us=13021881 end_us=13024075 dur_us=2194
UKL-MQTT-BENCH: BUFFULL run_id=try4-c4-cpu start_us=13026836 end_us=13030080 dur_us=3243
UKL-MQTT-BENCH: BUFFULL run_id=try4-c4-cpu start_us=13032821 end_us=13035498 dur_us=2677
UKL-MQTT-BENCH: BUFFULL run_id=try4-c4-cpu start_us=13037665 end_us=13042544 dur_us=4879
UKL-MQTT-BENCH: BUFFULL run_id=try4-c4-cpu start_us=13045836 end_us=13048518 dur_us=2681
UKL-MQTT-BENCH: BUFFULL run_id=try4-c4-cpu start_us=13051260 end_us=13054506 dur_us=3245
UKL-MQTT-BENCH: BUFFULL run_id=try4-c4-cpu start_us=13057240 end_us=13061095 dur_us=3854
UKL-MQTT-BENCH: BUFFULL run_id=try4-c4-cpu start_us=13063816 end_us=13067070 dur_us=3254
UKL-MQTT-BENCH: BUFFULL run_id=try4-c4-cpu start_us=13069810 end_us=13073061 dur_us=3251
UKL-MQTT-BENCH: BUFFULL run_id=try4-c4-cpu start_us=13075813 end_us=13078038 dur_us=2224
UKL-MQTT-BENCH: BUFFULL run_id=try4-c4-cpu start_us=13080207 end_us=13084093 dur_us=3885
UKL-MQTT-BENCH: BUFFULL run_id=try4-c4-cpu start_us=13086850 end_us=13091560 dur_us=4709
UKL-MQTT-BENCH: BUFFULL run_id=try4-c4-cpu start_us=13094869 end_us=13097524 dur_us=2655
UKL-MQTT-BENCH: BUFFULL run_id=try4-c4-cpu start_us=13100278 end_us=13103531 dur_us=3253
UKL-MQTT-BENCH: BUFFULL run_id=try4-c4-cpu start_us=13106278 end_us=13109521 dur_us=3243
UKL-MQTT-BENCH: BUFFULL run_id=try4-c4-cpu start_us=13112268 end_us=13116060 dur_us=3792
UKL-MQTT-BENCH: BUFFULL run_id=try4-c4-cpu start_us=13118794 end_us=13122084 dur_us=3290
UKL-MQTT-BENCH: BUFFULL run_id=try4-c4-cpu start_us=13124836 end_us=13128074 dur_us=3237
UKL-MQTT-BENCH: BUFFULL run_id=try4-c4-cpu start_us=13130850 end_us=13135557 dur_us=4706
UKL-MQTT-BENCH: BUFFULL run_id=try4-c4-cpu start_us=13138868 end_us=13141510 dur_us=2642
UKL-MQTT-BENCH: BUFFULL run_id=try4-c4-cpu start_us=13144255 end_us=13147515 dur_us=3259
UKL-MQTT-BENCH: BUFFULL run_id=try4-c4-cpu start_us=13150268 end_us=13155086 dur_us=4817
UKL-MQTT-BENCH: BUFFULL run_id=try4-c4-cpu start_us=13158408 end_us=13160031 dur_us=1622
UKL-MQTT-BENCH: BUFFULL run_id=try4-c4-cpu start_us=13162195 end_us=13166070 dur_us=3875
UKL-MQTT-BENCH: BUFFULL run_id=try4-c4-cpu start_us=13168794 end_us=13173521 dur_us=4726
UKL-MQTT-BENCH: BUFFULL run_id=try4-c4-cpu start_us=13176816 end_us=13179515 dur_us=2698
UKL-MQTT-BENCH: BUFFULL run_id=try4-c4-cpu start_us=13182254 end_us=13184509 dur_us=2255
UKL-MQTT-BENCH: BUFFULL run_id=try4-c4-cpu start_us=13186681 end_us=13191553 dur_us=4872
UKL-MQTT-BENCH: BUFFULL run_id=try4-c4-cpu start_us=13194951 end_us=13198078 dur_us=3126
UKL-MQTT-BENCH: BUFFULL run_id=try4-c4-cpu start_us=13200824 end_us=13205537 dur_us=4712
UKL-MQTT-BENCH: BUFFULL run_id=try4-c4-cpu start_us=13208850 end_us=13212555 dur_us=3704
UKL-MQTT-BENCH: BUFFULL run_id=try4-c4-cpu start_us=13215870 end_us=13217540 dur_us=1670
UKL-MQTT-BENCH: BUFFULL run_id=try4-c4-cpu start_us=13219711 end_us=13223516 dur_us=3805
UKL-MQTT-BENCH: BUFFULL run_id=try4-c4-cpu start_us=13226255 end_us=13231083 dur_us=4828
UKL-MQTT-BENCH: BUFFULL run_id=try4-c4-cpu start_us=13234390 end_us=13237079 dur_us=2688
UKL-MQTT-BENCH: BUFFULL run_id=try4-c4-cpu start_us=13239822 end_us=13243060 dur_us=3238
UKL-MQTT-BENCH: BUFFULL run_id=try4-c4-cpu start_us=13245781 end_us=13250529 dur_us=4748
UKL-MQTT-BENCH: BUFFULL run_id=try4-c4-cpu start_us=13253820 end_us=13256543 dur_us=2723
UKL-MQTT-BENCH: BUFFULL run_id=try4-c4-cpu start_us=13259295 end_us=13264080 dur_us=4784
UKL-MQTT-BENCH: BUFFULL run_id=try4-c4-cpu start_us=13267385 end_us=13271536 dur_us=4151
UKL-MQTT-BENCH: BUFFULL run_id=try4-c4-cpu start_us=13274873 end_us=13276045 dur_us=1171
UKL-MQTT-BENCH: BUFFULL run_id=try4-c4-cpu start_us=13278208 end_us=13281046 dur_us=2838
UKL-MQTT-BENCH: BUFFULL run_id=try4-c4-cpu start_us=13283217 end_us=13288506 dur_us=5288
UKL-MQTT-BENCH: BUFFULL run_id=try4-c4-cpu start_us=13291800 end_us=13294528 dur_us=2728
UKL-MQTT-BENCH: BUFFULL run_id=try4-c4-cpu start_us=13297269 end_us=13300529 dur_us=3260
UKL-MQTT-BENCH: BUFFULL run_id=try4-c4-cpu start_us=13303264 end_us=13308088 dur_us=4823
UKL-MQTT-BENCH: BUFFULL run_id=try4-c4-cpu start_us=13311400 end_us=13314090 dur_us=2689
UKL-MQTT-BENCH: BUFFULL run_id=try4-c4-cpu start_us=13316816 end_us=13320069 dur_us=3252
UKL-MQTT-BENCH: BUFFULL run_id=try4-c4-cpu start_us=13322850 end_us=13326075 dur_us=3224
UKL-MQTT-BENCH: BUFFULL run_id=try4-c4-cpu start_us=13328807 end_us=13332054 dur_us=3246
UKL-MQTT-BENCH: BUFFULL run_id=try4-c4-cpu start_us=13334776 end_us=13338521 dur_us=3745
UKL-MQTT-BENCH: BUFFULL run_id=try4-c4-cpu start_us=13341243 end_us=13344515 dur_us=3272
UKL-MQTT-BENCH: BUFFULL run_id=try4-c4-cpu start_us=13347262 end_us=13351522 dur_us=4260
UKL-MQTT-BENCH: BUFFULL run_id=try4-c4-cpu start_us=13354840 end_us=13358065 dur_us=3225
UKL-MQTT-BENCH: BUFFULL run_id=try4-c4-cpu start_us=13360789 end_us=13364075 dur_us=3286
UKL-MQTT-BENCH: BUFFULL run_id=try4-c4-cpu start_us=13366831 end_us=13371089 dur_us=4257
UKL-MQTT-BENCH: BUFFULL run_id=try4-c4-cpu start_us=13374396 end_us=13376050 dur_us=1653
UKL-MQTT-BENCH: BUFFULL run_id=try4-c4-cpu start_us=13378223 end_us=13381056 dur_us=2832
UKL-MQTT-BENCH: BUFFULL run_id=try4-c4-cpu start_us=13383225 end_us=13388097 dur_us=4872
UKL-MQTT-BENCH: BUFFULL run_id=try4-c4-cpu start_us=13390824 end_us=13393041 dur_us=2217
UKL-MQTT-BENCH: BUFFULL run_id=try4-c4-cpu start_us=13395779 end_us=13399084 dur_us=3305
UKL-MQTT-BENCH: BUFFULL run_id=try4-c4-cpu start_us=13401822 end_us=13405530 dur_us=3707
UKL-MQTT-BENCH: BUFFULL run_id=try4-c4-cpu start_us=13408282 end_us=13412528 dur_us=4246
UKL-MQTT-BENCH: BUFFULL run_id=try4-c4-cpu start_us=13415826 end_us=13419074 dur_us=3247
UKL-MQTT-BENCH: BUFFULL run_id=try4-c4-cpu start_us=13421785 end_us=13423498 dur_us=1713
UKL-MQTT-BENCH: BUFFULL run_id=try4-c4-cpu start_us=13425659 end_us=13429694 dur_us=4035
UKL-MQTT-BENCH: BUFFULL run_id=try4-c4-cpu start_us=13432422 end_us=13436073 dur_us=3651
UKL-MQTT-BENCH: BUFFULL run_id=try4-c4-cpu start_us=13438798 end_us=13442035 dur_us=3237
UKL-MQTT-BENCH: BUFFULL run_id=try4-c4-cpu start_us=13444765 end_us=13448066 dur_us=3301
UKL-MQTT-BENCH: BUFFULL run_id=try4-c4-cpu start_us=13450800 end_us=13454059 dur_us=3258
UKL-MQTT-BENCH: BUFFULL run_id=try4-c4-cpu start_us=13456772 end_us=13461532 dur_us=4759
UKL-MQTT-BENCH: BUFFULL run_id=try4-c4-cpu start_us=13464838 end_us=13469595 dur_us=4756
UKL-MQTT-BENCH: BUFFULL run_id=try4-c4-cpu start_us=13473060 end_us=13476558 dur_us=3498
UKL-MQTT-BENCH: BUFFULL run_id=try4-c4-cpu start_us=13479880 end_us=13484099 dur_us=4219
UKL-MQTT-BENCH: BUFFULL run_id=try4-c4-cpu start_us=13488647 end_us=13493093 dur_us=4445
UKL-MQTT-BENCH: BUFFULL run_id=try4-c4-cpu start_us=13496387 end_us=13501103 dur_us=4715
UKL-MQTT-BENCH: BUFFULL run_id=try4-c4-cpu start_us=13504405 end_us=13508104 dur_us=3698
UKL-MQTT-BENCH: BUFFULL run_id=try4-c4-cpu start_us=13511415 end_us=13515564 dur_us=4149
UKL-MQTT-BENCH: BUFFULL run_id=try4-c4-cpu start_us=13518890 end_us=13520500 dur_us=1609
UKL-MQTT-BENCH: BUFFULL run_id=try4-c4-cpu start_us=13522691 end_us=13526528 dur_us=3836
UKL-MQTT-BENCH: BUFFULL run_id=try4-c4-cpu start_us=13529275 end_us=13532520 dur_us=3245
UKL-MQTT-BENCH: BUFFULL run_id=try4-c4-cpu start_us=13535279 end_us=13538523 dur_us=3244
UKL-MQTT-BENCH: BUFFULL run_id=try4-c4-cpu start_us=13541266 end_us=13543496 dur_us=2230
UKL-MQTT-BENCH: BUFFULL run_id=try4-c4-cpu start_us=13545652 end_us=13549520 dur_us=3868
UKL-MQTT-BENCH: BUFFULL run_id=try4-c4-cpu start_us=13552251 end_us=13555505 dur_us=3254
UKL-MQTT-BENCH: BUFFULL run_id=try4-c4-cpu start_us=13558239 end_us=13563125 dur_us=4886
UKL-MQTT-BENCH: BUFFULL run_id=try4-c4-cpu start_us=13566499 end_us=13568061 dur_us=1561
UKL-MQTT-BENCH: BUFFULL run_id=try4-c4-cpu start_us=13570223 end_us=13574087 dur_us=3864
UKL-MQTT-BENCH: BUFFULL run_id=try4-c4-cpu start_us=13576814 end_us=13580048 dur_us=3234
UKL-MQTT-BENCH: BUFFULL run_id=try4-c4-cpu start_us=13582790 end_us=13586082 dur_us=3292
UKL-MQTT-BENCH: BUFFULL run_id=try4-c4-cpu start_us=13588803 end_us=13592067 dur_us=3264
UKL-MQTT-BENCH: BUFFULL run_id=try4-c4-cpu start_us=13594761 end_us=13599543 dur_us=4782
UKL-MQTT-BENCH: BUFFULL run_id=try4-c4-cpu start_us=13602858 end_us=13604497 dur_us=1638
UKL-MQTT-BENCH: BUFFULL run_id=try4-c4-cpu start_us=13606630 end_us=13610527 dur_us=3897
UKL-MQTT-BENCH: BUFFULL run_id=try4-c4-cpu start_us=13613237 end_us=13618104 dur_us=4867
UKL-MQTT-BENCH: BUFFULL run_id=try4-c4-cpu start_us=13621359 end_us=13624062 dur_us=2702
UKL-MQTT-BENCH: BUFFULL run_id=try4-c4-cpu start_us=13626746 end_us=13630075 dur_us=3328
UKL-MQTT-BENCH: BUFFULL run_id=try4-c4-cpu start_us=13632761 end_us=13636058 dur_us=3297
UKL-MQTT-BENCH: BUFFULL run_id=try4-c4-cpu start_us=13638760 end_us=13642518 dur_us=3758
UKL-MQTT-BENCH: BUFFULL run_id=try4-c4-cpu start_us=13645215 end_us=13648522 dur_us=3306
UKL-MQTT-BENCH: BUFFULL run_id=try4-c4-cpu start_us=13651228 end_us=13655541 dur_us=4313
UKL-MQTT-BENCH: BUFFULL run_id=try4-c4-cpu start_us=13658791 end_us=13662065 dur_us=3274
UKL-MQTT-BENCH: BUFFULL run_id=try4-c4-cpu start_us=13664752 end_us=13668061 dur_us=3309
UKL-MQTT-BENCH: BUFFULL run_id=try4-c4-cpu start_us=13670759 end_us=13675091 dur_us=4332
UKL-MQTT-BENCH: BUFFULL run_id=try4-c4-cpu start_us=13678344 end_us=13680025 dur_us=1680
UKL-MQTT-BENCH: BUFFULL run_id=try4-c4-cpu start_us=13682150 end_us=13685050 dur_us=2899
UKL-MQTT-BENCH: BUFFULL run_id=try4-c4-cpu start_us=13687186 end_us=13691558 dur_us=4371
UKL-MQTT-BENCH: BUFFULL run_id=try4-c4-cpu start_us=13694254 end_us=13697042 dur_us=2787
UKL-MQTT-BENCH: BUFFULL run_id=try4-c4-cpu start_us=13699736 end_us=13703073 dur_us=3336
UKL-MQTT-BENCH: BUFFULL run_id=try4-c4-cpu start_us=13705769 end_us=13708056 dur_us=2286
UKL-MQTT-BENCH: BUFFULL run_id=try4-c4-cpu start_us=13710189 end_us=13715099 dur_us=4909
UKL-MQTT-BENCH: BUFFULL run_id=try4-c4-cpu start_us=13718363 end_us=13721088 dur_us=2724
UKL-MQTT-BENCH: BUFFULL run_id=try4-c4-cpu start_us=13723842 end_us=13726065 dur_us=2222
UKL-MQTT-BENCH: BUFFULL run_id=try4-c4-cpu start_us=13728202 end_us=13732072 dur_us=3870
UKL-MQTT-BENCH: BUFFULL run_id=try4-c4-cpu start_us=13734768 end_us=13738072 dur_us=3303
UKL-MQTT-BENCH: BUFFULL run_id=try4-c4-cpu start_us=13740771 end_us=13744051 dur_us=3279
UKL-MQTT-BENCH: BUFFULL run_id=try4-c4-cpu start_us=13746749 end_us=13750068 dur_us=3319
UKL-MQTT-BENCH: BUFFULL run_id=try4-c4-cpu start_us=13752762 end_us=13756074 dur_us=3311
UKL-MQTT-BENCH: BUFFULL run_id=try4-c4-cpu start_us=13758774 end_us=13763094 dur_us=4319
UKL-MQTT-BENCH: BUFFULL run_id=try4-c4-cpu start_us=13766384 end_us=13769077 dur_us=2693
UKL-MQTT-BENCH: BUFFULL run_id=try4-c4-cpu start_us=13771781 end_us=13775076 dur_us=3295
UKL-MQTT-BENCH: BUFFULL run_id=try4-c4-cpu start_us=13777772 end_us=13782551 dur_us=4779
UKL-MQTT-BENCH: BUFFULL run_id=try4-c4-cpu start_us=13785811 end_us=13787028 dur_us=1217
UKL-MQTT-BENCH: BUFFULL run_id=try4-c4-cpu start_us=13789154 end_us=13792053 dur_us=2898
UKL-MQTT-BENCH: BUFFULL run_id=try4-c4-cpu start_us=13794186 end_us=13799108 dur_us=4921
UKL-MQTT-BENCH: BUFFULL run_id=try4-c4-cpu start_us=13801830 end_us=13804050 dur_us=2219
UKL-MQTT-BENCH: BUFFULL run_id=try4-c4-cpu start_us=13806787 end_us=13810087 dur_us=3299
UKL-MQTT-BENCH: BUFFULL run_id=try4-c4-cpu start_us=13812782 end_us=13815050 dur_us=2267
UKL-MQTT-BENCH: BUFFULL run_id=try4-c4-cpu start_us=13817187 end_us=13822098 dur_us=4910
UKL-MQTT-BENCH: BUFFULL run_id=try4-c4-cpu start_us=13825386 end_us=13828136 dur_us=2750
UKL-MQTT-BENCH: BUFFULL run_id=try4-c4-cpu start_us=13830842 end_us=13834069 dur_us=3227
UKL-MQTT-BENCH: BUFFULL run_id=try4-c4-cpu start_us=13836763 end_us=13840064 dur_us=3301
UKL-MQTT-BENCH: BUFFULL run_id=try4-c4-cpu start_us=13842778 end_us=13847550 dur_us=4772
UKL-MQTT-BENCH: BUFFULL run_id=try4-c4-cpu start_us=13850806 end_us=13853527 dur_us=2720
UKL-MQTT-BENCH: BUFFULL run_id=try4-c4-cpu start_us=13856233 end_us=13859523 dur_us=3290
UKL-MQTT-BENCH: BUFFULL run_id=try4-c4-cpu start_us=13862222 end_us=13866552 dur_us=4329
UKL-MQTT-BENCH: BUFFULL run_id=try4-c4-cpu start_us=13869840 end_us=13871477 dur_us=1637
UKL-MQTT-BENCH: BUFFULL run_id=try4-c4-cpu start_us=13873637 end_us=13876499 dur_us=2862
UKL-MQTT-BENCH: BUFFULL run_id=try4-c4-cpu start_us=13878626 end_us=13883105 dur_us=4479
UKL-MQTT-BENCH: BUFFULL run_id=try4-c4-cpu start_us=13885812 end_us=13888483 dur_us=2670
UKL-MQTT-BENCH: BUFFULL run_id=try4-c4-cpu start_us=13891187 end_us=13894522 dur_us=3334
UKL-MQTT-BENCH: BUFFULL run_id=try4-c4-cpu start_us=13897228 end_us=13899498 dur_us=2269
UKL-MQTT-BENCH: BUFFULL run_id=try4-c4-cpu start_us=13901658 end_us=13906534 dur_us=4876
UKL-MQTT-BENCH: BUFFULL run_id=try4-c4-cpu start_us=13909816 end_us=13912528 dur_us=2712
UKL-MQTT-BENCH: BUFFULL run_id=try4-c4-cpu start_us=13915235 end_us=13918516 dur_us=3280
UKL-MQTT-BENCH: BUFFULL run_id=try4-c4-cpu start_us=13921243 end_us=13924538 dur_us=3294
UKL-MQTT-BENCH: BUFFULL run_id=try4-c4-cpu start_us=13927231 end_us=13930516 dur_us=3285
UKL-MQTT-BENCH: BUFFULL run_id=try4-c4-cpu start_us=13933213 end_us=13936510 dur_us=3296
UKL-MQTT-BENCH: BUFFULL run_id=try4-c4-cpu start_us=13939219 end_us=13941027 dur_us=1807
UKL-MQTT-BENCH: BUFFULL run_id=try4-c4-cpu start_us=13943167 end_us=13947083 dur_us=3916
UKL-MQTT-BENCH: BUFFULL run_id=try4-c4-cpu start_us=13949770 end_us=13954541 dur_us=4770
UKL-MQTT-BENCH: BUFFULL run_id=try4-c4-cpu start_us=13957798 end_us=13960520 dur_us=2722
UKL-MQTT-BENCH: BUFFULL run_id=try4-c4-cpu start_us=13963227 end_us=13966536 dur_us=3309
UKL-MQTT-BENCH: BUFFULL run_id=try4-c4-cpu start_us=13969247 end_us=13972514 dur_us=3267
UKL-MQTT-BENCH: BUFFULL run_id=try4-c4-cpu start_us=13975223 end_us=13978519 dur_us=3296
UKL-MQTT-BENCH: BUFFULL run_id=try4-c4-cpu start_us=13981223 end_us=13984517 dur_us=3293
UKL-MQTT-BENCH: BUFFULL run_id=try4-c4-cpu start_us=13987221 end_us=13990518 dur_us=3297
UKL-MQTT-BENCH: BUFFULL run_id=try4-c4-cpu start_us=13993221 end_us=13997551 dur_us=4329
UKL-MQTT-BENCH: BUFFULL run_id=try4-c4-cpu start_us=14000805 end_us=14003517 dur_us=2712
UKL-MQTT-BENCH: BUFFULL run_id=try4-c4-cpu start_us=14006307 end_us=14010094 dur_us=3786
UKL-MQTT-BENCH: BUFFULL run_id=try4-c4-cpu start_us=14012803 end_us=14017082 dur_us=4279
UKL-MQTT-BENCH: BUFFULL run_id=try4-c4-cpu start_us=14020359 end_us=14022034 dur_us=1674
UKL-MQTT-BENCH: BUFFULL run_id=try4-c4-cpu start_us=14024191 end_us=14026505 dur_us=2314
UKL-MQTT-BENCH: BUFFULL run_id=try4-c4-cpu start_us=14028651 end_us=14033572 dur_us=4920
UKL-MQTT-BENCH: BUFFULL run_id=try4-c4-cpu start_us=14036286 end_us=14038492 dur_us=2206
UKL-MQTT-BENCH: BUFFULL run_id=try4-c4-cpu start_us=14041196 end_us=14045065 dur_us=3868
UKL-MQTT-BENCH: BUFFULL run_id=try4-c4-cpu start_us=14047773 end_us=14050048 dur_us=2275
UKL-MQTT-BENCH: BUFFULL run_id=try4-c4-cpu start_us=14052214 end_us=14057088 dur_us=4873
UKL-MQTT-BENCH: BUFFULL run_id=try4-c4-cpu start_us=14060344 end_us=14063059 dur_us=2714
UKL-MQTT-BENCH: BUFFULL run_id=try4-c4-cpu start_us=14065762 end_us=14067492 dur_us=1729
UKL-MQTT-BENCH: BUFFULL run_id=try4-c4-cpu start_us=14069626 end_us=14073522 dur_us=3895
UKL-MQTT-BENCH: BUFFULL run_id=try4-c4-cpu start_us=14076248 end_us=14079511 dur_us=3262
UKL-MQTT-BENCH: BUFFULL run_id=try4-c4-cpu start_us=14082223 end_us=14085508 dur_us=3284
UKL-MQTT-BENCH: BUFFULL run_id=try4-c4-cpu start_us=14088211 end_us=14091512 dur_us=3300
UKL-MQTT-BENCH: BUFFULL run_id=try4-c4-cpu start_us=14094201 end_us=14097515 dur_us=3313
UKL-MQTT-BENCH: BUFFULL run_id=try4-c4-cpu start_us=14100214 end_us=14105089 dur_us=4874
UKL-MQTT-BENCH: BUFFULL run_id=try4-c4-cpu start_us=14108334 end_us=14111078 dur_us=2744
UKL-MQTT-BENCH: BUFFULL run_id=try4-c4-cpu start_us=14113775 end_us=14117069 dur_us=3293
UKL-MQTT-BENCH: BUFFULL run_id=try4-c4-cpu start_us=14119758 end_us=14124085 dur_us=4327
UKL-MQTT-BENCH: BUFFULL run_id=try4-c4-cpu start_us=14127364 end_us=14129043 dur_us=1679
UKL-MQTT-BENCH: BUFFULL run_id=try4-c4-cpu start_us=14131194 end_us=14134030 dur_us=2836
UKL-MQTT-BENCH: BUFFULL run_id=try4-c4-cpu start_us=14136170 end_us=14140565 dur_us=4394
UKL-MQTT-BENCH: BUFFULL run_id=try4-c4-cpu start_us=14143277 end_us=14146029 dur_us=2751
UKL-MQTT-BENCH: BUFFULL run_id=try4-c4-cpu start_us=14148726 end_us=14152072 dur_us=3345
UKL-MQTT-BENCH: BUFFULL run_id=try4-c4-cpu start_us=14154767 end_us=14157037 dur_us=2269
UKL-MQTT-BENCH: BUFFULL run_id=try4-c4-cpu start_us=14159159 end_us=14164085 dur_us=4925
UKL-MQTT-BENCH: BUFFULL run_id=try4-c4-cpu start_us=14167401 end_us=14170061 dur_us=2659
UKL-MQTT-BENCH: BUFFULL run_id=try4-c4-cpu start_us=14172760 end_us=14176070 dur_us=3309
UKL-MQTT-BENCH: BUFFULL run_id=try4-c4-cpu start_us=14178769 end_us=14182051 dur_us=3282
UKL-MQTT-BENCH: BUFFULL run_id=try4-c4-cpu start_us=14184751 end_us=14189089 dur_us=4337
UKL-MQTT-BENCH: BUFFULL run_id=try4-c4-cpu start_us=14192341 end_us=14195505 dur_us=3164
UKL-MQTT-BENCH: BUFFULL run_id=try4-c4-cpu start_us=14198210 end_us=14201519 dur_us=3309
UKL-MQTT-BENCH: BUFFULL run_id=try4-c4-cpu start_us=14204227 end_us=14208549 dur_us=4321
UKL-MQTT-BENCH: BUFFULL run_id=try4-c4-cpu start_us=14211806 end_us=14214540 dur_us=2733
UKL-MQTT-BENCH: BUFFULL run_id=try4-c4-cpu start_us=14217251 end_us=14219452 dur_us=2201
UKL-MQTT-BENCH: BUFFULL run_id=try4-c4-cpu start_us=14221590 end_us=14226546 dur_us=4955
UKL-MQTT-BENCH: BUFFULL run_id=try4-c4-cpu start_us=14229822 end_us=14231502 dur_us=1679
UKL-MQTT-BENCH: BUFFULL run_id=try4-c4-cpu start_us=14233637 end_us=14237516 dur_us=3878
UKL-MQTT-BENCH: BUFFULL run_id=try4-c4-cpu start_us=14240263 end_us=14244517 dur_us=4254
UKL-MQTT-BENCH: BUFFULL run_id=try4-c4-cpu start_us=14247773 end_us=14250515 dur_us=2741
UKL-MQTT-BENCH: BUFFULL run_id=try4-c4-cpu start_us=14253254 end_us=14257067 dur_us=3812
UKL-MQTT-BENCH: BUFFULL run_id=try4-c4-cpu start_us=14259766 end_us=14264079 dur_us=4313
UKL-MQTT-BENCH: BUFFULL run_id=try4-c4-cpu start_us=14267330 end_us=14270059 dur_us=2728
UKL-MQTT-BENCH: BUFFULL run_id=try4-c4-cpu start_us=14272752 end_us=14276070 dur_us=3317
UKL-MQTT-BENCH: BUFFULL run_id=try4-c4-cpu start_us=14278761 end_us=14282052 dur_us=3290
UKL-MQTT-BENCH: BUFFULL run_id=try4-c4-cpu start_us=14284752 end_us=14288046 dur_us=3293
UKL-MQTT-BENCH: BUFFULL run_id=try4-c4-cpu start_us=14290746 end_us=14294052 dur_us=3305
UKL-MQTT-BENCH: BUFFULL run_id=try4-c4-cpu start_us=14296755 end_us=14300057 dur_us=3301
UKL-MQTT-BENCH: BUFFULL run_id=try4-c4-cpu start_us=14302761 end_us=14307088 dur_us=4326
UKL-MQTT-BENCH: BUFFULL run_id=try4-c4-cpu start_us=14310334 end_us=14313056 dur_us=2722
UKL-MQTT-BENCH: BUFFULL run_id=try4-c4-cpu start_us=14315748 end_us=14319523 dur_us=3774
UKL-MQTT-BENCH: BUFFULL run_id=try4-c4-cpu start_us=14322222 end_us=14326556 dur_us=4333
UKL-MQTT-BENCH: BUFFULL run_id=try4-c4-cpu start_us=14329819 end_us=14331475 dur_us=1656
UKL-MQTT-BENCH: BUFFULL run_id=try4-c4-cpu start_us=14333612 end_us=14336041 dur_us=2428
UKL-MQTT-BENCH: BUFFULL run_id=try4-c4-cpu start_us=14338168 end_us=14343107 dur_us=4939
UKL-MQTT-BENCH: BUFFULL run_id=try4-c4-cpu start_us=14345808 end_us=14348028 dur_us=2220
UKL-MQTT-BENCH: BUFFULL run_id=try4-c4-cpu start_us=14350721 end_us=14354060 dur_us=3339
UKL-MQTT-BENCH: BUFFULL run_id=try4-c4-cpu start_us=14356758 end_us=14359034 dur_us=2275
UKL-MQTT-BENCH: BUFFULL run_id=try4-c4-cpu start_us=14361169 end_us=14366087 dur_us=4917
UKL-MQTT-BENCH: BUFFULL run_id=try4-c4-cpu start_us=14369414 end_us=14372053 dur_us=2638
UKL-MQTT-BENCH: BUFFULL run_id=try4-c4-cpu start_us=14374774 end_us=14378514 dur_us=3740
UKL-MQTT-BENCH: BUFFULL run_id=try4-c4-cpu start_us=14381221 end_us=14384517 dur_us=3295
UKL-MQTT-BENCH: BUFFULL run_id=try4-c4-cpu start_us=14387229 end_us=14390509 dur_us=3279
UKL-MQTT-BENCH: BUFFULL run_id=try4-c4-cpu start_us=14393216 end_us=14396514 dur_us=3297
UKL-MQTT-BENCH: BUFFULL run_id=try4-c4-cpu start_us=14399221 end_us=14403535 dur_us=4313
UKL-MQTT-BENCH: BUFFULL run_id=try4-c4-cpu start_us=14406792 end_us=14409522 dur_us=2729
UKL-MQTT-BENCH: BUFFULL run_id=try4-c4-cpu start_us=14412226 end_us=14415507 dur_us=3281
UKL-MQTT-BENCH: BUFFULL run_id=try4-c4-cpu start_us=14418286 end_us=14423113 dur_us=4826
UKL-MQTT-BENCH: BUFFULL run_id=try4-c4-cpu start_us=14426397 end_us=14427488 dur_us=1091
UKL-MQTT-BENCH: BUFFULL run_id=try4-c4-cpu start_us=14429624 end_us=14432503 dur_us=2878
UKL-MQTT-BENCH: BUFFULL run_id=try4-c4-cpu start_us=14434625 end_us=14439562 dur_us=4936
UKL-MQTT-BENCH: BUFFULL run_id=try4-c4-cpu start_us=14442249 end_us=14444489 dur_us=2240
UKL-MQTT-BENCH: BUFFULL run_id=try4-c4-cpu start_us=14447176 end_us=14450522 dur_us=3345
UKL-MQTT-BENCH: BUFFULL run_id=try4-c4-cpu start_us=14453245 end_us=14455493 dur_us=2247
UKL-MQTT-BENCH: BUFFULL run_id=try4-c4-cpu start_us=14457633 end_us=14462517 dur_us=4883
UKL-MQTT-BENCH: BUFFULL run_id=try4-c4-cpu start_us=14465785 end_us=14468531 dur_us=2745
UKL-MQTT-BENCH: BUFFULL run_id=try4-c4-cpu start_us=14471223 end_us=14474513 dur_us=3289
UKL-MQTT-BENCH: BUFFULL run_id=try4-c4-cpu start_us=14477239 end_us=14480495 dur_us=3256
UKL-MQTT-BENCH: BUFFULL run_id=try4-c4-cpu start_us=14483215 end_us=14486532 dur_us=3317
UKL-MQTT-BENCH: BUFFULL run_id=try4-c4-cpu start_us=14489249 end_us=14493087 dur_us=3838
UKL-MQTT-BENCH: BUFFULL run_id=try4-c4-cpu start_us=14495758 end_us=14500091 dur_us=4333
UKL-MQTT-BENCH: BUFFULL run_id=try4-c4-cpu start_us=14503388 end_us=14506070 dur_us=2681
UKL-MQTT-BENCH: BUFFULL run_id=try4-c4-cpu start_us=14508802 end_us=14512051 dur_us=3249
UKL-MQTT-BENCH: BUFFULL run_id=try4-c4-cpu start_us=14514728 end_us=14518066 dur_us=3337
UKL-MQTT-BENCH: BUFFULL run_id=try4-c4-cpu start_us=14520809 end_us=14524066 dur_us=3256
UKL-MQTT-BENCH: BUFFULL run_id=try4-c4-cpu start_us=14526804 end_us=14531538 dur_us=4733
UKL-MQTT-BENCH: BUFFULL run_id=try4-c4-cpu start_us=14534825 end_us=14537520 dur_us=2694
UKL-MQTT-BENCH: BUFFULL run_id=try4-c4-cpu start_us=14540219 end_us=14543528 dur_us=3308
UKL-MQTT-BENCH: BUFFULL run_id=try4-c4-cpu start_us=14546218 end_us=14551088 dur_us=4869
UKL-MQTT-BENCH: BUFFULL run_id=try4-c4-cpu start_us=14554327 end_us=14555611 dur_us=1283
UKL-MQTT-BENCH: BUFFULL run_id=try4-c4-cpu start_us=14558434 end_us=14560569 dur_us=2134
UKL-MQTT-BENCH: BUFFULL run_id=try4-c4-cpu start_us=14562702 end_us=14567588 dur_us=4885
UKL-MQTT-BENCH: BUFFULL run_id=try4-c4-cpu start_us=14570300 end_us=14572516 dur_us=2216
UKL-MQTT-BENCH: BUFFULL run_id=try4-c4-cpu start_us=14575216 end_us=14578593 dur_us=3377
UKL-MQTT-BENCH: BUFFULL run_id=try4-c4-cpu start_us=14581307 end_us=14584066 dur_us=2759
UKL-MQTT-BENCH: BUFFULL run_id=try4-c4-cpu start_us=14586207 end_us=14591094 dur_us=4887
UKL-MQTT-BENCH: BUFFULL run_id=try4-c4-cpu start_us=14594439 end_us=14597080 dur_us=2641
UKL-MQTT-BENCH: BUFFULL run_id=try4-c4-cpu start_us=14599824 end_us=14602051 dur_us=2227
UKL-MQTT-BENCH: BUFFULL run_id=try4-c4-cpu start_us=14604180 end_us=14608062 dur_us=3882
UKL-MQTT-BENCH: BUFFULL run_id=try4-c4-cpu start_us=14610746 end_us=14613961 dur_us=3215
UKL-MQTT-BENCH: BUFFULL run_id=try4-c4-cpu start_us=14616656 end_us=14620042 dur_us=3385
UKL-MQTT-BENCH: BUFFULL run_id=try4-c4-cpu start_us=14622827 end_us=14626109 dur_us=3281
UKL-MQTT-BENCH: BUFFULL run_id=try4-c4-cpu start_us=14628831 end_us=14632072 dur_us=3240
UKL-MQTT-BENCH: BUFFULL run_id=try4-c4-cpu start_us=14634788 end_us=14639078 dur_us=4289
UKL-MQTT-BENCH: BUFFULL run_id=try4-c4-cpu start_us=14642332 end_us=14645054 dur_us=2722
UKL-MQTT-BENCH: BUFFULL run_id=try4-c4-cpu start_us=14647739 end_us=14651066 dur_us=3327
UKL-MQTT-BENCH: BUFFULL run_id=try4-c4-cpu start_us=14653757 end_us=14658540 dur_us=4783
UKL-MQTT-BENCH: BUFFULL run_id=try4-c4-cpu start_us=14661768 end_us=14663019 dur_us=1251
UKL-MQTT-BENCH: BUFFULL run_id=try4-c4-cpu start_us=14665150 end_us=14668033 dur_us=2882
UKL-MQTT-BENCH: BUFFULL run_id=try4-c4-cpu start_us=14670179 end_us=14675088 dur_us=4909
UKL-MQTT-BENCH: BUFFULL run_id=try4-c4-cpu start_us=14677806 end_us=14680023 dur_us=2216
UKL-MQTT-BENCH: BUFFULL run_id=try4-c4-cpu start_us=14682713 end_us=14686057 dur_us=3343
UKL-MQTT-BENCH: BUFFULL run_id=try4-c4-cpu start_us=14688762 end_us=14691047 dur_us=2284
UKL-MQTT-BENCH: BUFFULL run_id=try4-c4-cpu start_us=14693175 end_us=14696538 dur_us=3363
UKL-MQTT-BENCH: BUFFULL run_id=try4-c4-cpu start_us=14699232 end_us=14702512 dur_us=3279
UKL-MQTT-BENCH: BUFFULL run_id=try4-c4-cpu start_us=14705207 end_us=14708523 dur_us=3316
UKL-MQTT-BENCH: BUFFULL run_id=try4-c4-cpu start_us=14711221 end_us=14713489 dur_us=2267
UKL-MQTT-BENCH: BUFFULL run_id=try4-c4-cpu start_us=14715610 end_us=14719071 dur_us=3460
UKL-MQTT-BENCH: BUFFULL run_id=try4-c4-cpu start_us=14721802 end_us=14725092 dur_us=3290
UKL-MQTT-BENCH: BUFFULL run_id=try4-c4-cpu start_us=14727850 end_us=14730505 dur_us=2654
UKL-MQTT-BENCH: BUFFULL run_id=try4-c4-cpu start_us=14732631 end_us=14736059 dur_us=3427
UKL-MQTT-BENCH: BUFFULL run_id=try4-c4-cpu start_us=14738760 end_us=14741516 dur_us=2756
UKL-MQTT-BENCH: BUFFULL run_id=try4-c4-cpu start_us=14743693 end_us=14747029 dur_us=3335
UKL-MQTT-BENCH: BUFFULL run_id=try4-c4-cpu start_us=14749729 end_us=14752549 dur_us=2820
UKL-MQTT-BENCH: BUFFULL run_id=try4-c4-cpu start_us=14755241 end_us=14758034 dur_us=2792
UKL-MQTT-BENCH: BUFFULL run_id=try4-c4-cpu start_us=14760192 end_us=14765090 dur_us=4898
UKL-MQTT-BENCH: BUFFULL run_id=try4-c4-cpu start_us=14768400 end_us=14771060 dur_us=2659
UKL-MQTT-BENCH: BUFFULL run_id=try4-c4-cpu start_us=14776018 end_us=14781110 dur_us=5091
UKL-MQTT-BENCH: BUFFULL run_id=try4-c4-cpu start_us=14783810 end_us=14787070 dur_us=3260
UKL-MQTT-BENCH: BUFFULL run_id=try4-c4-cpu start_us=14789776 end_us=14792493 dur_us=2717
UKL-MQTT-BENCH: BUFFULL run_id=try4-c4-cpu start_us=14795191 end_us=14797498 dur_us=2306
UKL-MQTT-BENCH: BUFFULL run_id=try4-c4-cpu start_us=14799631 end_us=14803515 dur_us=3883
UKL-MQTT-BENCH: BUFFULL run_id=try4-c4-cpu start_us=14806222 end_us=14809056 dur_us=2833
UKL-MQTT-BENCH: BUFFULL run_id=try4-c4-cpu start_us=14811267 end_us=14814519 dur_us=3251
UKL-MQTT-BENCH: BUFFULL run_id=try4-c4-cpu start_us=14817220 end_us=14820526 dur_us=3305
UKL-MQTT-BENCH: BUFFULL run_id=try4-c4-cpu start_us=14823245 end_us=14825537 dur_us=2291
UKL-MQTT-BENCH: BUFFULL run_id=try4-c4-cpu start_us=14827761 end_us=14831079 dur_us=3317
UKL-MQTT-BENCH: BUFFULL run_id=try4-c4-cpu start_us=14833224 end_us=14836042 dur_us=2818
UKL-MQTT-BENCH: BUFFULL run_id=try4-c4-cpu start_us=14838745 end_us=14842056 dur_us=3311
UKL-MQTT-BENCH: BUFFULL run_id=try4-c4-cpu start_us=14844237 end_us=14847519 dur_us=3282
UKL-MQTT-BENCH: BUFFULL run_id=try4-c4-cpu start_us=14850220 end_us=14852510 dur_us=2290
UKL-MQTT-BENCH: BUFFULL run_id=try4-c4-cpu start_us=14854687 end_us=14858046 dur_us=3359
UKL-MQTT-BENCH: BUFFULL run_id=try4-c4-cpu start_us=14860746 end_us=14863536 dur_us=2789
UKL-MQTT-BENCH: BUFFULL run_id=try4-c4-cpu start_us=14866260 end_us=14869025 dur_us=2765
UKL-MQTT-BENCH: BUFFULL run_id=try4-c4-cpu start_us=14871157 end_us=14874513 dur_us=3356
UKL-MQTT-BENCH: BUFFULL run_id=try4-c4-cpu start_us=14877230 end_us=14880074 dur_us=2844
UKL-MQTT-BENCH: BUFFULL run_id=try4-c4-cpu start_us=14882207 end_us=14885511 dur_us=3303
UKL-MQTT-BENCH: BUFFULL run_id=try4-c4-cpu start_us=14888218 end_us=14891024 dur_us=2805
UKL-MQTT-BENCH: BUFFULL run_id=try4-c4-cpu start_us=14893152 end_us=14896522 dur_us=3370
UKL-MQTT-BENCH: BUFFULL run_id=try4-c4-cpu start_us=14899223 end_us=14902511 dur_us=3288
UKL-MQTT-BENCH: BUFFULL run_id=try4-c4-cpu start_us=14905218 end_us=14908519 dur_us=3300
UKL-MQTT-BENCH: BUFFULL run_id=try4-c4-cpu start_us=14911230 end_us=14914522 dur_us=3292
UKL-MQTT-BENCH: BUFFULL run_id=try4-c4-cpu start_us=14917229 end_us=14921520 dur_us=4290
UKL-MQTT-BENCH: BUFFULL run_id=try4-c4-cpu start_us=14924775 end_us=14926478 dur_us=1703
UKL-MQTT-BENCH: BUFFULL run_id=try4-c4-cpu start_us=14928648 end_us=14932528 dur_us=3880
UKL-MQTT-BENCH: BUFFULL run_id=try4-c4-cpu start_us=14935240 end_us=14939541 dur_us=4300
UKL-MQTT-BENCH: BUFFULL run_id=try4-c4-cpu start_us=14942822 end_us=14945518 dur_us=2695
UKL-MQTT-BENCH: BUFFULL run_id=try4-c4-cpu start_us=14948236 end_us=14952055 dur_us=3818
UKL-MQTT-BENCH: BUFFULL run_id=try4-c4-cpu start_us=14954754 end_us=14958060 dur_us=3305
UKL-MQTT-BENCH: BUFFULL run_id=try4-c4-cpu start_us=14960767 end_us=14965070 dur_us=4302
UKL-MQTT-BENCH: BUFFULL run_id=try4-c4-cpu start_us=14968378 end_us=14971066 dur_us=2688
UKL-MQTT-BENCH: BUFFULL run_id=try4-c4-cpu start_us=14973767 end_us=14977053 dur_us=3286
UKL-MQTT-BENCH: BUFFULL run_id=try4-c4-cpu start_us=14979776 end_us=14984073 dur_us=4297
UKL-MQTT-BENCH: BUFFULL run_id=try4-c4-cpu start_us=14987358 end_us=14989061 dur_us=1702
UKL-MQTT-BENCH: BUFFULL run_id=try4-c4-cpu start_us=14991197 end_us=14994025 dur_us=2828
UKL-MQTT-BENCH: BUFFULL run_id=try4-c4-cpu start_us=14996164 end_us=15001089 dur_us=4924
UKL-MQTT-BENCH: BUFFULL run_id=try4-c4-cpu start_us=15003797 end_us=15006010 dur_us=2212
UKL-MQTT-BENCH: BUFFULL run_id=try4-c4-cpu start_us=15008716 end_us=15012053 dur_us=3337
UKL-MQTT-BENCH: BUFFULL run_id=try4-c4-cpu start_us=15014752 end_us=15016987 dur_us=2235
UKL-MQTT-BENCH: BUFFULL run_id=try4-c4-cpu start_us=15019109 end_us=15024071 dur_us=4961
UKL-MQTT-BENCH: BUFFULL run_id=try4-c4-cpu start_us=15027333 end_us=15030075 dur_us=2742
UKL-MQTT-BENCH: BUFFULL run_id=try4-c4-cpu start_us=15032891 end_us=15036057 dur_us=3166
UKL-MQTT-BENCH: BUFFULL run_id=try4-c4-cpu start_us=15038756 end_us=15042063 dur_us=3306
UKL-MQTT-BENCH: BUFFULL run_id=try4-c4-cpu start_us=15044769 end_us=15048048 dur_us=3279
UKL-MQTT-BENCH: BUFFULL run_id=try4-c4-cpu start_us=15050749 end_us=15054044 dur_us=3295
UKL-MQTT-BENCH: BUFFULL run_id=try4-c4-cpu start_us=15056752 end_us=15060063 dur_us=3310
UKL-MQTT-BENCH: BUFFULL run_id=try4-c4-cpu start_us=15062779 end_us=15066045 dur_us=3266
UKL-MQTT-BENCH: BUFFULL run_id=try4-c4-cpu start_us=15068743 end_us=15072040 dur_us=3296
UKL-MQTT-BENCH: BUFFULL run_id=try4-c4-cpu start_us=15074742 end_us=15077022 dur_us=2279
UKL-MQTT-BENCH: BUFFULL run_id=try4-c4-cpu start_us=15079171 end_us=15083060 dur_us=3889
UKL-MQTT-BENCH: BUFFULL run_id=try4-c4-cpu start_us=15085756 end_us=15090072 dur_us=4316
UKL-MQTT-BENCH: BUFFULL run_id=try4-c4-cpu start_us=15093333 end_us=15096043 dur_us=2709
UKL-MQTT-BENCH: BUFFULL run_id=try4-c4-cpu start_us=15098735 end_us=15102047 dur_us=3311
UKL-MQTT-BENCH: BUFFULL run_id=try4-c4-cpu start_us=15104736 end_us=15108044 dur_us=3308
UKL-MQTT-BENCH: BUFFULL run_id=try4-c4-cpu start_us=15110747 end_us=15114030 dur_us=3283
UKL-MQTT-BENCH: BUFFULL run_id=try4-c4-cpu start_us=15116729 end_us=15120041 dur_us=3311
UKL-MQTT-BENCH: BUFFULL run_id=try4-c4-cpu start_us=15122745 end_us=15126044 dur_us=3298
UKL-MQTT-BENCH: BUFFULL run_id=try4-c4-cpu start_us=15128761 end_us=15133556 dur_us=4795
UKL-MQTT-BENCH: BUFFULL run_id=try4-c4-cpu start_us=15136861 end_us=15139522 dur_us=2660
UKL-MQTT-BENCH: BUFFULL run_id=try4-c4-cpu start_us=15142241 end_us=15145534 dur_us=3292
UKL-MQTT-BENCH: BUFFULL run_id=try4-c4-cpu start_us=15148248 end_us=15152545 dur_us=4297
UKL-MQTT-BENCH: BUFFULL run_id=try4-c4-cpu start_us=15155812 end_us=15157484 dur_us=1672
UKL-MQTT-BENCH: BUFFULL run_id=try4-c4-cpu start_us=15159623 end_us=15162026 dur_us=2402
UKL-MQTT-BENCH: BUFFULL run_id=try4-c4-cpu start_us=15164161 end_us=15169089 dur_us=4928
UKL-MQTT-BENCH: BUFFULL run_id=try4-c4-cpu start_us=15171785 end_us=15174021 dur_us=2236
UKL-MQTT-BENCH: BUFFULL run_id=try4-c4-cpu start_us=15176707 end_us=15180045 dur_us=3337
UKL-MQTT-BENCH: BUFFULL run_id=try4-c4-cpu start_us=15182751 end_us=15186043 dur_us=3291
UKL-MQTT-BENCH: BUFFULL run_id=try4-c4-cpu start_us=15188725 end_us=15193073 dur_us=4348
UKL-MQTT-BENCH: BUFFULL run_id=try4-c4-cpu start_us=15196313 end_us=15199051 dur_us=2738
UKL-MQTT-BENCH: BUFFULL run_id=try4-c4-cpu start_us=15201747 end_us=15206538 dur_us=4790
UKL-MQTT-BENCH: BUFFULL run_id=try4-c4-cpu start_us=15209771 end_us=15213541 dur_us=3769
UKL-MQTT-BENCH: BUFFULL run_id=try4-c4-cpu start_us=15216782 end_us=15219516 dur_us=2734
UKL-MQTT-BENCH: BUFFULL run_id=try4-c4-cpu start_us=15222213 end_us=15225516 dur_us=3303
UKL-MQTT-BENCH: BUFFULL run_id=try4-c4-cpu start_us=15228212 end_us=15231530 dur_us=3318
UKL-MQTT-BENCH: BUFFULL run_id=try4-c4-cpu start_us=15234344 end_us=15238078 dur_us=3733
UKL-MQTT-BENCH: BUFFULL run_id=try4-c4-cpu start_us=15240780 end_us=15244054 dur_us=3273
UKL-MQTT-BENCH: BUFFULL run_id=try4-c4-cpu start_us=15246749 end_us=15251072 dur_us=4322
UKL-MQTT-BENCH: BUFFULL run_id=try4-c4-cpu start_us=15254330 end_us=15257067 dur_us=2736
UKL-MQTT-BENCH: BUFFULL run_id=try4-c4-cpu start_us=15259766 end_us=15263060 dur_us=3294
UKL-MQTT-BENCH: BUFFULL run_id=try4-c4-cpu start_us=15265757 end_us=15269048 dur_us=3291
UKL-MQTT-BENCH: BUFFULL run_id=try4-c4-cpu start_us=15271744 end_us=15275053 dur_us=3308
UKL-MQTT-BENCH: BUFFULL run_id=try4-c4-cpu start_us=15277742 end_us=15281048 dur_us=3305
UKL-MQTT-BENCH: BUFFULL run_id=try4-c4-cpu start_us=15283747 end_us=15287026 dur_us=3278
UKL-MQTT-BENCH: BUFFULL run_id=try4-c4-cpu start_us=15289731 end_us=15293042 dur_us=3311
UKL-MQTT-BENCH: BUFFULL run_id=try4-c4-cpu start_us=15295715 end_us=15299036 dur_us=3320
UKL-MQTT-BENCH: BUFFULL run_id=try4-c4-cpu start_us=15301724 end_us=15306545 dur_us=4820
UKL-MQTT-BENCH: BUFFULL run_id=try4-c4-cpu start_us=15309797 end_us=15312514 dur_us=2717
UKL-MQTT-BENCH: BUFFULL run_id=try4-c4-cpu start_us=15315205 end_us=15318518 dur_us=3312
UKL-MQTT-BENCH: BUFFULL run_id=try4-c4-cpu start_us=15321209 end_us=15324519 dur_us=3309
UKL-MQTT-BENCH: BUFFULL run_id=try4-c4-cpu start_us=15327218 end_us=15330515 dur_us=3296
UKL-MQTT-BENCH: BUFFULL run_id=try4-c4-cpu start_us=15333208 end_us=15336506 dur_us=3297
UKL-MQTT-BENCH: BUFFULL run_id=try4-c4-cpu start_us=15339270 end_us=15342527 dur_us=3257
UKL-MQTT-BENCH: BUFFULL run_id=try4-c4-cpu start_us=15345244 end_us=15348531 dur_us=3286
UKL-MQTT-BENCH: BUFFULL run_id=try4-c4-cpu start_us=15351235 end_us=15355547 dur_us=4312
UKL-MQTT-BENCH: BUFFULL run_id=try4-c4-cpu start_us=15358803 end_us=15361518 dur_us=2714
UKL-MQTT-BENCH: BUFFULL run_id=try4-c4-cpu start_us=15364218 end_us=15368064 dur_us=3846
UKL-MQTT-BENCH: BUFFULL run_id=try4-c4-cpu start_us=15370757 end_us=15375062 dur_us=4304
UKL-MQTT-BENCH: BUFFULL run_id=try4-c4-cpu start_us=15378314 end_us=15381046 dur_us=2731
UKL-MQTT-BENCH: BUFFULL run_id=try4-c4-cpu start_us=15383740 end_us=15385774 dur_us=2034
UKL-MQTT-BENCH: BUFFULL run_id=try4-c4-cpu start_us=15387916 end_us=15393072 dur_us=5155
UKL-MQTT-BENCH: BUFFULL run_id=try4-c4-cpu start_us=15396317 end_us=15398020 dur_us=1703
UKL-MQTT-BENCH: BUFFULL run_id=try4-c4-cpu start_us=15400137 end_us=15404049 dur_us=3911
UKL-MQTT-BENCH: BUFFULL run_id=try4-c4-cpu start_us=15406729 end_us=15411026 dur_us=4297
UKL-MQTT-BENCH: BUFFULL run_id=try4-c4-cpu start_us=15414279 end_us=15417043 dur_us=2763
UKL-MQTT-BENCH: BUFFULL run_id=try4-c4-cpu start_us=15419725 end_us=15423042 dur_us=3317
UKL-MQTT-BENCH: BUFFULL run_id=try4-c4-cpu start_us=15425736 end_us=15430059 dur_us=4323
UKL-MQTT-BENCH: BUFFULL run_id=try4-c4-cpu start_us=15433332 end_us=15436040 dur_us=2707
UKL-MQTT-BENCH: BUFFULL run_id=try4-c4-cpu start_us=15438765 end_us=15442069 dur_us=3304
UKL-MQTT-BENCH: BUFFULL run_id=try4-c4-cpu start_us=15444761 end_us=15448047 dur_us=3286
UKL-MQTT-BENCH: BUFFULL run_id=try4-c4-cpu start_us=15450741 end_us=15454047 dur_us=3305
UKL-MQTT-BENCH: BUFFULL run_id=try4-c4-cpu start_us=15456740 end_us=15459020 dur_us=2280
UKL-MQTT-BENCH: BUFFULL run_id=try4-c4-cpu start_us=15461151 end_us=15464526 dur_us=3375
UKL-MQTT-BENCH: BUFFULL run_id=try4-c4-cpu start_us=15467231 end_us=15470519 dur_us=3288
UKL-MQTT-BENCH: BUFFULL run_id=try4-c4-cpu start_us=15472651 end_us=15477040 dur_us=4388
UKL-MQTT-BENCH: BUFFULL run_id=try4-c4-cpu start_us=15480321 end_us=15482025 dur_us=1704
UKL-MQTT-BENCH: BUFFULL run_id=try4-c4-cpu start_us=15484212 end_us=15488055 dur_us=3843
UKL-MQTT-BENCH: BUFFULL run_id=try4-c4-cpu start_us=15490750 end_us=15495030 dur_us=4279
UKL-MQTT-BENCH: BUFFULL run_id=try4-c4-cpu start_us=15498285 end_us=15501050 dur_us=2765
UKL-MQTT-BENCH: BUFFULL run_id=try4-c4-cpu start_us=15503739 end_us=15506014 dur_us=2274
UKL-MQTT-BENCH: BUFFULL run_id=try4-c4-cpu start_us=15508135 end_us=15513053 dur_us=4917
UKL-MQTT-BENCH: BUFFULL run_id=try4-c4-cpu start_us=15516292 end_us=15519041 dur_us=2748
UKL-MQTT-BENCH: BUFFULL run_id=try4-c4-cpu start_us=15521730 end_us=15526068 dur_us=4338
UKL-MQTT-BENCH: BUFFULL run_id=try4-c4-cpu start_us=15529304 end_us=15532042 dur_us=2738
UKL-MQTT-BENCH: BUFFULL run_id=try4-c4-cpu start_us=15534749 end_us=15537025 dur_us=2276
UKL-MQTT-BENCH: BUFFULL run_id=try4-c4-cpu start_us=15539158 end_us=15544557 dur_us=5399
UKL-MQTT-BENCH: BUFFULL run_id=try4-c4-cpu start_us=15547811 end_us=15549023 dur_us=1211
UKL-MQTT-BENCH: BUFFULL run_id=try4-c4-cpu start_us=15551154 end_us=15555047 dur_us=3893
UKL-MQTT-BENCH: BUFFULL run_id=try4-c4-cpu start_us=15557817 end_us=15563553 dur_us=5736
UKL-MQTT-BENCH: BUFFULL run_id=try4-c4-cpu start_us=15566883 end_us=15569528 dur_us=2645
UKL-MQTT-BENCH: BUFFULL run_id=try4-c4-cpu start_us=15572234 end_us=15575527 dur_us=3292
UKL-MQTT-BENCH: BUFFULL run_id=try4-c4-cpu start_us=15578282 end_us=15583133 dur_us=4851
UKL-MQTT-BENCH: BUFFULL run_id=try4-c4-cpu start_us=15586410 end_us=15589058 dur_us=2647
UKL-MQTT-BENCH: BUFFULL run_id=try4-c4-cpu start_us=15591750 end_us=15595039 dur_us=3289
UKL-MQTT-BENCH: BUFFULL run_id=try4-c4-cpu start_us=15597733 end_us=15601041 dur_us=3308
UKL-MQTT-BENCH: BUFFULL run_id=try4-c4-cpu start_us=15603765 end_us=15607048 dur_us=3283
UKL-MQTT-BENCH: BUFFULL run_id=try4-c4-cpu start_us=15609740 end_us=15613043 dur_us=3303
UKL-MQTT-BENCH: BUFFULL run_id=try4-c4-cpu start_us=15615728 end_us=15619039 dur_us=3311
UKL-MQTT-BENCH: BUFFULL run_id=try4-c4-cpu start_us=15621732 end_us=15626548 dur_us=4815
UKL-MQTT-BENCH: BUFFULL run_id=try4-c4-cpu start_us=15629799 end_us=15632531 dur_us=2731
UKL-MQTT-BENCH: BUFFULL run_id=try4-c4-cpu start_us=15635239 end_us=15638522 dur_us=3282
UKL-MQTT-BENCH: BUFFULL run_id=try4-c4-cpu start_us=15641235 end_us=15646080 dur_us=4845
UKL-MQTT-BENCH: BUFFULL run_id=try4-c4-cpu start_us=15649344 end_us=15651013 dur_us=1668
UKL-MQTT-BENCH: BUFFULL run_id=try4-c4-cpu start_us=15653197 end_us=15655500 dur_us=2302
UKL-MQTT-BENCH: BUFFULL run_id=try4-c4-cpu start_us=15657630 end_us=15662575 dur_us=4945
UKL-MQTT-BENCH: BUFFULL run_id=try4-c4-cpu start_us=15665283 end_us=15667484 dur_us=2200
UKL-MQTT-BENCH: BUFFULL run_id=try4-c4-cpu start_us=15670181 end_us=15673526 dur_us=3344
UKL-MQTT-BENCH: BUFFULL run_id=try4-c4-cpu start_us=15676230 end_us=15678506 dur_us=2276
UKL-MQTT-BENCH: BUFFULL run_id=try4-c4-cpu start_us=15680622 end_us=15685539 dur_us=4916
UKL-MQTT-BENCH: BUFFULL run_id=try4-c4-cpu start_us=15688783 end_us=15691520 dur_us=2736
UKL-MQTT-BENCH: BUFFULL run_id=try4-c4-cpu start_us=15694206 end_us=15697529 dur_us=3323
UKL-MQTT-BENCH: BUFFULL run_id=try4-c4-cpu start_us=15700220 end_us=15703502 dur_us=3282
UKL-MQTT-BENCH: BUFFULL run_id=try4-c4-cpu start_us=15706184 end_us=15709513 dur_us=3329
UKL-MQTT-BENCH: BUFFULL run_id=try4-c4-cpu start_us=15712217 end_us=15715530 dur_us=3312
UKL-MQTT-BENCH: BUFFULL run_id=try4-c4-cpu start_us=15718210 end_us=15723063 dur_us=4852
UKL-MQTT-BENCH: BUFFULL run_id=try4-c4-cpu start_us=15726360 end_us=15729026 dur_us=2666
UKL-MQTT-BENCH: BUFFULL run_id=try4-c4-cpu start_us=15731708 end_us=15735041 dur_us=3333
UKL-MQTT-BENCH: BUFFULL run_id=try4-c4-cpu start_us=15737738 end_us=15742060 dur_us=4322
UKL-MQTT-BENCH: BUFFULL run_id=try4-c4-cpu start_us=15745286 end_us=15747006 dur_us=1720
UKL-MQTT-BENCH: BUFFULL run_id=try4-c4-cpu start_us=15749150 end_us=15752031 dur_us=2881
UKL-MQTT-BENCH: BUFFULL run_id=try4-c4-cpu start_us=15754161 end_us=15758571 dur_us=4410
UKL-MQTT-BENCH: BUFFULL run_id=try4-c4-cpu start_us=15761281 end_us=15764012 dur_us=2731
UKL-MQTT-BENCH: BUFFULL run_id=try4-c4-cpu start_us=15766762 end_us=15770046 dur_us=3283
UKL-MQTT-BENCH: BUFFULL run_id=try4-c4-cpu start_us=15772759 end_us=15775032 dur_us=2273
UKL-MQTT-BENCH: BUFFULL run_id=try4-c4-cpu start_us=15777159 end_us=15782029 dur_us=4869
UKL-MQTT-BENCH: BUFFULL run_id=try4-c4-cpu start_us=15785289 end_us=15788031 dur_us=2742
UKL-MQTT-BENCH: BUFFULL run_id=try4-c4-cpu start_us=15790728 end_us=15793006 dur_us=2278
UKL-MQTT-BENCH: BUFFULL run_id=try4-c4-cpu start_us=15795135 end_us=15799042 dur_us=3906
UKL-MQTT-BENCH: BUFFULL run_id=try4-c4-cpu start_us=15801731 end_us=15805026 dur_us=3294
UKL-MQTT-BENCH: BUFFULL run_id=try4-c4-cpu start_us=15807716 end_us=15811045 dur_us=3328
UKL-MQTT-BENCH: BUFFULL run_id=try4-c4-cpu start_us=15813728 end_us=15817036 dur_us=3308
UKL-MQTT-BENCH: BUFFULL run_id=try4-c4-cpu start_us=15819722 end_us=15824024 dur_us=4302
UKL-MQTT-BENCH: BUFFULL run_id=try4-c4-cpu start_us=15827265 end_us=15829013 dur_us=1748
UKL-MQTT-BENCH: BUFFULL run_id=try4-c4-cpu start_us=15831142 end_us=15836052 dur_us=4909
UKL-MQTT-BENCH: BUFFULL run_id=try4-c4-cpu start_us=15839296 end_us=15843518 dur_us=4221
UKL-MQTT-BENCH: BUFFULL run_id=try4-c4-cpu start_us=15846764 end_us=15851072 dur_us=4307
UKL-MQTT-BENCH: BUFFULL run_id=try4-c4-cpu start_us=15854338 end_us=15857038 dur_us=2699
UKL-MQTT-BENCH: BUFFULL run_id=try4-c4-cpu start_us=15859736 end_us=15864067 dur_us=4331
UKL-MQTT-BENCH: BUFFULL run_id=try4-c4-cpu start_us=15867338 end_us=15871513 dur_us=4174
UKL-MQTT-BENCH: BUFFULL run_id=try4-c4-cpu start_us=15874781 end_us=15877520 dur_us=2739
UKL-MQTT-BENCH: BUFFULL run_id=try4-c4-cpu start_us=15880223 end_us=15884526 dur_us=4303
UKL-MQTT-BENCH: BUFFULL run_id=try4-c4-cpu start_us=15887787 end_us=15892048 dur_us=4261
UKL-MQTT-BENCH: BUFFULL run_id=try4-c4-cpu start_us=15895267 end_us=15898036 dur_us=2769
UKL-MQTT-BENCH: BUFFULL run_id=try4-c4-cpu start_us=15900731 end_us=15904038 dur_us=3306
UKL-MQTT-BENCH: BUFFULL run_id=try4-c4-cpu start_us=15906716 end_us=15910030 dur_us=3314
UKL-MQTT-BENCH: BUFFULL run_id=try4-c4-cpu start_us=15912728 end_us=15915039 dur_us=2311
UKL-MQTT-BENCH: BUFFULL run_id=try4-c4-cpu start_us=15917157 end_us=15921006 dur_us=3849
UKL-MQTT-BENCH: BUFFULL run_id=try4-c4-cpu start_us=15923678 end_us=15926510 dur_us=2832
UKL-MQTT-BENCH: BUFFULL run_id=try4-c4-cpu start_us=15929190 end_us=15932529 dur_us=3338
UKL-MQTT-BENCH: BUFFULL run_id=try4-c4-cpu start_us=15935202 end_us=15940042 dur_us=4839
UKL-MQTT-BENCH: BUFFULL run_id=try4-c4-cpu start_us=15943289 end_us=15944492 dur_us=1203
UKL-MQTT-BENCH: BUFFULL run_id=try4-c4-cpu start_us=15946606 end_us=15949494 dur_us=2887
UKL-MQTT-BENCH: BUFFULL run_id=try4-c4-cpu start_us=15951621 end_us=15956584 dur_us=4962
UKL-MQTT-BENCH: BUFFULL run_id=try4-c4-cpu start_us=15959296 end_us=15961489 dur_us=2193
UKL-MQTT-BENCH: BUFFULL run_id=try4-c4-cpu start_us=15964196 end_us=15967515 dur_us=3319
UKL-MQTT-BENCH: BUFFULL run_id=try4-c4-cpu start_us=15970249 end_us=15972488 dur_us=2239
UKL-MQTT-BENCH: BUFFULL run_id=try4-c4-cpu start_us=15974622 end_us=15978515 dur_us=3892
UKL-MQTT-BENCH: BUFFULL run_id=try4-c4-cpu start_us=15981232 end_us=15986056 dur_us=4824
UKL-MQTT-BENCH: BUFFULL run_id=try4-c4-cpu start_us=15989307 end_us=15993063 dur_us=3756
UKL-MQTT-BENCH: BUFFULL run_id=try4-c4-cpu start_us=15996302 end_us=15998010 dur_us=1707
UKL-MQTT-BENCH: BUFFULL run_id=try4-c4-cpu start_us=16000141 end_us=16005048 dur_us=4906
UKL-MQTT-BENCH: BUFFULL run_id=try4-c4-cpu start_us=16008305 end_us=16011041 dur_us=2736
UKL-MQTT-BENCH: BUFFULL run_id=try4-c4-cpu start_us=16013722 end_us=16017024 dur_us=3302
UKL-MQTT-BENCH: BUFFULL run_id=try4-c4-cpu start_us=16019700 end_us=16023045 dur_us=3344
UKL-MQTT-BENCH: BUFFULL run_id=try4-c4-cpu start_us=16025725 end_us=16029026 dur_us=3300
UKL-MQTT-BENCH: BUFFULL run_id=try4-c4-cpu start_us=16031726 end_us=16035043 dur_us=3317
UKL-MQTT-BENCH: BUFFULL run_id=try4-c4-cpu start_us=16037719 end_us=16041005 dur_us=3286
UKL-MQTT-BENCH: BUFFULL run_id=try4-c4-cpu start_us=16043686 end_us=16047034 dur_us=3348
UKL-MQTT-BENCH: BUFFULL run_id=try4-c4-cpu start_us=16049722 end_us=16053034 dur_us=3312
UKL-MQTT-BENCH: BUFFULL run_id=try4-c4-cpu start_us=16055795 end_us=16060551 dur_us=4755
UKL-MQTT-BENCH: BUFFULL run_id=try4-c4-cpu start_us=16063811 end_us=16066517 dur_us=2706
UKL-MQTT-BENCH: BUFFULL run_id=try4-c4-cpu start_us=16069224 end_us=16072521 dur_us=3297
UKL-MQTT-BENCH: BUFFULL run_id=try4-c4-cpu start_us=16075228 end_us=16080056 dur_us=4828
UKL-MQTT-BENCH: BUFFULL run_id=try4-c4-cpu start_us=16083320 end_us=16085004 dur_us=1684
UKL-MQTT-BENCH: BUFFULL run_id=try4-c4-cpu start_us=16087139 end_us=16089507 dur_us=2367
UKL-MQTT-BENCH: BUFFULL run_id=try4-c4-cpu start_us=16091644 end_us=16096577 dur_us=4932
UKL-MQTT-BENCH: BUFFULL run_id=try4-c4-cpu start_us=16099288 end_us=16101497 dur_us=2209
UKL-MQTT-BENCH: BUFFULL run_id=try4-c4-cpu start_us=16104203 end_us=16107521 dur_us=3318
UKL-MQTT-BENCH: BUFFULL run_id=try4-c4-cpu start_us=16110228 end_us=16112487 dur_us=2259
UKL-MQTT-BENCH: BUFFULL run_id=try4-c4-cpu start_us=16114615 end_us=16119541 dur_us=4926
UKL-MQTT-BENCH: BUFFULL run_id=try4-c4-cpu start_us=16122802 end_us=16126021 dur_us=3219
UKL-MQTT-BENCH: BUFFULL run_id=try4-c4-cpu start_us=16128714 end_us=16132018 dur_us=3303
UKL-MQTT-BENCH: BUFFULL run_id=try4-c4-cpu start_us=16134712 end_us=16139044 dur_us=4331
UKL-MQTT-BENCH: BUFFULL run_id=try4-c4-cpu start_us=16142301 end_us=16146541 dur_us=4240
UKL-MQTT-BENCH: BUFFULL run_id=try4-c4-cpu start_us=16149792 end_us=16153537 dur_us=3745
UKL-MQTT-BENCH: BUFFULL run_id=try4-c4-cpu start_us=16156811 end_us=16161047 dur_us=4235
UKL-MQTT-BENCH: BUFFULL run_id=try4-c4-cpu start_us=16164313 end_us=16167048 dur_us=2734
UKL-MQTT-BENCH: BUFFULL run_id=try4-c4-cpu start_us=16169804 end_us=16173023 dur_us=3218
UKL-MQTT-BENCH: BUFFULL run_id=try4-c4-cpu start_us=16175724 end_us=16180051 dur_us=4327
UKL-MQTT-BENCH: BUFFULL run_id=try4-c4-cpu start_us=16183322 end_us=16186265 dur_us=2942
UKL-MQTT-BENCH: BUFFULL run_id=try4-c4-cpu start_us=16188982 end_us=16193529 dur_us=4547
UKL-MQTT-BENCH: BUFFULL run_id=try4-c4-cpu start_us=16196781 end_us=16200555 dur_us=3774
UKL-MQTT-BENCH: BUFFULL run_id=try4-c4-cpu start_us=16203814 end_us=16205495 dur_us=1680
UKL-MQTT-BENCH: BUFFULL run_id=try4-c4-cpu start_us=16207619 end_us=16210501 dur_us=2881
UKL-MQTT-BENCH: BUFFULL run_id=try4-c4-cpu start_us=16212623 end_us=16217542 dur_us=4918
UKL-MQTT-BENCH: BUFFULL run_id=try4-c4-cpu start_us=16220785 end_us=16223527 dur_us=2741
UKL-MQTT-BENCH: BUFFULL run_id=try4-c4-cpu start_us=16226286 end_us=16230070 dur_us=3784
UKL-MQTT-BENCH: BUFFULL run_id=try4-c4-cpu start_us=16232852 end_us=16237578 dur_us=4725
UKL-MQTT-BENCH: BUFFULL run_id=try4-c4-cpu start_us=16240851 end_us=16243495 dur_us=2644
UKL-MQTT-BENCH: BUFFULL run_id=try4-c4-cpu start_us=16246215 end_us=16249540 dur_us=3324
UKL-MQTT-BENCH: BUFFULL run_id=try4-c4-cpu start_us=16252255 end_us=16255532 dur_us=3277
UKL-MQTT-BENCH: BUFFULL run_id=try4-c4-cpu start_us=16258248 end_us=16263075 dur_us=4827
UKL-MQTT-BENCH: BUFFULL run_id=try4-c4-cpu start_us=16266334 end_us=16269049 dur_us=2714
UKL-MQTT-BENCH: BUFFULL run_id=try4-c4-cpu start_us=16271807 end_us=16275521 dur_us=3714
UKL-MQTT-BENCH: BUFFULL run_id=try4-c4-cpu start_us=16278230 end_us=16282534 dur_us=4304
UKL-MQTT-BENCH: BUFFULL run_id=try4-c4-cpu start_us=16285986 end_us=16287521 dur_us=1535
UKL-MQTT-BENCH: BUFFULL run_id=try4-c4-cpu start_us=16289668 end_us=16292516 dur_us=2847
UKL-MQTT-BENCH: BUFFULL run_id=try4-c4-cpu start_us=16294695 end_us=16299092 dur_us=4397
UKL-MQTT-BENCH: BUFFULL run_id=try4-c4-cpu start_us=16301785 end_us=16304494 dur_us=2709
UKL-MQTT-BENCH: BUFFULL run_id=try4-c4-cpu start_us=16307192 end_us=16310534 dur_us=3341
UKL-MQTT-BENCH: BUFFULL run_id=try4-c4-cpu start_us=16313213 end_us=16315506 dur_us=2292
UKL-MQTT-BENCH: BUFFULL run_id=try4-c4-cpu start_us=16317632 end_us=16322553 dur_us=4921
UKL-MQTT-BENCH: BUFFULL run_id=try4-c4-cpu start_us=16325813 end_us=16328517 dur_us=2703
UKL-MQTT-BENCH: BUFFULL run_id=try4-c4-cpu start_us=16331215 end_us=16333005 dur_us=1789
UKL-MQTT-BENCH: BUFFULL run_id=try4-c4-cpu start_us=16335124 end_us=16339028 dur_us=3903
UKL-MQTT-BENCH: BUFFULL run_id=try4-c4-cpu start_us=16341715 end_us=16345036 dur_us=3320
UKL-MQTT-BENCH: BUFFULL run_id=try4-c4-cpu start_us=16347730 end_us=16351011 dur_us=3280
UKL-MQTT-BENCH: BUFFULL run_id=try4-c4-cpu start_us=16353708 end_us=16357015 dur_us=3307
UKL-MQTT-BENCH: BUFFULL run_id=try4-c4-cpu start_us=16359697 end_us=16363044 dur_us=3347
UKL-MQTT-BENCH: BUFFULL run_id=try4-c4-cpu start_us=16365744 end_us=16371604 dur_us=5859
UKL-MQTT-BENCH: BUFFULL run_id=try4-c4-cpu start_us=16375065 end_us=16378047 dur_us=2982
UKL-MQTT-BENCH: BUFFULL run_id=try4-c4-cpu start_us=16380750 end_us=16384032 dur_us=3281
UKL-MQTT-BENCH: BUFFULL run_id=try4-c4-cpu start_us=16386736 end_us=16391072 dur_us=4336
UKL-MQTT-BENCH: BUFFULL run_id=try4-c4-cpu start_us=16394327 end_us=16395990 dur_us=1663
UKL-MQTT-BENCH: BUFFULL run_id=try4-c4-cpu start_us=16398117 end_us=16401015 dur_us=2898
UKL-MQTT-BENCH: BUFFULL run_id=try4-c4-cpu start_us=16403155 end_us=16408042 dur_us=4886
UKL-MQTT-BENCH: BUFFULL run_id=try4-c4-cpu start_us=16410737 end_us=16412999 dur_us=2262
UKL-MQTT-BENCH: BUFFULL run_id=try4-c4-cpu start_us=16415696 end_us=16419030 dur_us=3334
UKL-MQTT-BENCH: BUFFULL run_id=try4-c4-cpu start_us=16421722 end_us=16425027 dur_us=3305
UKL-MQTT-BENCH: BUFFULL run_id=try4-c4-cpu start_us=16427721 end_us=16432556 dur_us=4834
UKL-MQTT-BENCH: BUFFULL run_id=try4-c4-cpu start_us=16435805 end_us=16438502 dur_us=2696
UKL-MQTT-BENCH: BUFFULL run_id=try4-c4-cpu start_us=16441210 end_us=16444524 dur_us=3313
UKL-MQTT-BENCH: BUFFULL run_id=try4-c4-cpu start_us=16447230 end_us=16451540 dur_us=4309
UKL-MQTT-BENCH: BUFFULL run_id=try4-c4-cpu start_us=16454856 end_us=16458431 dur_us=3574
UKL-MQTT-BENCH: BUFFULL run_id=try4-c4-cpu start_us=16462183 end_us=16463680 dur_us=1496
UKL-MQTT-BENCH: BUFFULL run_id=try4-c4-cpu start_us=16466551 end_us=16471622 dur_us=5070
UKL-MQTT-BENCH: BUFFULL run_id=try4-c4-cpu start_us=16475114 end_us=16476526 dur_us=1412
UKL-MQTT-BENCH: BUFFULL run_id=try4-c4-cpu start_us=16478808 end_us=16483047 dur_us=4239
UKL-MQTT-BENCH: BUFFULL run_id=try4-c4-cpu start_us=16485755 end_us=16490043 dur_us=4288
UKL-MQTT-BENCH: BUFFULL run_id=try4-c4-cpu start_us=16493318 end_us=16496038 dur_us=2719
UKL-MQTT-BENCH: BUFFULL run_id=try4-c4-cpu start_us=16498752 end_us=16502521 dur_us=3769
UKL-MQTT-BENCH: BUFFULL run_id=try4-c4-cpu start_us=16505247 end_us=16509548 dur_us=4301
UKL-MQTT-BENCH: BUFFULL run_id=try4-c4-cpu start_us=16512812 end_us=16515526 dur_us=2713
UKL-MQTT-BENCH: BUFFULL run_id=try4-c4-cpu start_us=16518235 end_us=16523024 dur_us=4788
UKL-MQTT-BENCH: BUFFULL run_id=try4-c4-cpu start_us=16526278 end_us=16530054 dur_us=3776
UKL-MQTT-BENCH: BUFFULL run_id=try4-c4-cpu start_us=16533320 end_us=16536042 dur_us=2722
UKL-MQTT-BENCH: BUFFULL run_id=try4-c4-cpu start_us=16538780 end_us=16544582 dur_us=5802
UKL-MQTT-BENCH: BUFFULL run_id=try4-c4-cpu start_us=16548392 end_us=16550514 dur_us=2122
UKL-MQTT-BENCH: BUFFULL run_id=try4-c4-cpu start_us=16553219 end_us=16555488 dur_us=2269
UKL-MQTT-BENCH: BUFFULL run_id=try4-c4-cpu start_us=16557633 end_us=16561022 dur_us=3389
UKL-MQTT-BENCH: BUFFULL run_id=try4-c4-cpu start_us=16563158 end_us=16567536 dur_us=4377
UKL-MQTT-BENCH: BUFFULL run_id=try4-c4-cpu start_us=16570792 end_us=16573533 dur_us=2740
UKL-MQTT-BENCH: BUFFULL run_id=try4-c4-cpu start_us=16576239 end_us=16579521 dur_us=3281
UKL-MQTT-BENCH: BUFFULL run_id=try4-c4-cpu start_us=16582219 end_us=16587055 dur_us=4836
UKL-MQTT-BENCH: BUFFULL run_id=try4-c4-cpu start_us=16590311 end_us=16592837 dur_us=2526
UKL-MQTT-BENCH: BUFFULL run_id=try4-c4-cpu start_us=16595711 end_us=16599032 dur_us=3320
UKL-MQTT-BENCH: BUFFULL run_id=try4-c4-cpu start_us=16601737 end_us=16606071 dur_us=4333
UKL-MQTT-BENCH: BUFFULL run_id=try4-c4-cpu start_us=16609338 end_us=16611012 dur_us=1673
UKL-MQTT-BENCH: BUFFULL run_id=try4-c4-cpu start_us=16613158 end_us=16616013 dur_us=2855
UKL-MQTT-BENCH: BUFFULL run_id=try4-c4-cpu start_us=16618146 end_us=16623070 dur_us=4923
UKL-MQTT-BENCH: BUFFULL run_id=try4-c4-cpu start_us=16625768 end_us=16628003 dur_us=2235
UKL-MQTT-BENCH: BUFFULL run_id=try4-c4-cpu start_us=16630693 end_us=16634032 dur_us=3339
UKL-MQTT-BENCH: BUFFULL run_id=try4-c4-cpu start_us=16636729 end_us=16639018 dur_us=2288
UKL-MQTT-BENCH: BUFFULL run_id=try4-c4-cpu start_us=16641143 end_us=16646041 dur_us=4898
UKL-MQTT-BENCH: BUFFULL run_id=try4-c4-cpu start_us=16649285 end_us=16652031 dur_us=2745
UKL-MQTT-BENCH: BUFFULL run_id=try4-c4-cpu start_us=16654721 end_us=16656999 dur_us=2277
UKL-MQTT-BENCH: BUFFULL run_id=try4-c4-cpu start_us=16659130 end_us=16663043 dur_us=3912
UKL-MQTT-BENCH: BUFFULL run_id=try4-c4-cpu start_us=16665763 end_us=16669032 dur_us=3268
UKL-MQTT-BENCH: BUFFULL run_id=try4-c4-cpu start_us=16671723 end_us=16675018 dur_us=3295
UKL-MQTT-BENCH: BUFFULL run_id=try4-c4-cpu start_us=16677716 end_us=16681024 dur_us=3307
UKL-MQTT-BENCH: BUFFULL run_id=try4-c4-cpu start_us=16683710 end_us=16687023 dur_us=3313
UKL-MQTT-BENCH: BUFFULL run_id=try4-c4-cpu start_us=16689724 end_us=16694047 dur_us=4322
UKL-MQTT-BENCH: BUFFULL run_id=try4-c4-cpu start_us=16697289 end_us=16700027 dur_us=2737
UKL-MQTT-BENCH: BUFFULL run_id=try4-c4-cpu start_us=16702729 end_us=16706033 dur_us=3304
UKL-MQTT-BENCH: BUFFULL run_id=try4-c4-cpu start_us=16708748 end_us=16713559 dur_us=4810
UKL-MQTT-BENCH: BUFFULL run_id=try4-c4-cpu start_us=16716828 end_us=16718496 dur_us=1667
UKL-MQTT-BENCH: BUFFULL run_id=try4-c4-cpu start_us=16720636 end_us=16724511 dur_us=3874
UKL-MQTT-BENCH: BUFFULL run_id=try4-c4-cpu start_us=16727222 end_us=16731555 dur_us=4333
UKL-MQTT-BENCH: BUFFULL run_id=try4-c4-cpu start_us=16734802 end_us=16737528 dur_us=2725
UKL-MQTT-BENCH: BUFFULL run_id=try4-c4-cpu start_us=16740230 end_us=16743531 dur_us=3301
UKL-MQTT-BENCH: BUFFULL run_id=try4-c4-cpu start_us=16746221 end_us=16749520 dur_us=3299
UKL-MQTT-BENCH: BUFFULL run_id=try4-c4-cpu start_us=16752211 end_us=16755514 dur_us=3303
UKL-MQTT-BENCH: BUFFULL run_id=try4-c4-cpu start_us=16758217 end_us=16761519 dur_us=3302
UKL-MQTT-BENCH: BUFFULL run_id=try4-c4-cpu start_us=16764214 end_us=16767497 dur_us=3283
UKL-MQTT-BENCH: BUFFULL run_id=try4-c4-cpu start_us=16770199 end_us=16773527 dur_us=3327
UKL-MQTT-BENCH: BUFFULL run_id=try4-c4-cpu start_us=16776235 end_us=16779517 dur_us=3281
UKL-MQTT-BENCH: BUFFULL run_id=try4-c4-cpu start_us=16782221 end_us=16787056 dur_us=4834
UKL-MQTT-BENCH: BUFFULL run_id=try4-c4-cpu start_us=16790303 end_us=16793031 dur_us=2728
UKL-MQTT-BENCH: BUFFULL run_id=try4-c4-cpu start_us=16795722 end_us=16798993 dur_us=3270
UKL-MQTT-BENCH: BUFFULL run_id=try4-c4-cpu start_us=16801713 end_us=16806043 dur_us=4330
UKL-MQTT-BENCH: BUFFULL run_id=try4-c4-cpu start_us=16809290 end_us=16810996 dur_us=1706
UKL-MQTT-BENCH: BUFFULL run_id=try4-c4-cpu start_us=16813129 end_us=16817020 dur_us=3890
UKL-MQTT-BENCH: BUFFULL run_id=try4-c4-cpu start_us=16819712 end_us=16824537 dur_us=4824
UKL-MQTT-BENCH: BUFFULL run_id=try4-c4-cpu start_us=16827783 end_us=16830514 dur_us=2731
UKL-MQTT-BENCH: BUFFULL run_id=try4-c4-cpu start_us=16833217 end_us=16834983 dur_us=1766
UKL-MQTT-BENCH: BUFFULL run_id=try4-c4-cpu start_us=16837111 end_us=16841035 dur_us=3924
UKL-MQTT-BENCH: BUFFULL run_id=try4-c4-cpu start_us=16843740 end_us=16847006 dur_us=3265
UKL-MQTT-BENCH: BUFFULL run_id=try4-c4-cpu start_us=16849696 end_us=16854516 dur_us=4819
UKL-MQTT-BENCH: BUFFULL run_id=try4-c4-cpu start_us=16857747 end_us=16860520 dur_us=2773
UKL-MQTT-BENCH: BUFFULL run_id=try4-c4-cpu start_us=16863214 end_us=16865517 dur_us=2303
UKL-MQTT-BENCH: BUFFULL run_id=try4-c4-cpu start_us=16867679 end_us=16874092 dur_us=6413
UKL-MQTT-BENCH: BUFFULL run_id=try4-c4-cpu start_us=16877904 end_us=16880021 dur_us=2117
UKL-MQTT-BENCH: BUFFULL run_id=try4-c4-cpu start_us=16883359 end_us=16889561 dur_us=6202
UKL-MQTT-BENCH: BUFFULL run_id=try4-c4-cpu start_us=16893365 end_us=16894506 dur_us=1141
UKL-MQTT-BENCH: BUFFULL run_id=try4-c4-cpu start_us=16896646 end_us=16898992 dur_us=2345
UKL-MQTT-BENCH: BUFFULL run_id=try4-c4-cpu start_us=16901171 end_us=16906067 dur_us=4896
UKL-MQTT-BENCH: BUFFULL run_id=try4-c4-cpu start_us=16908781 end_us=16911009 dur_us=2227
UKL-MQTT-BENCH: BUFFULL run_id=try4-c4-cpu start_us=16913704 end_us=16917526 dur_us=3822
UKL-MQTT-BENCH: BUFFULL run_id=try4-c4-cpu start_us=16920233 end_us=16921981 dur_us=1748
UKL-MQTT-BENCH: BUFFULL run_id=try4-c4-cpu start_us=16924113 end_us=16927522 dur_us=3408
UKL-MQTT-BENCH: BUFFULL run_id=try4-c4-cpu start_us=16929655 end_us=16934047 dur_us=4391
UKL-MQTT-BENCH: BUFFULL run_id=try4-c4-cpu start_us=16937298 end_us=16938979 dur_us=1680
UKL-MQTT-BENCH: BUFFULL run_id=try4-c4-cpu start_us=16941107 end_us=16944005 dur_us=2898
UKL-MQTT-BENCH: BUFFULL run_id=try4-c4-cpu start_us=16946183 end_us=16949518 dur_us=3335
UKL-MQTT-BENCH: BUFFULL run_id=try4-c4-cpu start_us=16952250 end_us=16954489 dur_us=2239
UKL-MQTT-BENCH: BUFFULL run_id=try4-c4-cpu start_us=16956613 end_us=16960547 dur_us=3934
UKL-MQTT-BENCH: BUFFULL run_id=try4-c4-cpu start_us=16963439 end_us=16966583 dur_us=3144
UKL-MQTT-BENCH: BUFFULL run_id=try4-c4-cpu start_us=16968854 end_us=16971993 dur_us=3139
UKL-MQTT-BENCH: BUFFULL run_id=try4-c4-cpu start_us=16974195 end_us=16977902 dur_us=3706
UKL-MQTT-BENCH: BUFFULL run_id=try4-c4-cpu start_us=16980785 end_us=16983508 dur_us=2723
UKL-MQTT-BENCH: BUFFULL run_id=try4-c4-cpu start_us=16986375 end_us=16989016 dur_us=2640
UKL-MQTT-BENCH: BUFFULL run_id=try4-c4-cpu start_us=16991147 end_us=16994509 dur_us=3362
UKL-MQTT-BENCH: BUFFULL run_id=try4-c4-cpu start_us=16997211 end_us=17000029 dur_us=2817
UKL-MQTT-BENCH: BUFFULL run_id=try4-c4-cpu start_us=17002160 end_us=17005506 dur_us=3346
UKL-MQTT-BENCH: BUFFULL run_id=try4-c4-cpu start_us=17008180 end_us=17011534 dur_us=3354
UKL-MQTT-BENCH: BUFFULL run_id=try4-c4-cpu start_us=17014229 end_us=17017516 dur_us=3286
UKL-MQTT-BENCH: BUFFULL run_id=try4-c4-cpu start_us=17020277 end_us=17025034 dur_us=4756
UKL-MQTT-BENCH: BUFFULL run_id=try4-c4-cpu start_us=17028270 end_us=17029478 dur_us=1208
UKL-MQTT-BENCH: BUFFULL run_id=try4-c4-cpu start_us=17031583 end_us=17035515 dur_us=3931
UKL-MQTT-BENCH: BUFFULL run_id=try4-c4-cpu start_us=17038199 end_us=17043050 dur_us=4851
UKL-MQTT-BENCH: BUFFULL run_id=try4-c4-cpu start_us=17046285 end_us=17049021 dur_us=2736
UKL-MQTT-BENCH: BUFFULL run_id=try4-c4-cpu start_us=17051708 end_us=17055025 dur_us=3316
UKL-MQTT-BENCH: BUFFULL run_id=try4-c4-cpu start_us=17057716 end_us=17061023 dur_us=3306
UKL-MQTT-BENCH: BUFFULL run_id=try4-c4-cpu start_us=17063711 end_us=17068026 dur_us=4314
UKL-MQTT-BENCH: BUFFULL run_id=try4-c4-cpu start_us=17071311 end_us=17072985 dur_us=1673
UKL-MQTT-BENCH: BUFFULL run_id=try4-c4-cpu start_us=17075105 end_us=17079032 dur_us=3927
UKL-MQTT-BENCH: BUFFULL run_id=try4-c4-cpu start_us=17081726 end_us=17086042 dur_us=4316
UKL-MQTT-BENCH: BUFFULL run_id=try4-c4-cpu start_us=17089296 end_us=17092030 dur_us=2734
UKL-MQTT-BENCH: BUFFULL run_id=try4-c4-cpu start_us=17094710 end_us=17098010 dur_us=3300
UKL-MQTT-BENCH: BUFFULL run_id=try4-c4-cpu start_us=17100699 end_us=17104014 dur_us=3314
UKL-MQTT-BENCH: BUFFULL run_id=try4-c4-cpu start_us=17106723 end_us=17110020 dur_us=3296
UKL-MQTT-BENCH: BUFFULL run_id=try4-c4-cpu start_us=17112707 end_us=17116037 dur_us=3330
UKL-MQTT-BENCH: BUFFULL run_id=try4-c4-cpu start_us=17118725 end_us=17123045 dur_us=4319
UKL-MQTT-BENCH: BUFFULL run_id=try4-c4-cpu start_us=17126309 end_us=17129029 dur_us=2720
UKL-MQTT-BENCH: BUFFULL run_id=try4-c4-cpu start_us=17131714 end_us=17135017 dur_us=3302
UKL-MQTT-BENCH: BUFFULL run_id=try4-c4-cpu start_us=17137700 end_us=17142542 dur_us=4841
UKL-MQTT-BENCH: BUFFULL run_id=try4-c4-cpu start_us=17145791 end_us=17146968 dur_us=1176
UKL-MQTT-BENCH: BUFFULL run_id=try4-c4-cpu start_us=17149088 end_us=17151993 dur_us=2905
UKL-MQTT-BENCH: BUFFULL run_id=try4-c4-cpu start_us=17154117 end_us=17159049 dur_us=4931
UKL-MQTT-BENCH: BUFFULL run_id=try4-c4-cpu start_us=17161740 end_us=17163980 dur_us=2239
UKL-MQTT-BENCH: BUFFULL run_id=try4-c4-cpu start_us=17166663 end_us=17170009 dur_us=3345
UKL-MQTT-BENCH: BUFFULL run_id=try4-c4-cpu start_us=17172698 end_us=17174988 dur_us=2290
UKL-MQTT-BENCH: BUFFULL run_id=try4-c4-cpu start_us=17177121 end_us=17182034 dur_us=4913
UKL-MQTT-BENCH: BUFFULL run_id=try4-c4-cpu start_us=17185310 end_us=17188025 dur_us=2715
UKL-MQTT-BENCH: BUFFULL run_id=try4-c4-cpu start_us=17190701 end_us=17193517 dur_us=2816
UKL-MQTT-BENCH: BUFFULL run_id=try4-c4-cpu start_us=17196216 end_us=17200006 dur_us=3790
UKL-MQTT-BENCH: BUFFULL run_id=try4-c4-cpu start_us=17202693 end_us=17206019 dur_us=3325
UKL-MQTT-BENCH: BUFFULL run_id=try4-c4-cpu start_us=17208738 end_us=17212030 dur_us=3291
UKL-MQTT-BENCH: BUFFULL run_id=try4-c4-cpu start_us=17214714 end_us=17219010 dur_us=4296
UKL-MQTT-BENCH: BUFFULL run_id=try4-c4-cpu start_us=17222274 end_us=17225021 dur_us=2746
UKL-MQTT-BENCH: BUFFULL run_id=try4-c4-cpu start_us=17227706 end_us=17231002 dur_us=3296
UKL-MQTT-BENCH: BUFFULL run_id=try4-c4-cpu start_us=17233702 end_us=17238042 dur_us=4340
UKL-MQTT-BENCH: BUFFULL run_id=try4-c4-cpu start_us=17241279 end_us=17242983 dur_us=1704
UKL-MQTT-BENCH: BUFFULL run_id=try4-c4-cpu start_us=17245108 end_us=17247985 dur_us=2877
UKL-MQTT-BENCH: BUFFULL run_id=try4-c4-cpu start_us=17250117 end_us=17254561 dur_us=4444
UKL-MQTT-BENCH: BUFFULL run_id=try4-c4-cpu start_us=17257249 end_us=17259973 dur_us=2724
UKL-MQTT-BENCH: BUFFULL run_id=try4-c4-cpu start_us=17262648 end_us=17266012 dur_us=3364
UKL-MQTT-BENCH: BUFFULL run_id=try4-c4-cpu start_us=17268708 end_us=17271022 dur_us=2314
UKL-MQTT-BENCH: BUFFULL run_id=try4-c4-cpu start_us=17273151 end_us=17278052 dur_us=4900
UKL-MQTT-BENCH: BUFFULL run_id=try4-c4-cpu start_us=17281295 end_us=17284020 dur_us=2725
UKL-MQTT-BENCH: BUFFULL run_id=try4-c4-cpu start_us=17286719 end_us=17290025 dur_us=3306
UKL-MQTT-BENCH: BUFFULL run_id=try4-c4-cpu start_us=17292711 end_us=17296001 dur_us=3290
UKL-MQTT-BENCH: BUFFULL run_id=try4-c4-cpu start_us=17298707 end_us=17302019 dur_us=3311
UKL-MQTT-BENCH: BUFFULL run_id=try4-c4-cpu start_us=17304716 end_us=17308022 dur_us=3305
UKL-MQTT-BENCH: BUFFULL run_id=try4-c4-cpu start_us=17310701 end_us=17315038 dur_us=4336
UKL-MQTT-BENCH: BUFFULL run_id=try4-c4-cpu start_us=17318273 end_us=17321010 dur_us=2736
UKL-MQTT-BENCH: BUFFULL run_id=try4-c4-cpu start_us=17323707 end_us=17327014 dur_us=3307
UKL-MQTT-BENCH: BUFFULL run_id=try4-c4-cpu start_us=17329693 end_us=17334535 dur_us=4841
UKL-MQTT-BENCH: BUFFULL run_id=try4-c4-cpu start_us=17337764 end_us=17338983 dur_us=1219
UKL-MQTT-BENCH: BUFFULL run_id=try4-c4-cpu start_us=17341100 end_us=17343996 dur_us=2895
UKL-MQTT-BENCH: BUFFULL run_id=try4-c4-cpu start_us=17346127 end_us=17351046 dur_us=4919
UKL-MQTT-BENCH: BUFFULL run_id=try4-c4-cpu start_us=17353727 end_us=17355987 dur_us=2259
UKL-MQTT-BENCH: BUFFULL run_id=try4-c4-cpu start_us=17358656 end_us=17362020 dur_us=3363
UKL-MQTT-BENCH: BUFFULL run_id=try4-c4-cpu start_us=17364702 end_us=17366761 dur_us=2059
UKL-MQTT-BENCH: BUFFULL run_id=try4-c4-cpu start_us=17368876 end_us=17372530 dur_us=3653
UKL-MQTT-BENCH: BUFFULL run_id=try4-c4-cpu start_us=17375201 end_us=17380041 dur_us=4839
UKL-MQTT-BENCH: BUFFULL run_id=try4-c4-cpu start_us=17383281 end_us=17387034 dur_us=3753
UKL-MQTT-BENCH: BUFFULL run_id=try4-c4-cpu start_us=17390263 end_us=17391997 dur_us=1733
UKL-MQTT-BENCH: BUFFULL run_id=try4-c4-cpu start_us=17394107 end_us=17397524 dur_us=3416
UKL-MQTT-BENCH: BUFFULL run_id=try4-c4-cpu start_us=17400223 end_us=17403523 dur_us=3300
UKL-MQTT-BENCH: BUFFULL run_id=try4-c4-cpu start_us=17406217 end_us=17409516 dur_us=3298
UKL-MQTT-BENCH: BUFFULL run_id=try4-c4-cpu start_us=17412215 end_us=17415518 dur_us=3302
UKL-MQTT-BENCH: BUFFULL run_id=try4-c4-cpu start_us=17418211 end_us=17421522 dur_us=3310
UKL-MQTT-BENCH: BUFFULL run_id=try4-c4-cpu start_us=17424199 end_us=17427516 dur_us=3316
UKL-MQTT-BENCH: BUFFULL run_id=try4-c4-cpu start_us=17430187 end_us=17433518 dur_us=3331
UKL-MQTT-BENCH: BUFFULL run_id=try4-c4-cpu start_us=17436210 end_us=17439517 dur_us=3306
UKL-MQTT-BENCH: BUFFULL run_id=try4-c4-cpu start_us=17442210 end_us=17445519 dur_us=3309
UKL-MQTT-BENCH: BUFFULL run_id=try4-c4-cpu start_us=17448194 end_us=17450483 dur_us=2289
UKL-MQTT-BENCH: BUFFULL run_id=try4-c4-cpu start_us=17452609 end_us=17456512 dur_us=3902
UKL-MQTT-BENCH: BUFFULL run_id=try4-c4-cpu start_us=17459205 end_us=17462502 dur_us=3296
UKL-MQTT-BENCH: BUFFULL run_id=try4-c4-cpu start_us=17465236 end_us=17468515 dur_us=3278
UKL-MQTT-BENCH: BUFFULL run_id=try4-c4-cpu start_us=17471198 end_us=17475556 dur_us=4357
UKL-MQTT-BENCH: BUFFULL run_id=try4-c4-cpu start_us=17478838 end_us=17483044 dur_us=4206
UKL-MQTT-BENCH: BUFFULL run_id=try4-c4-cpu start_us=17486304 end_us=17487490 dur_us=1185
UKL-MQTT-BENCH: BUFFULL run_id=try4-c4-cpu start_us=17489623 end_us=17495049 dur_us=5426
UKL-MQTT-BENCH: BUFFULL run_id=try4-c4-cpu start_us=17498294 end_us=17501014 dur_us=2719
UKL-MQTT-BENCH: BUFFULL run_id=try4-c4-cpu start_us=17503707 end_us=17507024 dur_us=3317
UKL-MQTT-BENCH: BUFFULL run_id=try4-c4-cpu start_us=17509715 end_us=17513011 dur_us=3296
UKL-MQTT-BENCH: BUFFULL run_id=try4-c4-cpu start_us=17515689 end_us=17519029 dur_us=3340
UKL-MQTT-BENCH: BUFFULL run_id=try4-c4-cpu start_us=17521721 end_us=17525011 dur_us=3290
UKL-MQTT-BENCH: BUFFULL run_id=try4-c4-cpu start_us=17527697 end_us=17531005 dur_us=3308
UKL-MQTT-BENCH: BUFFULL run_id=try4-c4-cpu start_us=17533719 end_us=17537012 dur_us=3292
UKL-MQTT-BENCH: BUFFULL run_id=try4-c4-cpu start_us=17539692 end_us=17543002 dur_us=3310
UKL-MQTT-BENCH: BUFFULL run_id=try4-c4-cpu start_us=17545689 end_us=17550027 dur_us=4337
UKL-MQTT-BENCH: BUFFULL run_id=try4-c4-cpu start_us=17553280 end_us=17556013 dur_us=2732
UKL-MQTT-BENCH: BUFFULL run_id=try4-c4-cpu start_us=17558711 end_us=17562005 dur_us=3293
UKL-MQTT-BENCH: BUFFULL run_id=try4-c4-cpu start_us=17564692 end_us=17568010 dur_us=3318
UKL-MQTT-BENCH: BUFFULL run_id=try4-c4-cpu start_us=17570689 end_us=17574006 dur_us=3317
UKL-MQTT-BENCH: BUFFULL run_id=try4-c4-cpu start_us=17576682 end_us=17580005 dur_us=3323
UKL-MQTT-BENCH: BUFFULL run_id=try4-c4-cpu start_us=17582692 end_us=17586004 dur_us=3311
UKL-MQTT-BENCH: BUFFULL run_id=try4-c4-cpu start_us=17588694 end_us=17592024 dur_us=3330
UKL-MQTT-BENCH: BUFFULL run_id=try4-c4-cpu start_us=17594702 end_us=17599551 dur_us=4848
UKL-MQTT-BENCH: BUFFULL run_id=try4-c4-cpu start_us=17602802 end_us=17605521 dur_us=2719
UKL-MQTT-BENCH: BUFFULL run_id=try4-c4-cpu start_us=17608210 end_us=17611527 dur_us=3316
UKL-MQTT-BENCH: BUFFULL run_id=try4-c4-cpu start_us=17614236 end_us=17617518 dur_us=3282
UKL-MQTT-BENCH: BUFFULL run_id=try4-c4-cpu start_us=17620220 end_us=17623512 dur_us=3292
UKL-MQTT-BENCH: BUFFULL run_id=try4-c4-cpu start_us=17626218 end_us=17629534 dur_us=3316
UKL-MQTT-BENCH: BUFFULL run_id=try4-c4-cpu start_us=17632243 end_us=17636025 dur_us=3782
UKL-MQTT-BENCH: BUFFULL run_id=try4-c4-cpu start_us=17638713 end_us=17643027 dur_us=4313
UKL-MQTT-BENCH: BUFFULL run_id=try4-c4-cpu start_us=17646284 end_us=17649018 dur_us=2734
UKL-MQTT-BENCH: BUFFULL run_id=try4-c4-cpu start_us=17651702 end_us=17655000 dur_us=3298
UKL-MQTT-BENCH: BUFFULL run_id=try4-c4-cpu start_us=17657687 end_us=17662537 dur_us=4849
UKL-MQTT-BENCH: BUFFULL run_id=try4-c4-cpu start_us=17665777 end_us=17668538 dur_us=2761
UKL-MQTT-BENCH: BUFFULL run_id=try4-c4-cpu start_us=17671225 end_us=17675535 dur_us=4309
UKL-MQTT-BENCH: BUFFULL run_id=try4-c4-cpu start_us=17678777 end_us=17683040 dur_us=4263
UKL-MQTT-BENCH: BUFFULL run_id=try4-c4-cpu start_us=17686280 end_us=17687496 dur_us=1215
UKL-MQTT-BENCH: BUFFULL run_id=try4-c4-cpu start_us=17689652 end_us=17692501 dur_us=2848
UKL-MQTT-BENCH: BUFFULL run_id=try4-c4-cpu start_us=17694633 end_us=17699527 dur_us=4894
UKL-MQTT-BENCH: BUFFULL run_id=try4-c4-cpu start_us=17702769 end_us=17705547 dur_us=2778
UKL-MQTT-BENCH: BUFFULL run_id=try4-c4-cpu start_us=17708243 end_us=17711530 dur_us=3286
UKL-MQTT-BENCH: BUFFULL run_id=try4-c4-cpu start_us=17714242 end_us=17719027 dur_us=4784
UKL-MQTT-BENCH: BUFFULL run_id=try4-c4-cpu start_us=17722307 end_us=17725006 dur_us=2698
UKL-MQTT-BENCH: BUFFULL run_id=try4-c4-cpu start_us=17727707 end_us=17729989 dur_us=2281
UKL-MQTT-BENCH: BUFFULL run_id=try4-c4-cpu start_us=17732120 end_us=17736004 dur_us=3883
UKL-MQTT-BENCH: BUFFULL run_id=try4-c4-cpu start_us=17738702 end_us=17741538 dur_us=2836
UKL-MQTT-BENCH: BUFFULL run_id=try4-c4-cpu start_us=17744238 end_us=17746495 dur_us=2257
UKL-MQTT-BENCH: BUFFULL run_id=try4-c4-cpu start_us=17748618 end_us=17752521 dur_us=3903
UKL-MQTT-BENCH: BUFFULL run_id=try4-c4-cpu start_us=17755202 end_us=17758514 dur_us=3311
UKL-MQTT-BENCH: BUFFULL run_id=try4-c4-cpu start_us=17761214 end_us=17764588 dur_us=3374
UKL-MQTT-BENCH: BUFFULL run_id=try4-c4-cpu start_us=17767268 end_us=17770523 dur_us=3254
UKL-MQTT-BENCH: BUFFULL run_id=try4-c4-cpu start_us=17773218 end_us=17775472 dur_us=2254
UKL-MQTT-BENCH: BUFFULL run_id=try4-c4-cpu start_us=17777587 end_us=17781600 dur_us=4012
UKL-MQTT-BENCH: BUFFULL run_id=try4-c4-cpu start_us=17784297 end_us=17787510 dur_us=3213
UKL-MQTT-BENCH: BUFFULL run_id=try4-c4-cpu start_us=17790202 end_us=17795023 dur_us=4821
UKL-MQTT-BENCH: BUFFULL run_id=try4-c4-cpu start_us=17800052 end_us=17804030 dur_us=3977
UKL-MQTT-BENCH: BUFFULL run_id=try4-c4-cpu start_us=17806717 end_us=17811565 dur_us=4847
UKL-MQTT-BENCH: BUFFULL run_id=try4-c4-cpu start_us=17814282 end_us=17817529 dur_us=3246
UKL-MQTT-BENCH: BUFFULL run_id=try4-c4-cpu start_us=17820782 end_us=17822493 dur_us=1711
UKL-MQTT-BENCH: BUFFULL run_id=try4-c4-cpu start_us=17824620 end_us=17827485 dur_us=2865
UKL-MQTT-BENCH: BUFFULL run_id=try4-c4-cpu start_us=17829625 end_us=17834541 dur_us=4916
UKL-MQTT-BENCH: BUFFULL run_id=try4-c4-cpu start_us=17837791 end_us=17840515 dur_us=2724
UKL-MQTT-BENCH: BUFFULL run_id=try4-c4-cpu start_us=17843287 end_us=17846522 dur_us=3234
UKL-MQTT-BENCH: BUFFULL run_id=try4-c4-cpu start_us=17849198 end_us=17852511 dur_us=3312
UKL-MQTT-BENCH: BUFFULL run_id=try4-c4-cpu start_us=17855204 end_us=17857496 dur_us=2291
UKL-MQTT-BENCH: BUFFULL run_id=try4-c4-cpu start_us=17859622 end_us=17862992 dur_us=3370
UKL-MQTT-BENCH: BUFFULL run_id=try4-c4-cpu start_us=17865114 end_us=17868991 dur_us=3876
UKL-MQTT-BENCH: BUFFULL run_id=try4-c4-cpu start_us=17871669 end_us=17874489 dur_us=2820
UKL-MQTT-BENCH: BUFFULL run_id=try4-c4-cpu start_us=17877177 end_us=17880515 dur_us=3337
UKL-MQTT-BENCH: BUFFULL run_id=try4-c4-cpu start_us=17883205 end_us=17887547 dur_us=4342
UKL-MQTT-BENCH: BUFFULL run_id=try4-c4-cpu start_us=17890787 end_us=17895022 dur_us=4235
UKL-MQTT-BENCH: BUFFULL run_id=try4-c4-cpu start_us=17898297 end_us=17901036 dur_us=2739
UKL-MQTT-BENCH: BUFFULL run_id=try4-c4-cpu start_us=17903723 end_us=17908551 dur_us=4827
UKL-MQTT-BENCH: BUFFULL run_id=try4-c4-cpu start_us=17911829 end_us=17915542 dur_us=3713
UKL-MQTT-BENCH: BUFFULL run_id=try4-c4-cpu start_us=17918795 end_us=17920495 dur_us=1700
UKL-MQTT-BENCH: BUFFULL run_id=try4-c4-cpu start_us=17922635 end_us=17924983 dur_us=2347
UKL-MQTT-BENCH: BUFFULL run_id=try4-c4-cpu start_us=17927112 end_us=17932523 dur_us=5411
UKL-MQTT-BENCH: BUFFULL run_id=try4-c4-cpu start_us=17935783 end_us=17938514 dur_us=2730
UKL-MQTT-BENCH: BUFFULL run_id=try4-c4-cpu start_us=17941207 end_us=17944526 dur_us=3318
UKL-MQTT-BENCH: BUFFULL run_id=try4-c4-cpu start_us=17947212 end_us=17951542 dur_us=4330
UKL-MQTT-BENCH: BUFFULL run_id=try4-c4-cpu start_us=17954784 end_us=17957509 dur_us=2725
UKL-MQTT-BENCH: BUFFULL run_id=try4-c4-cpu start_us=17960222 end_us=17963996 dur_us=3773
UKL-MQTT-BENCH: BUFFULL run_id=try4-c4-cpu start_us=17966672 end_us=17971016 dur_us=4343
UKL-MQTT-BENCH: BUFFULL run_id=try4-c4-cpu start_us=17974244 end_us=17977008 dur_us=2763
UKL-MQTT-BENCH: BUFFULL run_id=try4-c4-cpu start_us=17979697 end_us=17984547 dur_us=4850
UKL-MQTT-BENCH: BUFFULL run_id=try4-c4-cpu start_us=17987792 end_us=17990513 dur_us=2721
UKL-MQTT-BENCH: BUFFULL run_id=try4-c4-cpu start_us=17993200 end_us=17996530 dur_us=3330
UKL-MQTT-BENCH: BUFFULL run_id=try4-c4-cpu start_us=17999300 end_us=18003560 dur_us=4259
UKL-MQTT-BENCH: BUFFULL run_id=try4-c4-cpu start_us=18006828 end_us=18008480 dur_us=1652
UKL-MQTT-BENCH: BUFFULL run_id=try4-c4-cpu start_us=18010618 end_us=18013493 dur_us=2874
UKL-MQTT-BENCH: BUFFULL run_id=try4-c4-cpu start_us=18015632 end_us=18020053 dur_us=4420
UKL-MQTT-BENCH: BUFFULL run_id=try4-c4-cpu start_us=18022748 end_us=18025484 dur_us=2736
UKL-MQTT-BENCH: BUFFULL run_id=try4-c4-cpu start_us=18028186 end_us=18031517 dur_us=3330
UKL-MQTT-BENCH: BUFFULL run_id=try4-c4-cpu start_us=18034237 end_us=18036510 dur_us=2272
UKL-MQTT-BENCH: BUFFULL run_id=try4-c4-cpu start_us=18038629 end_us=18043544 dur_us=4914
UKL-MQTT-BENCH: BUFFULL run_id=try4-c4-cpu start_us=18046779 end_us=18049525 dur_us=2746
UKL-MQTT-BENCH: BUFFULL run_id=try4-c4-cpu start_us=18052217 end_us=18053980 dur_us=1762
UKL-MQTT-BENCH: BUFFULL run_id=try4-c4-cpu start_us=18056101 end_us=18060002 dur_us=3901
UKL-MQTT-BENCH: BUFFULL run_id=try4-c4-cpu start_us=18062681 end_us=18066523 dur_us=3842
UKL-MQTT-BENCH: BUFFULL run_id=try4-c4-cpu start_us=18069206 end_us=18071991 dur_us=2784
UKL-MQTT-BENCH: BUFFULL run_id=try4-c4-cpu start_us=18074669 end_us=18077996 dur_us=3327
UKL-MQTT-BENCH: BUFFULL run_id=try4-c4-cpu start_us=18080686 end_us=18084505 dur_us=3818
UKL-MQTT-BENCH: BUFFULL run_id=try4-c4-cpu start_us=18087196 end_us=18091541 dur_us=4345
UKL-MQTT-BENCH: BUFFULL run_id=try4-c4-cpu start_us=18094781 end_us=18097523 dur_us=2742
UKL-MQTT-BENCH: BUFFULL run_id=try4-c4-cpu start_us=18100270 end_us=18103532 dur_us=3262
UKL-MQTT-BENCH: BUFFULL run_id=try4-c4-cpu start_us=18106247 end_us=18111038 dur_us=4790
UKL-MQTT-BENCH: BUFFULL run_id=try4-c4-cpu start_us=18114310 end_us=18115484 dur_us=1173
UKL-MQTT-BENCH: BUFFULL run_id=try4-c4-cpu start_us=18117614 end_us=18120503 dur_us=2888
UKL-MQTT-BENCH: BUFFULL run_id=try4-c4-cpu start_us=18122628 end_us=18127563 dur_us=4935
UKL-MQTT-BENCH: BUFFULL run_id=try4-c4-cpu start_us=18130304 end_us=18132492 dur_us=2187
UKL-MQTT-BENCH: BUFFULL run_id=try4-c4-cpu start_us=18135194 end_us=18138518 dur_us=3324
UKL-MQTT-BENCH: BUFFULL run_id=try4-c4-cpu start_us=18141226 end_us=18143516 dur_us=2289
UKL-MQTT-BENCH: BUFFULL run_id=try4-c4-cpu start_us=18145627 end_us=18150536 dur_us=4909
UKL-MQTT-BENCH: BUFFULL run_id=try4-c4-cpu start_us=18153771 end_us=18156573 dur_us=2801
UKL-MQTT-BENCH: BUFFULL run_id=try4-c4-cpu start_us=18159277 end_us=18161501 dur_us=2224
UKL-MQTT-BENCH: BUFFULL run_id=try4-c4-cpu start_us=18163620 end_us=18167520 dur_us=3899
UKL-MQTT-BENCH: BUFFULL run_id=try4-c4-cpu start_us=18170200 end_us=18173507 dur_us=3306
UKL-MQTT-BENCH: BUFFULL run_id=try4-c4-cpu start_us=18176191 end_us=18179508 dur_us=3317
UKL-MQTT-BENCH: BUFFULL run_id=try4-c4-cpu start_us=18182201 end_us=18185522 dur_us=3321
UKL-MQTT-BENCH: BUFFULL run_id=try4-c4-cpu start_us=18188203 end_us=18191514 dur_us=3311
UKL-MQTT-BENCH: BUFFULL run_id=try4-c4-cpu start_us=18194190 end_us=18198547 dur_us=4356
UKL-MQTT-BENCH: BUFFULL run_id=try4-c4-cpu start_us=18201822 end_us=18205020 dur_us=3198
UKL-MQTT-BENCH: BUFFULL run_id=try4-c4-cpu start_us=18207716 end_us=18211014 dur_us=3297
UKL-MQTT-BENCH: BUFFULL run_id=try4-c4-cpu start_us=18213706 end_us=18218024 dur_us=4317
UKL-MQTT-BENCH: BUFFULL run_id=try4-c4-cpu start_us=18221292 end_us=18222971 dur_us=1678
UKL-MQTT-BENCH: BUFFULL run_id=try4-c4-cpu start_us=18225105 end_us=18227502 dur_us=2396
UKL-MQTT-BENCH: BUFFULL run_id=try4-c4-cpu start_us=18229635 end_us=18234563 dur_us=4927
UKL-MQTT-BENCH: BUFFULL run_id=try4-c4-cpu start_us=18237264 end_us=18239489 dur_us=2225
UKL-MQTT-BENCH: BUFFULL run_id=try4-c4-cpu start_us=18242178 end_us=18245517 dur_us=3339
UKL-MQTT-BENCH: BUFFULL run_id=try4-c4-cpu start_us=18248220 end_us=18250498 dur_us=2277
UKL-MQTT-BENCH: BUFFULL run_id=try4-c4-cpu start_us=18252616 end_us=18257538 dur_us=4922
UKL-MQTT-BENCH: BUFFULL run_id=try4-c4-cpu start_us=18260767 end_us=18263521 dur_us=2754
UKL-MQTT-BENCH: BUFFULL run_id=try4-c4-cpu start_us=18266213 end_us=18269509 dur_us=3295
UKL-MQTT-BENCH: BUFFULL run_id=try4-c4-cpu start_us=18272243 end_us=18275506 dur_us=3262
UKL-MQTT-BENCH: BUFFULL run_id=try4-c4-cpu start_us=18278192 end_us=18281997 dur_us=3805
UKL-MQTT-BENCH: BUFFULL run_id=try4-c4-cpu start_us=18284666 end_us=18287998 dur_us=3332
UKL-MQTT-BENCH: BUFFULL run_id=try4-c4-cpu start_us=18290693 end_us=18295020 dur_us=4326
UKL-MQTT-BENCH: BUFFULL run_id=try4-c4-cpu start_us=18298267 end_us=18300995 dur_us=2728
UKL-MQTT-BENCH: BUFFULL run_id=try4-c4-cpu start_us=18303758 end_us=18307011 dur_us=3252
UKL-MQTT-BENCH: BUFFULL run_id=try4-c4-cpu start_us=18309705 end_us=18314542 dur_us=4837
UKL-MQTT-BENCH: BUFFULL run_id=try4-c4-cpu start_us=18317807 end_us=18318994 dur_us=1186
UKL-MQTT-BENCH: BUFFULL run_id=try4-c4-cpu start_us=18321118 end_us=18323960 dur_us=2841
UKL-MQTT-BENCH: BUFFULL run_id=try4-c4-cpu start_us=18326091 end_us=18331043 dur_us=4952
UKL-MQTT-BENCH: BUFFULL run_id=try4-c4-cpu start_us=18333749 end_us=18335980 dur_us=2231
UKL-MQTT-BENCH: BUFFULL run_id=try4-c4-cpu start_us=18338676 end_us=18343509 dur_us=4833
UKL-MQTT-BENCH: BUFFULL run_id=try4-c4-cpu start_us=18348573 end_us=18352997 dur_us=4424
UKL-MQTT-BENCH: BUFFULL run_id=try4-c4-cpu start_us=18355684 end_us=18361556 dur_us=5872
UKL-MQTT-BENCH: BUFFULL run_id=try4-c4-cpu start_us=18365358 end_us=18368027 dur_us=2669
UKL-MQTT-BENCH: BUFFULL run_id=try4-c4-cpu start_us=18370756 end_us=18372477 dur_us=1720
UKL-MQTT-BENCH: BUFFULL run_id=try4-c4-cpu start_us=18374621 end_us=18378516 dur_us=3894
UKL-MQTT-BENCH: BUFFULL run_id=try4-c4-cpu start_us=18381212 end_us=18384542 dur_us=3330
UKL-MQTT-BENCH: BUFFULL run_id=try4-c4-cpu start_us=18387442 end_us=18390564 dur_us=3121
UKL-MQTT-BENCH: BUFFULL run_id=try4-c4-cpu start_us=18393265 end_us=18396553 dur_us=3288
UKL-MQTT-BENCH: BUFFULL run_id=try4-c4-cpu start_us=18399277 end_us=18402534 dur_us=3257
UKL-MQTT-BENCH: BUFFULL run_id=try4-c4-cpu start_us=18405249 end_us=18409042 dur_us=3792
UKL-MQTT-BENCH: BUFFULL run_id=try4-c4-cpu start_us=18411921 end_us=18415021 dur_us=3100
UKL-MQTT-BENCH: BUFFULL run_id=try4-c4-cpu start_us=18417900 end_us=18423054 dur_us=5154
UKL-MQTT-BENCH: BUFFULL run_id=try4-c4-cpu start_us=18426516 end_us=18429544 dur_us=3027
UKL-MQTT-BENCH: BUFFULL run_id=try4-c4-cpu start_us=18432432 end_us=18435534 dur_us=3101
UKL-MQTT-BENCH: BUFFULL run_id=try4-c4-cpu start_us=18438400 end_us=18442013 dur_us=3612
UKL-MQTT-BENCH: BUFFULL run_id=try4-c4-cpu start_us=18444898 end_us=18448537 dur_us=3638
UKL-MQTT-BENCH: BUFFULL run_id=try4-c4-cpu start_us=18451410 end_us=18455011 dur_us=3601
UKL-MQTT-BENCH: BUFFULL run_id=try4-c4-cpu start_us=18457886 end_us=18460015 dur_us=2129
UKL-MQTT-BENCH: BUFFULL run_id=try4-c4-cpu start_us=18462286 end_us=18466018 dur_us=3731
UKL-MQTT-BENCH: BUFFULL run_id=try4-c4-cpu start_us=18468288 end_us=18472550 dur_us=4261
UKL-MQTT-BENCH: BUFFULL run_id=try4-c4-cpu start_us=18475434 end_us=18477990 dur_us=2555
UKL-MQTT-BENCH: BUFFULL run_id=try4-c4-cpu start_us=18480859 end_us=18484548 dur_us=3689
UKL-MQTT-BENCH: BUFFULL run_id=try4-c4-cpu start_us=18487419 end_us=18491022 dur_us=3602
UKL-MQTT-BENCH: BUFFULL run_id=try4-c4-cpu start_us=18493891 end_us=18498534 dur_us=4642
UKL-MQTT-BENCH: BUFFULL run_id=try4-c4-cpu start_us=18501993 end_us=18503982 dur_us=1989
UKL-MQTT-BENCH: BUFFULL run_id=try4-c4-cpu start_us=18506252 end_us=18508982 dur_us=2729
UKL-MQTT-BENCH: BUFFULL run_id=try4-c4-cpu start_us=18511269 end_us=18518092 dur_us=6822
UKL-MQTT-BENCH: BUFFULL run_id=try4-c4-cpu start_us=18522137 end_us=18524557 dur_us=2420
UKL-MQTT-BENCH: BUFFULL run_id=try4-c4-cpu start_us=18527437 end_us=18530532 dur_us=3094
UKL-MQTT-BENCH: BUFFULL run_id=try4-c4-cpu start_us=18533406 end_us=18535966 dur_us=2560
UKL-MQTT-BENCH: BUFFULL run_id=try4-c4-cpu start_us=18538235 end_us=18542024 dur_us=3789
UKL-MQTT-BENCH: BUFFULL run_id=try4-c4-cpu start_us=18544747 end_us=18547991 dur_us=3244
UKL-MQTT-BENCH: BUFFULL run_id=try4-c4-cpu start_us=18550677 end_us=18554121 dur_us=3443
UKL-MQTT-BENCH: BUFFULL run_id=try4-c4-cpu start_us=18556816 end_us=18558977 dur_us=2161
UKL-MQTT-BENCH: BUFFULL run_id=try4-c4-cpu start_us=18561133 end_us=18566004 dur_us=4870
UKL-MQTT-BENCH: BUFFULL run_id=try4-c4-cpu start_us=18569252 end_us=18571980 dur_us=2728
UKL-MQTT-BENCH: BUFFULL run_id=try4-c4-cpu start_us=18574672 end_us=18579574 dur_us=4901
UKL-MQTT-BENCH: BUFFULL run_id=try4-c4-cpu start_us=18582855 end_us=18585513 dur_us=2658
UKL-MQTT-BENCH: BUFFULL run_id=try4-c4-cpu start_us=18588220 end_us=18593028 dur_us=4808
UKL-MQTT-BENCH: BUFFULL run_id=try4-c4-cpu start_us=18596274 end_us=18599009 dur_us=2734
UKL-MQTT-BENCH: BUFFULL run_id=try4-c4-cpu start_us=18601707 end_us=18606026 dur_us=4318
UKL-MQTT-BENCH: BUFFULL run_id=try4-c4-cpu start_us=18609271 end_us=18612001 dur_us=2730
UKL-MQTT-BENCH: BUFFULL run_id=try4-c4-cpu start_us=18614699 end_us=18618528 dur_us=3829
UKL-MQTT-BENCH: BUFFULL run_id=try4-c4-cpu start_us=18621234 end_us=18625550 dur_us=4316
UKL-MQTT-BENCH: BUFFULL run_id=try4-c4-cpu start_us=18628805 end_us=18630484 dur_us=1679
UKL-MQTT-BENCH: BUFFULL run_id=try4-c4-cpu start_us=18632633 end_us=18635514 dur_us=2881
UKL-MQTT-BENCH: BUFFULL run_id=try4-c4-cpu start_us=18637634 end_us=18642021 dur_us=4386
UKL-MQTT-BENCH: BUFFULL run_id=try4-c4-cpu start_us=18644712 end_us=18647488 dur_us=2775
UKL-MQTT-BENCH: BUFFULL run_id=try4-c4-cpu start_us=18650196 end_us=18653535 dur_us=3338
UKL-MQTT-BENCH: BUFFULL run_id=try4-c4-cpu start_us=18656253 end_us=18659521 dur_us=3268
UKL-MQTT-BENCH: BUFFULL run_id=try4-c4-cpu start_us=18662210 end_us=18666552 dur_us=4342
UKL-MQTT-BENCH: BUFFULL run_id=try4-c4-cpu start_us=18669846 end_us=18672521 dur_us=2675
UKL-MQTT-BENCH: BUFFULL run_id=try4-c4-cpu start_us=18675211 end_us=18678529 dur_us=3318
UKL-MQTT-BENCH: BUFFULL run_id=try4-c4-cpu start_us=18681233 end_us=18686026 dur_us=4792
UKL-MQTT-BENCH: BUFFULL run_id=try4-c4-cpu start_us=18689268 end_us=18690491 dur_us=1222
UKL-MQTT-BENCH: BUFFULL run_id=try4-c4-cpu start_us=18692620 end_us=18695497 dur_us=2877
UKL-MQTT-BENCH: BUFFULL run_id=try4-c4-cpu start_us=18697652 end_us=18702594 dur_us=4941
UKL-MQTT-BENCH: BUFFULL run_id=try4-c4-cpu start_us=18705297 end_us=18707503 dur_us=2206
UKL-MQTT-BENCH: BUFFULL run_id=try4-c4-cpu start_us=18710299 end_us=18713564 dur_us=3264
UKL-MQTT-BENCH: BUFFULL run_id=try4-c4-cpu start_us=18716439 end_us=18719003 dur_us=2564
UKL-MQTT-BENCH: BUFFULL run_id=try4-c4-cpu start_us=18721313 end_us=18726585 dur_us=5272
UKL-MQTT-BENCH: BUFFULL run_id=try4-c4-cpu start_us=18730049 end_us=18733010 dur_us=2961
UKL-MQTT-BENCH: BUFFULL run_id=try4-c4-cpu start_us=18735846 end_us=18737973 dur_us=2127
UKL-MQTT-BENCH: BUFFULL run_id=try4-c4-cpu start_us=18740108 end_us=18744001 dur_us=3893
UKL-MQTT-BENCH: BUFFULL run_id=try4-c4-cpu start_us=18746692 end_us=18749520 dur_us=2828
UKL-MQTT-BENCH: BUFFULL run_id=try4-c4-cpu start_us=18752225 end_us=18755984 dur_us=3759
UKL-MQTT-BENCH: BUFFULL run_id=try4-c4-cpu start_us=18758667 end_us=18761515 dur_us=2848
UKL-MQTT-BENCH: BUFFULL run_id=try4-c4-cpu start_us=18764215 end_us=18767527 dur_us=3311
UKL-MQTT-BENCH: BUFFULL run_id=try4-c4-cpu start_us=18770226 end_us=18775016 dur_us=4789
UKL-MQTT-BENCH: BUFFULL run_id=try4-c4-cpu start_us=18778260 end_us=18781000 dur_us=2739
UKL-MQTT-BENCH: BUFFULL run_id=try4-c4-cpu start_us=18783684 end_us=18786995 dur_us=3311
UKL-MQTT-BENCH: BUFFULL run_id=try4-c4-cpu start_us=18789682 end_us=18794024 dur_us=4342
UKL-MQTT-BENCH: BUFFULL run_id=try4-c4-cpu start_us=18797263 end_us=18798956 dur_us=1693
UKL-MQTT-BENCH: BUFFULL run_id=try4-c4-cpu start_us=18801074 end_us=18803502 dur_us=2428
UKL-MQTT-BENCH: BUFFULL run_id=try4-c4-cpu start_us=18805631 end_us=18810581 dur_us=4950
UKL-MQTT-BENCH: BUFFULL run_id=try4-c4-cpu start_us=18813304 end_us=18815498 dur_us=2193
UKL-MQTT-BENCH: BUFFULL run_id=try4-c4-cpu start_us=18818201 end_us=18821521 dur_us=3320
UKL-MQTT-BENCH: BUFFULL run_id=try4-c4-cpu start_us=18824223 end_us=18826509 dur_us=2285
UKL-MQTT-BENCH: BUFFULL run_id=try4-c4-cpu start_us=18828641 end_us=18833555 dur_us=4914
UKL-MQTT-BENCH: BUFFULL run_id=try4-c4-cpu start_us=18836814 end_us=18839518 dur_us=2703
UKL-MQTT-BENCH: BUFFULL run_id=try4-c4-cpu start_us=18842221 end_us=18844497 dur_us=2276
UKL-MQTT-BENCH: BUFFULL run_id=try4-c4-cpu start_us=18846629 end_us=18850527 dur_us=3897
UKL-MQTT-BENCH: BUFFULL run_id=try4-c4-cpu start_us=18853222 end_us=18856511 dur_us=3289
UKL-MQTT-BENCH: BUFFULL run_id=try4-c4-cpu start_us=18859201 end_us=18862509 dur_us=3308
UKL-MQTT-BENCH: BUFFULL run_id=try4-c4-cpu start_us=18865197 end_us=18868527 dur_us=3329
UKL-MQTT-BENCH: BUFFULL run_id=try4-c4-cpu start_us=18871222 end_us=18874511 dur_us=3288
UKL-MQTT-BENCH: BUFFULL run_id=try4-c4-cpu start_us=18877200 end_us=18881541 dur_us=4341
UKL-MQTT-BENCH: BUFFULL run_id=try4-c4-cpu start_us=18884801 end_us=18887511 dur_us=2710
UKL-MQTT-BENCH: BUFFULL run_id=try4-c4-cpu start_us=18890205 end_us=18893514 dur_us=3308
UKL-MQTT-BENCH: BUFFULL run_id=try4-c4-cpu start_us=18896213 end_us=18901020 dur_us=4806
UKL-MQTT-BENCH: BUFFULL run_id=try4-c4-cpu start_us=18904277 end_us=18905490 dur_us=1212
UKL-MQTT-BENCH: BUFFULL run_id=try4-c4-cpu start_us=18907616 end_us=18910499 dur_us=2882
UKL-MQTT-BENCH: BUFFULL run_id=try4-c4-cpu start_us=18912645 end_us=18917565 dur_us=4919
UKL-MQTT-BENCH: BUFFULL run_id=try4-c4-cpu start_us=18920270 end_us=18922491 dur_us=2221
UKL-MQTT-BENCH: BUFFULL run_id=try4-c4-cpu start_us=18925190 end_us=18928517 dur_us=3326
UKL-MQTT-BENCH: BUFFULL run_id=try4-c4-cpu start_us=18931211 end_us=18933495 dur_us=2283
UKL-MQTT-BENCH: BUFFULL run_id=try4-c4-cpu start_us=18935637 end_us=18940545 dur_us=4908
UKL-MQTT-BENCH: BUFFULL run_id=try4-c4-cpu start_us=18943806 end_us=18946446 dur_us=2639
UKL-MQTT-BENCH: BUFFULL run_id=try4-c4-cpu start_us=18949140 end_us=18952525 dur_us=3384
UKL-MQTT-BENCH: BUFFULL run_id=try4-c4-cpu start_us=18955214 end_us=18958500 dur_us=3286
UKL-MQTT-BENCH: BUFFULL run_id=try4-c4-cpu start_us=18961192 end_us=18964519 dur_us=3327
UKL-MQTT-BENCH: BUFFULL run_id=try4-c4-cpu start_us=18967204 end_us=18970513 dur_us=3308
UKL-MQTT-BENCH: BUFFULL run_id=try4-c4-cpu start_us=18973210 end_us=18977546 dur_us=4336
UKL-MQTT-BENCH: BUFFULL run_id=try4-c4-cpu start_us=18980795 end_us=18983513 dur_us=2718
UKL-MQTT-BENCH: BUFFULL run_id=try4-c4-cpu start_us=18986210 end_us=18989513 dur_us=3303
UKL-MQTT-BENCH: BUFFULL run_id=try4-c4-cpu start_us=18992213 end_us=18996998 dur_us=4785
UKL-MQTT-BENCH: BUFFULL run_id=try4-c4-cpu start_us=19000273 end_us=19001493 dur_us=1219
UKL-MQTT-BENCH: BUFFULL run_id=try4-c4-cpu start_us=19003622 end_us=19007514 dur_us=3891
UKL-MQTT-BENCH: BUFFULL run_id=try4-c4-cpu start_us=19010207 end_us=19014541 dur_us=4334
UKL-MQTT-BENCH: BUFFULL run_id=try4-c4-cpu start_us=19017791 end_us=19020535 dur_us=2743
UKL-MQTT-BENCH: BUFFULL run_id=try4-c4-cpu start_us=19023234 end_us=19026514 dur_us=3280
UKL-MQTT-BENCH: BUFFULL run_id=try4-c4-cpu start_us=19029226 end_us=19032506 dur_us=3280
UKL-MQTT-BENCH: BUFFULL run_id=try4-c4-cpu start_us=19035244 end_us=19038512 dur_us=3267
UKL-MQTT-BENCH: BUFFULL run_id=try4-c4-cpu start_us=19041222 end_us=19044523 dur_us=3301
UKL-MQTT-BENCH: BUFFULL run_id=try4-c4-cpu start_us=19047229 end_us=19050505 dur_us=3276
UKL-MQTT-BENCH: BUFFULL run_id=try4-c4-cpu start_us=19053211 end_us=19056526 dur_us=3314
UKL-MQTT-BENCH: BUFFULL run_id=try4-c4-cpu start_us=19059229 end_us=19062549 dur_us=3320
UKL-MQTT-BENCH: BUFFULL run_id=try4-c4-cpu start_us=19065242 end_us=19070017 dur_us=4774
UKL-MQTT-BENCH: BUFFULL run_id=try4-c4-cpu start_us=19073245 end_us=19075981 dur_us=2736
UKL-MQTT-BENCH: BUFFULL run_id=try4-c4-cpu start_us=19078674 end_us=19081978 dur_us=3303
UKL-MQTT-BENCH: BUFFULL run_id=try4-c4-cpu start_us=19084660 end_us=19087986 dur_us=3326
UKL-MQTT-BENCH: BUFFULL run_id=try4-c4-cpu start_us=19090673 end_us=19093982 dur_us=3309
UKL-MQTT-BENCH: BUFFULL run_id=try4-c4-cpu start_us=19096662 end_us=19099978 dur_us=3316
UKL-MQTT-BENCH: BUFFULL run_id=try4-c4-cpu start_us=19102674 end_us=19105531 dur_us=2857
UKL-MQTT-BENCH: BUFFULL run_id=try4-c4-cpu start_us=19108230 end_us=19111982 dur_us=3752
UKL-MQTT-BENCH: BUFFULL run_id=try4-c4-cpu start_us=19114670 end_us=19119014 dur_us=4344
UKL-MQTT-BENCH: BUFFULL run_id=try4-c4-cpu start_us=19122262 end_us=19125000 dur_us=2738
UKL-MQTT-BENCH: BUFFULL run_id=try4-c4-cpu start_us=19127692 end_us=19130992 dur_us=3300
UKL-MQTT-BENCH: BUFFULL run_id=try4-c4-cpu start_us=19133701 end_us=19136971 dur_us=3269
UKL-MQTT-BENCH: BUFFULL run_id=try4-c4-cpu start_us=19139665 end_us=19142973 dur_us=3307
UKL-MQTT-BENCH: BUFFULL run_id=try4-c4-cpu start_us=19145661 end_us=19148978 dur_us=3317
UKL-MQTT-BENCH: BUFFULL run_id=try4-c4-cpu start_us=19151660 end_us=19156004 dur_us=4344
UKL-MQTT-BENCH: BUFFULL run_id=try4-c4-cpu start_us=19159250 end_us=19162511 dur_us=3260
UKL-MQTT-BENCH: BUFFULL run_id=try4-c4-cpu start_us=19165210 end_us=19169543 dur_us=4332
UKL-MQTT-BENCH: BUFFULL run_id=try4-c4-cpu start_us=19172805 end_us=19175522 dur_us=2717
UKL-MQTT-BENCH: BUFFULL run_id=try4-c4-cpu start_us=19178222 end_us=19182556 dur_us=4333
UKL-MQTT-BENCH: BUFFULL run_id=try4-c4-cpu start_us=19185790 end_us=19188513 dur_us=2722
UKL-MQTT-BENCH: BUFFULL run_id=try4-c4-cpu start_us=19191204 end_us=19194513 dur_us=3308
UKL-MQTT-BENCH: BUFFULL run_id=try4-c4-cpu start_us=19197209 end_us=19202007 dur_us=4797
UKL-MQTT-BENCH: BUFFULL run_id=try4-c4-cpu start_us=19205265 end_us=19206495 dur_us=1230
UKL-MQTT-BENCH: BUFFULL run_id=try4-c4-cpu start_us=19208614 end_us=19212489 dur_us=3874
UKL-MQTT-BENCH: BUFFULL run_id=try4-c4-cpu start_us=19215207 end_us=19219984 dur_us=4776
UKL-MQTT-BENCH: BUFFULL run_id=try4-c4-cpu start_us=19223224 end_us=19225993 dur_us=2769
UKL-MQTT-BENCH: BUFFULL run_id=try4-c4-cpu start_us=19228707 end_us=19232005 dur_us=3297
UKL-MQTT-BENCH: BUFFULL run_id=try4-c4-cpu start_us=19234794 end_us=19239548 dur_us=4754
UKL-MQTT-BENCH: BUFFULL run_id=try4-c4-cpu start_us=19242802 end_us=19245535 dur_us=2732
UKL-MQTT-BENCH: BUFFULL run_id=try4-c4-cpu start_us=19248250 end_us=19252535 dur_us=4285
UKL-MQTT-BENCH: BUFFULL run_id=try4-c4-cpu start_us=19255780 end_us=19260010 dur_us=4230
UKL-MQTT-BENCH: BUFFULL run_id=try4-c4-cpu start_us=19263243 end_us=19264505 dur_us=1261
UKL-MQTT-BENCH: BUFFULL run_id=try4-c4-cpu start_us=19266647 end_us=19269506 dur_us=2858
UKL-MQTT-BENCH: BUFFULL run_id=try4-c4-cpu start_us=19271624 end_us=19276522 dur_us=4897
UKL-MQTT-BENCH: BUFFULL run_id=try4-c4-cpu start_us=19279766 end_us=19282519 dur_us=2753
UKL-MQTT-BENCH: BUFFULL run_id=try4-c4-cpu start_us=19285225 end_us=19288530 dur_us=3305
UKL-MQTT-BENCH: BUFFULL run_id=try4-c4-cpu start_us=19291229 end_us=19296003 dur_us=4773
UKL-MQTT-BENCH: BUFFULL run_id=try4-c4-cpu start_us=19299255 end_us=19301984 dur_us=2729
UKL-MQTT-BENCH: BUFFULL run_id=try4-c4-cpu start_us=19304669 end_us=19307983 dur_us=3314
UKL-MQTT-BENCH: BUFFULL run_id=try4-c4-cpu start_us=19310707 end_us=19313979 dur_us=3271
UKL-MQTT-BENCH: BUFFULL run_id=try4-c4-cpu start_us=19316662 end_us=19319975 dur_us=3312
UKL-MQTT-BENCH: BUFFULL run_id=try4-c4-cpu start_us=19322665 end_us=19325974 dur_us=3308
UKL-MQTT-BENCH: BUFFULL run_id=try4-c4-cpu start_us=19328673 end_us=19331985 dur_us=3312
UKL-MQTT-BENCH: BUFFULL run_id=try4-c4-cpu start_us=19334686 end_us=19339014 dur_us=4327
UKL-MQTT-BENCH: BUFFULL run_id=try4-c4-cpu start_us=19342263 end_us=19344984 dur_us=2720
UKL-MQTT-BENCH: BUFFULL run_id=try4-c4-cpu start_us=19347678 end_us=19351128 dur_us=3449
UKL-MQTT-BENCH: BUFFULL run_id=try4-c4-cpu start_us=19353831 end_us=19358546 dur_us=4714
UKL-MQTT-BENCH: BUFFULL run_id=try4-c4-cpu start_us=19361816 end_us=19362939 dur_us=1122
UKL-MQTT-BENCH: BUFFULL run_id=try4-c4-cpu start_us=19365059 end_us=19367960 dur_us=2901
UKL-MQTT-BENCH: BUFFULL run_id=try4-c4-cpu start_us=19370088 end_us=19375020 dur_us=4931
UKL-MQTT-BENCH: BUFFULL run_id=try4-c4-cpu start_us=19377708 end_us=19379945 dur_us=2236
UKL-MQTT-BENCH: BUFFULL run_id=try4-c4-cpu start_us=19382636 end_us=19385989 dur_us=3353
UKL-MQTT-BENCH: BUFFULL run_id=try4-c4-cpu start_us=19388671 end_us=19390965 dur_us=2293
UKL-MQTT-BENCH: BUFFULL run_id=try4-c4-cpu start_us=19393096 end_us=19398008 dur_us=4912
UKL-MQTT-BENCH: BUFFULL run_id=try4-c4-cpu start_us=19401246 end_us=19403972 dur_us=2726
UKL-MQTT-BENCH: BUFFULL run_id=try4-c4-cpu start_us=19406685 end_us=19408964 dur_us=2279
UKL-MQTT-BENCH: BUFFULL run_id=try4-c4-cpu start_us=19411090 end_us=19414969 dur_us=3879
UKL-MQTT-BENCH: BUFFULL run_id=try4-c4-cpu start_us=19417668 end_us=19420986 dur_us=3318
UKL-MQTT-BENCH: BUFFULL run_id=try4-c4-cpu start_us=19423674 end_us=19426959 dur_us=3285
UKL-MQTT-BENCH: BUFFULL run_id=try4-c4-cpu start_us=19429643 end_us=19432993 dur_us=3350
UKL-MQTT-BENCH: BUFFULL run_id=try4-c4-cpu start_us=19435688 end_us=19438968 dur_us=3280
UKL-MQTT-BENCH: BUFFULL run_id=try4-c4-cpu start_us=19441664 end_us=19446006 dur_us=4342
UKL-MQTT-BENCH: BUFFULL run_id=try4-c4-cpu start_us=19449464 end_us=19452002 dur_us=2538
UKL-MQTT-BENCH: BUFFULL run_id=try4-c4-cpu start_us=19454702 end_us=19458518 dur_us=3815
UKL-MQTT-BENCH: BUFFULL run_id=try4-c4-cpu start_us=19461222 end_us=19464521 dur_us=3298
UKL-MQTT-BENCH: BUFFULL run_id=try4-c4-cpu start_us=19467216 end_us=19470519 dur_us=3303
UKL-MQTT-BENCH: BUFFULL run_id=try4-c4-cpu start_us=19473218 end_us=19476508 dur_us=3290
UKL-MQTT-BENCH: BUFFULL run_id=try4-c4-cpu start_us=19479276 end_us=19482527 dur_us=3250
UKL-MQTT-BENCH: BUFFULL run_id=try4-c4-cpu start_us=19485320 end_us=19488536 dur_us=3215
UKL-MQTT-BENCH: BUFFULL run_id=try4-c4-cpu start_us=19491277 end_us=19496021 dur_us=4744
UKL-MQTT-BENCH: BUFFULL run_id=try4-c4-cpu start_us=19499280 end_us=19501984 dur_us=2703
UKL-MQTT-BENCH: BUFFULL run_id=try4-c4-cpu start_us=19504671 end_us=19507994 dur_us=3322
UKL-MQTT-BENCH: BUFFULL run_id=try4-c4-cpu start_us=19510732 end_us=19515007 dur_us=4275
UKL-MQTT-BENCH: BUFFULL run_id=try4-c4-cpu start_us=19518241 end_us=19519961 dur_us=1719
UKL-MQTT-BENCH: BUFFULL run_id=try4-c4-cpu start_us=19522091 end_us=19524494 dur_us=2403
UKL-MQTT-BENCH: BUFFULL run_id=try4-c4-cpu start_us=19526623 end_us=19531576 dur_us=4953
UKL-MQTT-BENCH: BUFFULL run_id=try4-c4-cpu start_us=19534274 end_us=19536495 dur_us=2220
UKL-MQTT-BENCH: BUFFULL run_id=try4-c4-cpu start_us=19539220 end_us=19542522 dur_us=3302
UKL-MQTT-BENCH: BUFFULL run_id=try4-c4-cpu start_us=19545228 end_us=19547512 dur_us=2283
UKL-MQTT-BENCH: BUFFULL run_id=try4-c4-cpu start_us=19549632 end_us=19554541 dur_us=4909
UKL-MQTT-BENCH: BUFFULL run_id=try4-c4-cpu start_us=19557787 end_us=19561002 dur_us=3215
UKL-MQTT-BENCH: BUFFULL run_id=try4-c4-cpu start_us=19563694 end_us=19565495 dur_us=1800
UKL-MQTT-BENCH: BUFFULL run_id=try4-c4-cpu start_us=19567622 end_us=19571528 dur_us=3906
UKL-MQTT-BENCH: BUFFULL run_id=try4-c4-cpu start_us=19574216 end_us=19577527 dur_us=3311
UKL-MQTT-BENCH: BUFFULL run_id=try4-c4-cpu start_us=19580213 end_us=19583509 dur_us=3295
UKL-MQTT-BENCH: BUFFULL run_id=try4-c4-cpu start_us=19586214 end_us=19589524 dur_us=3309
UKL-MQTT-BENCH: BUFFULL run_id=try4-c4-cpu start_us=19592209 end_us=19595494 dur_us=3284
UKL-MQTT-BENCH: BUFFULL run_id=try4-c4-cpu start_us=19598182 end_us=19602991 dur_us=4808
UKL-MQTT-BENCH: BUFFULL run_id=try4-c4-cpu start_us=19606245 end_us=19608974 dur_us=2728
UKL-MQTT-BENCH: BUFFULL run_id=try4-c4-cpu start_us=19611659 end_us=19615974 dur_us=4315
UKL-MQTT-BENCH: BUFFULL run_id=try4-c4-cpu start_us=19619217 end_us=19621980 dur_us=2762
UKL-MQTT-BENCH: BUFFULL run_id=try4-c4-cpu start_us=19624662 end_us=19629539 dur_us=4876
UKL-MQTT-BENCH: BUFFULL run_id=try4-c4-cpu start_us=19632782 end_us=19636558 dur_us=3775
UKL-MQTT-BENCH: BUFFULL run_id=try4-c4-cpu start_us=19639828 end_us=19643003 dur_us=3175
UKL-MQTT-BENCH: BUFFULL run_id=try4-c4-cpu start_us=19645702 end_us=19648992 dur_us=3289
UKL-MQTT-BENCH: BUFFULL run_id=try4-c4-cpu start_us=19651725 end_us=19654977 dur_us=3251
UKL-MQTT-BENCH: BUFFULL run_id=try4-c4-cpu start_us=19657677 end_us=19659480 dur_us=1802
UKL-MQTT-BENCH: BUFFULL run_id=try4-c4-cpu start_us=19661600 end_us=19665525 dur_us=3925
UKL-MQTT-BENCH: BUFFULL run_id=try4-c4-cpu start_us=19668214 end_us=19671520 dur_us=3305
UKL-MQTT-BENCH: BUFFULL run_id=try4-c4-cpu start_us=19674216 end_us=19679002 dur_us=4785
UKL-MQTT-BENCH: BUFFULL run_id=try4-c4-cpu start_us=19682253 end_us=19684972 dur_us=2719
UKL-MQTT-BENCH: BUFFULL run_id=try4-c4-cpu start_us=19687652 end_us=19690979 dur_us=3327
UKL-MQTT-BENCH: BUFFULL run_id=try4-c4-cpu start_us=19693661 end_us=19696967 dur_us=3306
UKL-MQTT-BENCH: BUFFULL run_id=try4-c4-cpu start_us=19699649 end_us=19702980 dur_us=3330
UKL-MQTT-BENCH: BUFFULL run_id=try4-c4-cpu start_us=19705678 end_us=19708985 dur_us=3307
UKL-MQTT-BENCH: BUFFULL run_id=try4-c4-cpu start_us=19711665 end_us=19716003 dur_us=4337
UKL-MQTT-BENCH: BUFFULL run_id=try4-c4-cpu start_us=19719241 end_us=19721973 dur_us=2732
UKL-MQTT-BENCH: BUFFULL run_id=try4-c4-cpu start_us=19724653 end_us=19727980 dur_us=3326
UKL-MQTT-BENCH: BUFFULL run_id=try4-c4-cpu start_us=19730668 end_us=19734979 dur_us=4310
UKL-MQTT-BENCH: BUFFULL run_id=try4-c4-cpu start_us=19738237 end_us=19741532 dur_us=3294
UKL-MQTT-BENCH: BUFFULL run_id=try4-c4-cpu start_us=19744236 end_us=19745988 dur_us=1752
UKL-MQTT-BENCH: BUFFULL run_id=try4-c4-cpu start_us=19748107 end_us=19753523 dur_us=5416
UKL-MQTT-BENCH: BUFFULL run_id=try4-c4-cpu start_us=19756764 end_us=19757964 dur_us=1200
UKL-MQTT-BENCH: BUFFULL run_id=try4-c4-cpu start_us=19760080 end_us=19763986 dur_us=3906
UKL-MQTT-BENCH: BUFFULL run_id=try4-c4-cpu start_us=19766673 end_us=19772565 dur_us=5892
UKL-MQTT-BENCH: BUFFULL run_id=try4-c4-cpu start_us=19776389 end_us=19778995 dur_us=2606
UKL-MQTT-BENCH: BUFFULL run_id=try4-c4-cpu start_us=19781710 end_us=19785980 dur_us=4269
UKL-MQTT-BENCH: BUFFULL run_id=try4-c4-cpu start_us=19789204 end_us=19791969 dur_us=2765
UKL-MQTT-BENCH: BUFFULL run_id=try4-c4-cpu start_us=19794659 end_us=19797518 dur_us=2858
UKL-MQTT-BENCH: BUFFULL run_id=try4-c4-cpu start_us=19800202 end_us=19803525 dur_us=3322
UKL-MQTT-BENCH: BUFFULL run_id=try4-c4-cpu start_us=19806239 end_us=19809511 dur_us=3272
UKL-MQTT-BENCH: BUFFULL run_id=try4-c4-cpu start_us=19812204 end_us=19814501 dur_us=2297
UKL-MQTT-BENCH: BUFFULL run_id=try4-c4-cpu start_us=19816616 end_us=19819980 dur_us=3363
UKL-MQTT-BENCH: BUFFULL run_id=try4-c4-cpu start_us=19822107 end_us=19825985 dur_us=3878
UKL-MQTT-BENCH: BUFFULL run_id=try4-c4-cpu start_us=19828673 end_us=19831481 dur_us=2808
UKL-MQTT-BENCH: BUFFULL run_id=try4-c4-cpu start_us=19834186 end_us=19837508 dur_us=3322
UKL-MQTT-BENCH: BUFFULL run_id=try4-c4-cpu start_us=19840203 end_us=19842519 dur_us=2315
UKL-MQTT-BENCH: BUFFULL run_id=try4-c4-cpu start_us=19844668 end_us=19847964 dur_us=3295
UKL-MQTT-BENCH: BUFFULL run_id=try4-c4-cpu start_us=19850655 end_us=19855524 dur_us=4868
UKL-MQTT-BENCH: BUFFULL run_id=try4-c4-cpu start_us=19858779 end_us=19861518 dur_us=2738
UKL-MQTT-BENCH: BUFFULL run_id=try4-c4-cpu start_us=19864210 end_us=19867547 dur_us=3337
UKL-MQTT-BENCH: BUFFULL run_id=try4-c4-cpu start_us=19870240 end_us=19874511 dur_us=4271
UKL-MQTT-BENCH: BUFFULL run_id=try4-c4-cpu start_us=19877750 end_us=19880530 dur_us=2780
UKL-MQTT-BENCH: BUFFULL run_id=try4-c4-cpu start_us=19883230 end_us=19885500 dur_us=2270
UKL-MQTT-BENCH: BUFFULL run_id=try4-c4-cpu start_us=19887627 end_us=19894034 dur_us=6406
UKL-MQTT-BENCH: BUFFULL run_id=try4-c4-cpu start_us=19897849 end_us=19899977 dur_us=2127
UKL-MQTT-BENCH: BUFFULL run_id=try4-c4-cpu start_us=19902681 end_us=19905972 dur_us=3291
UKL-MQTT-BENCH: BUFFULL run_id=try4-c4-cpu start_us=19908660 end_us=19910490 dur_us=1829
UKL-MQTT-BENCH: BUFFULL run_id=try4-c4-cpu start_us=19912624 end_us=19916540 dur_us=3916
UKL-MQTT-BENCH: BUFFULL run_id=try4-c4-cpu start_us=19919264 end_us=19922524 dur_us=3259
UKL-MQTT-BENCH: BUFFULL run_id=try4-c4-cpu start_us=19925208 end_us=19928510 dur_us=3302
UKL-MQTT-BENCH: BUFFULL run_id=try4-c4-cpu start_us=19931211 end_us=19934519 dur_us=3308
UKL-MQTT-BENCH: BUFFULL run_id=try4-c4-cpu start_us=19937220 end_us=19940981 dur_us=3761
UKL-MQTT-BENCH: BUFFULL run_id=try4-c4-cpu start_us=19943659 end_us=19947997 dur_us=4337
UKL-MQTT-BENCH: BUFFULL run_id=try4-c4-cpu start_us=19951232 end_us=19953978 dur_us=2745
UKL-MQTT-BENCH: BUFFULL run_id=try4-c4-cpu start_us=19956666 end_us=19959981 dur_us=3314
UKL-MQTT-BENCH: BUFFULL run_id=try4-c4-cpu start_us=19962678 end_us=19966988 dur_us=4310
UKL-MQTT-BENCH: BUFFULL run_id=try4-c4-cpu start_us=19970234 end_us=19971939 dur_us=1704
UKL-MQTT-BENCH: BUFFULL run_id=try4-c4-cpu start_us=19974066 end_us=19976490 dur_us=2424
UKL-MQTT-BENCH: BUFFULL run_id=try4-c4-cpu start_us=19978615 end_us=19983566 dur_us=4950
UKL-MQTT-BENCH: BUFFULL run_id=try4-c4-cpu start_us=19986279 end_us=19988479 dur_us=2199
UKL-MQTT-BENCH: BUFFULL run_id=try4-c4-cpu start_us=19991166 end_us=19994517 dur_us=3350
UKL-MQTT-BENCH: BUFFULL run_id=try4-c4-cpu start_us=19997206 end_us=19999497 dur_us=2290
UKL-MQTT-BENCH: BUFFULL run_id=try4-c4-cpu start_us=20001741 end_us=20007031 dur_us=5290
UKL-MQTT-BENCH: BUFFULL run_id=try4-c4-cpu start_us=20010497 end_us=20013552 dur_us=3054
UKL-MQTT-BENCH: BUFFULL run_id=try4-c4-cpu start_us=20016432 end_us=20019991 dur_us=3559
UKL-MQTT-BENCH: BUFFULL run_id=try4-c4-cpu start_us=20022881 end_us=20027571 dur_us=4690
UKL-MQTT-BENCH: BUFFULL run_id=try4-c4-cpu start_us=20031036 end_us=20035062 dur_us=4025
UKL-MQTT-BENCH: BUFFULL run_id=try4-c4-cpu start_us=20038503 end_us=20042609 dur_us=4106
UKL-MQTT-BENCH: BUFFULL run_id=try4-c4-cpu start_us=20045974 end_us=20050575 dur_us=4601
UKL-MQTT-BENCH: BUFFULL run_id=try4-c4-cpu start_us=20053933 end_us=20057024 dur_us=3091
UKL-MQTT-BENCH: BUFFULL run_id=try4-c4-cpu start_us=20059897 end_us=20063544 dur_us=3647
UKL-MQTT-BENCH: BUFFULL run_id=try4-c4-cpu start_us=20066421 end_us=20071017 dur_us=4595
UKL-MQTT-BENCH: BUFFULL run_id=try4-c4-cpu start_us=20074478 end_us=20077984 dur_us=3506
UKL-MQTT-BENCH: BUFFULL run_id=try4-c4-cpu start_us=20080878 end_us=20086035 dur_us=5156
UKL-MQTT-BENCH: BUFFULL run_id=try4-c4-cpu start_us=20089492 end_us=20094035 dur_us=4542
UKL-MQTT-BENCH: BUFFULL run_id=try4-c4-cpu start_us=20097496 end_us=20100557 dur_us=3060
UKL-MQTT-BENCH: BUFFULL run_id=try4-c4-cpu start_us=20103434 end_us=20106547 dur_us=3112
UKL-MQTT-BENCH: BUFFULL run_id=try4-c4-cpu start_us=20109416 end_us=20113555 dur_us=4139
UKL-MQTT-BENCH: BUFFULL run_id=try4-c4-cpu start_us=20116431 end_us=20118530 dur_us=2099
UKL-MQTT-BENCH: BUFFULL run_id=try4-c4-cpu start_us=20120827 end_us=20125025 dur_us=4198
UKL-MQTT-BENCH: BUFFULL run_id=try4-c4-cpu start_us=20127883 end_us=20131051 dur_us=3167
UKL-MQTT-BENCH: BUFFULL run_id=try4-c4-cpu start_us=20133323 end_us=20138115 dur_us=4792
UKL-MQTT-BENCH: BUFFULL run_id=try4-c4-cpu start_us=20141539 end_us=20143531 dur_us=1992
UKL-MQTT-BENCH: BUFFULL run_id=try4-c4-cpu start_us=20145808 end_us=20149993 dur_us=4185
UKL-MQTT-BENCH: BUFFULL run_id=try4-c4-cpu start_us=20152774 end_us=20155246 dur_us=2472
UKL-MQTT-BENCH: BUFFULL run_id=try4-c4-cpu start_us=20157487 end_us=20161039 dur_us=3552
UKL-MQTT-BENCH: BUFFULL run_id=try4-c4-cpu start_us=20163313 end_us=20168032 dur_us=4718
UKL-MQTT-BENCH: BUFFULL run_id=try4-c4-cpu start_us=20170904 end_us=20175028 dur_us=4123
UKL-MQTT-BENCH: BUFFULL run_id=try4-c4-cpu start_us=20178483 end_us=20179528 dur_us=1045
UKL-MQTT-BENCH: BUFFULL run_id=try4-c4-cpu start_us=20181223 end_us=20185534 dur_us=4311
UKL-MQTT-BENCH: BUFFULL run_id=try4-c4-cpu start_us=20188411 end_us=20191547 dur_us=3135
UKL-MQTT-BENCH: BUFFULL run_id=try4-c4-cpu start_us=20194412 end_us=20196957 dur_us=2545
UKL-MQTT-BENCH: BUFFULL run_id=try4-c4-cpu start_us=20199219 end_us=20202986 dur_us=3767
UKL-MQTT-BENCH: BUFFULL run_id=try4-c4-cpu start_us=20205866 end_us=20209546 dur_us=3679
UKL-MQTT-BENCH: BUFFULL run_id=try4-c4-cpu start_us=20211811 end_us=20214969 dur_us=3158
UKL-MQTT-BENCH: BUFFULL run_id=try4-c4-cpu start_us=20217880 end_us=20222586 dur_us=4705
UKL-MQTT-BENCH: BUFFULL run_id=try4-c4-cpu start_us=20226040 end_us=20229007 dur_us=2967
UKL-MQTT-BENCH: BUFFULL run_id=try4-c4-cpu start_us=20231887 end_us=20235557 dur_us=3669
UKL-MQTT-BENCH: BUFFULL run_id=try4-c4-cpu start_us=20238428 end_us=20242001 dur_us=3572
UKL-MQTT-BENCH: BUFFULL run_id=try4-c4-cpu start_us=20244877 end_us=20248559 dur_us=3681
UKL-MQTT-BENCH: BUFFULL run_id=try4-c4-cpu start_us=20251439 end_us=20256022 dur_us=4583
UKL-MQTT-BENCH: BUFFULL run_id=try4-c4-cpu start_us=20259495 end_us=20262561 dur_us=3065
UKL-MQTT-BENCH: BUFFULL run_id=try4-c4-cpu start_us=20265426 end_us=20270582 dur_us=5156
UKL-MQTT-BENCH: BUFFULL run_id=try4-c4-cpu start_us=20274392 end_us=20279674 dur_us=5281
UKL-MQTT-BENCH: BUFFULL run_id=try4-c4-cpu start_us=20282934 end_us=20285554 dur_us=2620
UKL-MQTT-BENCH: BUFFULL run_id=try4-c4-cpu start_us=20288313 end_us=20291548 dur_us=3234
UKL-MQTT-BENCH: BUFFULL run_id=try4-c4-cpu start_us=20294261 end_us=20297516 dur_us=3254
UKL-MQTT-BENCH: BUFFULL run_id=try4-c4-cpu start_us=20300205 end_us=20303522 dur_us=3317
UKL-MQTT-BENCH: BUFFULL run_id=try4-c4-cpu start_us=20306231 end_us=20309516 dur_us=3284
UKL-MQTT-BENCH: BUFFULL run_id=try4-c4-cpu start_us=20312259 end_us=20316999 dur_us=4740
UKL-MQTT-BENCH: BUFFULL run_id=try4-c4-cpu start_us=20320233 end_us=20322990 dur_us=2756
UKL-MQTT-BENCH: BUFFULL run_id=try4-c4-cpu start_us=20325689 end_us=20328975 dur_us=3286
UKL-MQTT-BENCH: BUFFULL run_id=try4-c4-cpu start_us=20331650 end_us=20334976 dur_us=3325
UKL-MQTT-BENCH: BUFFULL run_id=try4-c4-cpu start_us=20337674 end_us=20340971 dur_us=3297
UKL-MQTT-BENCH: BUFFULL run_id=try4-c4-cpu start_us=20343655 end_us=20346966 dur_us=3311
UKL-MQTT-BENCH: BUFFULL run_id=try4-c4-cpu start_us=20349648 end_us=20352961 dur_us=3312
UKL-MQTT-BENCH: BUFFULL run_id=try4-c4-cpu start_us=20355656 end_us=20358966 dur_us=3309
UKL-MQTT-BENCH: BUFFULL run_id=try4-c4-cpu start_us=20361664 end_us=20364963 dur_us=3298
UKL-MQTT-BENCH: BUFFULL run_id=try4-c4-cpu start_us=20367656 end_us=20372553 dur_us=4897
UKL-MQTT-BENCH: BUFFULL run_id=try4-c4-cpu start_us=20375803 end_us=20378535 dur_us=2731
UKL-MQTT-BENCH: BUFFULL run_id=try4-c4-cpu start_us=20381236 end_us=20384528 dur_us=3291
UKL-MQTT-BENCH: BUFFULL run_id=try4-c4-cpu start_us=20387241 end_us=20391548 dur_us=4307
UKL-MQTT-BENCH: BUFFULL run_id=try4-c4-cpu start_us=20394811 end_us=20396505 dur_us=1693
UKL-MQTT-BENCH: BUFFULL run_id=try4-c4-cpu start_us=20398633 end_us=20401509 dur_us=2876
UKL-MQTT-BENCH: BUFFULL run_id=try4-c4-cpu start_us=20403639 end_us=20408020 dur_us=4381
UKL-MQTT-BENCH: BUFFULL run_id=try4-c4-cpu start_us=20410699 end_us=20413498 dur_us=2798
UKL-MQTT-BENCH: BUFFULL run_id=try4-c4-cpu start_us=20416186 end_us=20419519 dur_us=3333
UKL-MQTT-BENCH: BUFFULL run_id=try4-c4-cpu start_us=20422196 end_us=20424487 dur_us=2291
UKL-MQTT-BENCH: BUFFULL run_id=try4-c4-cpu start_us=20426604 end_us=20431534 dur_us=4930
UKL-MQTT-BENCH: BUFFULL run_id=try4-c4-cpu start_us=20434789 end_us=20437519 dur_us=2730
UKL-MQTT-BENCH: BUFFULL run_id=try4-c4-cpu start_us=20440218 end_us=20443513 dur_us=3295
UKL-MQTT-BENCH: BUFFULL run_id=try4-c4-cpu start_us=20446213 end_us=20450543 dur_us=4330
UKL-MQTT-BENCH: BUFFULL run_id=try4-c4-cpu start_us=20453791 end_us=20457978 dur_us=4186
UKL-MQTT-BENCH: BUFFULL run_id=try4-c4-cpu start_us=20461265 end_us=20464991 dur_us=3726
UKL-MQTT-BENCH: BUFFULL run_id=try4-c4-cpu start_us=20468218 end_us=20472551 dur_us=4332
UKL-MQTT-BENCH: BUFFULL run_id=try4-c4-cpu start_us=20476772 end_us=20479082 dur_us=2309
UKL-MQTT-BENCH: BUFFULL run_id=try4-c4-cpu start_us=20481787 end_us=20484979 dur_us=3191
UKL-MQTT-BENCH: BUFFULL run_id=try4-c4-cpu start_us=20487681 end_us=20490978 dur_us=3297
UKL-MQTT-BENCH: BUFFULL run_id=try4-c4-cpu start_us=20493682 end_us=20496962 dur_us=3280
UKL-MQTT-BENCH: BUFFULL run_id=try4-c4-cpu start_us=20499650 end_us=20502980 dur_us=3330
UKL-MQTT-BENCH: BUFFULL run_id=try4-c4-cpu start_us=20505679 end_us=20508985 dur_us=3305
UKL-MQTT-BENCH: BUFFULL run_id=try4-c4-cpu start_us=20511697 end_us=20514948 dur_us=3250
UKL-MQTT-BENCH: BUFFULL run_id=try4-c4-cpu start_us=20517636 end_us=20519935 dur_us=2298
UKL-MQTT-BENCH: BUFFULL run_id=try4-c4-cpu start_us=20522059 end_us=20525976 dur_us=3916
UKL-MQTT-BENCH: BUFFULL run_id=try4-c4-cpu start_us=20528680 end_us=20532993 dur_us=4312
UKL-MQTT-BENCH: BUFFULL run_id=try4-c4-cpu start_us=20536250 end_us=20538961 dur_us=2710
UKL-MQTT-BENCH: BUFFULL run_id=try4-c4-cpu start_us=20541664 end_us=20544972 dur_us=3307
UKL-MQTT-BENCH: BUFFULL run_id=try4-c4-cpu start_us=20547663 end_us=20552536 dur_us=4873
UKL-MQTT-BENCH: BUFFULL run_id=try4-c4-cpu start_us=20555793 end_us=20556935 dur_us=1141
UKL-MQTT-BENCH: BUFFULL run_id=try4-c4-cpu start_us=20559058 end_us=20563126 dur_us=4068
UKL-MQTT-BENCH: BUFFULL run_id=try4-c4-cpu start_us=20565832 end_us=20570542 dur_us=4709
UKL-MQTT-BENCH: BUFFULL run_id=try4-c4-cpu start_us=20573797 end_us=20576530 dur_us=2733
UKL-MQTT-BENCH: BUFFULL run_id=try4-c4-cpu start_us=20579205 end_us=20582527 dur_us=3322
UKL-MQTT-BENCH: BUFFULL run_id=try4-c4-cpu start_us=20585233 end_us=20588508 dur_us=3274
UKL-MQTT-BENCH: BUFFULL run_id=try4-c4-cpu start_us=20591213 end_us=20594526 dur_us=3312
UKL-MQTT-BENCH: BUFFULL run_id=try4-c4-cpu start_us=20597212 end_us=20600517 dur_us=3304
UKL-MQTT-BENCH: BUFFULL run_id=try4-c4-cpu start_us=20603194 end_us=20607550 dur_us=4356
UKL-MQTT-BENCH: BUFFULL run_id=try4-c4-cpu start_us=20610807 end_us=20613529 dur_us=2722
UKL-MQTT-BENCH: BUFFULL run_id=try4-c4-cpu start_us=20616218 end_us=20619517 dur_us=3298
UKL-MQTT-BENCH: BUFFULL run_id=try4-c4-cpu start_us=20622209 end_us=20626980 dur_us=4771
UKL-MQTT-BENCH: BUFFULL run_id=try4-c4-cpu start_us=20630233 end_us=20631477 dur_us=1243
UKL-MQTT-BENCH: BUFFULL run_id=try4-c4-cpu start_us=20633657 end_us=20636503 dur_us=2846
UKL-MQTT-BENCH: BUFFULL run_id=try4-c4-cpu start_us=20638631 end_us=20643550 dur_us=4918
UKL-MQTT-BENCH: BUFFULL run_id=try4-c4-cpu start_us=20646262 end_us=20648485 dur_us=2222
UKL-MQTT-BENCH: BUFFULL run_id=try4-c4-cpu start_us=20651172 end_us=20654526 dur_us=3353
UKL-MQTT-BENCH: BUFFULL run_id=try4-c4-cpu start_us=20657229 end_us=20659527 dur_us=2298
UKL-MQTT-BENCH: BUFFULL run_id=try4-c4-cpu start_us=20661661 end_us=20665504 dur_us=3842
UKL-MQTT-BENCH: BUFFULL run_id=try4-c4-cpu start_us=20668187 end_us=20672556 dur_us=4369
UKL-MQTT-BENCH: BUFFULL run_id=try4-c4-cpu start_us=20675807 end_us=20678517 dur_us=2709
UKL-MQTT-BENCH: BUFFULL run_id=try4-c4-cpu start_us=20681219 end_us=20685990 dur_us=4770
UKL-MQTT-BENCH: BUFFULL run_id=try4-c4-cpu start_us=20689217 end_us=20691968 dur_us=2751
UKL-MQTT-BENCH: BUFFULL run_id=try4-c4-cpu start_us=20694648 end_us=20697525 dur_us=2877
UKL-MQTT-BENCH: BUFFULL run_id=try4-c4-cpu start_us=20700229 end_us=20704988 dur_us=4759
UKL-MQTT-BENCH: BUFFULL run_id=try4-c4-cpu start_us=20708246 end_us=20709937 dur_us=1691
UKL-MQTT-BENCH: BUFFULL run_id=try4-c4-cpu start_us=20712061 end_us=20714500 dur_us=2438
UKL-MQTT-BENCH: BUFFULL run_id=try4-c4-cpu start_us=20716617 end_us=20721600 dur_us=4983
UKL-MQTT-BENCH: BUFFULL run_id=try4-c4-cpu start_us=20724290 end_us=20726480 dur_us=2190
UKL-MQTT-BENCH: BUFFULL run_id=try4-c4-cpu start_us=20729191 end_us=20732519 dur_us=3328
UKL-MQTT-BENCH: BUFFULL run_id=try4-c4-cpu start_us=20735240 end_us=20737502 dur_us=2261
UKL-MQTT-BENCH: BUFFULL run_id=try4-c4-cpu start_us=20739620 end_us=20744540 dur_us=4920
UKL-MQTT-BENCH: BUFFULL run_id=try4-c4-cpu start_us=20747798 end_us=20750518 dur_us=2720
UKL-MQTT-BENCH: BUFFULL run_id=try4-c4-cpu start_us=20753198 end_us=20756526 dur_us=3328
UKL-MQTT-BENCH: BUFFULL run_id=try4-c4-cpu start_us=20759210 end_us=20762514 dur_us=3303
UKL-MQTT-BENCH: BUFFULL run_id=try4-c4-cpu start_us=20765203 end_us=20768526 dur_us=3323
UKL-MQTT-BENCH: BUFFULL run_id=try4-c4-cpu start_us=20771230 end_us=20774527 dur_us=3296
UKL-MQTT-BENCH: BUFFULL run_id=try4-c4-cpu start_us=20777231 end_us=20781516 dur_us=4285
UKL-MQTT-BENCH: BUFFULL run_id=try4-c4-cpu start_us=20784766 end_us=20787525 dur_us=2759
UKL-MQTT-BENCH: BUFFULL run_id=try4-c4-cpu start_us=20790225 end_us=20793509 dur_us=3283
UKL-MQTT-BENCH: BUFFULL run_id=try4-c4-cpu start_us=20796203 end_us=20802027 dur_us=5823
UKL-MQTT-BENCH: BUFFULL run_id=try4-c4-cpu start_us=20805893 end_us=20807989 dur_us=2095
UKL-MQTT-BENCH: BUFFULL run_id=try4-c4-cpu start_us=20810682 end_us=20815544 dur_us=4862
UKL-MQTT-BENCH: BUFFULL run_id=try4-c4-cpu start_us=20818791 end_us=20821524 dur_us=2732
UKL-MQTT-BENCH: BUFFULL run_id=try4-c4-cpu start_us=20824216 end_us=20827548 dur_us=3332
UKL-MQTT-BENCH: BUFFULL run_id=try4-c4-cpu start_us=20830235 end_us=20833515 dur_us=3279
UKL-MQTT-BENCH: BUFFULL run_id=try4-c4-cpu start_us=20836209 end_us=20839526 dur_us=3317
UKL-MQTT-BENCH: BUFFULL run_id=try4-c4-cpu start_us=20842265 end_us=20843933 dur_us=1668
UKL-MQTT-BENCH: BUFFULL run_id=try4-c4-cpu start_us=20846055 end_us=20849973 dur_us=3917
UKL-MQTT-BENCH: BUFFULL run_id=try4-c4-cpu start_us=20852671 end_us=20855960 dur_us=3288
UKL-MQTT-BENCH: BUFFULL run_id=try4-c4-cpu start_us=20858650 end_us=20863543 dur_us=4893
UKL-MQTT-BENCH: BUFFULL run_id=try4-c4-cpu start_us=20866877 end_us=20867941 dur_us=1063
UKL-MQTT-BENCH: BUFFULL run_id=try4-c4-cpu start_us=20870087 end_us=20873981 dur_us=3894
UKL-MQTT-BENCH: BUFFULL run_id=try4-c4-cpu start_us=20876679 end_us=20879959 dur_us=3279
UKL-MQTT-BENCH: BUFFULL run_id=try4-c4-cpu start_us=20882669 end_us=20885965 dur_us=3295
UKL-MQTT-BENCH: BUFFULL run_id=try4-c4-cpu start_us=20888656 end_us=20890939 dur_us=2283
UKL-MQTT-BENCH: BUFFULL run_id=try4-c4-cpu start_us=20893057 end_us=20896523 dur_us=3466
UKL-MQTT-BENCH: BUFFULL run_id=try4-c4-cpu start_us=20899215 end_us=20902527 dur_us=3311
UKL-MQTT-BENCH: BUFFULL run_id=try4-c4-cpu start_us=20905222 end_us=20908523 dur_us=3300
UKL-MQTT-BENCH: BUFFULL run_id=try4-c4-cpu start_us=20911228 end_us=20914519 dur_us=3290
UKL-MQTT-BENCH: BUFFULL run_id=try4-c4-cpu start_us=20917201 end_us=20920521 dur_us=3319
UKL-MQTT-BENCH: BUFFULL run_id=try4-c4-cpu start_us=20923231 end_us=20926517 dur_us=3285
UKL-MQTT-BENCH: BUFFULL run_id=try4-c4-cpu start_us=20929207 end_us=20933949 dur_us=4742
UKL-MQTT-BENCH: BUFFULL run_id=try4-c4-cpu start_us=20937234 end_us=20938511 dur_us=1277
UKL-MQTT-BENCH: BUFFULL run_id=try4-c4-cpu start_us=20940627 end_us=20944528 dur_us=3901
UKL-MQTT-BENCH: BUFFULL run_id=try4-c4-cpu start_us=20947225 end_us=20953017 dur_us=5791
UKL-MQTT-BENCH: BUFFULL run_id=try4-c4-cpu start_us=20956807 end_us=20958910 dur_us=2103
UKL-MQTT-BENCH: BUFFULL run_id=try4-c4-cpu start_us=20961591 end_us=20964960 dur_us=3368
UKL-MQTT-BENCH: BUFFULL run_id=try4-c4-cpu start_us=20967644 end_us=20969940 dur_us=2296
UKL-MQTT-BENCH: BUFFULL run_id=try4-c4-cpu start_us=20972085 end_us=20976971 dur_us=4885
UKL-MQTT-BENCH: BUFFULL run_id=try4-c4-cpu start_us=20980211 end_us=20982947 dur_us=2735
UKL-MQTT-BENCH: BUFFULL run_id=try4-c4-cpu start_us=20985823 end_us=20990550 dur_us=4727
UKL-MQTT-BENCH: BUFFULL run_id=try4-c4-cpu start_us=20993868 end_us=20997982 dur_us=4113
UKL-MQTT-BENCH: BUFFULL run_id=try4-c4-cpu start_us=21001214 end_us=21002937 dur_us=1723
UKL-MQTT-BENCH: BUFFULL run_id=try4-c4-cpu start_us=21005203 end_us=21009040 dur_us=3837
UKL-MQTT-BENCH: BUFFULL run_id=try4-c4-cpu start_us=21011747 end_us=21016571 dur_us=4824
UKL-MQTT-BENCH: BUFFULL run_id=try4-c4-cpu start_us=21019830 end_us=21022550 dur_us=2720
UKL-MQTT-BENCH: BUFFULL run_id=try4-c4-cpu start_us=21025254 end_us=21028532 dur_us=3278
UKL-MQTT-BENCH: BUFFULL run_id=try4-c4-cpu start_us=21031220 end_us=21034524 dur_us=3304
UKL-MQTT-BENCH: BUFFULL run_id=try4-c4-cpu start_us=21037235 end_us=21040527 dur_us=3292
UKL-MQTT-BENCH: BUFFULL run_id=try4-c4-cpu start_us=21043219 end_us=21046523 dur_us=3304
UKL-MQTT-BENCH: BUFFULL run_id=try4-c4-cpu start_us=21049282 end_us=21052513 dur_us=3230
UKL-MQTT-BENCH: BUFFULL run_id=try4-c4-cpu start_us=21055202 end_us=21058524 dur_us=3322
UKL-MQTT-BENCH: BUFFULL run_id=try4-c4-cpu start_us=21061216 end_us=21064516 dur_us=3300
UKL-MQTT-BENCH: BUFFULL run_id=try4-c4-cpu start_us=21067207 end_us=21071550 dur_us=4342
UKL-MQTT-BENCH: BUFFULL run_id=try4-c4-cpu start_us=21074813 end_us=21077529 dur_us=2715
UKL-MQTT-BENCH: BUFFULL run_id=try4-c4-cpu start_us=21080229 end_us=21083528 dur_us=3299
UKL-MQTT-BENCH: BUFFULL run_id=try4-c4-cpu start_us=21086233 end_us=21089514 dur_us=3280
UKL-MQTT-BENCH: BUFFULL run_id=try4-c4-cpu start_us=21092224 end_us=21095520 dur_us=3296
UKL-MQTT-BENCH: BUFFULL run_id=try4-c4-cpu start_us=21098222 end_us=21101508 dur_us=3285
UKL-MQTT-BENCH: BUFFULL run_id=try4-c4-cpu start_us=21104229 end_us=21107525 dur_us=3296
UKL-MQTT-BENCH: BUFFULL run_id=try4-c4-cpu start_us=21110228 end_us=21113958 dur_us=3730
UKL-MQTT-BENCH: BUFFULL run_id=try4-c4-cpu start_us=21116655 end_us=21120979 dur_us=4324
UKL-MQTT-BENCH: BUFFULL run_id=try4-c4-cpu start_us=21124224 end_us=21126952 dur_us=2728
UKL-MQTT-BENCH: BUFFULL run_id=try4-c4-cpu start_us=21129634 end_us=21132946 dur_us=3311
UKL-MQTT-BENCH: BUFFULL run_id=try4-c4-cpu start_us=21135636 end_us=21140560 dur_us=4924
UKL-MQTT-BENCH: BUFFULL run_id=try4-c4-cpu start_us=21143846 end_us=21144912 dur_us=1066
UKL-MQTT-BENCH: BUFFULL run_id=try4-c4-cpu start_us=21147040 end_us=21149930 dur_us=2889
UKL-MQTT-BENCH: BUFFULL run_id=try4-c4-cpu start_us=21152069 end_us=21156527 dur_us=4457
UKL-MQTT-BENCH: BUFFULL run_id=try4-c4-cpu start_us=21159220 end_us=21161930 dur_us=2710
UKL-MQTT-BENCH: BUFFULL run_id=try4-c4-cpu start_us=21164624 end_us=21167964 dur_us=3340
UKL-MQTT-BENCH: BUFFULL run_id=try4-c4-cpu start_us=21170654 end_us=21173946 dur_us=3292
UKL-MQTT-BENCH: BUFFULL run_id=try4-c4-cpu start_us=21176643 end_us=21180970 dur_us=4327
UKL-MQTT-BENCH: BUFFULL run_id=try4-c4-cpu start_us=21184233 end_us=21186957 dur_us=2724
UKL-MQTT-BENCH: BUFFULL run_id=try4-c4-cpu start_us=21189654 end_us=21192956 dur_us=3302
UKL-MQTT-BENCH: BUFFULL run_id=try4-c4-cpu start_us=21195655 end_us=21200539 dur_us=4884
UKL-MQTT-BENCH: BUFFULL run_id=try4-c4-cpu start_us=21203798 end_us=21204911 dur_us=1112
UKL-MQTT-BENCH: BUFFULL run_id=try4-c4-cpu start_us=21207053 end_us=21209934 dur_us=2881
UKL-MQTT-BENCH: BUFFULL run_id=try4-c4-cpu start_us=21212076 end_us=21216565 dur_us=4488
UKL-MQTT-BENCH: BUFFULL run_id=try4-c4-cpu start_us=21219319 end_us=21221911 dur_us=2592
UKL-MQTT-BENCH: BUFFULL run_id=try4-c4-cpu start_us=21224603 end_us=21227976 dur_us=3372
UKL-MQTT-BENCH: BUFFULL run_id=try4-c4-cpu start_us=21230717 end_us=21232945 dur_us=2227
UKL-MQTT-BENCH: BUFFULL run_id=try4-c4-cpu start_us=21235081 end_us=21240557 dur_us=5476
UKL-MQTT-BENCH: BUFFULL run_id=try4-c4-cpu start_us=21243818 end_us=21246526 dur_us=2707
UKL-MQTT-BENCH: BUFFULL run_id=try4-c4-cpu start_us=21249216 end_us=21250935 dur_us=1719
UKL-MQTT-BENCH: BUFFULL run_id=try4-c4-cpu start_us=21253052 end_us=21256948 dur_us=3896
UKL-MQTT-BENCH: BUFFULL run_id=try4-c4-cpu start_us=21259639 end_us=21262945 dur_us=3305
UKL-MQTT-BENCH: BUFFULL run_id=try4-c4-cpu start_us=21265632 end_us=21268937 dur_us=3305
UKL-MQTT-BENCH: BUFFULL run_id=try4-c4-cpu start_us=21271624 end_us=21274970 dur_us=3345
UKL-MQTT-BENCH: BUFFULL run_id=try4-c4-cpu start_us=21277658 end_us=21280966 dur_us=3307
UKL-MQTT-BENCH: BUFFULL run_id=try4-c4-cpu start_us=21283749 end_us=21288557 dur_us=4807
UKL-MQTT-BENCH: BUFFULL run_id=try4-c4-cpu start_us=21291815 end_us=21294526 dur_us=2710
UKL-MQTT-BENCH: BUFFULL run_id=try4-c4-cpu start_us=21297218 end_us=21300534 dur_us=3316
UKL-MQTT-BENCH: BUFFULL run_id=try4-c4-cpu start_us=21303226 end_us=21307550 dur_us=4324
UKL-MQTT-BENCH: BUFFULL run_id=try4-c4-cpu start_us=21310809 end_us=21312487 dur_us=1677
UKL-MQTT-BENCH: BUFFULL run_id=try4-c4-cpu start_us=21314611 end_us=21317508 dur_us=2896
UKL-MQTT-BENCH: BUFFULL run_id=try4-c4-cpu start_us=21319623 end_us=21323993 dur_us=4369
UKL-MQTT-BENCH: BUFFULL run_id=try4-c4-cpu start_us=21326687 end_us=21329495 dur_us=2807
UKL-MQTT-BENCH: BUFFULL run_id=try4-c4-cpu start_us=21332196 end_us=21335516 dur_us=3320
UKL-MQTT-BENCH: BUFFULL run_id=try4-c4-cpu start_us=21338218 end_us=21340503 dur_us=2285
UKL-MQTT-BENCH: BUFFULL run_id=try4-c4-cpu start_us=21342629 end_us=21347543 dur_us=4913
UKL-MQTT-BENCH: BUFFULL run_id=try4-c4-cpu start_us=21350782 end_us=21353213 dur_us=2431
UKL-MQTT-BENCH: BUFFULL run_id=try4-c4-cpu start_us=21355913 end_us=21359510 dur_us=3597
UKL-MQTT-BENCH: BUFFULL run_id=try4-c4-cpu start_us=21362207 end_us=21365505 dur_us=3298
UKL-MQTT-BENCH: BUFFULL run_id=try4-c4-cpu start_us=21368212 end_us=21371526 dur_us=3314
UKL-MQTT-BENCH: BUFFULL run_id=try4-c4-cpu start_us=21374283 end_us=21377531 dur_us=3247
UKL-MQTT-BENCH: BUFFULL run_id=try4-c4-cpu start_us=21380223 end_us=21384555 dur_us=4331
UKL-MQTT-BENCH: BUFFULL run_id=try4-c4-cpu start_us=21387812 end_us=21390522 dur_us=2709
UKL-MQTT-BENCH: BUFFULL run_id=try4-c4-cpu start_us=21393214 end_us=21396524 dur_us=3309
UKL-MQTT-BENCH: BUFFULL run_id=try4-c4-cpu start_us=21399214 end_us=21403532 dur_us=4317
UKL-MQTT-BENCH: BUFFULL run_id=try4-c4-cpu start_us=21406812 end_us=21408503 dur_us=1690
UKL-MQTT-BENCH: BUFFULL run_id=try4-c4-cpu start_us=21410630 end_us=21413487 dur_us=2856
UKL-MQTT-BENCH: BUFFULL run_id=try4-c4-cpu start_us=21415614 end_us=21420564 dur_us=4949
UKL-MQTT-BENCH: BUFFULL run_id=try4-c4-cpu start_us=21423270 end_us=21425499 dur_us=2228
UKL-MQTT-BENCH: BUFFULL run_id=try4-c4-cpu start_us=21428190 end_us=21433555 dur_us=5365
UKL-MQTT-BENCH: BUFFULL run_id=try4-c4-cpu start_us=21439099 end_us=21443527 dur_us=4427
UKL-MQTT-BENCH: BUFFULL run_id=try4-c4-cpu start_us=21446267 end_us=21452016 dur_us=5748
UKL-MQTT-BENCH: BUFFULL run_id=try4-c4-cpu start_us=21455838 end_us=21458579 dur_us=2741
UKL-MQTT-BENCH: BUFFULL run_id=try4-c4-cpu start_us=21461280 end_us=21462454 dur_us=1174
UKL-MQTT-BENCH: BUFFULL run_id=try4-c4-cpu start_us=21464580 end_us=21468629 dur_us=4048
UKL-MQTT-BENCH: BUFFULL run_id=try4-c4-cpu start_us=21471348 end_us=21474607 dur_us=3259
UKL-MQTT-BENCH: BUFFULL run_id=try4-c4-cpu start_us=21476736 end_us=21479528 dur_us=2792
UKL-MQTT-BENCH: BUFFULL run_id=try4-c4-cpu start_us=21481646 end_us=21484946 dur_us=3299
UKL-MQTT-BENCH: BUFFULL run_id=try4-c4-cpu start_us=21487653 end_us=21489502 dur_us=1849
UKL-MQTT-BENCH: BUFFULL run_id=try4-c4-cpu start_us=21491689 end_us=21493926 dur_us=2237
UKL-MQTT-BENCH: BUFFULL run_id=try4-c4-cpu start_us=21497411 end_us=21501494 dur_us=4083
UKL-MQTT-BENCH: BUFFULL run_id=try4-c4-cpu start_us=21503628 end_us=21505921 dur_us=2292
UKL-MQTT-BENCH: BUFFULL run_id=try4-c4-cpu start_us=21508060 end_us=21511942 dur_us=3882
UKL-MQTT-BENCH: BUFFULL run_id=try4-c4-cpu start_us=21514645 end_us=21517947 dur_us=3301
UKL-MQTT-BENCH: BUFFULL run_id=try4-c4-cpu start_us=21520066 end_us=21522931 dur_us=2864
UKL-MQTT-BENCH: BUFFULL run_id=try4-c4-cpu start_us=21525617 end_us=21528944 dur_us=3327
UKL-MQTT-BENCH: BUFFULL run_id=try4-c4-cpu start_us=21531636 end_us=21536536 dur_us=4900
UKL-MQTT-BENCH: BUFFULL run_id=try4-c4-cpu start_us=21539789 end_us=21542513 dur_us=2724
UKL-MQTT-BENCH: BUFFULL run_id=try4-c4-cpu start_us=21545213 end_us=21548530 dur_us=3317
UKL-MQTT-BENCH: BUFFULL run_id=try4-c4-cpu start_us=21551233 end_us=21554519 dur_us=3286
UKL-MQTT-BENCH: BUFFULL run_id=try4-c4-cpu start_us=21557220 end_us=21560499 dur_us=3278
UKL-MQTT-BENCH: BUFFULL run_id=try4-c4-cpu start_us=21563215 end_us=21566540 dur_us=3324
UKL-MQTT-BENCH: BUFFULL run_id=try4-c4-cpu start_us=21569228 end_us=21573524 dur_us=4296
UKL-MQTT-BENCH: BUFFULL run_id=try4-c4-cpu start_us=21576785 end_us=21580977 dur_us=4191
UKL-MQTT-BENCH: BUFFULL run_id=try4-c4-cpu start_us=21584228 end_us=21586935 dur_us=2707
UKL-MQTT-BENCH: BUFFULL run_id=try4-c4-cpu start_us=21589631 end_us=21591942 dur_us=2310
UKL-MQTT-BENCH: BUFFULL run_id=try4-c4-cpu start_us=21594082 end_us=21597941 dur_us=3859
UKL-MQTT-BENCH: BUFFULL run_id=try4-c4-cpu start_us=21600626 end_us=21603946 dur_us=3319
UKL-MQTT-BENCH: BUFFULL run_id=try4-c4-cpu start_us=21606646 end_us=21609959 dur_us=3312
UKL-MQTT-BENCH: BUFFULL run_id=try4-c4-cpu start_us=21612634 end_us=21616979 dur_us=4345
UKL-MQTT-BENCH: BUFFULL run_id=try4-c4-cpu start_us=21620264 end_us=21622958 dur_us=2693
UKL-MQTT-BENCH: BUFFULL run_id=try4-c4-cpu start_us=21625655 end_us=21628933 dur_us=3278
UKL-MQTT-BENCH: BUFFULL run_id=try4-c4-cpu start_us=21631625 end_us=21636541 dur_us=4916
UKL-MQTT-BENCH: BUFFULL run_id=try4-c4-cpu start_us=21639789 end_us=21640905 dur_us=1115
UKL-MQTT-BENCH: BUFFULL run_id=try4-c4-cpu start_us=21643042 end_us=21645918 dur_us=2875
UKL-MQTT-BENCH: BUFFULL run_id=try4-c4-cpu start_us=21648036 end_us=21652977 dur_us=4940
UKL-MQTT-BENCH: BUFFULL run_id=try4-c4-cpu start_us=21655653 end_us=21657915 dur_us=2261
UKL-MQTT-BENCH: BUFFULL run_id=try4-c4-cpu start_us=21660601 end_us=21664942 dur_us=4340
UKL-MQTT-BENCH: BUFFULL run_id=try4-c4-cpu start_us=21668183 end_us=21669937 dur_us=1754
UKL-MQTT-BENCH: BUFFULL run_id=try4-c4-cpu start_us=21672066 end_us=21676967 dur_us=4901
UKL-MQTT-BENCH: BUFFULL run_id=try4-c4-cpu start_us=21680230 end_us=21684542 dur_us=4311
UKL-MQTT-BENCH: BUFFULL run_id=try4-c4-cpu start_us=21687802 end_us=21690537 dur_us=2734
UKL-MQTT-BENCH: BUFFULL run_id=try4-c4-cpu start_us=21693225 end_us=21696533 dur_us=3308
UKL-MQTT-BENCH: BUFFULL run_id=try4-c4-cpu start_us=21699239 end_us=21701495 dur_us=2256
UKL-MQTT-BENCH: BUFFULL run_id=try4-c4-cpu start_us=21703627 end_us=21706961 dur_us=3333
UKL-MQTT-BENCH: BUFFULL run_id=try4-c4-cpu start_us=21709640 end_us=21712961 dur_us=3320
UKL-MQTT-BENCH: BUFFULL run_id=try4-c4-cpu start_us=21715654 end_us=21719522 dur_us=3868
UKL-MQTT-BENCH: BUFFULL run_id=try4-c4-cpu start_us=21722272 end_us=21723925 dur_us=1652
UKL-MQTT-BENCH: BUFFULL run_id=try4-c4-cpu start_us=21726055 end_us=21729507 dur_us=3451
UKL-MQTT-BENCH: BUFFULL run_id=try4-c4-cpu start_us=21731636 end_us=21735721 dur_us=4085
UKL-MQTT-BENCH: BUFFULL run_id=try4-c4-cpu start_us=21738974 end_us=21741943 dur_us=2969
UKL-MQTT-BENCH: BUFFULL run_id=try4-c4-cpu start_us=21744622 end_us=21747925 dur_us=3302
UKL-MQTT-BENCH: BUFFULL run_id=try4-c4-cpu start_us=21750613 end_us=21752938 dur_us=2325
UKL-MQTT-BENCH: BUFFULL run_id=try4-c4-cpu start_us=21755071 end_us=21758939 dur_us=3868
UKL-MQTT-BENCH: BUFFULL run_id=try4-c4-cpu start_us=21761627 end_us=21765946 dur_us=4319
UKL-MQTT-BENCH: BUFFULL run_id=try4-c4-cpu start_us=21769181 end_us=21773550 dur_us=4369
UKL-MQTT-BENCH: BUFFULL run_id=try4-c4-cpu start_us=21776794 end_us=21779515 dur_us=2720
UKL-MQTT-BENCH: BUFFULL run_id=try4-c4-cpu start_us=21782210 end_us=21785534 dur_us=3323
UKL-MQTT-BENCH: BUFFULL run_id=try4-c4-cpu start_us=21788236 end_us=21792535 dur_us=4299
UKL-MQTT-BENCH: BUFFULL run_id=try4-c4-cpu start_us=21795809 end_us=21798529 dur_us=2719
UKL-MQTT-BENCH: BUFFULL run_id=try4-c4-cpu start_us=21801219 end_us=21804515 dur_us=3296
UKL-MQTT-BENCH: BUFFULL run_id=try4-c4-cpu start_us=21807203 end_us=21809515 dur_us=2312
UKL-MQTT-BENCH: BUFFULL run_id=try4-c4-cpu start_us=21811642 end_us=21815516 dur_us=3873
UKL-MQTT-BENCH: BUFFULL run_id=try4-c4-cpu start_us=21818216 end_us=21820947 dur_us=2731
UKL-MQTT-BENCH: BUFFULL run_id=try4-c4-cpu start_us=21823631 end_us=21826507 dur_us=2875
UKL-MQTT-BENCH: BUFFULL run_id=try4-c4-cpu start_us=21828641 end_us=21832531 dur_us=3889
UKL-MQTT-BENCH: BUFFULL run_id=try4-c4-cpu start_us=21835229 end_us=21838519 dur_us=3289
UKL-MQTT-BENCH: BUFFULL run_id=try4-c4-cpu start_us=21841215 end_us=21844526 dur_us=3310
UKL-MQTT-BENCH: BUFFULL run_id=try4-c4-cpu start_us=21847205 end_us=21848912 dur_us=1706
UKL-MQTT-BENCH: BUFFULL run_id=try4-c4-cpu start_us=21851039 end_us=21854935 dur_us=3895
UKL-MQTT-BENCH: BUFFULL run_id=try4-c4-cpu start_us=21857622 end_us=21860518 dur_us=2895
UKL-MQTT-BENCH: BUFFULL run_id=try4-c4-cpu start_us=21862651 end_us=21866949 dur_us=4298
UKL-MQTT-BENCH: BUFFULL run_id=try4-c4-cpu start_us=21870186 end_us=21871917 dur_us=1730
UKL-MQTT-BENCH: BUFFULL run_id=try4-c4-cpu start_us=21874047 end_us=21877938 dur_us=3891
UKL-MQTT-BENCH: BUFFULL run_id=try4-c4-cpu start_us=21880619 end_us=21883945 dur_us=3325
UKL-MQTT-BENCH: BUFFULL run_id=try4-c4-cpu start_us=21886639 end_us=21889953 dur_us=3314
UKL-MQTT-BENCH: BUFFULL run_id=try4-c4-cpu start_us=21892648 end_us=21895935 dur_us=3287
UKL-MQTT-BENCH: BUFFULL run_id=try4-c4-cpu start_us=21898624 end_us=21901936 dur_us=3312
UKL-MQTT-BENCH: BUFFULL run_id=try4-c4-cpu start_us=21904621 end_us=21907947 dur_us=3325
UKL-MQTT-BENCH: BUFFULL run_id=try4-c4-cpu start_us=21910646 end_us=21914965 dur_us=4319
UKL-MQTT-BENCH: BUFFULL run_id=try4-c4-cpu start_us=21918219 end_us=21921523 dur_us=3304
UKL-MQTT-BENCH: BUFFULL run_id=try4-c4-cpu start_us=21924228 end_us=21925908 dur_us=1680
UKL-MQTT-BENCH: BUFFULL run_id=try4-c4-cpu start_us=21928041 end_us=21933530 dur_us=5489
UKL-MQTT-BENCH: BUFFULL run_id=try4-c4-cpu start_us=21936781 end_us=21937902 dur_us=1120
UKL-MQTT-BENCH: BUFFULL run_id=try4-c4-cpu start_us=21940038 end_us=21943942 dur_us=3904
UKL-MQTT-BENCH: BUFFULL run_id=try4-c4-cpu start_us=21946634 end_us=21951524 dur_us=4889
UKL-MQTT-BENCH: BUFFULL run_id=try4-c4-cpu start_us=21954807 end_us=21958542 dur_us=3734
UKL-MQTT-BENCH: BUFFULL run_id=try4-c4-cpu start_us=21961791 end_us=21964518 dur_us=2727
UKL-MQTT-BENCH: BUFFULL run_id=try4-c4-cpu start_us=21967201 end_us=21971938 dur_us=4737
UKL-MQTT-BENCH: BUFFULL run_id=try4-c4-cpu start_us=21975170 end_us=21977935 dur_us=2764
UKL-MQTT-BENCH: BUFFULL run_id=try4-c4-cpu start_us=21980620 end_us=21982482 dur_us=1861
UKL-MQTT-BENCH: BUFFULL run_id=try4-c4-cpu start_us=21984687 end_us=21990563 dur_us=5875
UKL-MQTT-BENCH: BUFFULL run_id=try4-c4-cpu start_us=21993947 end_us=21995480 dur_us=1532
UKL-MQTT-BENCH: BUFFULL run_id=try4-c4-cpu start_us=21997612 end_us=22002536 dur_us=4923
UKL-MQTT-BENCH: BUFFULL run_id=try4-c4-cpu start_us=22005791 end_us=22008532 dur_us=2741
UKL-MQTT-BENCH: BUFFULL run_id=try4-c4-cpu start_us=22011231 end_us=22015527 dur_us=4296
UKL-MQTT-BENCH: BUFFULL run_id=try4-c4-cpu start_us=22018802 end_us=22022944 dur_us=4141
UKL-MQTT-BENCH: BUFFULL run_id=try4-c4-cpu start_us=22026211 end_us=22027911 dur_us=1700
UKL-MQTT-BENCH: BUFFULL run_id=try4-c4-cpu start_us=22030057 end_us=22032495 dur_us=2438
UKL-MQTT-BENCH: BUFFULL run_id=try4-c4-cpu start_us=22034626 end_us=22039934 dur_us=5308
UKL-MQTT-BENCH: BUFFULL run_id=try4-c4-cpu start_us=22043183 end_us=22045939 dur_us=2755
UKL-MQTT-BENCH: BUFFULL run_id=try4-c4-cpu start_us=22048663 end_us=22051934 dur_us=3271
UKL-MQTT-BENCH: BUFFULL run_id=try4-c4-cpu start_us=22054618 end_us=22058960 dur_us=4341
UKL-MQTT-BENCH: BUFFULL run_id=try4-c4-cpu start_us=22062199 end_us=22064935 dur_us=2735
UKL-MQTT-BENCH: BUFFULL run_id=try4-c4-cpu start_us=22067624 end_us=22070930 dur_us=3305
UKL-MQTT-BENCH: BUFFULL run_id=try4-c4-cpu start_us=22073613 end_us=22076929 dur_us=3316
UKL-MQTT-BENCH: BUFFULL run_id=try4-c4-cpu start_us=22079605 end_us=22082923 dur_us=3317
UKL-MQTT-BENCH: BUFFULL run_id=try4-c4-cpu start_us=22085626 end_us=22088937 dur_us=3310
UKL-MQTT-BENCH: BUFFULL run_id=try4-c4-cpu start_us=22091626 end_us=22094939 dur_us=3313
UKL-MQTT-BENCH: BUFFULL run_id=try4-c4-cpu start_us=22097627 end_us=22102540 dur_us=4912
UKL-MQTT-BENCH: BUFFULL run_id=try4-c4-cpu start_us=22105800 end_us=22108541 dur_us=2740
UKL-MQTT-BENCH: BUFFULL run_id=try4-c4-cpu start_us=22111287 end_us=22114531 dur_us=3244
UKL-MQTT-BENCH: BUFFULL run_id=try4-c4-cpu start_us=22117221 end_us=22121539 dur_us=4317
UKL-MQTT-BENCH: BUFFULL run_id=try4-c4-cpu start_us=22124784 end_us=22126479 dur_us=1695
UKL-MQTT-BENCH: BUFFULL run_id=try4-c4-cpu start_us=22128657 end_us=22131097 dur_us=2439
UKL-MQTT-BENCH: BUFFULL run_id=try4-c4-cpu start_us=22133214 end_us=22137976 dur_us=4761
UKL-MQTT-BENCH: BUFFULL run_id=try4-c4-cpu start_us=22140675 end_us=22142897 dur_us=2221
UKL-MQTT-BENCH: BUFFULL run_id=try4-c4-cpu start_us=22145598 end_us=22148923 dur_us=3324
UKL-MQTT-BENCH: BUFFULL run_id=try4-c4-cpu start_us=22151603 end_us=22153902 dur_us=2298
UKL-MQTT-BENCH: BUFFULL run_id=try4-c4-cpu start_us=22156043 end_us=22160956 dur_us=4913
UKL-MQTT-BENCH: BUFFULL run_id=try4-c4-cpu start_us=22164206 end_us=22166935 dur_us=2729
UKL-MQTT-BENCH: BUFFULL run_id=try4-c4-cpu start_us=22169627 end_us=22172931 dur_us=3304
UKL-MQTT-BENCH: BUFFULL run_id=try4-c4-cpu start_us=22175623 end_us=22178920 dur_us=3296
UKL-MQTT-BENCH: BUFFULL run_id=try4-c4-cpu start_us=22181603 end_us=22184924 dur_us=3321
UKL-MQTT-BENCH: BUFFULL run_id=try4-c4-cpu start_us=22187617 end_us=22190946 dur_us=3328
UKL-MQTT-BENCH: BUFFULL run_id=try4-c4-cpu start_us=22193629 end_us=22198542 dur_us=4913
UKL-MQTT-BENCH: BUFFULL run_id=try4-c4-cpu start_us=22201802 end_us=22204517 dur_us=2715
UKL-MQTT-BENCH: BUFFULL run_id=try4-c4-cpu start_us=22207223 end_us=22210529 dur_us=3306
UKL-MQTT-BENCH: BUFFULL run_id=try4-c4-cpu start_us=22213234 end_us=22217560 dur_us=4325
UKL-MQTT-BENCH: BUFFULL run_id=try4-c4-cpu start_us=22220836 end_us=22222501 dur_us=1665
UKL-MQTT-BENCH: BUFFULL run_id=try4-c4-cpu start_us=22224623 end_us=22226919 dur_us=2295
UKL-MQTT-BENCH: BUFFULL run_id=try4-c4-cpu start_us=22229053 end_us=22233960 dur_us=4906
UKL-MQTT-BENCH: BUFFULL run_id=try4-c4-cpu start_us=22236686 end_us=22238916 dur_us=2230
UKL-MQTT-BENCH: BUFFULL run_id=try4-c4-cpu start_us=22241617 end_us=22243455 dur_us=1837
UKL-MQTT-BENCH: BUFFULL run_id=try4-c4-cpu start_us=22245043 end_us=22249919 dur_us=4875
UKL-MQTT-BENCH: BUFFULL run_id=try4-c4-cpu start_us=22253171 end_us=22255528 dur_us=2357
UKL-MQTT-BENCH: BUFFULL run_id=try4-c4-cpu start_us=22258212 end_us=22262914 dur_us=4702
UKL-MQTT-BENCH: BUFFULL run_id=try4-c4-cpu start_us=22266155 end_us=22270565 dur_us=4409
UKL-MQTT-BENCH: BUFFULL run_id=try4-c4-cpu start_us=22273841 end_us=22276501 dur_us=2659
UKL-MQTT-BENCH: BUFFULL run_id=try4-c4-cpu start_us=22279186 end_us=22285022 dur_us=5836
UKL-MQTT-BENCH: BUFFULL run_id=try4-c4-cpu start_us=22288833 end_us=22290927 dur_us=2094
UKL-MQTT-BENCH: BUFFULL run_id=try4-c4-cpu start_us=22293617 end_us=22298540 dur_us=4922
UKL-MQTT-BENCH: BUFFULL run_id=try4-c4-cpu start_us=22301780 end_us=22302905 dur_us=1125
UKL-MQTT-BENCH: BUFFULL run_id=try4-c4-cpu start_us=22305038 end_us=22308939 dur_us=3901
UKL-MQTT-BENCH: BUFFULL run_id=try4-c4-cpu start_us=22311619 end_us=22315956 dur_us=4337
UKL-MQTT-BENCH: BUFFULL run_id=try4-c4-cpu start_us=22319201 end_us=22322527 dur_us=3326
UKL-MQTT-BENCH: BUFFULL run_id=try4-c4-cpu start_us=22325220 end_us=22328532 dur_us=3311
UKL-MQTT-BENCH: BUFFULL run_id=try4-c4-cpu start_us=22331215 end_us=22335516 dur_us=4301
UKL-MQTT-BENCH: BUFFULL run_id=try4-c4-cpu start_us=22338777 end_us=22342506 dur_us=3729
UKL-MQTT-BENCH: BUFFULL run_id=try4-c4-cpu start_us=22345728 end_us=22347513 dur_us=1784
UKL-MQTT-BENCH: BUFFULL run_id=try4-c4-cpu start_us=22349625 end_us=22354554 dur_us=4929
UKL-MQTT-BENCH: BUFFULL run_id=try4-c4-cpu start_us=22357805 end_us=22361946 dur_us=4141
UKL-MQTT-BENCH: BUFFULL run_id=try4-c4-cpu start_us=22365193 end_us=22367925 dur_us=2732
UKL-MQTT-BENCH: BUFFULL run_id=try4-c4-cpu start_us=22370652 end_us=22373945 dur_us=3293
UKL-MQTT-BENCH: BUFFULL run_id=try4-c4-cpu start_us=22376646 end_us=22378913 dur_us=2266
UKL-MQTT-BENCH: BUFFULL run_id=try4-c4-cpu start_us=22381042 end_us=22384523 dur_us=3481
UKL-MQTT-BENCH: BUFFULL run_id=try4-c4-cpu start_us=22387224 end_us=22390541 dur_us=3316
UKL-MQTT-BENCH: BUFFULL run_id=try4-c4-cpu start_us=22393227 end_us=22396953 dur_us=3726
UKL-MQTT-BENCH: BUFFULL run_id=try4-c4-cpu start_us=22399642 end_us=22401499 dur_us=1856
UKL-MQTT-BENCH: BUFFULL run_id=try4-c4-cpu start_us=22403630 end_us=22407519 dur_us=3888
UKL-MQTT-BENCH: BUFFULL run_id=try4-c4-cpu start_us=22409648 end_us=22413548 dur_us=3899
UKL-MQTT-BENCH: BUFFULL run_id=try4-c4-cpu start_us=22416805 end_us=22419521 dur_us=2715
UKL-MQTT-BENCH: BUFFULL run_id=try4-c4-cpu start_us=22422205 end_us=22425525 dur_us=3319
UKL-MQTT-BENCH: BUFFULL run_id=try4-c4-cpu start_us=22428232 end_us=22429860 dur_us=1628
UKL-MQTT-BENCH: BUFFULL run_id=try4-c4-cpu start_us=22431477 end_us=22435953 dur_us=4476
UKL-MQTT-BENCH: BUFFULL run_id=try4-c4-cpu start_us=22438636 end_us=22441508 dur_us=2872
UKL-MQTT-BENCH: BUFFULL run_id=try4-c4-cpu start_us=22444209 end_us=22446515 dur_us=2306
UKL-MQTT-BENCH: BUFFULL run_id=try4-c4-cpu start_us=22448639 end_us=22452507 dur_us=3868
UKL-MQTT-BENCH: BUFFULL run_id=try4-c4-cpu start_us=22455181 end_us=22457507 dur_us=2326
UKL-MQTT-BENCH: BUFFULL run_id=try4-c4-cpu start_us=22459628 end_us=22462893 dur_us=3265
UKL-MQTT-BENCH: BUFFULL run_id=try4-c4-cpu start_us=22465605 end_us=22469925 dur_us=4319
UKL-MQTT-BENCH: BUFFULL run_id=try4-c4-cpu start_us=22473158 end_us=22475925 dur_us=2766
UKL-MQTT-BENCH: BUFFULL run_id=try4-c4-cpu start_us=22478593 end_us=22481917 dur_us=3323
UKL-MQTT-BENCH: BUFFULL run_id=try4-c4-cpu start_us=22484606 end_us=22489525 dur_us=4918
UKL-MQTT-BENCH: BUFFULL run_id=try4-c4-cpu start_us=22492772 end_us=22495529 dur_us=2756
UKL-MQTT-BENCH: BUFFULL run_id=try4-c4-cpu start_us=22498250 end_us=22501519 dur_us=3268
UKL-MQTT-BENCH: BUFFULL run_id=try4-c4-cpu start_us=22504225 end_us=22508538 dur_us=4313
UKL-MQTT-BENCH: BUFFULL run_id=try4-c4-cpu start_us=22511797 end_us=22513503 dur_us=1706
UKL-MQTT-BENCH: BUFFULL run_id=try4-c4-cpu start_us=22515650 end_us=22518493 dur_us=2842
UKL-MQTT-BENCH: BUFFULL run_id=try4-c4-cpu start_us=22520623 end_us=22525104 dur_us=4481
UKL-MQTT-BENCH: BUFFULL run_id=try4-c4-cpu start_us=22527812 end_us=22530486 dur_us=2673
UKL-MQTT-BENCH: BUFFULL run_id=try4-c4-cpu start_us=22533200 end_us=22536522 dur_us=3321
UKL-MQTT-BENCH: BUFFULL run_id=try4-c4-cpu start_us=22539217 end_us=22541487 dur_us=2270
UKL-MQTT-BENCH: BUFFULL run_id=try4-c4-cpu start_us=22543611 end_us=22546913 dur_us=3302
UKL-MQTT-BENCH: BUFFULL run_id=try4-c4-cpu start_us=22549595 end_us=22553953 dur_us=4358
UKL-MQTT-BENCH: BUFFULL run_id=try4-c4-cpu start_us=22557197 end_us=22561564 dur_us=4366
UKL-MQTT-BENCH: BUFFULL run_id=try4-c4-cpu start_us=22564822 end_us=22567522 dur_us=2700
UKL-MQTT-BENCH: BUFFULL run_id=try4-c4-cpu start_us=22570208 end_us=22573525 dur_us=3317
UKL-MQTT-BENCH: BUFFULL run_id=try4-c4-cpu start_us=22576220 end_us=22580539 dur_us=4318
UKL-MQTT-BENCH: BUFFULL run_id=try4-c4-cpu start_us=22583764 end_us=22585505 dur_us=1741
UKL-MQTT-BENCH: BUFFULL run_id=try4-c4-cpu start_us=22587633 end_us=22591530 dur_us=3896
UKL-MQTT-BENCH: BUFFULL run_id=try4-c4-cpu start_us=22594213 end_us=22597516 dur_us=3303
UKL-MQTT-BENCH: BUFFULL run_id=try4-c4-cpu start_us=22600245 end_us=22604531 dur_us=4286
UKL-MQTT-BENCH: BUFFULL run_id=try4-c4-cpu start_us=22607790 end_us=22609502 dur_us=1712
UKL-MQTT-BENCH: BUFFULL run_id=try4-c4-cpu start_us=22611630 end_us=22613897 dur_us=2266
UKL-MQTT-BENCH: BUFFULL run_id=try4-c4-cpu start_us=22616034 end_us=22622592 dur_us=6558
UKL-MQTT-BENCH: BUFFULL run_id=try4-c4-cpu start_us=22626409 end_us=22628532 dur_us=2122
UKL-MQTT-BENCH: BUFFULL run_id=try4-c4-cpu start_us=22631220 end_us=22634511 dur_us=3290
UKL-MQTT-BENCH: BUFFULL run_id=try4-c4-cpu start_us=22637211 end_us=22639481 dur_us=2269
UKL-MQTT-BENCH: BUFFULL run_id=try4-c4-cpu start_us=22641606 end_us=22645538 dur_us=3931
UKL-MQTT-BENCH: BUFFULL run_id=try4-c4-cpu start_us=22648277 end_us=22651540 dur_us=3262
UKL-MQTT-BENCH: BUFFULL run_id=try4-c4-cpu start_us=22654405 end_us=22657938 dur_us=3533
UKL-MQTT-BENCH: BUFFULL run_id=try4-c4-cpu start_us=22660713 end_us=22662878 dur_us=2165
UKL-MQTT-BENCH: BUFFULL run_id=try4-c4-cpu start_us=22665038 end_us=22670543 dur_us=5504
UKL-MQTT-BENCH: BUFFULL run_id=try4-c4-cpu start_us=22673795 end_us=22675935 dur_us=2140
UKL-MQTT-BENCH: BUFFULL run_id=try4-c4-cpu start_us=22678622 end_us=22683518 dur_us=4896
UKL-MQTT-BENCH: BUFFULL run_id=try4-c4-cpu start_us=22686789 end_us=22687889 dur_us=1099
UKL-MQTT-BENCH: BUFFULL run_id=try4-c4-cpu start_us=22690017 end_us=22693933 dur_us=3915
UKL-MQTT-BENCH: BUFFULL run_id=try4-c4-cpu start_us=22696625 end_us=22701535 dur_us=4910
UKL-MQTT-BENCH: BUFFULL run_id=try4-c4-cpu start_us=22704798 end_us=22708594 dur_us=3796
UKL-MQTT-BENCH: BUFFULL run_id=try4-c4-cpu start_us=22712052 end_us=22713528 dur_us=1476
UKL-MQTT-BENCH: BUFFULL run_id=try4-c4-cpu start_us=22715800 end_us=22718915 dur_us=3115
UKL-MQTT-BENCH: BUFFULL run_id=try4-c4-cpu start_us=22721180 end_us=22726545 dur_us=5364
UKL-MQTT-BENCH: BUFFULL run_id=try4-c4-cpu start_us=22729873 end_us=22732524 dur_us=2651
UKL-MQTT-BENCH: BUFFULL run_id=try4-c4-cpu start_us=22735224 end_us=22738527 dur_us=3303
UKL-MQTT-BENCH: BUFFULL run_id=try4-c4-cpu start_us=22741232 end_us=22745924 dur_us=4692
UKL-MQTT-BENCH: BUFFULL run_id=try4-c4-cpu start_us=22749193 end_us=22751930 dur_us=2736
UKL-MQTT-BENCH: BUFFULL run_id=try4-c4-cpu start_us=22754609 end_us=22757913 dur_us=3303
UKL-MQTT-BENCH: BUFFULL run_id=try4-c4-cpu start_us=22760610 end_us=22763928 dur_us=3317
UKL-MQTT-BENCH: BUFFULL run_id=try4-c4-cpu start_us=22766622 end_us=22769936 dur_us=3314
UKL-MQTT-BENCH: BUFFULL run_id=try4-c4-cpu start_us=22772620 end_us=22776953 dur_us=4333
UKL-MQTT-BENCH: BUFFULL run_id=try4-c4-cpu start_us=22780197 end_us=22783524 dur_us=3327
UKL-MQTT-BENCH: BUFFULL run_id=try4-c4-cpu start_us=22786224 end_us=22789514 dur_us=3290
UKL-MQTT-BENCH: BUFFULL run_id=try4-c4-cpu start_us=22792202 end_us=22796544 dur_us=4342
UKL-MQTT-BENCH: BUFFULL run_id=try4-c4-cpu start_us=22799799 end_us=22801486 dur_us=1686
UKL-MQTT-BENCH: BUFFULL run_id=try4-c4-cpu start_us=22803610 end_us=22805907 dur_us=2297
UKL-MQTT-BENCH: BUFFULL run_id=try4-c4-cpu start_us=22808048 end_us=22812978 dur_us=4930
UKL-MQTT-BENCH: BUFFULL run_id=try4-c4-cpu start_us=22815662 end_us=22817886 dur_us=2224
UKL-MQTT-BENCH: BUFFULL run_id=try4-c4-cpu start_us=22820589 end_us=22823926 dur_us=3337
UKL-MQTT-BENCH: BUFFULL run_id=try4-c4-cpu start_us=22826622 end_us=22828913 dur_us=2291
UKL-MQTT-BENCH: BUFFULL run_id=try4-c4-cpu start_us=22831041 end_us=22835956 dur_us=4915
UKL-MQTT-BENCH: BUFFULL run_id=try4-c4-cpu start_us=22839202 end_us=22842538 dur_us=3336
UKL-MQTT-BENCH: BUFFULL run_id=try4-c4-cpu start_us=22845255 end_us=22846888 dur_us=1633
UKL-MQTT-BENCH: BUFFULL run_id=try4-c4-cpu start_us=22849019 end_us=22852929 dur_us=3909
UKL-MQTT-BENCH: BUFFULL run_id=try4-c4-cpu start_us=22855625 end_us=22858928 dur_us=3303
UKL-MQTT-BENCH: BUFFULL run_id=try4-c4-cpu start_us=22861620 end_us=22864924 dur_us=3304
UKL-MQTT-BENCH: BUFFULL run_id=try4-c4-cpu start_us=22867702 end_us=22870923 dur_us=3221
UKL-MQTT-BENCH: BUFFULL run_id=try4-c4-cpu start_us=22873611 end_us=22878538 dur_us=4926
UKL-MQTT-BENCH: BUFFULL run_id=try4-c4-cpu start_us=22881793 end_us=22884515 dur_us=2721
UKL-MQTT-BENCH: BUFFULL run_id=try4-c4-cpu start_us=22887211 end_us=22888897 dur_us=1685
UKL-MQTT-BENCH: BUFFULL run_id=try4-c4-cpu start_us=22891022 end_us=22894899 dur_us=3877
UKL-MQTT-BENCH: BUFFULL run_id=try4-c4-cpu start_us=22897589 end_us=22900925 dur_us=3336
UKL-MQTT-BENCH: BUFFULL run_id=try4-c4-cpu start_us=22903608 end_us=22906930 dur_us=3322
UKL-MQTT-BENCH: BUFFULL run_id=try4-c4-cpu start_us=22909629 end_us=22913518 dur_us=3889
UKL-MQTT-BENCH: BUFFULL run_id=try4-c4-cpu start_us=22916224 end_us=22919161 dur_us=2936
UKL-MQTT-BENCH: BUFFULL run_id=try4-c4-cpu start_us=22921872 end_us=22925527 dur_us=3654
UKL-MQTT-BENCH: BUFFULL run_id=try4-c4-cpu start_us=22928224 end_us=22929873 dur_us=1648
UKL-MQTT-BENCH: BUFFULL run_id=try4-c4-cpu start_us=22931994 end_us=22935918 dur_us=3923
UKL-MQTT-BENCH: BUFFULL run_id=try4-c4-cpu start_us=22938593 end_us=22941916 dur_us=3323
UKL-MQTT-BENCH: BUFFULL run_id=try4-c4-cpu start_us=22944630 end_us=22947917 dur_us=3286
UKL-MQTT-BENCH: BUFFULL run_id=try4-c4-cpu start_us=22950605 end_us=22955548 dur_us=4942
UKL-MQTT-BENCH: BUFFULL run_id=try4-c4-cpu start_us=22958779 end_us=22962542 dur_us=3763
UKL-MQTT-BENCH: BUFFULL run_id=try4-c4-cpu start_us=22965772 end_us=22967485 dur_us=1713
UKL-MQTT-BENCH: BUFFULL run_id=try4-c4-cpu start_us=22969618 end_us=22974544 dur_us=4925
UKL-MQTT-BENCH: BUFFULL run_id=try4-c4-cpu start_us=22977813 end_us=22980524 dur_us=2711
UKL-MQTT-BENCH: BUFFULL run_id=try4-c4-cpu start_us=22983215 end_us=22986531 dur_us=3315
UKL-MQTT-BENCH: BUFFULL run_id=try4-c4-cpu start_us=22989215 end_us=22992515 dur_us=3299
UKL-MQTT-BENCH: BUFFULL run_id=try4-c4-cpu start_us=22995210 end_us=22998517 dur_us=3306
UKL-MQTT-BENCH: BUFFULL run_id=try4-c4-cpu start_us=23001217 end_us=23004530 dur_us=3313
UKL-MQTT-BENCH: BUFFULL run_id=try4-c4-cpu start_us=23007230 end_us=23010518 dur_us=3288
UKL-MQTT-BENCH: BUFFULL run_id=try4-c4-cpu start_us=23013212 end_us=23016523 dur_us=3311
UKL-MQTT-BENCH: BUFFULL run_id=try4-c4-cpu start_us=23019221 end_us=23022516 dur_us=3295
UKL-MQTT-BENCH: BUFFULL run_id=try4-c4-cpu start_us=23025212 end_us=23029950 dur_us=4738
UKL-MQTT-BENCH: BUFFULL run_id=try4-c4-cpu start_us=23033199 end_us=23035919 dur_us=2719
UKL-MQTT-BENCH: BUFFULL run_id=try4-c4-cpu start_us=23038630 end_us=23041916 dur_us=3285
UKL-MQTT-BENCH: BUFFULL run_id=try4-c4-cpu start_us=23044609 end_us=23047926 dur_us=3316
UKL-MQTT-BENCH: BUFFULL run_id=try4-c4-cpu start_us=23050608 end_us=23053894 dur_us=3286
UKL-MQTT-BENCH: BUFFULL run_id=try4-c4-cpu start_us=23056597 end_us=23059917 dur_us=3320
UKL-MQTT-BENCH: BUFFULL run_id=try4-c4-cpu start_us=23062599 end_us=23065916 dur_us=3317
UKL-MQTT-BENCH: BUFFULL run_id=try4-c4-cpu start_us=23068615 end_us=23072941 dur_us=4326
UKL-MQTT-BENCH: BUFFULL run_id=try4-c4-cpu start_us=23076178 end_us=23078919 dur_us=2741
UKL-MQTT-BENCH: BUFFULL run_id=try4-c4-cpu start_us=23081602 end_us=23085523 dur_us=3921
UKL-MQTT-BENCH: BUFFULL run_id=try4-c4-cpu start_us=23088233 end_us=23092549 dur_us=4315
UKL-MQTT-BENCH: BUFFULL run_id=try4-c4-cpu start_us=23095791 end_us=23097476 dur_us=1685
UKL-MQTT-BENCH: BUFFULL run_id=try4-c4-cpu start_us=23099604 end_us=23101886 dur_us=2282
UKL-MQTT-BENCH: BUFFULL run_id=try4-c4-cpu start_us=23104021 end_us=23108963 dur_us=4941
UKL-MQTT-BENCH: BUFFULL run_id=try4-c4-cpu start_us=23111656 end_us=23113886 dur_us=2230
UKL-MQTT-BENCH: BUFFULL run_id=try4-c4-cpu start_us=23116576 end_us=23119915 dur_us=3338
UKL-MQTT-BENCH: BUFFULL run_id=try4-c4-cpu start_us=23122592 end_us=23124896 dur_us=2303
UKL-MQTT-BENCH: BUFFULL run_id=try4-c4-cpu start_us=23127029 end_us=23131942 dur_us=4913
UKL-MQTT-BENCH: BUFFULL run_id=try4-c4-cpu start_us=23135196 end_us=23137912 dur_us=2715
UKL-MQTT-BENCH: BUFFULL run_id=try4-c4-cpu start_us=23140612 end_us=23143923 dur_us=3310
UKL-MQTT-BENCH: BUFFULL run_id=try4-c4-cpu start_us=23146614 end_us=23149893 dur_us=3279
UKL-MQTT-BENCH: BUFFULL run_id=try4-c4-cpu start_us=23152584 end_us=23155916 dur_us=3332
UKL-MQTT-BENCH: BUFFULL run_id=try4-c4-cpu start_us=23158597 end_us=23161911 dur_us=3313
UKL-MQTT-BENCH: BUFFULL run_id=try4-c4-cpu start_us=23164595 end_us=23169555 dur_us=4960
UKL-MQTT-BENCH: BUFFULL run_id=try4-c4-cpu start_us=23172804 end_us=23175534 dur_us=2730
UKL-MQTT-BENCH: BUFFULL run_id=try4-c4-cpu start_us=23178226 end_us=23181517 dur_us=3291
UKL-MQTT-BENCH: BUFFULL run_id=try4-c4-cpu start_us=23184232 end_us=23188550 dur_us=4318
UKL-MQTT-BENCH: BUFFULL run_id=try4-c4-cpu start_us=23191802 end_us=23193479 dur_us=1676
UKL-MQTT-BENCH: BUFFULL run_id=try4-c4-cpu start_us=23195594 end_us=23198500 dur_us=2906
UKL-MQTT-BENCH: BUFFULL run_id=try4-c4-cpu start_us=23200651 end_us=23204956 dur_us=4305
UKL-MQTT-BENCH: BUFFULL run_id=try4-c4-cpu start_us=23207651 end_us=23210489 dur_us=2837
UKL-MQTT-BENCH: BUFFULL run_id=try4-c4-cpu start_us=23213176 end_us=23216523 dur_us=3346
UKL-MQTT-BENCH: BUFFULL run_id=try4-c4-cpu start_us=23219255 end_us=23221508 dur_us=2253
UKL-MQTT-BENCH: BUFFULL run_id=try4-c4-cpu start_us=23223640 end_us=23228546 dur_us=4906
UKL-MQTT-BENCH: BUFFULL run_id=try4-c4-cpu start_us=23231809 end_us=23234519 dur_us=2710
UKL-MQTT-BENCH: BUFFULL run_id=try4-c4-cpu start_us=23237208 end_us=23238903 dur_us=1695
UKL-MQTT-BENCH: BUFFULL run_id=try4-c4-cpu start_us=23241043 end_us=23244909 dur_us=3866
UKL-MQTT-BENCH: BUFFULL run_id=try4-c4-cpu start_us=23247584 end_us=23250920 dur_us=3335
UKL-MQTT-BENCH: BUFFULL run_id=try4-c4-cpu start_us=23253616 end_us=23256901 dur_us=3285
UKL-MQTT-BENCH: BUFFULL run_id=try4-c4-cpu start_us=23259583 end_us=23262910 dur_us=3327
UKL-MQTT-BENCH: BUFFULL run_id=try4-c4-cpu start_us=23265601 end_us=23268906 dur_us=3305
UKL-MQTT-BENCH: BUFFULL run_id=try4-c4-cpu start_us=23271592 end_us=23276546 dur_us=4953
UKL-MQTT-BENCH: BUFFULL run_id=try4-c4-cpu start_us=23279831 end_us=23282519 dur_us=2687
UKL-MQTT-BENCH: BUFFULL run_id=try4-c4-cpu start_us=23285225 end_us=23288520 dur_us=3294
UKL-MQTT-BENCH: BUFFULL run_id=try4-c4-cpu start_us=23291219 end_us=23295540 dur_us=4320
UKL-MQTT-BENCH: BUFFULL run_id=try4-c4-cpu start_us=23298792 end_us=23300490 dur_us=1698
UKL-MQTT-BENCH: BUFFULL run_id=try4-c4-cpu start_us=23302610 end_us=23306496 dur_us=3886
UKL-MQTT-BENCH: BUFFULL run_id=try4-c4-cpu start_us=23309234 end_us=23313409 dur_us=4174
UKL-MQTT-BENCH: BUFFULL run_id=try4-c4-cpu start_us=23316723 end_us=23319538 dur_us=2814
UKL-MQTT-BENCH: BUFFULL run_id=try4-c4-cpu start_us=23322255 end_us=23325547 dur_us=3291
UKL-MQTT-BENCH: BUFFULL run_id=try4-c4-cpu start_us=23328273 end_us=23332937 dur_us=4664
UKL-MQTT-BENCH: BUFFULL run_id=try4-c4-cpu start_us=23336170 end_us=23340530 dur_us=4360
UKL-MQTT-BENCH: BUFFULL run_id=try4-c4-cpu start_us=23343794 end_us=23346527 dur_us=2732
UKL-MQTT-BENCH: BUFFULL run_id=try4-c4-cpu start_us=23349244 end_us=23352519 dur_us=3274
UKL-MQTT-BENCH: BUFFULL run_id=try4-c4-cpu start_us=23355222 end_us=23357503 dur_us=2281
UKL-MQTT-BENCH: BUFFULL run_id=try4-c4-cpu start_us=23359615 end_us=23362910 dur_us=3294
UKL-MQTT-BENCH: BUFFULL run_id=try4-c4-cpu start_us=23365586 end_us=23370538 dur_us=4951
UKL-MQTT-BENCH: BUFFULL run_id=try4-c4-cpu start_us=23373785 end_us=23377541 dur_us=3756
UKL-MQTT-BENCH: BUFFULL run_id=try4-c4-cpu start_us=23380790 end_us=23382505 dur_us=1714
UKL-MQTT-BENCH: BUFFULL run_id=try4-c4-cpu start_us=23384651 end_us=23388499 dur_us=3848
UKL-MQTT-BENCH: BUFFULL run_id=try4-c4-cpu start_us=23391185 end_us=23395551 dur_us=4366
UKL-MQTT-BENCH: BUFFULL run_id=try4-c4-cpu start_us=23398786 end_us=23401514 dur_us=2727
UKL-MQTT-BENCH: BUFFULL run_id=try4-c4-cpu start_us=23404187 end_us=23407526 dur_us=3339
UKL-MQTT-BENCH: BUFFULL run_id=try4-c4-cpu start_us=23410232 end_us=23413522 dur_us=3290
UKL-MQTT-BENCH: BUFFULL run_id=try4-c4-cpu start_us=23416199 end_us=23419534 dur_us=3335
UKL-MQTT-BENCH: BUFFULL run_id=try4-c4-cpu start_us=23422229 end_us=23425519 dur_us=3289
UKL-MQTT-BENCH: BUFFULL run_id=try4-c4-cpu start_us=23428217 end_us=23431509 dur_us=3292
UKL-MQTT-BENCH: BUFFULL run_id=try4-c4-cpu start_us=23434213 end_us=23437517 dur_us=3303
UKL-MQTT-BENCH: BUFFULL run_id=try4-c4-cpu start_us=23440209 end_us=23443508 dur_us=3299
UKL-MQTT-BENCH: BUFFULL run_id=try4-c4-cpu start_us=23446198 end_us=23450541 dur_us=4342
UKL-MQTT-BENCH: BUFFULL run_id=try4-c4-cpu start_us=23453788 end_us=23456513 dur_us=2724
UKL-MQTT-BENCH: BUFFULL run_id=try4-c4-cpu start_us=23459209 end_us=23463936 dur_us=4727
UKL-MQTT-BENCH: BUFFULL run_id=try4-c4-cpu start_us=23467189 end_us=23469911 dur_us=2721
UKL-MQTT-BENCH: BUFFULL run_id=try4-c4-cpu start_us=23472579 end_us=23476938 dur_us=4359
UKL-MQTT-BENCH: BUFFULL run_id=try4-c4-cpu start_us=23480166 end_us=23482910 dur_us=2744
UKL-MQTT-BENCH: BUFFULL run_id=try4-c4-cpu start_us=23485605 end_us=23488907 dur_us=3302
UKL-MQTT-BENCH: BUFFULL run_id=try4-c4-cpu start_us=23491606 end_us=23496543 dur_us=4937
UKL-MQTT-BENCH: BUFFULL run_id=try4-c4-cpu start_us=23499818 end_us=23502519 dur_us=2700
UKL-MQTT-BENCH: BUFFULL run_id=try4-c4-cpu start_us=23505206 end_us=23507494 dur_us=2287
UKL-MQTT-BENCH: BUFFULL run_id=try4-c4-cpu start_us=23509635 end_us=23514540 dur_us=4904
UKL-MQTT-BENCH: BUFFULL run_id=try4-c4-cpu start_us=23517793 end_us=23518895 dur_us=1101
UKL-MQTT-BENCH: BUFFULL run_id=try4-c4-cpu start_us=23521033 end_us=23525515 dur_us=4482
UKL-MQTT-BENCH: BUFFULL run_id=try4-c4-cpu start_us=23528199 end_us=23532518 dur_us=4319
UKL-MQTT-BENCH: BUFFULL run_id=try4-c4-cpu start_us=23535766 end_us=23538515 dur_us=2749
UKL-MQTT-BENCH: BUFFULL run_id=try4-c4-cpu start_us=23541227 end_us=23544527 dur_us=3300
UKL-MQTT-BENCH: BUFFULL run_id=try4-c4-cpu start_us=23547228 end_us=23551540 dur_us=4312
UKL-MQTT-BENCH: BUFFULL run_id=try4-c4-cpu start_us=23554793 end_us=23557528 dur_us=2734
UKL-MQTT-BENCH: BUFFULL run_id=try4-c4-cpu start_us=23560208 end_us=23563515 dur_us=3307
UKL-MQTT-BENCH: BUFFULL run_id=try4-c4-cpu start_us=23566206 end_us=23569520 dur_us=3313
UKL-MQTT-BENCH: BUFFULL run_id=try4-c4-cpu start_us=23572199 end_us=23575496 dur_us=3296
UKL-MQTT-BENCH: BUFFULL run_id=try4-c4-cpu start_us=23578197 end_us=23581528 dur_us=3330
UKL-MQTT-BENCH: BUFFULL run_id=try4-c4-cpu start_us=23584286 end_us=23587524 dur_us=3237
UKL-MQTT-BENCH: BUFFULL run_id=try4-c4-cpu start_us=23590206 end_us=23594930 dur_us=4724
UKL-MQTT-BENCH: BUFFULL run_id=try4-c4-cpu start_us=23598163 end_us=23600904 dur_us=2741
UKL-MQTT-BENCH: BUFFULL run_id=try4-c4-cpu start_us=23603590 end_us=23606903 dur_us=3313
UKL-MQTT-BENCH: BUFFULL run_id=try4-c4-cpu start_us=23609614 end_us=23613908 dur_us=4294
UKL-MQTT-BENCH: BUFFULL run_id=try4-c4-cpu start_us=23617135 end_us=23618887 dur_us=1751
UKL-MQTT-BENCH: BUFFULL run_id=try4-c4-cpu start_us=23621004 end_us=23623497 dur_us=2492
UKL-MQTT-BENCH: BUFFULL run_id=try4-c4-cpu start_us=23625634 end_us=23630567 dur_us=4933
UKL-MQTT-BENCH: BUFFULL run_id=try4-c4-cpu start_us=23633251 end_us=23635484 dur_us=2232
UKL-MQTT-BENCH: BUFFULL run_id=try4-c4-cpu start_us=23638178 end_us=23641517 dur_us=3338
UKL-MQTT-BENCH: BUFFULL run_id=try4-c4-cpu start_us=23644207 end_us=23646491 dur_us=2284
UKL-MQTT-BENCH: BUFFULL run_id=try4-c4-cpu start_us=23648635 end_us=23652511 dur_us=3875
UKL-MQTT-BENCH: BUFFULL run_id=try4-c4-cpu start_us=23655209 end_us=23659551 dur_us=4342
UKL-MQTT-BENCH: BUFFULL run_id=try4-c4-cpu start_us=23662827 end_us=23666954 dur_us=4127
UKL-MQTT-BENCH: BUFFULL run_id=try4-c4-cpu start_us=23670290 end_us=23672945 dur_us=2655
UKL-MQTT-BENCH: BUFFULL run_id=try4-c4-cpu start_us=23675821 end_us=23679632 dur_us=3810
UKL-MQTT-BENCH: BUFFULL run_id=try4-c4-cpu start_us=23682401 end_us=23687007 dur_us=4606
UKL-MQTT-BENCH: BUFFULL run_id=try4-c4-cpu start_us=23690471 end_us=23692529 dur_us=2058
UKL-MQTT-BENCH: BUFFULL run_id=try4-c4-cpu start_us=23694807 end_us=23698572 dur_us=3765
UKL-MQTT-BENCH: BUFFULL run_id=try4-c4-cpu start_us=23701530 end_us=23704948 dur_us=3417
UKL-MQTT-BENCH: BUFFULL run_id=try4-c4-cpu start_us=23707842 end_us=23712609 dur_us=4766
UKL-MQTT-BENCH: BUFFULL run_id=try4-c4-cpu start_us=23716107 end_us=23717791 dur_us=1684
UKL-MQTT-BENCH: BUFFULL run_id=try4-c4-cpu start_us=23719974 end_us=23722496 dur_us=2521
UKL-MQTT-BENCH: BUFFULL run_id=try4-c4-cpu start_us=23724636 end_us=23731632 dur_us=6996
UKL-MQTT-BENCH: BUFFULL run_id=try4-c4-cpu start_us=23735468 end_us=23737551 dur_us=2083
UKL-MQTT-BENCH: BUFFULL run_id=try4-c4-cpu start_us=23740262 end_us=23743524 dur_us=3261
UKL-MQTT-BENCH: BUFFULL run_id=try4-c4-cpu start_us=23746263 end_us=23748502 dur_us=2238
UKL-MQTT-BENCH: BUFFULL run_id=try4-c4-cpu start_us=23750623 end_us=23754539 dur_us=3916
UKL-MQTT-BENCH: BUFFULL run_id=try4-c4-cpu start_us=23757233 end_us=23760535 dur_us=3301
UKL-MQTT-BENCH: BUFFULL run_id=try4-c4-cpu start_us=23763224 end_us=23766521 dur_us=3297
UKL-MQTT-BENCH: BUFFULL run_id=try4-c4-cpu start_us=23769230 end_us=23770875 dur_us=1644
UKL-MQTT-BENCH: BUFFULL run_id=try4-c4-cpu start_us=23773040 end_us=23778587 dur_us=5547
UKL-MQTT-BENCH: BUFFULL run_id=try4-c4-cpu start_us=23781980 end_us=23784531 dur_us=2550
UKL-MQTT-BENCH: BUFFULL run_id=try4-c4-cpu start_us=23787399 end_us=23791962 dur_us=4563
UKL-MQTT-BENCH: BUFFULL run_id=try4-c4-cpu start_us=23795461 end_us=23798549 dur_us=3087
UKL-MQTT-BENCH: BUFFULL run_id=try4-c4-cpu start_us=23801416 end_us=23806623 dur_us=5207
UKL-MQTT-BENCH: BUFFULL run_id=try4-c4-cpu start_us=23810096 end_us=23812556 dur_us=2460
UKL-MQTT-BENCH: BUFFULL run_id=try4-c4-cpu start_us=23815503 end_us=23820604 dur_us=5100
UKL-MQTT-BENCH: BUFFULL run_id=try4-c4-cpu start_us=23824064 end_us=23826613 dur_us=2549
UKL-MQTT-BENCH: BUFFULL run_id=try4-c4-cpu start_us=23829523 end_us=23833564 dur_us=4040
UKL-MQTT-BENCH: BUFFULL run_id=try4-c4-cpu start_us=23836465 end_us=23840957 dur_us=4492
UKL-MQTT-BENCH: BUFFULL run_id=try4-c4-cpu start_us=23844435 end_us=23847582 dur_us=3147
UKL-MQTT-BENCH: BUFFULL run_id=try4-c4-cpu start_us=23850453 end_us=23854940 dur_us=4486
UKL-MQTT-BENCH: BUFFULL run_id=try4-c4-cpu start_us=23858403 end_us=23862596 dur_us=4192
UKL-MQTT-BENCH: BUFFULL run_id=try4-c4-cpu start_us=23866098 end_us=23867919 dur_us=1821
UKL-MQTT-BENCH: BUFFULL run_id=try4-c4-cpu start_us=23870179 end_us=23872915 dur_us=2735
UKL-MQTT-BENCH: BUFFULL run_id=try4-c4-cpu start_us=23875191 end_us=23880547 dur_us=5355
UKL-MQTT-BENCH: BUFFULL run_id=try4-c4-cpu start_us=23884007 end_us=23886933 dur_us=2925
UKL-MQTT-BENCH: BUFFULL run_id=try4-c4-cpu start_us=23889828 end_us=23893567 dur_us=3739
UKL-MQTT-BENCH: BUFFULL run_id=try4-c4-cpu start_us=23896440 end_us=23900979 dur_us=4539
UKL-MQTT-BENCH: BUFFULL run_id=try4-c4-cpu start_us=23904452 end_us=23907563 dur_us=3111
UKL-MQTT-BENCH: BUFFULL run_id=try4-c4-cpu start_us=23910447 end_us=23913955 dur_us=3508
UKL-MQTT-BENCH: BUFFULL run_id=try4-c4-cpu start_us=23916830 end_us=23920573 dur_us=3742
UKL-MQTT-BENCH: BUFFULL run_id=try4-c4-cpu start_us=23923450 end_us=23926925 dur_us=3474
UKL-MQTT-BENCH: BUFFULL run_id=try4-c4-cpu start_us=23929809 end_us=23933592 dur_us=3783
UKL-MQTT-BENCH: BUFFULL run_id=try4-c4-cpu start_us=23936469 end_us=23939549 dur_us=3079
UKL-MQTT-BENCH: BUFFULL run_id=try4-c4-cpu start_us=23942540 end_us=23947592 dur_us=5051
UKL-MQTT-BENCH: BUFFULL run_id=try4-c4-cpu start_us=23950845 end_us=23953533 dur_us=2687
UKL-MQTT-BENCH: BUFFULL run_id=try4-c4-cpu start_us=23956224 end_us=23959527 dur_us=3303
UKL-MQTT-BENCH: BUFFULL run_id=try4-c4-cpu start_us=23962287 end_us=23966561 dur_us=4274
UKL-MQTT-BENCH: BUFFULL run_id=try4-c4-cpu start_us=23969815 end_us=23971488 dur_us=1672
UKL-MQTT-BENCH: BUFFULL run_id=try4-c4-cpu start_us=23973619 end_us=23975884 dur_us=2265
UKL-MQTT-BENCH: BUFFULL run_id=try4-c4-cpu start_us=23978014 end_us=23982941 dur_us=4927
UKL-MQTT-BENCH: BUFFULL run_id=try4-c4-cpu start_us=23985645 end_us=23987873 dur_us=2228
UKL-MQTT-BENCH: BUFFULL run_id=try4-c4-cpu start_us=23990564 end_us=23993906 dur_us=3342
UKL-MQTT-BENCH: BUFFULL run_id=try4-c4-cpu start_us=23996597 end_us=23998877 dur_us=2280
UKL-MQTT-BENCH: BUFFULL run_id=try4-c4-cpu start_us=24000999 end_us=24005932 dur_us=4933
UKL-MQTT-BENCH: BUFFULL run_id=try4-c4-cpu start_us=24009175 end_us=24011910 dur_us=2734
UKL-MQTT-BENCH: BUFFULL run_id=try4-c4-cpu start_us=24014600 end_us=24017906 dur_us=3306
UKL-MQTT-BENCH: BUFFULL run_id=try4-c4-cpu start_us=24020598 end_us=24023891 dur_us=3293
UKL-MQTT-BENCH: BUFFULL run_id=try4-c4-cpu start_us=24026582 end_us=24029899 dur_us=3317
UKL-MQTT-BENCH: BUFFULL run_id=try4-c4-cpu start_us=24032599 end_us=24035909 dur_us=3309
UKL-MQTT-BENCH: BUFFULL run_id=try4-c4-cpu start_us=24038629 end_us=24042937 dur_us=4308
UKL-MQTT-BENCH: BUFFULL run_id=try4-c4-cpu start_us=24046176 end_us=24048904 dur_us=2727
UKL-MQTT-BENCH: BUFFULL run_id=try4-c4-cpu start_us=24051593 end_us=24054904 dur_us=3310
UKL-MQTT-BENCH: BUFFULL run_id=try4-c4-cpu start_us=24057600 end_us=24062550 dur_us=4950
UKL-MQTT-BENCH: BUFFULL run_id=try4-c4-cpu start_us=24065792 end_us=24066863 dur_us=1071
UKL-MQTT-BENCH: BUFFULL run_id=try4-c4-cpu start_us=24068992 end_us=24071490 dur_us=2497
UKL-MQTT-BENCH: BUFFULL run_id=try4-c4-cpu start_us=24073675 end_us=24078571 dur_us=4895
UKL-MQTT-BENCH: BUFFULL run_id=try4-c4-cpu start_us=24081267 end_us=24083480 dur_us=2213
UKL-MQTT-BENCH: BUFFULL run_id=try4-c4-cpu start_us=24086193 end_us=24089521 dur_us=3328
UKL-MQTT-BENCH: BUFFULL run_id=try4-c4-cpu start_us=24092219 end_us=24094508 dur_us=2289
UKL-MQTT-BENCH: BUFFULL run_id=try4-c4-cpu start_us=24096650 end_us=24100529 dur_us=3879
UKL-MQTT-BENCH: BUFFULL run_id=try4-c4-cpu start_us=24103224 end_us=24106523 dur_us=3298
UKL-MQTT-BENCH: BUFFULL run_id=try4-c4-cpu start_us=24109211 end_us=24112509 dur_us=3297
UKL-MQTT-BENCH: BUFFULL run_id=try4-c4-cpu start_us=24115316 end_us=24117572 dur_us=2255
UKL-MQTT-BENCH: BUFFULL run_id=try4-c4-cpu start_us=24119856 end_us=24123212 dur_us=3356
UKL-MQTT-BENCH: BUFFULL run_id=try4-c4-cpu start_us=24126097 end_us=24129568 dur_us=3470
UKL-MQTT-BENCH: BUFFULL run_id=try4-c4-cpu start_us=24132446 end_us=24134900 dur_us=2453
UKL-MQTT-BENCH: BUFFULL run_id=try4-c4-cpu start_us=24137041 end_us=24140901 dur_us=3859
UKL-MQTT-BENCH: BUFFULL run_id=try4-c4-cpu start_us=24143616 end_us=24146519 dur_us=2902
UKL-MQTT-BENCH: BUFFULL run_id=try4-c4-cpu start_us=24148674 end_us=24151883 dur_us=3208
UKL-MQTT-BENCH: BUFFULL run_id=try4-c4-cpu start_us=24154581 end_us=24157547 dur_us=2966
UKL-MQTT-BENCH: BUFFULL run_id=try4-c4-cpu start_us=24160249 end_us=24162499 dur_us=2249
UKL-MQTT-BENCH: BUFFULL run_id=try4-c4-cpu start_us=24164628 end_us=24168527 dur_us=3898
UKL-MQTT-BENCH: BUFFULL run_id=try4-c4-cpu start_us=24171233 end_us=24173887 dur_us=2653
UKL-MQTT-BENCH: BUFFULL run_id=try4-c4-cpu start_us=24176037 end_us=24179520 dur_us=3483
UKL-MQTT-BENCH: BUFFULL run_id=try4-c4-cpu start_us=24182232 end_us=24185524 dur_us=3292
UKL-MQTT-BENCH: BUFFULL run_id=try4-c4-cpu start_us=24188235 end_us=24191539 dur_us=3304
UKL-MQTT-BENCH: BUFFULL run_id=try4-c4-cpu start_us=24194430 end_us=24198917 dur_us=4486
UKL-MQTT-BENCH: BUFFULL run_id=try4-c4-cpu start_us=24202382 end_us=24205539 dur_us=3156
UKL-MQTT-BENCH: BUFFULL run_id=try4-c4-cpu start_us=24208428 end_us=24211947 dur_us=3518
UKL-MQTT-BENCH: BUFFULL run_id=try4-c4-cpu start_us=24214806 end_us=24218609 dur_us=3802
UKL-MQTT-BENCH: BUFFULL run_id=try4-c4-cpu start_us=24221573 end_us=24224581 dur_us=3008
UKL-MQTT-BENCH: BUFFULL run_id=try4-c4-cpu start_us=24227464 end_us=24229531 dur_us=2067
UKL-MQTT-BENCH: BUFFULL run_id=try4-c4-cpu start_us=24231886 end_us=24236748 dur_us=4862
UKL-MQTT-BENCH: BUFFULL run_id=try4-c4-cpu start_us=24239676 end_us=24242605 dur_us=2928
UKL-MQTT-BENCH: BUFFULL run_id=try4-c4-cpu start_us=24245487 end_us=24250569 dur_us=5081
UKL-MQTT-BENCH: BUFFULL run_id=try4-c4-cpu start_us=24255372 end_us=24258500 dur_us=3127
UKL-MQTT-BENCH: BUFFULL run_id=try4-c4-cpu start_us=24260771 end_us=24265947 dur_us=5176
UKL-MQTT-BENCH: BUFFULL run_id=try4-c4-cpu start_us=24269412 end_us=24272555 dur_us=3142
UKL-MQTT-BENCH: BUFFULL run_id=try4-c4-cpu start_us=24275425 end_us=24281637 dur_us=6212
UKL-MQTT-BENCH: BUFFULL run_id=try4-c4-cpu start_us=24285697 end_us=24287578 dur_us=1880
UKL-MQTT-BENCH: BUFFULL run_id=try4-c4-cpu start_us=24290457 end_us=24293944 dur_us=3486
UKL-MQTT-BENCH: BUFFULL run_id=try4-c4-cpu start_us=24296831 end_us=24300539 dur_us=3708
UKL-MQTT-BENCH: BUFFULL run_id=try4-c4-cpu start_us=24303414 end_us=24307050 dur_us=3635
UKL-MQTT-BENCH: BUFFULL run_id=try4-c4-cpu start_us=24310141 end_us=24312586 dur_us=2444
UKL-MQTT-BENCH: BUFFULL run_id=try4-c4-cpu start_us=24314855 end_us=24320565 dur_us=5709
UKL-MQTT-BENCH: BUFFULL run_id=try4-c4-cpu start_us=24324034 end_us=24326531 dur_us=2496
UKL-MQTT-BENCH: BUFFULL run_id=try4-c4-cpu start_us=24329339 end_us=24334638 dur_us=5298
UKL-MQTT-BENCH: BUFFULL run_id=try4-c4-cpu start_us=24337893 end_us=24340535 dur_us=2641
UKL-MQTT-BENCH: BUFFULL run_id=try4-c4-cpu start_us=24343251 end_us=24344894 dur_us=1643
UKL-MQTT-BENCH: BUFFULL run_id=try4-c4-cpu start_us=24347025 end_us=24352534 dur_us=5509
UKL-MQTT-BENCH: BUFFULL run_id=try4-c4-cpu start_us=24355840 end_us=24357498 dur_us=1657
UKL-MQTT-BENCH: BUFFULL run_id=try4-c4-cpu start_us=24359635 end_us=24363521 dur_us=3885
UKL-MQTT-BENCH: BUFFULL run_id=try4-c4-cpu start_us=24366226 end_us=24370559 dur_us=4332
UKL-MQTT-BENCH: BUFFULL run_id=try4-c4-cpu start_us=24373826 end_us=24376496 dur_us=2670
UKL-MQTT-BENCH: BUFFULL run_id=try4-c4-cpu start_us=24379195 end_us=24381537 dur_us=2342
UKL-MQTT-BENCH: BUFFULL run_id=try4-c4-cpu start_us=24383680 end_us=24388549 dur_us=4868
UKL-MQTT-BENCH: BUFFULL run_id=try4-c4-cpu start_us=24391813 end_us=24394518 dur_us=2705
UKL-MQTT-BENCH: BUFFULL run_id=try4-c4-cpu start_us=24397220 end_us=24400519 dur_us=3299
UKL-MQTT-BENCH: BUFFULL run_id=try4-c4-cpu start_us=24403214 end_us=24406522 dur_us=3307
UKL-MQTT-BENCH: BUFFULL run_id=try4-c4-cpu start_us=24409224 end_us=24413919 dur_us=4695
UKL-MQTT-BENCH: BUFFULL run_id=try4-c4-cpu start_us=24417164 end_us=24418861 dur_us=1696
UKL-MQTT-BENCH: BUFFULL run_id=try4-c4-cpu start_us=24420990 end_us=24424890 dur_us=3900
UKL-MQTT-BENCH: BUFFULL run_id=try4-c4-cpu start_us=24427576 end_us=24431926 dur_us=4349
UKL-MQTT-BENCH: BUFFULL run_id=try4-c4-cpu start_us=24435188 end_us=24437897 dur_us=2708
UKL-MQTT-BENCH: BUFFULL run_id=try4-c4-cpu start_us=24440588 end_us=24444535 dur_us=3946
UKL-MQTT-BENCH: BUFFULL run_id=try4-c4-cpu start_us=24447238 end_us=24450510 dur_us=3271
UKL-MQTT-BENCH: BUFFULL run_id=try4-c4-cpu start_us=24453208 end_us=24456527 dur_us=3318
UKL-MQTT-BENCH: BUFFULL run_id=try4-c4-cpu start_us=24459233 end_us=24462519 dur_us=3286
UKL-MQTT-BENCH: BUFFULL run_id=try4-c4-cpu start_us=24465225 end_us=24469551 dur_us=4325
UKL-MQTT-BENCH: BUFFULL run_id=try4-c4-cpu start_us=24472820 end_us=24475523 dur_us=2703
UKL-MQTT-BENCH: BUFFULL run_id=try4-c4-cpu start_us=24478215 end_us=24481528 dur_us=3313
UKL-MQTT-BENCH: BUFFULL run_id=try4-c4-cpu start_us=24484239 end_us=24488918 dur_us=4678
UKL-MQTT-BENCH: BUFFULL run_id=try4-c4-cpu start_us=24492158 end_us=24493488 dur_us=1329
UKL-MQTT-BENCH: BUFFULL run_id=try4-c4-cpu start_us=24495612 end_us=24498490 dur_us=2877
UKL-MQTT-BENCH: BUFFULL run_id=try4-c4-cpu start_us=24500608 end_us=24505560 dur_us=4951
UKL-MQTT-BENCH: BUFFULL run_id=try4-c4-cpu start_us=24508265 end_us=24510470 dur_us=2205
UKL-MQTT-BENCH: BUFFULL run_id=try4-c4-cpu start_us=24513197 end_us=24516519 dur_us=3322
UKL-MQTT-BENCH: BUFFULL run_id=try4-c4-cpu start_us=24519220 end_us=24521413 dur_us=2192
UKL-MQTT-BENCH: BUFFULL run_id=try4-c4-cpu start_us=24523540 end_us=24527533 dur_us=3993
UKL-MQTT-BENCH: BUFFULL run_id=try4-c4-cpu start_us=24530232 end_us=24533532 dur_us=3299
UKL-MQTT-BENCH: BUFFULL run_id=try4-c4-cpu start_us=24536234 end_us=24539518 dur_us=3284
UKL-MQTT-BENCH: BUFFULL run_id=try4-c4-cpu start_us=24542226 end_us=24543883 dur_us=1657
UKL-MQTT-BENCH: BUFFULL run_id=try4-c4-cpu start_us=24546014 end_us=24549904 dur_us=3890
UKL-MQTT-BENCH: BUFFULL run_id=try4-c4-cpu start_us=24552591 end_us=24555910 dur_us=3318
UKL-MQTT-BENCH: BUFFULL run_id=try4-c4-cpu start_us=24558600 end_us=24560857 dur_us=2256
UKL-MQTT-BENCH: BUFFULL run_id=try4-c4-cpu start_us=24563586 end_us=24567589 dur_us=4003
UKL-MQTT-BENCH: BUFFULL run_id=try4-c4-cpu start_us=24570294 end_us=24572523 dur_us=2229
UKL-MQTT-BENCH: BUFFULL run_id=try4-c4-cpu start_us=24574676 end_us=24579534 dur_us=4857
UKL-MQTT-BENCH: BUFFULL run_id=try4-c4-cpu start_us=24583458 end_us=24587694 dur_us=4235
UKL-MQTT-BENCH: BUFFULL run_id=try4-c4-cpu start_us=24591162 end_us=24593984 dur_us=2822
UKL-MQTT-BENCH: BUFFULL run_id=try4-c4-cpu start_us=24596874 end_us=24601976 dur_us=5102
UKL-MQTT-BENCH: BUFFULL run_id=try4-c4-cpu start_us=24605439 end_us=24609965 dur_us=4525
UKL-MQTT-BENCH: BUFFULL run_id=try4-c4-cpu start_us=24613341 end_us=24617565 dur_us=4223
UKL-MQTT-BENCH: BUFFULL run_id=try4-c4-cpu start_us=24620829 end_us=24624537 dur_us=3707
UKL-MQTT-BENCH: BUFFULL run_id=try4-c4-cpu start_us=24629611 end_us=24634936 dur_us=5325
UKL-MQTT-BENCH: BUFFULL run_id=try4-c4-cpu start_us=24638172 end_us=24640892 dur_us=2719
UKL-MQTT-BENCH: BUFFULL run_id=try4-c4-cpu start_us=24643591 end_us=24648550 dur_us=4959
UKL-MQTT-BENCH: BUFFULL run_id=try4-c4-cpu start_us=24651817 end_us=24653477 dur_us=1659
UKL-MQTT-BENCH: BUFFULL run_id=try4-c4-cpu start_us=24655616 end_us=24659520 dur_us=3903
UKL-MQTT-BENCH: BUFFULL run_id=try4-c4-cpu start_us=24662229 end_us=24666550 dur_us=4321
UKL-MQTT-BENCH: BUFFULL run_id=try4-c4-cpu start_us=24669805 end_us=24673549 dur_us=3743
UKL-MQTT-BENCH: BUFFULL run_id=try4-c4-cpu start_us=24676815 end_us=24680909 dur_us=4094
UKL-MQTT-BENCH: BUFFULL run_id=try4-c4-cpu start_us=24684176 end_us=24688544 dur_us=4368
UKL-MQTT-BENCH: BUFFULL run_id=try4-c4-cpu start_us=24691811 end_us=24695546 dur_us=3734
UKL-MQTT-BENCH: BUFFULL run_id=try4-c4-cpu start_us=24698800 end_us=24701521 dur_us=2721
UKL-MQTT-BENCH: BUFFULL run_id=try4-c4-cpu start_us=24704230 end_us=24707501 dur_us=3271
UKL-MQTT-BENCH: BUFFULL run_id=try4-c4-cpu start_us=24710198 end_us=24714551 dur_us=4353
UKL-MQTT-BENCH: BUFFULL run_id=try4-c4-cpu start_us=24717810 end_us=24720524 dur_us=2714
UKL-MQTT-BENCH: BUFFULL run_id=try4-c4-cpu start_us=24723255 end_us=24727948 dur_us=4693
UKL-MQTT-BENCH: BUFFULL run_id=try4-c4-cpu start_us=24731261 end_us=24733909 dur_us=2647
UKL-MQTT-BENCH: BUFFULL run_id=try4-c4-cpu start_us=24736608 end_us=24740521 dur_us=3912
UKL-MQTT-BENCH: BUFFULL run_id=try4-c4-cpu start_us=24743247 end_us=24747551 dur_us=4304
UKL-MQTT-BENCH: BUFFULL run_id=try4-c4-cpu start_us=24750863 end_us=24752488 dur_us=1624
UKL-MQTT-BENCH: BUFFULL run_id=try4-c4-cpu start_us=24754624 end_us=24756857 dur_us=2232
UKL-MQTT-BENCH: BUFFULL run_id=try4-c4-cpu start_us=24758975 end_us=24763903 dur_us=4928
UKL-MQTT-BENCH: BUFFULL run_id=try4-c4-cpu start_us=24767167 end_us=24768886 dur_us=1718
UKL-MQTT-BENCH: BUFFULL run_id=try4-c4-cpu start_us=24771027 end_us=24774898 dur_us=3870
UKL-MQTT-BENCH: BUFFULL run_id=try4-c4-cpu start_us=24777616 end_us=24781525 dur_us=3909
UKL-MQTT-BENCH: BUFFULL run_id=try4-c4-cpu start_us=24784295 end_us=24787591 dur_us=3295
UKL-MQTT-BENCH: BUFFULL run_id=try4-c4-cpu start_us=24790306 end_us=24793561 dur_us=3254
UKL-MQTT-BENCH: BUFFULL run_id=try4-c4-cpu start_us=24796281 end_us=24799589 dur_us=3307
UKL-MQTT-BENCH: BUFFULL run_id=try4-c4-cpu start_us=24802412 end_us=24805545 dur_us=3132
UKL-MQTT-BENCH: BUFFULL run_id=try4-c4-cpu start_us=24808431 end_us=24812596 dur_us=4164
UKL-MQTT-BENCH: BUFFULL run_id=try4-c4-cpu start_us=24815448 end_us=24818535 dur_us=3086
UKL-MQTT-BENCH: BUFFULL run_id=try4-c4-cpu start_us=24821312 end_us=24825576 dur_us=4264
UKL-MQTT-BENCH: BUFFULL run_id=try4-c4-cpu start_us=24828841 end_us=24831532 dur_us=2691
UKL-MQTT-BENCH: BUFFULL run_id=try4-c4-cpu start_us=24834268 end_us=24837942 dur_us=3674
UKL-MQTT-BENCH: BUFFULL run_id=try4-c4-cpu start_us=24840714 end_us=24845714 dur_us=4999
UKL-MQTT-BENCH: BUFFULL run_id=try4-c4-cpu start_us=24849178 end_us=24850900 dur_us=1721
UKL-MQTT-BENCH: BUFFULL run_id=try4-c4-cpu start_us=24853178 end_us=24855905 dur_us=2727
UKL-MQTT-BENCH: BUFFULL run_id=try4-c4-cpu start_us=24858183 end_us=24863615 dur_us=5432
UKL-MQTT-BENCH: BUFFULL run_id=try4-c4-cpu start_us=24866502 end_us=24868884 dur_us=2381
UKL-MQTT-BENCH: BUFFULL run_id=try4-c4-cpu start_us=24871766 end_us=24875565 dur_us=3798
UKL-MQTT-BENCH: BUFFULL run_id=try4-c4-cpu start_us=24878442 end_us=24880898 dur_us=2455
UKL-MQTT-BENCH: BUFFULL run_id=try4-c4-cpu start_us=24883180 end_us=24888581 dur_us=5401
UKL-MQTT-BENCH: BUFFULL run_id=try4-c4-cpu start_us=24892080 end_us=24894561 dur_us=2480
UKL-MQTT-BENCH: BUFFULL run_id=try4-c4-cpu start_us=24897444 end_us=24899901 dur_us=2457
UKL-MQTT-BENCH: BUFFULL run_id=try4-c4-cpu start_us=24902176 end_us=24906573 dur_us=4397
UKL-MQTT-BENCH: BUFFULL run_id=try4-c4-cpu start_us=24909460 end_us=24912562 dur_us=3101
UKL-MQTT-BENCH: BUFFULL run_id=try4-c4-cpu start_us=24915464 end_us=24919552 dur_us=4087
UKL-MQTT-BENCH: BUFFULL run_id=try4-c4-cpu start_us=24922431 end_us=24925559 dur_us=3128
UKL-MQTT-BENCH: BUFFULL run_id=try4-c4-cpu start_us=24928460 end_us=24932169 dur_us=3708
UKL-MQTT-BENCH: BUFFULL run_id=try4-c4-cpu start_us=24935070 end_us=24939968 dur_us=4898
UKL-MQTT-BENCH: BUFFULL run_id=try4-c4-cpu start_us=24943435 end_us=24946557 dur_us=3121
UKL-MQTT-BENCH: BUFFULL run_id=try4-c4-cpu start_us=24949449 end_us=24952933 dur_us=3483
UKL-MQTT-BENCH: BUFFULL run_id=try4-c4-cpu start_us=24955837 end_us=24960600 dur_us=4762
UKL-MQTT-BENCH: BUFFULL run_id=try4-c4-cpu start_us=24964094 end_us=24965900 dur_us=1806
UKL-MQTT-BENCH: BUFFULL run_id=try4-c4-cpu start_us=24968168 end_us=24970874 dur_us=2706
UKL-MQTT-BENCH: BUFFULL run_id=try4-c4-cpu start_us=24973148 end_us=24978610 dur_us=5461
UKL-MQTT-BENCH: BUFFULL run_id=try4-c4-cpu start_us=24981485 end_us=24983886 dur_us=2401
UKL-MQTT-BENCH: BUFFULL run_id=try4-c4-cpu start_us=24986781 end_us=24989902 dur_us=3121
UKL-MQTT-BENCH: BUFFULL run_id=try4-c4-cpu start_us=24992591 end_us=24994863 dur_us=2271
UKL-MQTT-BENCH: BUFFULL run_id=try4-c4-cpu start_us=24997002 end_us=25002557 dur_us=5554
UKL-MQTT-BENCH: BUFFULL run_id=try4-c4-cpu start_us=25005819 end_us=25008525 dur_us=2705
UKL-MQTT-BENCH: BUFFULL run_id=try4-c4-cpu start_us=25011224 end_us=25012873 dur_us=1648
UKL-MQTT-BENCH: BUFFULL run_id=try4-c4-cpu start_us=25014995 end_us=25019521 dur_us=4526
UKL-MQTT-BENCH: BUFFULL run_id=try4-c4-cpu start_us=25022226 end_us=25025521 dur_us=3294
UKL-MQTT-BENCH: BUFFULL run_id=try4-c4-cpu start_us=25028230 end_us=25031600 dur_us=3370
UKL-MQTT-BENCH: BUFFULL run_id=try4-c4-cpu start_us=25034313 end_us=25037542 dur_us=3229
UKL-MQTT-BENCH: BUFFULL run_id=try4-c4-cpu start_us=25040262 end_us=25043522 dur_us=3259
UKL-MQTT-BENCH: BUFFULL run_id=try4-c4-cpu start_us=25046221 end_us=25050590 dur_us=4368
UKL-MQTT-BENCH: BUFFULL run_id=try4-c4-cpu start_us=25054071 end_us=25056906 dur_us=2835
UKL-MQTT-BENCH: BUFFULL run_id=try4-c4-cpu start_us=25059616 end_us=25063535 dur_us=3919
UKL-MQTT-BENCH: BUFFULL run_id=try4-c4-cpu start_us=25066250 end_us=25070547 dur_us=4296
UKL-MQTT-BENCH: BUFFULL run_id=try4-c4-cpu start_us=25073811 end_us=25075496 dur_us=1684
UKL-MQTT-BENCH: BUFFULL run_id=try4-c4-cpu start_us=25077633 end_us=25079859 dur_us=2225
UKL-MQTT-BENCH: BUFFULL run_id=try4-c4-cpu start_us=25081993 end_us=25086924 dur_us=4931
UKL-MQTT-BENCH: BUFFULL run_id=try4-c4-cpu start_us=25089636 end_us=25091843 dur_us=2207
UKL-MQTT-BENCH: BUFFULL run_id=try4-c4-cpu start_us=25094592 end_us=25097895 dur_us=3303
UKL-MQTT-BENCH: BUFFULL run_id=try4-c4-cpu start_us=25100595 end_us=25103486 dur_us=2890
UKL-MQTT-BENCH: BUFFULL run_id=try4-c4-cpu start_us=25105621 end_us=25108886 dur_us=3264
UKL-MQTT-BENCH: BUFFULL run_id=try4-c4-cpu start_us=25111596 end_us=25114879 dur_us=3282
UKL-MQTT-BENCH: BUFFULL run_id=try4-c4-cpu start_us=25117574 end_us=25120903 dur_us=3328
UKL-MQTT-BENCH: BUFFULL run_id=try4-c4-cpu start_us=25123604 end_us=25126872 dur_us=3268
UKL-MQTT-BENCH: BUFFULL run_id=try4-c4-cpu start_us=25129568 end_us=25132879 dur_us=3311
UKL-MQTT-BENCH: BUFFULL run_id=try4-c4-cpu start_us=25135589 end_us=25137508 dur_us=1918
UKL-MQTT-BENCH: BUFFULL run_id=try4-c4-cpu start_us=25139644 end_us=25143514 dur_us=3869
UKL-MQTT-BENCH: BUFFULL run_id=try4-c4-cpu start_us=25146220 end_us=25149516 dur_us=3295
UKL-MQTT-BENCH: BUFFULL run_id=try4-c4-cpu start_us=25152213 end_us=25155513 dur_us=3299
UKL-MQTT-BENCH: BUFFULL run_id=try4-c4-cpu start_us=25158220 end_us=25161529 dur_us=3309
UKL-MQTT-BENCH: BUFFULL run_id=try4-c4-cpu start_us=25164218 end_us=25167885 dur_us=3667
UKL-MQTT-BENCH: BUFFULL run_id=try4-c4-cpu start_us=25170586 end_us=25173878 dur_us=3292
UKL-MQTT-BENCH: BUFFULL run_id=try4-c4-cpu start_us=25176569 end_us=25180876 dur_us=4307
UKL-MQTT-BENCH: BUFFULL run_id=try4-c4-cpu start_us=25184210 end_us=25185903 dur_us=1692
UKL-MQTT-BENCH: BUFFULL run_id=try4-c4-cpu start_us=25188041 end_us=25191888 dur_us=3846
UKL-MQTT-BENCH: BUFFULL run_id=try4-c4-cpu start_us=25194577 end_us=25200584 dur_us=6007
UKL-MQTT-BENCH: BUFFULL run_id=try4-c4-cpu start_us=25204380 end_us=25206500 dur_us=2119
UKL-MQTT-BENCH: BUFFULL run_id=try4-c4-cpu start_us=25209193 end_us=25212526 dur_us=3332
UKL-MQTT-BENCH: BUFFULL run_id=try4-c4-cpu start_us=25215227 end_us=25217535 dur_us=2307
UKL-MQTT-BENCH: BUFFULL run_id=try4-c4-cpu start_us=25219668 end_us=25224544 dur_us=4875
UKL-MQTT-BENCH: BUFFULL run_id=try4-c4-cpu start_us=25227782 end_us=25230524 dur_us=2741
UKL-MQTT-BENCH: BUFFULL run_id=try4-c4-cpu start_us=25233229 end_us=25237924 dur_us=4694
UKL-MQTT-BENCH: BUFFULL run_id=try4-c4-cpu start_us=25241162 end_us=25244906 dur_us=3744
UKL-MQTT-BENCH: BUFFULL run_id=try4-c4-cpu start_us=25248155 end_us=25249859 dur_us=1704
UKL-MQTT-BENCH: BUFFULL run_id=try4-c4-cpu start_us=25251978 end_us=25255862 dur_us=3883
UKL-MQTT-BENCH: BUFFULL run_id=try4-c4-cpu start_us=25258550 end_us=25263557 dur_us=5006
UKL-MQTT-BENCH: BUFFULL run_id=try4-c4-cpu start_us=25266821 end_us=25269531 dur_us=2709
UKL-MQTT-BENCH: BUFFULL run_id=try4-c4-cpu start_us=25272221 end_us=25275523 dur_us=3302
UKL-MQTT-BENCH: BUFFULL run_id=try4-c4-cpu start_us=25278219 end_us=25281526 dur_us=3307
UKL-MQTT-BENCH: BUFFULL run_id=try4-c4-cpu start_us=25284233 end_us=25287522 dur_us=3288
UKL-MQTT-BENCH: BUFFULL run_id=try4-c4-cpu start_us=25290222 end_us=25293522 dur_us=3299
UKL-MQTT-BENCH: BUFFULL run_id=try4-c4-cpu start_us=25296219 end_us=25299514 dur_us=3294
UKL-MQTT-BENCH: BUFFULL run_id=try4-c4-cpu start_us=25302237 end_us=25305527 dur_us=3290
UKL-MQTT-BENCH: BUFFULL run_id=try4-c4-cpu start_us=25308230 end_us=25311530 dur_us=3299
UKL-MQTT-BENCH: BUFFULL run_id=try4-c4-cpu start_us=25314229 end_us=25318546 dur_us=4316
UKL-MQTT-BENCH: BUFFULL run_id=try4-c4-cpu start_us=25321806 end_us=25324520 dur_us=2713
UKL-MQTT-BENCH: BUFFULL run_id=try4-c4-cpu start_us=25327212 end_us=25330704 dur_us=3491
UKL-MQTT-BENCH: BUFFULL run_id=try4-c4-cpu start_us=25333396 end_us=25336523 dur_us=3126
UKL-MQTT-BENCH: BUFFULL run_id=try4-c4-cpu start_us=25339216 end_us=25342850 dur_us=3634
UKL-MQTT-BENCH: BUFFULL run_id=try4-c4-cpu start_us=25345649 end_us=25348876 dur_us=3227
UKL-MQTT-BENCH: BUFFULL run_id=try4-c4-cpu start_us=25351592 end_us=25354882 dur_us=3290
UKL-MQTT-BENCH: BUFFULL run_id=try4-c4-cpu start_us=25357571 end_us=25362545 dur_us=4974
UKL-MQTT-BENCH: BUFFULL run_id=try4-c4-cpu start_us=25365834 end_us=25368526 dur_us=2691
UKL-MQTT-BENCH: BUFFULL run_id=try4-c4-cpu start_us=25371223 end_us=25374527 dur_us=3303
UKL-MQTT-BENCH: BUFFULL run_id=try4-c4-cpu start_us=25377226 end_us=25381548 dur_us=4322
UKL-MQTT-BENCH: BUFFULL run_id=try4-c4-cpu start_us=25384869 end_us=25386506 dur_us=1636
UKL-MQTT-BENCH: DRAIN run_id=try4-c4-cpu syncs=200 drain_us=31 errors=0 unsent_after_drain=574
UKL-MQTT-BENCH: RECORDS run_id=try4-c4-cpu buffull_long_logged=4096 buffull_long_dropped=749 sync_errors=0 sync_errors_dropped=0
UKL-MQTT-BENCH: RESULT run_id=try4-c4-cpu messages=21929278 elapsed_sec=30.000 throughput_msgs_per_sec=730975.9
UKL-MQTT-BENCH: CLIENT run_id=try4-c4-cpu client_error_at_end=1 queue_len_at_end=574
UKL-MQTT-BENCH: done, idling
LAUNCHER_STATUS=done run_id=try4-c4-cpu mode=ukl loop=recover
