ms,messages
0,198
1,110
2,157
3,251
4,328
5,341
6,333
7,299
8,211
9,351
10,357
11,357
12,323
13,173
14,349
15,166
16,0
17,80
18,457
19,448
20,462
21,476
22,491
23,482
24,644
25,424
26,348
27,356
28,356
29,354
30,355
31,353
32,350
33,356
34,358
35,357
36,354
37,343
38,341
39,305
40,338
41,350
42,337
43,359
44,345
45,348
46,352
47,346
48,303
49,302
50,299
51,335
52,304
53,334
54,303
55,322
56,347
57,347
58,335
59,339
60,358
61,359
62,310
63,300
64,336
65,347
66,341
67,339
68,339
69,349
70,353
71,352
72,357
73,342
74,353
75,343
76,309
77,333
78,330
79,359
80,337
81,332
82,330
83,338
84,330
85,318
86,334
87,303
88,323
89,333
90,303
91,318
92,347
93,301
94,301
95,301
96,328
97,300
98,306
99,356
100,336
101,335
102,308
103,326
104,301
105,318
106,342
107,359
108,356
109,355
110,351
111,345
112,333
113,328
114,304
115,335
116,336
117,330
118,335
119,342
120,357
121,346
122,356
123,348
124,346
125,349
126,325
127,338
128,335
129,345
130,351
131,355
132,345
133,353
134,347
135,353
136,347
137,349
138,336
139,336
140,335
141,337
142,344
143,347
144,349
145,329
146,353
147,354
148,331
149,341
150,339
151,326
152,342
153,332
154,338
155,356
156,334
157,332
158,326
159,333
160,332
161,330
162,329
163,300
164,331
165,303
166,296
167,325
168,358
169,358
170,334
171,357
172,322
173,317
174,319
175,333
176,347
177,341
178,329
179,328
180,344
181,309
182,333
183,338
184,360
185,340
186,333
187,312
188,353
189,332
190,316
191,347
192,345
193,333
194,329
195,300
196,341
197,328
198,303
199,354
200,352
201,345
202,316
203,344
204,319
205,329
206,334
207,336
208,332
209,303
210,334
211,331
212,302
213,333
214,323
215,342
216,304
217,360
218,341
219,343
220,316
221,333
222,302
223,331
224,331
225,303
226,302
227,323
228,332
229,353
230,353
231,347
232,330
233,305
234,349
235,326
236,321
237,333
238,342
239,349
240,339
241,321
242,333
243,334
244,300
245,333
246,316
247,349
248,333
249,351
250,318
251,338
252,341
253,350
254,350
255,358
256,338
257,334
258,333
259,347
260,345
261,311
262,296
263,290
264,310
265,355
266,350
267,344
268,342
269,358
270,353
271,337
272,336
273,354
274,302
275,330
276,338
277,350
278,352
279,353
280,355
281,341
282,357
283,341
284,359
285,312
286,347
287,340
288,327
289,332
290,335
291,332
292,332
293,341
294,358
295,317
296,343
297,331
298,342
299,330
300,304
301,313
302,336
303,354
304,357
305,359
306,351
307,349
308,355
309,347
310,325
311,328
312,300
313,320
314,359
315,350
316,332
317,348
318,350
319,302
320,337
321,358
322,301
323,302
324,327
325,308
326,348
327,330
328,297
329,295
330,294
331,331
332,301
333,331
334,301
335,314
336,317
337,340
338,351
339,340
340,333
341,332
342,298
343,332
344,330
345,300
346,301
347,330
348,331
349,322
350,344
351,339
352,334
353,303
354,333
355,348
356,316
357,330
358,332
359,301
360,349
361,344
362,359
363,355
364,350
365,359
366,302
367,303
368,300
369,330
370,333
371,321
372,319
373,323
374,347
375,281
376,339
377,318
378,345
379,322
380,318
381,345
382,355
383,297
384,307
385,313
386,353
387,307
388,325
389,304
390,344
391,345
392,301
393,298
394,348
395,301
396,298
397,296
398,333
399,319
400,334
401,356
402,324
403,185
404,0
405,0
406,592
407,690
408,669
409,337
410,335
411,352
412,358
413,347
414,346
415,336
416,351
417,348
418,332
419,341
420,316
421,328
422,324
423,341
424,341
425,355
426,347
427,334
428,320
429,351
430,343
431,351
432,344
433,345
434,338
435,343
436,346
437,356
438,357
439,353
440,358
441,353
442,343
443,344
444,353
445,331
446,314
447,355
448,355
449,359
450,327
451,343
452,345
453,349
454,304
455,329
456,323
457,307
458,320
459,326
460,360
461,337
462,359
463,334
464,343
465,353
466,338
467,331
468,302
469,332
470,300
471,329
472,348
473,335
474,332
475,345
476,350
477,347
478,348
479,333
480,332
481,335
482,347
483,335
484,352
485,356
486,358
487,354
488,342
489,334
490,303
491,360
492,336
493,334
494,351
495,326
496,348
497,336
498,354
499,337
500,352
501,343
502,350
503,345
504,332
505,337
506,347
507,359
508,337
509,331
510,343
511,354
512,332
513,331
514,322
515,340
516,358
517,354
518,351
519,316
520,316
521,314
522,305
523,348
524,357
525,346
526,353
527,355
528,352
529,351
530,341
531,356
532,332
533,306
534,343
535,334
536,359
537,353
538,359
539,332
540,299
541,330
542,330
543,329
544,299
545,338
546,328
547,346
548,334
549,343
550,321
551,301
552,332
553,297
554,297
555,328
556,322
557,337
558,347
559,358
560,300
561,298
562,308
563,323
564,300
565,331
566,307
567,346
568,355
569,348
570,352
571,343
572,356
573,307
574,298
575,317
576,316
577,332
578,328
579,348
580,355
581,350
582,302
583,333
584,349
585,342
586,353
587,325
588,336
589,349
590,332
591,333
592,302
593,329
594,333
595,301
596,299
597,326
598,317
599,353
600,357
601,350
602,329
603,298
604,329
605,333
606,340
607,359
608,359
609,352
610,339
611,358
612,333
613,330
614,331
615,306
616,341
617,348
618,359
619,338
620,331
621,297
622,352
623,354
624,351
625,356
626,354
627,354
628,342
629,331
630,300
631,332
632,334
633,332
634,327
635,335
636,324
637,357
638,347
639,346
640,343
641,352
642,309
643,355
644,328
645,349
646,355
647,350
648,355
649,335
650,337
651,352
652,337
653,347
654,343
655,312
656,342
657,358
658,349
659,331
660,333
661,300
662,322
663,296
664,328
665,359
666,351
667,357
668,360
669,343
670,310
671,332
672,298
673,333
674,332
675,316
676,348
677,324
678,359
679,355
680,332
681,331
682,334
683,332
684,333
685,331
686,332
687,324
688,322
689,354
690,346
691,351
692,343
693,319
694,342
695,306
696,332
697,331
698,296
699,339
700,347
701,338
702,340
703,343
704,359
705,335
706,301
707,333
708,353
709,310
710,305
711,328
712,349
713,340
714,355
715,351
716,347
717,349
718,332
719,336
720,329
721,331
722,330
723,304
724,338
725,330
726,357
727,333
728,358
729,336
730,361
731,334
732,332
733,317
734,339
735,341
736,330
737,326
738,319
739,337
740,356
741,336
742,343
743,354
744,335
745,350
746,340
747,300
748,314
749,359
750,359
751,357
752,351
753,353
754,356
755,349
756,349
757,332
758,335
759,329
760,338
761,350
762,355
763,359
764,328
765,358
766,346
767,340
768,327
769,346
770,348
771,345
772,342
773,331
774,355
775,344
776,330
777,331
778,301
779,301
780,330
781,329
782,335
783,338
784,354
785,353
786,341
787,354
788,334
789,324
790,351
791,335
792,352
793,338
794,356
795,354
796,357
797,356
798,358
799,352
800,333
801,358
802,291
803,208
804,277
805,350
806,208
807,330
808,354
809,332
810,332
811,331
812,327
813,338
814,330
815,331
816,299
817,301
818,327
819,325
820,349
821,357
822,351
823,351
824,332
825,333
826,302
827,321
828,333
829,323
830,298
831,331
832,350
833,347
834,355
835,336
836,340
837,324
838,357
839,328
840,334
841,335
842,306
843,333
844,349
845,348
846,333
847,332
848,333
849,343
850,334
851,350
852,349
853,337
854,359
855,355
856,333
857,357
858,355
859,356
860,350
861,359
862,340
863,353
864,356
865,349
866,331
867,337
868,358
869,347
870,356
871,341
872,356
873,359
874,347
875,354
876,312
877,346
878,324
879,345
880,351
881,355
882,352
883,346
884,349
885,352
886,334
887,333
888,329
889,300
890,315
891,323
892,346
893,351
894,315
895,315
896,349
897,356
898,335
899,317
900,345
901,355
902,327
903,356
904,336
905,331
906,346
907,336
908,316
909,333
910,332
911,323
912,358
913,334
914,298
915,334
916,333
917,301
918,339
919,327
920,334
921,347
922,349
923,353
924,356
925,357
926,347
927,355
928,352
929,355
930,333
931,328
932,332
933,341
934,343
935,342
936,339
937,354
938,338
939,357
940,337
941,333
942,334
943,310
944,345
945,357
946,347
947,350
948,331
949,338
950,333
951,334
952,358
953,332
954,333
955,332
956,333
957,348
958,349
959,348
960,333
961,333
962,299
963,330
964,298
965,299
966,299
967,332
968,315
969,354
970,345
971,359
972,352
973,332
974,332
975,345
976,309
977,326
978,338
979,357
980,341
981,355
982,349
983,331
984,334
985,334
986,330
987,333
988,307
989,325
990,348
991,351
992,338
993,355
994,347
995,348
996,336
997,349
998,348
999,348
1000,350
1001,327
1002,311
1003,340
1004,339
1005,359
1006,337
1007,327
1008,357
1009,344
1010,333
1011,298
1012,296
1013,305
1014,316
1015,358
1016,355
1017,332
1018,350
1019,346
1020,356
1021,342
1022,330
1023,329
1024,333
1025,314
1026,326
1027,329
1028,335
1029,329
1030,300
1031,334
1032,297
1033,327
1034,335
1035,354
1036,357
1037,329
1038,300
1039,342
1040,353
1041,360
1042,355
1043,348
1044,358
1045,338
1046,322
1047,332
1048,319
1049,328
1050,353
1051,357
1052,359
1053,337
1054,302
1055,352
1056,342
1057,332
1058,332
1059,351
1060,355
1061,345
1062,342
1063,356
1064,298
1065,330
1066,332
1067,332
1068,301
1069,330
1070,310
1071,337
1072,348
1073,343
1074,324
1075,343
1076,355
1077,349
1078,312
1079,332
1080,333
1081,300
1082,346
1083,344
1084,352
1085,345
1086,335
1087,359
1088,335
1089,334
1090,333
1091,349
1092,350
1093,360
1094,328
1095,350
1096,350
1097,348
1098,352
1099,332
1100,339
1101,353
1102,338
1103,332
1104,329
1105,318
1106,342
1107,350
1108,357
1109,353
1110,349
1111,330
1112,335
1113,300
1114,300
1115,331
1116,298
1117,307
1118,354
1119,347
1120,357
1121,334
1122,333
1123,333
1124,333
1125,340
1126,325
1127,328
1128,350
1129,356
1130,334
1131,353
1132,341
1133,336
1134,302
1135,335
1136,357
1137,353
1138,350
1139,349
1140,349
1141,343
1142,344
1143,344
1144,355
1145,332
1146,359
1147,353
1148,330
1149,349
1150,353
1151,352
1152,348
1153,345
1154,346
1155,342
1156,346
1157,349
1158,331
1159,342
1160,354
1161,357
1162,357
1163,354
1164,347
1165,353
1166,352
1167,354
1168,344
1169,357
1170,319
1171,329
1172,319
1173,335
1174,333
1175,335
1176,335
1177,342
1178,345
1179,342
1180,302
1181,302
1182,302
1183,321
1184,348
1185,358
1186,354
1187,349
1188,334
1189,338
1190,353
1191,339
1192,303
1193,302
1194,300
1195,304
1196,324
1197,357
1198,345
1199,331
1200,332
1201,329
1202,298
1203,332
1204,333
1205,298
1206,334
1207,323
1208,322
1209,332
1210,359
1211,307
1212,296
1213,302
1214,333
1215,339
1216,334
1217,333
1218,307
1219,330
1220,320
1221,338
1222,356
1223,355
1224,358
1225,354
1226,350
1227,301
1228,333
1229,302
1230,331
1231,334
1232,332
1233,344
1234,352
1235,315
1236,352
1237,345
1238,344
1239,341
1240,334
1241,353
1242,342
1243,331
1244,332
1245,341
1246,356
1247,332
1248,357
1249,353
1250,350
1251,338
1252,326
1253,336
1254,327
1255,308
1256,321
1257,340
1258,351
1259,355
1260,342
1261,360
1262,337
1263,301
1264,330
1265,332
1266,346
1267,344
1268,331
1269,352
1270,357
1271,351
1272,354
1273,353
1274,336
1275,344
1276,358
1277,333
1278,337
1279,357
1280,342
1281,356
1282,355
1283,356
1284,336
1285,337
1286,332
1287,331
1288,331
1289,353
1290,354
1291,343
1292,351
1293,349
1294,340
1295,348
1296,341
1297,332
1298,299
1299,296
1300,323
1301,352
1302,349
1303,329
1304,332
1305,301
1306,301
1307,300
1308,329
1309,296
1310,305
1311,348
1312,357
1313,350
1314,339
1315,339
1316,321
1317,333
1318,359
1319,332
1320,340
1321,332
1322,333
1323,336
1324,335
1325,352
1326,333
1327,302
1328,316
1329,343
1330,342
1331,327
1332,338
1333,299
1334,302
1335,305
1336,345
1337,354
1338,301
1339,301
1340,316
1341,346
1342,348
1343,327
1344,341
1345,324
1346,332
1347,343
1348,342
1349,359
1350,341
1351,356
1352,335
1353,336
1354,359
1355,332
1356,323
1357,311
1358,299
1359,322
1360,351
1361,350
1362,351
1363,354
1364,349
1365,353
1366,333
1367,343
1368,313
1369,326
1370,300
1371,338
1372,349
1373,346
1374,332
1375,354
1376,346
1377,355
1378,357
1379,349
1380,324
1381,328
1382,315
1383,325
1384,333
1385,355
1386,357
1387,359
1388,357
1389,346
1390,357
1391,360
1392,338
1393,332
1394,300
1395,301
1396,312
1397,347
1398,352
1399,350
1400,344
1401,353
1402,353
1403,351
1404,342
1405,317
1406,331
1407,326
1408,323
1409,344
1410,349
1411,336
1412,344
1413,351
1414,338
1415,304
1416,301
1417,299
1418,299
1419,308
1420,310
1421,343
1422,337
1423,350
1424,338
1425,303
1426,303
1427,300
1428,334
1429,338
1430,332
1431,327
1432,336
1433,359
1434,333
1435,334
1436,338
1437,345
1438,331
1439,328
1440,338
1441,300
1442,333
1443,298
1444,317
1445,352
1446,360
1447,357
1448,339
1449,333
1450,332
1451,300
1452,332
1453,344
1454,343
1455,296
1456,332
1457,326
1458,353
1459,352
1460,347
1461,344
1462,341
1463,359
1464,336
1465,306
1466,334
1467,333
1468,341
1469,344
1470,343
1471,359
1472,352
1473,357
1474,354
1475,360
1476,339
1477,333
1478,347
1479,319
1480,334
1481,360
1482,342
1483,351
1484,358
1485,335
1486,348
1487,349
1488,342
1489,354
1490,301
1491,301
1492,299
1493,342
1494,344
1495,349
1496,351
1497,350
1498,335
1499,351
1500,345
1501,332
1502,322
1503,308
1504,331
1505,325
1506,352
1507,336
1508,355
1509,344
1510,348
1511,334
1512,331
1513,348
1514,316
1515,301
1516,318
1517,320
1518,357
1519,354
1520,339
1521,347
1522,349
1523,346
1524,350
1525,325
1526,339
1527,305
1528,298
1529,303
1530,298
1531,344
1532,353
1533,353
1534,339
1535,356
1536,342
1537,338
1538,337
1539,347
1540,343
1541,337
1542,345
1543,325
1544,350
1545,354
1546,349
1547,345
1548,344
1549,336
1550,339
1551,339
1552,345
1553,341
1554,345
1555,311
1556,356
1557,346
1558,341
1559,344
1560,353
1561,330
1562,337
1563,327
1564,313
1565,338
1566,341
1567,339
1568,339
1569,349
1570,356
1571,341
1572,345
1573,357
1574,344
1575,349
1576,350
1577,330
1578,299
1579,322
1580,344
1581,356
1582,338
1583,349
1584,360
1585,343
1586,351
1587,343
1588,332
1589,332
1590,348
1591,317
1592,335
1593,327
1594,299
1595,332
1596,339
1597,359
1598,357
1599,355
1600,345
1601,308
1602,330
1603,318
1604,331
1605,350
1606,337
1607,351
1608,352
1609,335
1610,332
1611,329
1612,349
1613,318
1614,342
1615,333
1616,346
1617,353
1618,348
1619,346
1620,352
1621,357
1622,357
1623,339
1624,327
1625,334
1626,302
1627,306
1628,341
1629,338
1630,323
1631,353
1632,349
1633,351
1634,358
1635,337
1636,334
1637,334
1638,321
1639,333
1640,310
1641,339
1642,353
1643,359
1644,334
1645,356
1646,357
1647,357
1648,338
1649,351
1650,296
1651,320
1652,318
1653,347
1654,349
1655,358
1656,360
1657,358
1658,355
1659,352
1660,334
1661,332
1662,324
1663,333
1664,333
1665,338
1666,360
1667,351
1668,358
1669,354
1670,349
1671,333
1672,355
1673,335
1674,334
1675,329
1676,332
1677,325
1678,339
1679,310
1680,348
1681,347
1682,332
1683,340
1684,356
1685,351
1686,346
1687,354
1688,344
1689,352
1690,331
1691,329
1692,323
1693,351
1694,356
1695,348
1696,295
1697,343
1698,323
1699,338
1700,313
1701,317
1702,311
1703,307
1704,340
1705,339
1706,324
1707,323
1708,321
1709,307
1710,328
1711,312
1712,351
1713,334
1714,313
1715,356
1716,348
1717,309
1718,351
1719,331
1720,300
1721,305
1722,350
1723,278
1724,329
1725,345
1726,348
1727,332
1728,357
1729,352
1730,317
1731,329
1732,343
1733,349
1734,345
1735,332
1736,329
1737,309
1738,331
1739,355
1740,322
1741,316
1742,350
1743,299
1744,282
1745,329
1746,349
1747,304
1748,331
1749,325
1750,303
1751,286
1752,332
1753,343
1754,334
1755,343
1756,333
1757,344
1758,309
1759,328
1760,349
1761,329
1762,324
1763,308
1764,320
1765,297
1766,333
1767,346
1768,349
1769,332
1770,324
1771,348
1772,320
1773,348
1774,342
1775,336
1776,355
1777,343
1778,330
1779,310
1780,323
1781,347
1782,332
1783,322
1784,301
1785,301
1786,292
1787,330
1788,353
1789,351
1790,350
1791,336
1792,340
1793,308
1794,345
1795,311
1796,300
1797,327
1798,308
1799,321
1800,325
1801,350
1802,358
1803,356
1804,339
1805,345
1806,342
1807,300
1808,347
1809,343
1810,333
1811,325
1812,351
1813,351
1814,320
1815,345
1816,341
1817,318
1818,312
1819,347
1820,351
1821,311
1822,345
1823,328
1824,348
1825,345
1826,321
1827,334
1828,313
1829,334
1830,348
1831,341
1832,352
1833,359
1834,321
1835,318
1836,351
1837,351
1838,330
1839,328
1840,339
1841,346
1842,305
1843,351
1844,333
1845,319
1846,310
1847,299
1848,296
1849,315
1850,340
1851,351
1852,347
1853,350
1854,317
1855,311
1856,341
1857,345
1858,311
1859,324
1860,340
1861,355
1862,320
1863,345
1864,345
1865,351
1866,343
1867,353
1868,334
1869,312
1870,316
1871,340
1872,350
1873,344
1874,348
1875,325
1876,292
1877,332
1878,352
1879,353
1880,355
1881,313
1882,342
1883,322
1884,356
1885,347
1886,346
1887,348
1888,342
1889,353
1890,305
1891,335
1892,341
1893,337
1894,339
1895,335
1896,354
1897,337
1898,314
1899,348
1900,340
1901,346
1902,341
1903,302
1904,286
1905,350
1906,340
1907,317
1908,353
1909,342
1910,334
1911,300
1912,351
1913,331
1914,352
1915,347
1916,339
1917,340
1918,311
1919,357
1920,354
1921,344
1922,357
1923,354
1924,348
1925,314
1926,352
1927,318
1928,303
1929,318
1930,344
1931,317
1932,308
1933,343
1934,348
1935,341
1936,353
1937,339
1938,310
1939,310
1940,339
1941,355
1942,327
1943,341
1944,347
1945,336
1946,327
1947,342
1948,351
1949,331
1950,336
1951,334
1952,301
1953,301
1954,350
1955,346
1956,341
1957,354
1958,351
1959,356
1960,323
1961,349
1962,346
1963,342
1964,351
1965,345
1966,326
1967,306
1968,345
1969,316
1970,333
1971,332
1972,346
1973,305
1974,353
1975,352
1976,337
1977,349
1978,331
1979,348
1980,326
1981,335
1982,340
1983,360
1984,321
1985,298
1986,339
1987,316
1988,345
1989,352
1990,343
1991,332
1992,340
1993,345
1994,324
1995,350
1996,352
1997,322
1998,315
1999,319
2000,331
2001,306
2002,351
2003,339
2004,312
2005,324
2006,332
2007,350
2008,308
2009,356
2010,347
2011,356
2012,359
2013,349
2014,337
2015,353
2016,338
2017,349
2018,332
2019,304
2020,336
2021,353
2022,341
2023,350
2024,355
2025,350
2026,347
2027,340
2028,305
2029,331
2030,328
2031,327
2032,317
2033,354
2034,344
2035,334
2036,351
2037,355
2038,341
2039,330
2040,319
2041,333
2042,330
2043,337
2044,324
2045,332
2046,321
2047,341
2048,354
2049,360
2050,353
2051,348
2052,333
2053,333
2054,332
2055,335
2056,358
2057,357
2058,352
2059,325
2060,333
2061,355
2062,342
2063,360
2064,347
2065,335
2066,346
2067,340
2068,346
2069,353
2070,338
2071,348
2072,343
2073,344
2074,329
2075,334
2076,360
2077,359
2078,314
2079,337
2080,353
2081,353
2082,341
2083,305
2084,333
2085,321
2086,333
2087,318
2088,350
2089,357
2090,346
2091,348
2092,279
2093,338
2094,339
2095,315
2096,313
2097,303
2098,314
2099,292
2100,338
2101,338
2102,333
2103,342
2104,353
2105,325
2106,330
2107,344
2108,318
2109,319
2110,318
2111,309
2112,300
2113,356
2114,342
2115,355
2116,354
2117,345
2118,346
2119,312
2120,350
2121,340
2122,354
2123,350
2124,318
2125,331
2126,310
2127,356
2128,350
2129,355
2130,351
2131,339
2132,347
2133,318
2134,344
2135,338
2136,344
2137,351
2138,355
2139,354
2140,327
2141,354
2142,342
2143,344
2144,303
2145,330
2146,336
2147,300
2148,348
2149,342
2150,355
2151,354
2152,354
2153,350
2154,314
2155,342
2156,355
2157,337
2158,347
2159,341
2160,351
2161,331
2162,327
2163,349
2164,353
2165,347
2166,341
2167,314
2168,306
2169,332
2170,354
2171,347
2172,339
2173,353
2174,347
2175,317
2176,342
2177,338
2178,336
2179,320
2180,345
2181,345
2182,304
2183,351
2184,346
2185,356
2186,353
2187,349
2188,324
2189,311
2190,345
2191,317
2192,347
2193,315
2194,342
2195,351
2196,330
2197,349
2198,356
2199,353
2200,356
2201,351
2202,305
2203,333
2204,337
2205,337
2206,343
2207,310
2208,331
2209,334
2210,339
2211,352
2212,327
2213,346
2214,334
2215,333
2216,335
2217,353
2218,313
2219,329
2220,337
2221,340
2222,340
2223,353
2224,356
2225,355
2226,348
2227,324
2228,333
2229,310
2230,355
2231,348
2232,357
2233,349
2234,329
2235,340
2236,333
2237,346
2238,333
2239,360
2240,357
2241,359
2242,335
2243,354
2244,344
2245,328
2246,307
2247,345
2248,333
2249,331
2250,343
2251,357
2252,354
2253,348
2254,346
2255,333
2256,303
2257,333
2258,299
2259,332
2260,333
2261,302
2262,300
2263,324
2264,351
2265,361
2266,348
2267,351
2268,351
2269,354
2270,341
2271,317
2272,302
2273,342
2274,345
2275,361
2276,356
2277,355
2278,357
2279,360
2280,353
2281,347
2282,331
2283,335
2284,334
2285,298
2286,333
2287,329
2288,336
2289,329
2290,355
2291,350
2292,339
2293,357
2294,339
2295,302
2296,332
2297,302
2298,325
2299,350
2300,359
2301,361
2302,359
2303,340
2304,354
2305,343
2306,352
2307,315
2308,329
2309,335
2310,301
2311,347
2312,342
2313,336
2314,358
2315,361
2316,357
2317,352
2318,348
2319,310
2320,314
2321,322
2322,341
2323,332
2324,342
2325,349
2326,343
2327,357
2328,357
2329,336
2330,301
2331,298
2332,306
2333,324
2334,297
2335,329
2336,319
2337,345
2338,358
2339,347
2340,352
2341,317
2342,301
2343,335
2344,346
2345,318
2346,301
2347,300
2348,321
2349,332
2350,341
2351,344
2352,333
2353,353
2354,342
2355,333
2356,332
2357,331
2358,311
2359,318
2360,348
2361,337
2362,352
2363,356
2364,350
2365,347
2366,342
2367,324
2368,333
2369,331
2370,302
2371,333
2372,335
2373,336
2374,355
2375,356
2376,361
2377,341
2378,358
2379,359
2380,350
2381,352
2382,323
2383,335
2384,337
2385,341
2386,349
2387,357
2388,355
2389,348
2390,360
2391,336
2392,300
2393,332
2394,281
2395,307
2396,349
2397,337
2398,332
2399,308
2400,327
2401,290
2402,348
2403,341
2404,346
2405,341
2406,313
2407,320
2408,347
2409,322
2410,339
2411,139
2412,459
2413,506
2414,332
2415,333
2416,336
2417,357
2418,359
2419,355
2420,355
2421,355
2422,334
2423,314
2424,350
2425,313
2426,345
2427,322
2428,328
2429,331
2430,337
2431,331
2432,304
2433,331
2434,357
2435,310
2436,331
2437,337
2438,341
2439,316
2440,317
2441,334
2442,332
2443,338
2444,340
2445,352
2446,356
2447,359
2448,340
2449,333
2450,333
2451,338
2452,331
2453,333
2454,324
2455,325
2456,340
2457,343
2458,343
2459,355
2460,348
2461,335
2462,300
2463,298
2464,314
2465,323
2466,305
2467,317
2468,346
2469,334
2470,343
2471,353
2472,352
2473,358
2474,348
2475,323
2476,329
2477,329
2478,332
2479,330
2480,301
2481,300
2482,323
2483,339
2484,350
2485,360
2486,356
2487,340
2488,332
2489,300
2490,298
2491,329
2492,309
2493,346
2494,353
2495,355
2496,359
2497,349
2498,351
2499,359
2500,351
2501,347
2502,329
2503,298
2504,300
2505,317
2506,351
2507,358
2508,355
2509,350
2510,356
2511,348
2512,360
2513,335
2514,338
2515,319
2516,324
2517,315
2518,337
2519,345
2520,345
2521,352
2522,356
2523,355
2524,353
2525,302
2526,324
2527,320
2528,346
2529,346
2530,349
2531,333
2532,356
2533,349
2534,352
2535,338
2536,360
2537,343
2538,317
2539,332
2540,316
2541,345
2542,357
2543,350
2544,347
2545,347
2546,334
2547,360
2548,339
2549,323
2550,340
2551,331
2552,342
2553,335
2554,348
2555,353
2556,347
2557,354
2558,353
2559,340
2560,326
2561,329
2562,321
2563,339
2564,344
2565,349
2566,332
2567,340
2568,317
2569,335
2570,358
2571,354
2572,319
2573,338
2574,355
2575,355
2576,336
2577,359
2578,347
2579,353
2580,336
2581,352
2582,342
2583,329
2584,305
2585,319
2586,346
2587,297
2588,333
2589,337
2590,353
2591,353
2592,358
2593,351
2594,355
2595,343
2596,354
2597,333
2598,329
2599,307
2600,337
2601,303
2602,332
2603,341
2604,343
2605,349
2606,356
2607,333
2608,341
2609,355
2610,331
2611,352
2612,342
2613,332
2614,340
2615,333
2616,340
2617,360
2618,356
2619,349
2620,338
2621,360
2622,329
2623,330
2624,339
2625,301
2626,301
2627,356
2628,339
2629,299
2630,349
2631,343
2632,340
2633,341
2634,330
2635,355
2636,355
2637,352
2638,331
2639,319
2640,326
2641,333
2642,333
2643,333
2644,337
2645,326
2646,338
2647,352
2648,359
2649,336
2650,332
2651,324
2652,324
2653,348
2654,335
2655,345
2656,349
2657,345
2658,350
2659,360
2660,351
2661,345
2662,339
2663,329
2664,302
2665,303
2666,301
2667,302
2668,300
2669,332
2670,344
2671,358
2672,358
2673,354
2674,317
2675,352
2676,346
2677,343
2678,349
2679,351
2680,355
2681,360
2682,350
2683,351
2684,351
2685,345
2686,299
2687,297
2688,296
2689,302
2690,343
2691,344
2692,335
2693,331
2694,334
2695,336
2696,347
2697,349
2698,300
2699,331
2700,333
2701,329
2702,303
2703,325
2704,319
2705,332
2706,344
2707,348
2708,358
2709,341
2710,343
2711,350
2712,333
2713,303
2714,333
2715,301
2716,330
2717,357
2718,337
2719,334
2720,352
2721,343
2722,353
2723,338
2724,330
2725,321
2726,298
2727,296
2728,328
2729,336
2730,330
2731,317
2732,342
2733,348
2734,356
2735,353
2736,351
2737,344
2738,353
2739,324
2740,299
2741,301
2742,301
2743,299
2744,300
2745,332
2746,324
2747,324
2748,360
2749,337
2750,352
2751,324
2752,340
2753,338
2754,327
2755,339
2756,331
2757,334
2758,298
2759,319
2760,305
2761,357
2762,357
2763,340
2764,334
2765,333
2766,334
2767,332
2768,332
2769,301
2770,302
2771,319
2772,340
2773,295
2774,302
2775,299
2776,328
2777,359
2778,354
2779,354
2780,355
2781,325
2782,331
2783,343
2784,349
2785,329
2786,343
2787,331
2788,321
2789,309
2790,348
2791,351
2792,348
2793,332
2794,332
2795,340
2796,314
2797,298
2798,295
2799,295
2800,300
2801,328
2802,305
2803,295
2804,304
2805,299
2806,359
2807,358
2808,349
2809,337
2810,352
2811,308
2812,333
2813,334
2814,302
2815,337
2816,300
2817,315
2818,343
2819,356
2820,320
2821,320
2822,343
2823,298
2824,299
2825,302
2826,312
2827,353
2828,299
2829,327
2830,295
2831,310
2832,350
2833,350
2834,353
2835,332
2836,351
2837,326
2838,339
2839,351
2840,336
2841,348
2842,359
2843,345
2844,360
2845,338
2846,361
2847,337
2848,334
2849,304
2850,300
2851,313
2852,356
2853,347
2854,353
2855,353
2856,354
2857,342
2858,353
2859,345
2860,335
2861,336
2862,316
2863,352
2864,333
2865,326
2866,334
2867,354
2868,309
2869,344
2870,342
2871,333
2872,300
2873,324
2874,340
2875,334
2876,334
2877,332
2878,333
2879,333
2880,332
2881,346
2882,334
2883,302
2884,347
2885,319
2886,333
2887,339
2888,344
2889,360
2890,361
2891,343
2892,333
2893,300
2894,331
2895,295
2896,295
2897,312
2898,318
2899,327
2900,330
2901,321
2902,343
2903,327
2904,343
2905,358
2906,339
2907,334
2908,333
2909,333
2910,331
2911,336
2912,352
2913,335
2914,333
2915,333
2916,347
2917,339
2918,316
2919,336
2920,347
2921,337
2922,346
2923,354
2924,355
2925,341
2926,346
2927,359
2928,325
2929,299
2930,348
2931,315
2932,344
2933,352
2934,353
2935,348
2936,358
2937,351
2938,354
2939,355
2940,318
2941,349
2942,298
2943,299
2944,298
2945,330
2946,336
2947,349
2948,354
2949,355
2950,348
2951,342
2952,333
2953,338
2954,327
2955,301
2956,300
2957,306
2958,328
2959,332
2960,298
2961,340
2962,347
2963,357
2964,341
2965,337
2966,339
2967,325
2968,330
2969,300
2970,335
2971,331
2972,294
2973,293
2974,330
2975,342
2976,354
2977,334
2978,343
2979,355
2980,297
2981,329
2982,297
2983,317
2984,324
2985,322
2986,359
2987,358
2988,356
2989,333
2990,346
2991,352
2992,334
2993,302
2994,331
2995,344
2996,358
2997,352
2998,359
2999,337
3000,353
3001,351
3002,357
3003,335
3004,332
3005,300
3006,332
3007,296
3008,311
3009,333
3010,332
3011,347
3012,334
3013,353
3014,358
3015,351
3016,334
3017,334
3018,297
3019,316
3020,313
3021,296
3022,302
3023,347
3024,343
3025,335
3026,347
3027,328
3028,339
3029,326
3030,311
3031,298
3032,331
3033,300
3034,299
3035,294
3036,334
3037,353
3038,344
3039,352
3040,357
3041,330
3042,355
3043,323
3044,324
3045,352
3046,346
3047,355
3048,317
3049,358
3050,345
3051,353
3052,344
3053,336
3054,335
3055,353
3056,312
3057,302
3058,332
3059,331
3060,328
3061,333
3062,333
3063,327
3064,350
3065,358
3066,340
3067,325
3068,332
3069,300
3070,301
3071,326
3072,301
3073,333
3074,333
3075,354
3076,361
3077,342
3078,341
3079,349
3080,345
3081,353
3082,344
3083,349
3084,336
3085,344
3086,341
3087,343
3088,350
3089,354
3090,349
3091,345
3092,341
3093,343
3094,350
3095,341
3096,332
3097,348
3098,344
3099,346
3100,342
3101,348
3102,348
3103,350
3104,342
3105,344
3106,345
3107,343
3108,321
3109,348
3110,350
3111,348
3112,348
3113,346
3114,343
3115,345
3116,345
3117,342
3118,342
3119,341
3120,348
3121,349
3122,343
3123,336
3124,348
3125,350
3126,349
3127,343
3128,347
3129,332
3130,346
3131,352
3132,343
3133,344
3134,348
3135,316
3136,356
3137,347
3138,350
3139,353
3140,342
3141,337
3142,342
3143,342
3144,350
3145,335
3146,352
3147,345
3148,340
3149,344
3150,345
3151,350
3152,352
3153,340
3154,342
3155,339
3156,346
3157,349
3158,345
3159,340
3160,317
3161,350
3162,360
3163,355
3164,352
3165,348
3166,339
3167,334
3168,329
3169,338
3170,340
3171,347
3172,347
3173,352
3174,350
3175,352
3176,328
3177,335
3178,333
3179,332
3180,340
3181,350
3182,335
3183,359
3184,354
3185,359
3186,346
3187,352
3188,334
3189,311
3190,348
3191,339
3192,353
3193,331
3194,322
3195,343
3196,344
3197,354
3198,353
3199,350
3200,353
3201,345
3202,346
3203,327
3204,331
3205,331
3206,332
3207,342
3208,352
3209,353
3210,338
3211,346
3212,348
3213,324
3214,328
3215,332
3216,298
3217,313
3218,333
3219,336
3220,339
3221,352
3222,360
3223,342
3224,348
3225,342
3226,331
3227,302
3228,331
3229,317
3230,323
3231,352
3232,349
3233,360
3234,337
3235,333
3236,334
3237,342
3238,323
3239,329
3240,330
3241,332
3242,331
3243,355
3244,355
3245,351
3246,354
3247,354
3248,357
3249,354
3250,353
3251,323
3252,351
3253,301
3254,322
3255,335
3256,359
3257,348
3258,346
3259,345
3260,354
3261,334
3262,299
3263,297
3264,332
3265,331
3266,323
3267,334
3268,350
3269,358
3270,342
3271,330
3272,355
3273,347
3274,312
3275,333
3276,333
3277,353
3278,309
3279,304
3280,344
3281,359
3282,356
3283,358
3284,334
3285,300
3286,356
3287,336
3288,310
3289,298
3290,298
3291,328
3292,306
3293,299
3294,330
3295,313
3296,352
3297,347
3298,347
3299,301
3300,332
3301,328
3302,333
3303,298
3304,334
3305,332
3306,298
3307,313
3308,323
3309,359
3310,357
3311,355
3312,360
3313,322
3314,349
3315,334
3316,332
3317,328
3318,337
3319,300
3320,331
3321,303
3322,303
3323,304
3324,324
3325,339
3326,357
3327,346
3328,332
3329,332
3330,334
3331,333
3332,331
3333,333
3334,304
3335,335
3336,335
3337,338
3338,350
3339,359
3340,360
3341,355
3342,320
3343,309
3344,326
3345,301
3346,352
3347,337
3348,332
3349,333
3350,336
3351,337
3352,348
3353,353
3354,355
3355,346
3356,332
3357,334
3358,347
3359,333
3360,357
3361,355
3362,336
3363,339
3364,336
3365,352
3366,351
3367,348
3368,334
3369,328
3370,339
3371,349
3372,356
3373,358
3374,355
3375,360
3376,355
3377,356
3378,338
3379,349
3380,353
3381,354
3382,326
3383,302
3384,334
3385,302
3386,342
3387,358
3388,353
3389,360
3390,345
3391,356
3392,358
3393,340
3394,332
3395,334
3396,332
3397,301
3398,336
3399,352
3400,358
3401,343
3402,360
3403,337
3404,348
3405,347
3406,330
3407,299
3408,331
3409,301
3410,334
3411,332
3412,328
3413,332
3414,331
3415,355
3416,349
3417,347
3418,335
3419,330
3420,356
3421,342
3422,332
3423,305
3424,326
3425,356
3426,342
3427,358
3428,352
3429,357
3430,332
3431,337
3432,338
3433,356
3434,329
3435,309
3436,349
3437,353
3438,359
3439,355
3440,356
3441,356
3442,347
3443,353
3444,300
3445,328
3446,346
3447,356
3448,346
3449,351
3450,338
3451,311
3452,331
3453,357
3454,346
3455,353
3456,334
3457,314
3458,353
3459,353
3460,347
3461,347
3462,353
3463,322
3464,334
3465,334
3466,315
3467,345
3468,345
3469,356
3470,354
3471,359
3472,356
3473,352
3474,356
3475,351
3476,350
3477,346
3478,348
3479,337
3480,311
3481,339
3482,352
3483,346
3484,354
3485,211
3486,244
3487,349
3488,332
3489,353
3490,323
3491,353
3492,345
3493,344
3494,340
3495,345
3496,346
3497,351
3498,359
3499,335
3500,302
3501,354
3502,344
3503,351
3504,205
3505,513
3506,339
3507,324
3508,329
3509,343
3510,348
3511,349
3512,320
3513,350
3514,336
3515,355
3516,335
3517,353
3518,331
3519,322
3520,323
3521,345
3522,328
3523,335
3524,348
3525,350
3526,300
3527,331
3528,337
3529,327
3530,332
3531,334
3532,344
3533,204
3534,0
3535,15
3536,693
3537,678
3538,621
3539,352
3540,333
3541,227
3542,0
3543,55
3544,688
3545,683
3546,594
3547,333
3548,333
3549,221
3550,0
3551,31
3552,692
3553,685
3554,588
3555,350
3556,341
3557,340
3558,343
3559,317
3560,302
3561,291
3562,330
3563,352
3564,348
3565,223
3566,0
3567,61
3568,695
3569,684
3570,562
3571,352
3572,349
3573,336
3574,328
3575,321
3576,349
3577,347
3578,354
3579,360
3580,344
3581,315
3582,324
3583,354
3584,338
3585,334
3586,343
3587,347
3588,332
3589,322
3590,352
3591,339
3592,334
3593,344
3594,325
3595,317
3596,335
3597,350
3598,354
3599,354
3600,342
3601,340
3602,318
3603,333
3604,350
3605,348
3606,328
3607,350
3608,328
3609,283
3610,359
3611,351
3612,350
3613,347
3614,335
3615,350
3616,305
3617,322
3618,297
3619,319
3620,345
3621,333
3622,354
3623,313
3624,346
3625,356
3626,356
3627,358
3628,354
3629,352
3630,337
3631,357
3632,300
3633,300
3634,328
3635,336
3636,325
3637,357
3638,355
3639,354
3640,333
3641,337
3642,345
3643,320
3644,338
3645,352
3646,341
3647,346
3648,329
3649,336
3650,359
3651,357
3652,359
3653,347
3654,350
3655,338
3656,351
3657,342
3658,331
3659,359
3660,336
3661,335
3662,335
3663,342
3664,350
3665,360
3666,350
3667,350
3668,349
3669,350
3670,330
3671,331
3672,298
3673,328
3674,333
3675,331
3676,325
3677,358
3678,353
3679,345
3680,339
3681,327
3682,307
3683,330
3684,332
3685,349
3686,334
3687,355
3688,343
3689,354
3690,340
3691,360
3692,356
3693,340
3694,336
3695,335
3696,357
3697,353
3698,337
3699,348
3700,359
3701,336
3702,347
3703,356
3704,354
3705,333
3706,350
3707,351
3708,347
3709,359
3710,353
3711,361
3712,357
3713,354
3714,356
3715,351
3716,344
3717,305
3718,330
3719,304
3720,300
3721,334
3722,301
3723,342
3724,347
3725,355
3726,344
3727,332
3728,336
3729,350
3730,305
3731,319
3732,299
3733,324
3734,330
3735,308
3736,346
3737,352
3738,357
3739,342
3740,338
3741,345
3742,334
3743,304
3744,302
3745,334
3746,354
3747,350
3748,340
3749,351
3750,361
3751,360
3752,343
3753,332
3754,332
3755,354
3756,352
3757,341
3758,356
3759,337
3760,318
3761,343
3762,359
3763,355
3764,353
3765,347
3766,356
3767,334
3768,328
3769,302
3770,336
3771,341
3772,353
3773,359
3774,354
3775,353
3776,350
3777,359
3778,350
3779,359
3780,338
3781,340
3782,342
3783,329
3784,359
3785,346
3786,357
3787,360
3788,353
3789,332
3790,324
3791,340
3792,304
3793,333
3794,333
3795,340
3796,348
3797,361
3798,358
3799,344
3800,351
3801,349
3802,333
3803,301
3804,299
3805,299
3806,334
3807,331
3808,334
3809,297
3810,314
3811,345
3812,340
3813,329
3814,339
3815,341
3816,329
3817,340
3818,337
3819,313
3820,332
3821,354
3822,335
3823,304
3824,296
3825,295
3826,335
3827,341
3828,329
3829,332
3830,310
3831,343
3832,319
3833,332
3834,354
3835,315
3836,322
3837,330
3838,338
3839,339
3840,348
3841,333
3842,343
3843,323
3844,297
3845,332
3846,333
3847,338
3848,300
3849,334
3850,300
3851,316
3852,339
3853,333
3854,319
3855,352
3856,341
3857,351
3858,334
3859,333
3860,333
3861,308
3862,299
3863,351
3864,297
3865,333
3866,299
3867,298
3868,321
3869,338
3870,358
3871,349
3872,332
3873,327
3874,301
3875,295
3876,332
3877,211
3878,238
3879,341
3880,337
3881,342
3882,355
3883,353
3884,351
3885,334
3886,332
3887,334
3888,333
3889,302
3890,300
3891,333
3892,319
3893,317
3894,350
3895,335
3896,334
3897,336
3898,357
3899,349
3900,304
3901,329
3902,342
3903,323
3904,328
3905,357
3906,358
3907,342
3908,361
3909,343
3910,343
3911,335
3912,331
3913,300
3914,299
3915,329
3916,330
3917,346
3918,352
3919,358
3920,341
3921,358
3922,334
3923,303
3924,332
3925,332
3926,328
3927,295
3928,312
3929,342
3930,344
3931,347
3932,354
3933,357
3934,357
3935,349
3936,301
3937,313
3938,345
3939,296
3940,328
3941,323
3942,317
3943,355
3944,348
3945,345
3946,336
3947,332
3948,299
3949,324
3950,311
3951,304
3952,300
3953,332
3954,320
3955,349
3956,358
3957,356
3958,351
3959,351
3960,347
3961,340
3962,299
3963,327
3964,312
3965,300
3966,296
3967,323
3968,337
3969,298
3970,336
3971,346
3972,301
3973,323
3974,322
3975,308
3976,309
3977,321
3978,330
3979,331
3980,344
3981,340
3982,330
3983,349
3984,341
3985,353
3986,342
3987,330
3988,304
3989,318
3990,314
3991,352
3992,304
3993,298
3994,299
3995,330
3996,300
3997,294
3998,296
3999,311
4000,357
4001,339
4002,359
4003,356
4004,303
4005,300
4006,301
4007,321
4008,321
4009,334
4010,300
4011,301
4012,299
4013,326
4014,357
4015,356
4016,350
4017,347
4018,342
4019,353
4020,352
4021,331
4022,327
4023,334
4024,333
4025,299
4026,296
4027,314
4028,330
4029,358
4030,360
4031,344
4032,316
4033,330
4034,332
4035,297
4036,300
4037,332
4038,335
4039,333
4040,337
4041,351
4042,359
4043,343
4044,337
4045,326
4046,299
4047,317
4048,346
4049,345
4050,356
4051,351
4052,359
4053,355
4054,349
4055,355
4056,334
4057,326
4058,340
4059,301
4060,333
4061,325
4062,336
4063,349
4064,355
4065,349
4066,360
4067,358
4068,342
4069,338
4070,331
4071,327
4072,305
4073,298
4074,298
4075,320
4076,343
4077,318
4078,331
4079,358
4080,333
4081,333
4082,333
4083,333
4084,300
4085,298
4086,328
4087,330
4088,323
4089,332
4090,317
4091,323
4092,326
4093,345
4094,352
4095,332
4096,300
4097,302
4098,301
4099,333
4100,330
4101,307
4102,320
4103,295
4104,313
4105,356
4106,338
4107,320
4108,318
4109,290
4110,300
4111,302
4112,300
4113,326
4114,330
4115,295
4116,294
4117,309
4118,353
4119,332
4120,340
4121,352
4122,332
4123,303
4124,298
4125,298
4126,332
4127,322
4128,299
4129,298
4130,328
4131,332
4132,340
4133,357
4134,344
4135,333
4136,333
4137,298
4138,333
4139,301
4140,300
4141,302
4142,311
4143,320
4144,326
4145,349
4146,319
4147,342
4148,355
4149,343
4150,318
4151,311
4152,297
4153,303
4154,295
4155,317
4156,309
4157,334
4158,356
4159,359
4160,357
4161,341
4162,359
4163,355
4164,351
4165,345
4166,299
4167,50
4168,0
4169,287
4170,540
4171,559
4172,405
4173,109
4174,0
4175,241
4176,673
4177,685
4178,520
4179,351
4180,336
4181,343
4182,342
4183,323
4184,284
4185,331
4186,355
4187,348
4188,317
4189,353
4190,355
4191,325
4192,353
4193,337
4194,357
4195,335
4196,351
4197,349
4198,341
4199,319
4200,355
4201,354
4202,342
4203,349
4204,358
4205,341
4206,301
4207,332
4208,327
4209,348
4210,347
4211,356
4212,353
4213,323
4214,350
4215,342
4216,336
4217,341
4218,333
4219,331
4220,331
4221,319
4222,356
4223,357
4224,358
4225,352
4226,354
4227,337
4228,350
4229,316
4230,330
4231,324
4232,332
4233,306
4234,346
4235,350
4236,355
4237,355
4238,356
4239,357
4240,357
4241,356
4242,353
4243,351
4244,334
4245,342
4246,348
4247,352
4248,357
4249,349
4250,349
4251,353
4252,356
4253,332
4254,332
4255,310
4256,350
4257,359
4258,357
4259,355
4260,358
4261,355
4262,353
4263,334
4264,334
4265,302
4266,353
4267,347
4268,340
4269,356
4270,356
4271,354
4272,358
4273,355
4274,355
4275,336
4276,347
4277,355
4278,347
4279,353
4280,355
4281,346
4282,352
4283,357
4284,344
4285,350
4286,348
4287,329
4288,332
4289,300
4290,346
4291,357
4292,357
4293,356
4294,357
4295,344
4296,352
4297,339
4298,345
4299,329
4300,331
4301,350
4302,340
4303,343
4304,345
4305,344
4306,355
4307,314
4308,330
4309,343
4310,347
4311,326
4312,305
4313,334
4314,332
4315,347
4316,355
4317,352
4318,357
4319,340
4320,337
4321,356
4322,298
4323,332
4324,333
4325,333
4326,332
4327,330
4328,327
4329,333
4330,338
4331,356
4332,359
4333,360
4334,342
4335,352
4336,328
4337,346
4338,326
4339,357
4340,346
4341,332
4342,325
4343,357
4344,359
4345,353
4346,347
4347,342
4348,334
4349,330
4350,331
4351,301
4352,331
4353,332
4354,339
4355,343
4356,353
4357,358
4358,358
4359,345
4360,355
4361,348
4362,349
4363,340
4364,308
4365,329
4366,332
4367,340
4368,353
4369,352
4370,357
4371,356
4372,357
4373,347
4374,326
4375,338
4376,348
4377,333
4378,323
4379,337
4380,302
4381,302
4382,345
4383,359
4384,347
4385,355
4386,331
4387,352
4388,343
4389,333
4390,301
4391,330
4392,337
4393,353
4394,354
4395,350
4396,346
4397,346
4398,334
4399,330
4400,333
4401,357
4402,336
4403,331
4404,317
4405,355
4406,355
4407,350
4408,359
4409,350
4410,349
4411,358
4412,354
4413,351
4414,311
4415,329
4416,331
4417,326
4418,336
4419,338
4420,356
4421,356
4422,357
4423,335
4424,349
4425,346
4426,337
4427,332
4428,332
4429,298
4430,330
4431,305
4432,347
4433,353
4434,358
4435,355
4436,332
4437,355
4438,350
4439,353
4440,346
4441,349
4442,331
4443,298
4444,332
4445,358
4446,356
4447,358
4448,359
4449,353
4450,340
4451,332
4452,322
4453,336
4454,349
4455,306
4456,326
4457,340
4458,359
4459,341
4460,335
4461,331
4462,335
4463,330
4464,331
4465,331
4466,315
4467,318
4468,295
4469,317
4470,352
4471,350
4472,351
4473,358
4474,345
4475,341
4476,350
4477,299
4478,331
4479,321
4480,345
4481,338
4482,339
4483,351
4484,355
4485,326
4486,359
4487,356
4488,354
4489,345
4490,336
4491,309
4492,299
4493,300
4494,297
4495,312
4496,350
4497,338
4498,358
4499,352
4500,360
4501,332
4502,358
4503,338
4504,331
4505,332
4506,303
4507,334
4508,359
4509,355
4510,353
4511,358
4512,348
4513,346
4514,321
4515,353
4516,323
4517,228
4518,347
4519,547
4520,354
4521,356
4522,356
4523,345
4524,350
4525,349
4526,339
4527,332
4528,332
4529,340
4530,333
4531,354
4532,356
4533,350
4534,348
4535,351
4536,348
4537,328
4538,331
4539,332
4540,335
4541,244
4542,0
4543,19
4544,693
4545,684
4546,607
4547,349
4548,353
4549,335
4550,342
4551,334
4552,300
4553,336
4554,352
4555,360
4556,355
4557,340
4558,333
4559,331
4560,318
4561,313
4562,298
4563,329
4564,296
4565,322
4566,347
4567,356
4568,351
4569,358
4570,358
4571,340
4572,341
4573,349
4574,355
4575,336
4576,329
4577,334
4578,340
4579,359
4580,345
4581,350
4582,344
4583,335
4584,359
4585,337
4586,333
4587,331
4588,330
4589,330
4590,347
4591,335
4592,359
4593,350
4594,346
4595,349
4596,349
4597,347
4598,321
4599,358
4600,347
4601,312
4602,301
4603,342
4604,360
4605,357
4606,355
4607,354
4608,344
4609,352
4610,359
4611,337
4612,325
4613,344
4614,349
4615,331
4616,334
4617,310
4618,336
4619,358
4620,348
4621,330
4622,342
4623,299
4624,303
4625,356
4626,315
4627,342
4628,344
4629,355
4630,354
4631,352
4632,358
4633,357
4634,342
4635,332
4636,303
4637,355
4638,347
4639,357
4640,349
4641,350
4642,349
4643,361
4644,355
4645,357
4646,356
4647,350
4648,332
4649,326
4650,346
4651,354
4652,350
4653,357
4654,348
4655,358
4656,350
4657,358
4658,323
4659,330
4660,313
4661,318
4662,338
4663,345
4664,350
4665,347
4666,334
4667,331
4668,322
4669,346
4670,333
4671,334
4672,360
4673,308
4674,335
4675,347
4676,342
4677,333
4678,350
4679,351
4680,358
4681,340
4682,304
4683,326
4684,301
4685,352
4686,356
4687,339
4688,347
4689,334
4690,344
4691,353
4692,357
4693,354
4694,344
4695,302
4696,331
4697,297
4698,327
4699,323
4700,343
4701,358
4702,359
4703,354
4704,360
4705,356
4706,344
4707,333
4708,345
4709,334
4710,333
4711,313
4712,331
4713,303
4714,299
4715,340
4716,356
4717,358
4718,349
4719,354
4720,355
4721,334
4722,298
4723,320
4724,345
4725,343
4726,351
4727,357
4728,358
4729,339
4730,332
4731,332
4732,332
4733,332
4734,358
4735,344
4736,359
4737,349
4738,353
4739,356
4740,354
4741,358
4742,306
4743,318
4744,348
4745,346
4746,342
4747,335
4748,301
4749,315
4750,344
4751,353
4752,353
4753,332
4754,359
4755,307
4756,333
4757,332
4758,331
4759,336
4760,325
4761,298
4762,317
4763,338
4764,360
4765,350
4766,348
4767,152
4768,0
4769,190
4770,688
4771,691
4772,530
4773,203
4774,0
4775,10
4776,683
4777,677
4778,646
4779,351
4780,351
4781,352
4782,345
4783,354
4784,340
4785,353
4786,354
4787,341
4788,329
4789,353
4790,336
4791,357
4792,353
4793,355
4794,353
4795,350
4796,332
4797,326
4798,343
4799,329
4800,353
4801,342
4802,345
4803,339
4804,339
4805,349
4806,346
4807,347
4808,345
4809,330
4810,336
4811,332
4812,331
4813,342
4814,322
4815,339
4816,344
4817,351
4818,343
4819,335
4820,319
4821,277
4822,0
4823,0
4824,666
4825,686
4826,646
4827,352
4828,353
4829,346
4830,350
4831,334
4832,338
4833,354
4834,347
4835,358
4836,358
4837,357
4838,354
4839,351
4840,346
4841,357
4842,337
4843,357
4844,342
4845,314
4846,359
4847,354
4848,344
4849,349
4850,320
4851,344
4852,331
4853,352
4854,351
4855,352
4856,330
4857,350
4858,346
4859,359
4860,358
4861,355
4862,345
4863,357
4864,337
4865,338
4866,345
4867,334
4868,339
4869,354
4870,339
4871,317
4872,358
4873,354
4874,357
4875,332
4876,318
4877,348
4878,352
4879,350
4880,327
4881,321
4882,357
4883,360
4884,351
4885,273
4886,0
4887,0
4888,650
4889,684
4890,645
4891,346
4892,330
4893,337
4894,355
4895,349
4896,349
4897,357
4898,357
4899,357
4900,355
4901,346
4902,346
4903,333
4904,333
4905,322
4906,337
4907,332
4908,334
4909,350
4910,358
4911,349
4912,354
4913,347
4914,347
4915,353
4916,356
4917,348
4918,339
4919,330
4920,333
4921,319
4922,358
4923,353
4924,357
4925,355
4926,357
4927,345
4928,347
4929,347
4930,345
4931,345
4932,346
4933,227
4934,0
4935,0
4936,0
4937,0
4938,400
4939,561
4940,449
4941,448
4942,440
4943,443
4944,440
4945,419
4946,424
4947,425
4948,449
4949,439
4950,425
4951,437
4952,444
4953,439
4954,438
4955,437
4956,434
4957,435
4958,439
4959,439
4960,439
4961,422
4962,433
4963,434
4964,428
4965,422
4966,165
4967,0
4968,180
4969,510
4970,428
4971,408
4972,411
4973,417
4974,404
4975,407
4976,404
4977,403
4978,406
4979,416
4980,549
4981,625
4982,350
4983,351
4984,338
4985,356
4986,353
4987,353
4988,351
4989,353
4990,351
4991,344
4992,346
4993,338
4994,350
4995,349
4996,308
4997,322
4998,300
4999,301
5000,297
5001,300
5002,299
5003,296
5004,298
5005,354
5006,343
5007,348
5008,326
5009,344
5010,333
5011,332
5012,305
5013,333
5014,331
5015,334
5016,347
5017,317
5018,332
5019,320
5020,359
5021,353
5022,343
5023,357
5024,333
5025,331
5026,300
5027,331
5028,303
5029,299
5030,302
5031,302
5032,360
5033,301
5034,297
5035,331
5036,357
5037,339
5038,352
5039,327
5040,331
5041,334
5042,301
5043,301
5044,331
5045,300
5046,301
5047,299
5048,320
5049,355
5050,357
5051,334
5052,334
5053,338
5054,301
5055,301
5056,329
5057,305
5058,302
5059,302
5060,299
5061,312
5062,354
5063,360
5064,336
5065,337
5066,325
5067,333
5068,304
5069,297
5070,294
5071,296
5072,297
5073,297
5074,331
5075,332
5076,300
5077,322
5078,356
5079,356
5080,359
5081,343
5082,302
5083,333
5084,347
5085,351
5086,343
5087,334
5088,328
5089,311
5090,316
5091,334
5092,335
5093,334
5094,332
5095,334
5096,331
5097,334
5098,311
5099,300
5100,300
5101,299
5102,319
5103,345
5104,345
5105,346
5106,342
5107,331
5108,334
5109,310
5110,354
5111,331
5112,345
5113,329
5114,299
5115,310
5116,344
5117,359
5118,323
5119,339
5120,328
5121,332
5122,301
5123,296
5124,298
5125,298
5126,326
5127,343
5128,343
5129,354
5130,308
5131,356
5132,304
5133,331
5134,330
5135,339
5136,321
5137,329
5138,305
5139,346
5140,346
5141,349
5142,348
5143,358
5144,358
5145,319
5146,301
5147,327
5148,330
5149,330
5150,304
5151,319
5152,330
5153,351
5154,362
5155,358
5156,321
5157,333
5158,324
5159,299
5160,299
5161,293
5162,310
5163,354
5164,324
5165,333
5166,357
5167,348
5168,341
5169,332
5170,328
5171,302
5172,300
5173,337
5174,342
5175,331
5176,354
5177,340
5178,343
5179,322
5180,341
5181,326
5182,332
5183,332
5184,333
5185,332
5186,345
5187,339
5188,335
5189,351
5190,358
5191,331
5192,347
5193,335
5194,326
5195,311
5196,334
5197,298
5198,302
5199,332
5200,336
5201,346
5202,347
5203,339
5204,352
5205,356
5206,355
5207,354
5208,346
5209,352
5210,302
5211,302
5212,337
5213,334
5214,330
5215,325
5216,353
5217,339
5218,354
5219,350
5220,347
5221,357
5222,351
5223,356
5224,304
5225,348
5226,362
5227,353
5228,337
5229,360
5230,352
5231,355
5232,358
5233,355
5234,351
5235,338
5236,333
5237,332
5238,306
5239,333
5240,325
5241,304
5242,298
5243,334
5244,336
5245,357
5246,341
5247,306
5248,337
5249,333
5250,309
5251,329
5252,301
5253,299
5254,344
5255,341
5256,356
5257,354
5258,349
5259,348
5260,341
5261,355
5262,335
5263,334
5264,315
5265,325
5266,303
5267,334
5268,326
5269,355
5270,333
5271,361
5272,358
5273,359
5274,302
5275,332
5276,333
5277,318
5278,299
5279,301
5280,324
5281,340
5282,359
5283,359
5284,359
5285,357
5286,305
5287,332
5288,359
5289,331
5290,342
5291,357
5292,358
5293,349
5294,357
5295,357
5296,353
5297,338
5298,314
5299,335
5300,309
5301,340
5302,339
5303,340
5304,356
5305,358
5306,352
5307,355
5308,325
5309,333
5310,298
5311,314
5312,328
5313,332
5314,334
5315,334
5316,342
5317,356
5318,350
5319,350
5320,303
5321,335
5322,303
5323,340
5324,356
5325,354
5326,337
5327,358
5328,303
5329,319
5330,312
5331,354
5332,336
5333,331
5334,304
5335,329
5336,308
5337,333
5338,308
5339,358
5340,360
5341,335
5342,358
5343,359
5344,347
5345,334
5346,335
5347,346
5348,351
5349,302
5350,353
5351,348
5352,354
5353,340
5354,353
5355,309
5356,333
5357,303
5358,331
5359,332
5360,303
5361,317
5362,310
5363,321
5364,314
5365,350
5366,357
5367,354
5368,350
5369,348
5370,339
5371,333
5372,342
5373,324
5374,354
5375,312
5376,298
5377,322
5378,305
5379,318
5380,350
5381,362
5382,334
5383,303
5384,302
5385,302
5386,336
5387,341
5388,343
5389,350
5390,340
5391,348
5392,343
5393,352
5394,346
5395,353
5396,336
5397,334
5398,348
5399,331
5400,300
5401,317
5402,320
5403,305
5404,304
5405,332
5406,332
5407,323
5408,359
5409,357
5410,350
5411,333
5412,337
5413,331
5414,302
5415,332
5416,335
5417,332
5418,326
5419,339
5420,323
5421,318
5422,343
5423,358
5424,358
5425,344
5426,334
5427,340
5428,339
5429,100
5430,0
5431,337
5432,694
5433,688
5434,315
5435,483
5436,0
5437,0
5438,552
5439,682
5440,679
5441,366
5442,323
5443,344
5444,330
5445,340
5446,340
5447,359
5448,359
5449,358
5450,358
5451,328
5452,343
5453,350
5454,353
5455,353
5456,359
5457,347
5458,353
5459,324
5460,340
5461,349
5462,341
5463,318
5464,0
5465,0
5466,562
5467,690
5468,669
5469,355
5470,353
5471,357
5472,357
5473,352
5474,345
5475,302
5476,343
5477,308
5478,329
5479,319
5480,337
5481,354
5482,354
5483,355
5484,352
5485,333
5486,333
5487,350
5488,331
5489,316
5490,301
5491,333
5492,316
5493,353
5494,350
5495,321
5496,332
5497,333
5498,335
5499,343
5500,354
5501,302
5502,331
5503,296
5504,297
5505,332
5506,301
5507,344
5508,344
5509,357
5510,350
5511,345
5512,336
5513,340
5514,343
5515,340
5516,332
5517,329
5518,345
5519,354
5520,359
5521,358
5522,334
5523,355
5524,355
5525,346
5526,339
5527,339
5528,354
5529,350
5530,355
5531,357
5532,357
5533,347
5534,357
5535,340
5536,193
5537,0
5538,112
5539,691
5540,687
5541,571
5542,355
5543,354
5544,358
5545,356
5546,354
5547,359
5548,334
5549,359
5550,353
5551,361
5552,359
5553,348
5554,356
5555,359
5556,335
5557,347
5558,353
5559,343
5560,355
5561,338
5562,324
5563,340
5564,352
5565,360
5566,356
5567,354
5568,329
5569,330
5570,331
5571,331
5572,305
5573,313
5574,314
5575,302
5576,328
5577,357
5578,338
5579,333
5580,343
5581,354
5582,355
5583,360
5584,358
5585,345
5586,338
5587,361
5588,303
5589,333
5590,332
5591,302
5592,331
5593,334
5594,331
5595,353
5596,355
5597,351
5598,347
5599,357
5600,339
5601,359
5602,341
5603,359
5604,302
5605,333
5606,331
5607,308
5608,353
5609,355
5610,345
5611,332
5612,334
5613,27
5614,0
5615,455
5616,692
5617,682
5618,383
5619,347
5620,337
5621,358
5622,355
5623,328
5624,338
5625,331
5626,297
5627,296
5628,297
5629,331
5630,328
5631,352
5632,357
5633,360
5634,361
5635,352
5636,320
5637,333
5638,344
5639,359
5640,339
5641,348
5642,351
5643,360
5644,337
5645,345
5646,320
5647,333
5648,338
5649,345
5650,349
5651,330
5652,330
5653,304
5654,348
5655,337
5656,311
5657,324
5658,346
5659,349
5660,355
5661,301
5662,300
5663,333
5664,328
5665,325
5666,359
5667,350
5668,339
5669,334
5670,358
5671,328
5672,298
5673,335
5674,334
5675,302
5676,297
5677,334
5678,330
5679,359
5680,355
5681,359
5682,360
5683,351
5684,347
5685,341
5686,327
5687,333
5688,351
5689,352
5690,353
5691,334
5692,337
5693,360
5694,334
5695,301
5696,332
5697,344
5698,343
5699,360
5700,360
5701,351
5702,357
5703,359
5704,359
5705,343
5706,355
5707,342
5708,326
5709,339
5710,348
5711,353
5712,358
5713,357
5714,361
5715,358
5716,358
5717,352
5718,333
5719,305
5720,304
5721,332
5722,334
5723,333
5724,338
5725,345
5726,345
5727,341
5728,357
5729,344
5730,327
5731,330
5732,305
5733,298
5734,298
5735,332
5736,332
5737,306
5738,348
5739,348
5740,357
5741,356
5742,308
5743,344
5744,356
5745,351
5746,347
5747,356
5748,331
5749,301
5750,332
5751,303
5752,328
5753,340
5754,360
5755,360
5756,325
5757,355
5758,348
5759,332
5760,331
5761,301
5762,303
5763,298
5764,332
5765,353
5766,329
5767,353
5768,358
5769,346
5770,329
5771,359
5772,339
5773,332
5774,324
5775,342
5776,330
5777,348
5778,338
5779,356
5780,357
5781,358
5782,357
5783,352
5784,361
5785,305
5786,308
5787,335
5788,347
5789,344
5790,361
5791,355
5792,349
5793,342
5794,359
5795,353
5796,342
5797,335
5798,347
5799,354
5800,351
5801,340
5802,359
5803,360
5804,360
5805,348
5806,357
5807,325
5808,316
5809,323
5810,355
5811,345
5812,348
5813,357
5814,356
5815,352
5816,336
5817,357
5818,300
5819,318
5820,349
5821,346
5822,345
5823,336
5824,337
5825,340
5826,359
5827,348
5828,349
5829,304
5830,345
5831,338
5832,342
5833,349
5834,359
5835,360
5836,356
5837,353
5838,345
5839,344
5840,341
5841,301
5842,299
5843,360
5844,319
5845,356
5846,361
5847,347
5848,358
5849,327
5850,335
5851,342
5852,333
5853,356
5854,358
5855,348
5856,353
5857,335
5858,360
5859,355
5860,360
5861,358
5862,343
5863,346
5864,352
5865,350
5866,328
5867,355
5868,304
5869,350
5870,349
5871,356
5872,360
5873,334
5874,358
5875,360
5876,349
5877,302
5878,301
5879,346
5880,344
5881,337
5882,334
5883,306
5884,345
5885,355
5886,359
5887,340
5888,335
5889,338
5890,343
5891,320
5892,326
5893,318
5894,351
5895,331
5896,301
5897,339
5898,358
5899,351
5900,353
5901,344
5902,348
5903,349
5904,333
5905,333
5906,355
5907,344
5908,331
5909,312
5910,326
5911,323
5912,339
5913,353
5914,360
5915,335
5916,332
5917,347
5918,345
5919,338
5920,299
5921,302
5922,349
5923,317
5924,340
5925,358
5926,352
5927,329
5928,359
5929,339
5930,339
5931,329
5932,358
5933,352
5934,357
5935,349
5936,349
5937,359
5938,358
5939,357
5940,342
5941,325
5942,301
5943,312
5944,355
5945,337
5946,355
5947,351
5948,358
5949,349
5950,346
5951,348
5952,354
5953,360
5954,336
5955,339
5956,356
5957,360
5958,358
5959,361
5960,358
5961,345
5962,336
5963,335
5964,334
5965,341
5966,301
5967,347
5968,319
5969,320
5970,343
5971,343
5972,353
5973,348
5974,346
5975,332
5976,323
5977,331
5978,310
5979,317
5980,345
5981,344
5982,307
5983,316
5984,353
5985,351
5986,360
5987,325
5988,355
5989,314
5990,352
5991,316
5992,330
5993,336
5994,334
5995,332
5996,339
5997,359
5998,350
5999,354
6000,357
6001,355
6002,331
6003,334
6004,343
6005,350
6006,334
6007,309
6008,325
6009,334
6010,303
6011,344
6012,344
6013,334
6014,335
6015,358
6016,357
6017,357
6018,352
6019,328
6020,339
6021,327
6022,340
6023,334
6024,328
6025,346
6026,353
6027,353
6028,339
6029,354
6030,324
6031,349
6032,334
6033,341
6034,353
6035,333
6036,312
6037,329
6038,338
6039,352
6040,352
6041,238
6042,0
6043,46
6044,694
6045,666
6046,614
6047,357
6048,355
6049,352
6050,344
6051,356
6052,357
6053,351
6054,353
6055,350
6056,357
6057,353
6058,356
6059,349
6060,344
6061,356
6062,354
6063,352
6064,360
6065,346
6066,348
6067,345
6068,353
6069,341
6070,357
6071,361
6072,356
6073,360
6074,358
6075,357
6076,350
6077,339
6078,360
6079,354
6080,334
6081,328
6082,360
6083,357
6084,359
6085,359
6086,355
6087,353
6088,359
6089,342
6090,356
6091,334
6092,354
6093,339
6094,360
6095,358
6096,349
6097,347
6098,341
6099,343
6100,335
6101,328
6102,300
6103,327
6104,361
6105,351
6106,355
6107,351
6108,354
6109,352
6110,333
6111,337
6112,355
6113,346
6114,359
6115,353
6116,358
6117,356
6118,359
6119,356
6120,356
6121,354
6122,344
6123,340
6124,323
6125,338
6126,357
6127,357
6128,361
6129,359
6130,352
6131,356
6132,360
6133,348
6134,357
6135,337
6136,324
6137,343
6138,303
6139,314
6140,345
6141,355
6142,352
6143,354
6144,346
6145,334
6146,334
6147,331
6148,301
6149,332
6150,301
6151,331
6152,330
6153,335
6154,348
6155,350
6156,356
6157,349
6158,355
6159,350
6160,333
6161,348
6162,344
6163,360
6164,359
6165,353
6166,333
6167,335
6168,353
6169,349
6170,348
6171,349
6172,333
6173,337
6174,334
6175,332
6176,336
6177,340
6178,351
6179,355
6180,355
6181,360
6182,361
6183,339
6184,349
6185,349
6186,356
6187,350
6188,355
6189,360
6190,351
6191,338
6192,340
6193,339
6194,352
6195,344
6196,337
6197,360
6198,345
6199,344
6200,360
6201,358
6202,360
6203,355
6204,342
6205,354
6206,346
6207,332
6208,334
6209,352
6210,349
6211,350
6212,359
6213,359
6214,360
6215,326
6216,354
6217,357
6218,341
6219,343
6220,344
6221,346
6222,348
6223,332
6224,352
6225,346
6226,349
6227,347
6228,347
6229,349
6230,350
6231,352
6232,347
6233,353
6234,311
6235,320
6236,359
6237,356
6238,346
6239,356
6240,345
6241,355
6242,343
6243,350
6244,354
6245,346
6246,358
6247,360
6248,351
6249,356
6250,360
6251,356
6252,352
6253,357
6254,359
6255,330
6256,335
6257,336
6258,356
6259,360
6260,362
6261,358
6262,355
6263,358
6264,349
6265,345
6266,330
6267,331
6268,318
6269,344
6270,359
6271,359
6272,360
6273,360
6274,356
6275,359
6276,352
6277,351
6278,354
6279,355
6280,356
6281,342
6282,338
6283,339
6284,344
6285,356
6286,357
6287,362
6288,357
6289,342
6290,335
6291,332
6292,325
6293,311
6294,339
6295,323
6296,318
6297,348
6298,348
6299,323
6300,349
6301,354
6302,350
6303,358
6304,336
6305,357
6306,352
6307,353
6308,348
6309,356
6310,356
6311,340
6312,355
6313,360
6314,352
6315,359
6316,348
6317,354
6318,359
6319,351
6320,356
6321,359
6322,336
6323,319
6324,312
6325,317
6326,359
6327,359
6328,358
6329,355
6330,343
6331,354
6332,347
6333,330
6334,359
6335,357
6336,347
6337,299
6338,303
6339,341
6340,359
6341,359
6342,360
6343,341
6344,356
6345,333
6346,337
6347,355
6348,351
6349,353
6350,348
6351,358
6352,357
6353,360
6354,362
6355,358
6356,356
6357,355
6358,347
6359,358
6360,354
6361,346
6362,347
6363,359
6364,356
6365,359
6366,353
6367,357
6368,359
6369,323
6370,332
6371,334
6372,340
6373,360
6374,360
6375,354
6376,359
6377,353
6378,354
6379,332
6380,357
6381,351
6382,359
6383,352
6384,336
6385,361
6386,358
6387,359
6388,355
6389,354
6390,361
6391,353
6392,349
6393,329
6394,351
6395,352
6396,348
6397,359
6398,355
6399,358
6400,322
6401,347
6402,330
6403,344
6404,325
6405,340
6406,359
6407,357
6408,359
6409,356
6410,357
6411,343
6412,348
6413,357
6414,352
6415,344
6416,334
6417,333
6418,322
6419,331
6420,338
6421,360
6422,361
6423,358
6424,356
6425,360
6426,353
6427,354
6428,358
6429,335
6430,300
6431,340
6432,348
6433,358
6434,354
6435,360
6436,350
6437,358
6438,358
6439,351
6440,346
6441,350
6442,346
6443,353
6444,342
6445,360
6446,360
6447,357
6448,360
6449,360
6450,351
6451,352
6452,359
6453,350
6454,357
6455,332
6456,329
6457,357
6458,334
6459,360
6460,356
6461,358
6462,339
6463,338
6464,329
6465,334
6466,318
6467,345
6468,327
6469,339
6470,331
6471,328
6472,361
6473,358
6474,360
6475,357
6476,302
6477,325
6478,340
6479,328
6480,305
6481,301
6482,300
6483,333
6484,346
6485,359
6486,356
6487,357
6488,344
6489,357
6490,305
6491,302
6492,329
6493,336
6494,347
6495,346
6496,359
6497,358
6498,353
6499,354
6500,360
6501,351
6502,359
6503,352
6504,349
6505,350
6506,334
6507,350
6508,346
6509,356
6510,345
6511,344
6512,359
6513,358
6514,360
6515,349
6516,347
6517,310
6518,331
6519,334
6520,355
6521,352
6522,358
6523,359
6524,348
6525,346
6526,351
6527,332
6528,311
6529,333
6530,318
6531,348
6532,350
6533,359
6534,350
6535,347
6536,356
6537,341
6538,342
6539,337
6540,356
6541,343
6542,317
6543,356
6544,360
6545,360
6546,358
6547,358
6548,319
6549,359
6550,356
6551,348
6552,358
6553,335
6554,332
6555,350
6556,359
6557,359
6558,356
6559,346
6560,352
6561,357
6562,343
6563,333
6564,336
6565,343
6566,320
6567,330
6568,338
6569,338
6570,332
6571,248
6572,308
6573,318
6574,337
6575,348
6576,343
6577,349
6578,345
6579,347
6580,352
6581,331
6582,346
6583,335
6584,309
6585,338
6586,354
6587,340
6588,355
6589,353
6590,356
6591,336
6592,352
6593,334
6594,349
6595,352
6596,345
6597,347
6598,352
6599,354
6600,345
6601,358
6602,356
6603,360
6604,357
6605,352
6606,360
6607,358
6608,354
6609,341
6610,356
6611,354
6612,361
6613,361
6614,357
6615,346
6616,310
6617,351
6618,348
6619,356
6620,338
6621,347
6622,352
6623,336
6624,351
6625,362
6626,353
6627,360
6628,360
6629,358
6630,341
6631,357
6632,348
6633,359
6634,356
6635,353
6636,349
6637,361
6638,355
6639,358
6640,342
6641,315
6642,352
6643,334
6644,348
6645,349
6646,333
6647,333
6648,345
6649,351
6650,360
6651,360
6652,357
6653,355
6654,344
6655,352
6656,349
6657,351
6658,360
6659,343
6660,349
6661,358
6662,360
6663,359
6664,357
6665,355
6666,355
6667,347
6668,355
6669,224
6670,357
6671,542
6672,344
6673,347
6674,341
6675,347
6676,352
6677,348
6678,334
6679,335
6680,361
6681,359
6682,344
6683,355
6684,344
6685,346
6686,339
6687,358
6688,358
6689,360
6690,359
6691,348
6692,358
6693,353
6694,358
6695,350
6696,353
6697,343
6698,339
6699,361
6700,352
6701,361
6702,356
6703,352
6704,357
6705,360
6706,355
6707,342
6708,356
6709,356
6710,343
6711,357
6712,360
6713,360
6714,360
6715,344
6716,346
6717,354
6718,341
6719,348
6720,340
6721,347
6722,360
6723,360
6724,358
6725,358
6726,357
6727,357
6728,360
6729,348
6730,356
6731,354
6732,345
6733,358
6734,359
6735,359
6736,361
6737,360
6738,355
6739,357
6740,327
6741,356
6742,338
6743,349
6744,346
6745,359
6746,360
6747,357
6748,360
6749,358
6750,347
6751,358
6752,345
6753,346
6754,348
6755,350
6756,346
6757,358
6758,354
6759,352
6760,349
6761,338
6762,357
6763,336
6764,350
6765,341
6766,355
6767,344
6768,331
6769,337
6770,346
6771,354
6772,329
6773,336
6774,334
6775,331
6776,340
6777,356
6778,357
6779,348
6780,355
6781,347
6782,357
6783,349
6784,350
6785,353
6786,360
6787,350
6788,348
6789,359
6790,354
6791,358
6792,360
6793,357
6794,354
6795,357
6796,339
6797,337
6798,347
6799,353
6800,347
6801,357
6802,360
6803,355
6804,337
6805,355
6806,345
6807,353
6808,327
6809,353
6810,335
6811,356
6812,348
6813,359
6814,359
6815,359
6816,361
6817,356
6818,356
6819,355
6820,336
6821,345
6822,354
6823,350
6824,358
6825,357
6826,347
6827,353
6828,353
6829,352
6830,356
6831,337
6832,354
6833,348
6834,354
6835,356
6836,355
6837,355
6838,353
6839,353
6840,349
6841,356
6842,334
6843,338
6844,360
6845,350
6846,358
6847,353
6848,359
6849,360
6850,342
6851,334
6852,332
6853,328
6854,341
6855,316
6856,306
6857,355
6858,350
6859,355
6860,347
6861,350
6862,357
6863,331
6864,336
6865,351
6866,357
6867,350
6868,356
6869,352
6870,344
6871,360
6872,350
6873,353
6874,351
6875,310
6876,332
6877,325
6878,321
6879,356
6880,350
6881,359
6882,362
6883,358
6884,359
6885,361
6886,346
6887,360
6888,338
6889,323
6890,306
6891,325
6892,331
6893,337
6894,316
6895,347
6896,361
6897,355
6898,359
6899,350
6900,360
6901,355
6902,332
6903,301
6904,305
6905,356
6906,345
6907,341
6908,357
6909,358
6910,353
6911,353
6912,349
6913,333
6914,331
6915,305
6916,344
6917,348
6918,326
6919,339
6920,347
6921,357
6922,358
6923,361
6924,359
6925,350
6926,344
6927,355
6928,341
6929,332
6930,344
6931,335
6932,358
6933,335
6934,333
6935,330
6936,353
6937,343
6938,356
6939,353
6940,360
6941,359
6942,341
6943,355
6944,342
6945,332
6946,324
6947,342
6948,339
6949,347
6950,355
6951,354
6952,347
6953,358
6954,353
6955,346
6956,315
6957,324
6958,341
6959,333
6960,356
6961,343
6962,359
6963,350
6964,358
6965,358
6966,353
6967,354
6968,358
6969,334
6970,332
6971,302
6972,334
6973,329
6974,347
6975,355
6976,357
6977,350
6978,343
6979,332
6980,352
6981,340
6982,348
6983,348
6984,357
6985,358
6986,358
6987,361
6988,350
6989,356
6990,343
6991,359
6992,345
6993,344
6994,359
6995,361
6996,358
6997,361
6998,358
6999,357
7000,349
7001,358
7002,338
7003,333
7004,334
7005,347
7006,356
7007,361
7008,353
7009,359
7010,359
7011,359
7012,358
7013,352
7014,339
7015,332
7016,360
7017,351
7018,340
7019,333
7020,360
7021,358
7022,359
7023,353
7024,341
7025,332
7026,320
7027,347
7028,345
7029,347
7030,351
7031,347
7032,334
7033,358
7034,354
7035,360
7036,352
7037,336
7038,339
7039,337
7040,360
7041,321
7042,345
7043,361
7044,358
7045,342
7046,334
7047,358
7048,334
7049,327
7050,354
7051,324
7052,359
7053,337
7054,332
7055,336
7056,333
7057,353
7058,351
7059,359
7060,354
7061,358
7062,346
7063,303
7064,330
7065,336
7066,347
7067,358
7068,357
7069,359
7070,358
7071,347
7072,358
7073,336
7074,342
7075,353
7076,337
7077,324
7078,338
7079,345
7080,347
7081,345
7082,334
7083,359
7084,339
7085,344
7086,354
7087,327
7088,337
7089,305
7090,343
7091,352
7092,351
7093,360
7094,358
7095,359
7096,346
7097,334
7098,300
7099,334
7100,302
7101,343
7102,327
7103,326
7104,358
7105,351
7106,356
7107,347
7108,355
7109,342
7110,325
7111,334
7112,297
7113,315
7114,319
7115,338
7116,347
7117,357
7118,361
7119,355
7120,355
7121,345
7122,333
7123,355
7124,311
7125,355
7126,350
7127,354
7128,358
7129,354
7130,345
7131,347
7132,345
7133,350
7134,335
7135,334
7136,331
7137,334
7138,348
7139,359
7140,358
7141,356
7142,358
7143,359
7144,359
7145,356
7146,338
7147,332
7148,331
7149,319
7150,345
7151,358
7152,353
7153,360
7154,359
7155,349
7156,360
7157,336
7158,360
7159,335
7160,301
7161,333
7162,330
7163,298
7164,336
7165,347
7166,359
7167,356
7168,349
7169,351
7170,336
7171,352
7172,332
7173,352
7174,357
7175,341
7176,310
7177,334
7178,330
7179,308
7180,338
7181,359
7182,359
7183,354
7184,351
7185,352
7186,352
7187,352
7188,333
7189,340
7190,341
7191,318
7192,340
7193,361
7194,360
7195,359
7196,358
7197,355
7198,340
7199,324
7200,327
7201,339
7202,358
7203,331
7204,343
7205,350
7206,320
7207,340
7208,359
7209,354
7210,362
7211,314
7212,354
7213,356
7214,357
7215,349
7216,337
7217,342
7218,357
7219,341
7220,340
7221,360
7222,358
7223,349
7224,349
7225,357
7226,334
7227,331
7228,354
7229,354
7230,354
7231,342
7232,351
7233,355
7234,357
7235,357
7236,336
7237,354
7238,343
7239,335
7240,355
7241,338
7242,314
7243,336
7244,357
7245,358
7246,356
7247,357
7248,359
7249,344
7250,353
7251,354
7252,356
7253,346
7254,359
7255,356
7256,354
7257,357
7258,354
7259,360
7260,357
7261,356
7262,336
7263,357
7264,357
7265,342
7266,360
7267,353
7268,345
7269,357
7270,343
7271,338
7272,356
7273,360
7274,342
7275,330
7276,338
7277,347
7278,360
7279,356
7280,357
7281,337
7282,360
7283,354
7284,349
7285,358
7286,338
7287,360
7288,339
7289,345
7290,348
7291,361
7292,361
7293,359
7294,357
7295,354
7296,331
7297,333
7298,342
7299,348
7300,360
7301,357
7302,353
7303,353
7304,359
7305,347
7306,360
7307,334
7308,324
7309,357
7310,360
7311,358
7312,355
7313,359
7314,330
7315,362
7316,338
7317,360
7318,337
7319,335
7320,344
7321,352
7322,357
7323,361
7324,305
7325,334
7326,336
7327,339
7328,326
7329,349
7330,343
7331,361
7332,355
7333,361
7334,355
7335,351
7336,357
7337,349
7338,359
7339,344
7340,333
7341,324
7342,352
7343,353
7344,332
7345,339
7346,353
7347,357
7348,360
7349,352
7350,357
7351,360
7352,354
7353,345
7354,347
7355,321
7356,324
7357,341
7358,360
7359,358
7360,360
7361,341
7362,355
7363,349
7364,351
7365,334
7366,330
7367,337
7368,332
7369,328
7370,344
7371,357
7372,304
7373,356
7374,356
7375,352
7376,303
7377,332
7378,322
7379,308
7380,333
7381,330
7382,340
7383,361
7384,361
7385,359
7386,362
7387,351
7388,357
7389,350
7390,336
7391,358
7392,338
7393,297
7394,318
7395,357
7396,357
7397,358
7398,356
7399,362
7400,336
7401,337
7402,302
7403,350
7404,323
7405,350
7406,342
7407,340
7408,359
7409,358
7410,353
7411,349
7412,352
7413,346
7414,330
7415,353
7416,333
7417,333
7418,333
7419,344
7420,359
7421,352
7422,338
7423,360
7424,361
7425,339
7426,338
7427,331
7428,334
7429,346
7430,353
7431,324
7432,359
7433,357
7434,359
7435,361
7436,350
7437,354
7438,347
7439,359
7440,349
7441,355
7442,356
7443,326
7444,337
7445,353
7446,342
7447,357
7448,360
7449,357
7450,345
7451,304
7452,344
7453,355
7454,348
7455,347
7456,341
7457,349
7458,361
7459,360
7460,352
7461,352
7462,348
7463,341
7464,350
7465,331
7466,355
7467,356
7468,360
7469,359
7470,356
7471,357
7472,360
7473,338
7474,338
7475,324
7476,347
7477,330
7478,361
7479,360
7480,357
7481,361
7482,358
7483,355
7484,347
7485,341
7486,358
7487,344
7488,357
7489,338
7490,356
7491,360
7492,359
7493,359
7494,355
7495,359
7496,337
7497,342
7498,326
7499,354
7500,346
7501,326
7502,341
7503,348
7504,348
7505,358
7506,361
7507,354
7508,346
7509,355
7510,312
7511,309
7512,330
7513,332
7514,343
7515,356
7516,329
7517,359
7518,354
7519,356
7520,349
7521,354
7522,337
7523,360
7524,345
7525,325
7526,346
7527,356
7528,361
7529,361
7530,361
7531,359
7532,355
7533,357
7534,357
7535,302
7536,334
7537,345
7538,350
7539,337
7540,347
7541,343
7542,356
7543,359
7544,357
7545,350
7546,350
7547,333
7548,336
7549,357
7550,330
7551,355
7552,354
7553,360
7554,342
7555,346
7556,339
7557,330
7558,341
7559,334
7560,342
7561,330
7562,347
7563,341
7564,351
7565,352
7566,350
7567,351
7568,360
7569,352
7570,353
7571,353
7572,345
7573,360
7574,345
7575,344
7576,360
7577,357
7578,361
7579,359
7580,343
7581,327
7582,322
7583,324
7584,334
7585,318
7586,350
7587,327
7588,360
7589,358
7590,358
7591,360
7592,345
7593,362
7594,310
7595,361
7596,335
7597,337
7598,331
7599,337
7600,361
7601,360
7602,359
7603,355
7604,359
7605,349
7606,338
7607,334
7608,309
7609,327
7610,361
7611,362
7612,359
7613,353
7614,357
7615,352
7616,330
7617,302
7618,289
7619,302
7620,306
7621,344
7622,325
7623,358
7624,358
7625,355
7626,346
7627,360
7628,360
7629,313
7630,334
7631,320
7632,344
7633,332
7634,325
7635,354
7636,359
7637,362
7638,346
7639,360
7640,351
7641,351
7642,330
7643,332
7644,333
7645,342
7646,323
7647,304
7648,332
7649,330
7650,320
7651,362
7652,361
7653,348
7654,349
7655,358
7656,349
7657,327
7658,357
7659,335
7660,334
7661,334
7662,299
7663,300
7664,328
7665,356
7666,359
7667,356
7668,342
7669,350
7670,347
7671,333
7672,334
7673,360
7674,359
7675,309
7676,302
7677,333
7678,346
7679,344
7680,353
7681,358
7682,360
7683,356
7684,356
7685,341
7686,348
7687,346
7688,348
7689,347
7690,347
7691,359
7692,361
7693,358
7694,346
7695,335
7696,335
7697,361
7698,352
7699,355
7700,354
7701,349
7702,357
7703,360
7704,360
7705,359
7706,360
7707,353
7708,355
7709,334
7710,355
7711,345
7712,339
7713,347
7714,353
7715,362
7716,350
7717,357
7718,354
7719,328
7720,347
7721,355
7722,346
7723,347
7724,326
7725,323
7726,350
7727,322
7728,345
7729,350
7730,359
7731,336
7732,346
7733,336
7734,329
7735,333
7736,301
7737,328
7738,349
7739,358
7740,359
7741,359
7742,358
7743,346
7744,349
7745,357
7746,341
7747,336
7748,358
7749,344
7750,352
7751,360
7752,357
7753,358
7754,359
7755,335
7756,359
7757,354
7758,351
7759,359
7760,353
7761,357
7762,352
7763,359
7764,342
7765,359
7766,358
7767,354
7768,360
7769,354
7770,337
7771,339
7772,343
7773,225
7774,0
7775,0
7776,517
7777,679
7778,658
7779,307
7780,345
7781,350
7782,340
7783,347
7784,357
7785,302
7786,295
7787,327
7788,351
7789,308
7790,358
7791,316
7792,353
7793,319
7794,342
7795,308
7796,353
7797,344
7798,337
7799,315
7800,351
7801,334
7802,333
7803,325
7804,337
7805,355
7806,358
7807,354
7808,344
7809,333
7810,319
7811,309
7812,316
7813,334
7814,332
7815,333
7816,347
7817,344
7818,353
7819,346
7820,358
7821,359
7822,357
7823,346
7824,305
7825,335
7826,341
7827,359
7828,359
7829,356
7830,353
7831,351
7832,361
7833,338
7834,358
7835,335
7836,327
7837,330
7838,302
7839,299
7840,298
7841,332
7842,354
7843,353
7844,345
7845,344
7846,353
7847,353
7848,337
7849,352
7850,351
7851,348
7852,355
7853,344
7854,315
7855,344
7856,341
7857,358
7858,355
7859,360
7860,337
7861,304
7862,328
7863,332
7864,299
7865,333
7866,336
7867,354
7868,340
7869,348
7870,345
7871,357
7872,344
7873,346
7874,353
7875,359
7876,340
7877,332
7878,356
7879,355
7880,333
7881,349
7882,353
7883,352
7884,344
7885,356
7886,343
7887,332
7888,331
7889,302
7890,346
7891,345
7892,357
7893,354
7894,355
7895,355
7896,353
7897,346
7898,336
7899,358
7900,336
7901,334
7902,336
7903,341
7904,359
7905,359
7906,359
7907,342
7908,335
7909,332
7910,337
7911,335
7912,341
7913,354
7914,332
7915,329
7916,360
7917,357
7918,357
7919,357
7920,349
7921,340
7922,334
7923,329
7924,334
7925,331
7926,334
7927,345
7928,341
7929,358
7930,356
7931,347
7932,351
7933,347
7934,351
7935,358
7936,325
7937,312
7938,332
7939,297
7940,332
7941,352
7942,352
7943,349
7944,359
7945,301
7946,332
7947,349
7948,346
7949,357
7950,331
7951,301
7952,325
7953,346
7954,359
7955,358
7956,356
7957,330
7958,342
7959,354
7960,336
7961,333
7962,331
7963,303
7964,333
7965,337
7966,357
7967,357
7968,359
7969,357
7970,334
7971,356
7972,338
7973,340
7974,335
7975,342
7976,347
7977,326
7978,304
7979,344
7980,351
7981,329
7982,349
7983,360
7984,356
7985,354
7986,326
7987,331
7988,330
7989,332
7990,333
7991,335
7992,359
7993,336
7994,339
7995,346
7996,354
7997,357
7998,345
7999,346
8000,353
8001,340
8002,333
8003,334
8004,332
8005,333
8006,333
8007,332
8008,342
8009,349
8010,337
8011,343
8012,344
8013,345
8014,350
8015,349
8016,350
8017,359
8018,333
8019,333
8020,342
8021,353
8022,358
8023,359
8024,348
8025,356
8026,338
8027,355
8028,333
8029,354
8030,343
8031,336
8032,336
8033,360
8034,359
8035,356
8036,360
8037,340
8038,358
8039,358
8040,339
8041,332
8042,300
8043,323
8044,331
8045,349
8046,360
8047,337
8048,334
8049,335
8050,355
8051,354
8052,350
8053,352
8054,357
8055,339
8056,331
8057,298
8058,301
8059,329
8060,328
8061,348
8062,349
8063,334
8064,337
8065,328
8066,301
8067,322
8068,351
8069,340
8070,343
8071,357
8072,358
8073,359
8074,358
8075,359
8076,342
8077,366
8078,327
8079,325
8080,325
8081,326
8082,357
8083,350
8084,360
8085,352
8086,357
8087,356
8088,360
8089,338
8090,333
8091,335
8092,358
8093,347
8094,357
8095,353
8096,347
8097,342
8098,347
8099,346
8100,327
8101,332
8102,333
8103,301
8104,335
8105,330
8106,336
8107,351
8108,361
8109,344
8110,328
8111,360
8112,337
8113,333
8114,335
8115,300
8116,349
8117,347
8118,343
8119,355
8120,353
8121,358
8122,353
8123,339
8124,348
8125,325
8126,358
8127,332
8128,332
8129,332
8130,333
8131,330
8132,327
8133,330
8134,356
8135,349
8136,349
8137,332
8138,334
8139,334
8140,312
8141,337
8142,302
8143,332
8144,301
8145,321
8146,331
8147,356
8148,358
8149,348
8150,335
8151,332
8152,352
8153,348
8154,346
8155,348
8156,346
8157,322
8158,340
8159,345
8160,355
8161,358
8162,356
8163,352
8164,325
8165,355
8166,340
8167,332
8168,339
8169,321
8170,329
8171,339
8172,352
8173,356
8174,338
8175,348
8176,356
8177,354
8178,357
8179,340
8180,301
8181,302
8182,332
8183,321
8184,338
8185,356
8186,354
8187,357
8188,360
8189,336
8190,303
8191,330
8192,299
8193,330
8194,332
8195,331
8196,349
8197,358
8198,356
8199,353
8200,356
8201,355
8202,349
8203,304
8204,333
8205,332
8206,316
8207,302
8208,328
8209,353
8210,354
8211,356
8212,354
8213,355
8214,349
8215,360
8216,331
8217,334
8218,332
8219,332
8220,332
8221,335
8222,318
8223,339
8224,335
8225,344
8226,343
8227,315
8228,300
8229,300
8230,336
8231,337
8232,341
8233,348
8234,345
8235,355
8236,352
8237,359
8238,329
8239,355
8240,338
8241,334
8242,331
8243,327
8244,346
8245,351
8246,358
8247,359
8248,360
8249,354
8250,339
8251,344
8252,303
8253,342
8254,321
8255,290
8256,471
8257,354
8258,354
8259,358
8260,354
8261,356
8262,343
8263,325
8264,338
8265,314
8266,334
8267,344
8268,344
8269,358
8270,360
8271,356
8272,350
8273,357
8274,334
8275,343
8276,341
8277,346
8278,357
8279,351
8280,349
8281,301
8282,335
8283,341
8284,349
8285,351
8286,354
8287,354
8288,359
8289,351
8290,315
8291,332
8292,334
8293,335
8294,351
8295,343
8296,359
8297,349
8298,358
8299,338
8300,330
8301,333
8302,331
8303,335
8304,350
8305,342
8306,350
8307,359
8308,357
8309,338
8310,356
8311,353
8312,358
8313,353
8314,352
8315,353
8316,315
8317,324
8318,342
8319,323
8320,346
8321,355
8322,352
8323,356
8324,356
8325,355
8326,344
8327,341
8328,355
8329,337
8330,359
8331,359
8332,359
8333,360
8334,351
8335,341
8336,332
8337,334
8338,334
8339,330
8340,337
8341,343
8342,358
8343,361
8344,358
8345,355
8346,358
8347,355
8348,353
8349,356
8350,348
8351,330
8352,330
8353,340
8354,347
8355,358
8356,359
8357,358
8358,350
8359,351
8360,355
8361,339
8362,358
8363,347
8364,350
8365,351
8366,338
8367,357
8368,346
8369,350
8370,346
8371,314
8372,350
8373,331
8374,302
8375,344
8376,344
8377,342
8378,338
8379,358
8380,357
8381,344
8382,359
8383,359
8384,322
8385,359
8386,334
8387,335
8388,339
8389,339
8390,307
8391,352
8392,349
8393,358
8394,359
8395,354
8396,348
8397,352
8398,332
8399,326
8400,314
8401,338
8402,353
8403,340
8404,336
8405,336
8406,341
8407,358
8408,358
8409,359
8410,359
8411,338
8412,334
8413,351
8414,354
8415,356
8416,329
8417,304
8418,332
8419,300
8420,345
8421,357
8422,349
8423,347
8424,351
8425,359
8426,356
8427,350
8428,359
8429,337
8430,328
8431,338
8432,336
8433,347
8434,349
8435,346
8436,343
8437,357
8438,355
8439,342
8440,358
8441,338
8442,353
8443,311
8444,319
8445,347
8446,355
8447,357
8448,354
8449,327
8450,356
8451,341
8452,337
8453,348
8454,358
8455,354
8456,343
8457,342
8458,358
8459,359
8460,352
8461,353
8462,355
8463,355
8464,350
8465,354
8466,348
8467,350
8468,344
8469,346
8470,357
8471,356
8472,361
8473,339
8474,355
8475,343
8476,333
8477,324
8478,335
8479,359
8480,305
8481,307
8482,353
8483,333
8484,341
8485,344
8486,360
8487,352
8488,338
8489,357
8490,337
8491,359
8492,336
8493,331
8494,346
8495,358
8496,354
8497,355
8498,358
8499,359
8500,356
8501,335
8502,333
8503,357
8504,350
8505,358
8506,345
8507,356
8508,356
8509,358
8510,361
8511,351
8512,352
8513,340
8514,354
8515,322
8516,341
8517,354
8518,354
8519,337
8520,338
8521,355
8522,358
8523,358
8524,360
8525,348
8526,358
8527,333
8528,333
8529,301
8530,351
8531,356
8532,342
8533,359
8534,348
8535,332
8536,358
8537,348
8538,342
8539,352
8540,349
8541,345
8542,333
8543,335
8544,358
8545,350
8546,358
8547,361
8548,353
8549,356
8550,356
8551,349
8552,354
8553,350
8554,325
8555,320
8556,337
8557,347
8558,356
8559,360
8560,357
8561,338
8562,351
8563,347
8564,350
8565,351
8566,346
8567,332
8568,331
8569,346
8570,356
8571,359
8572,357
8573,357
8574,355
8575,348
8576,355
8577,340
8578,312
8579,351
8580,331
8581,345
8582,335
8583,318
8584,304
8585,336
8586,353
8587,357
8588,353
8589,343
8590,332
8591,344
8592,340
8593,359
8594,347
8595,334
8596,345
8597,339
8598,349
8599,351
8600,352
8601,339
8602,345
8603,351
8604,360
8605,354
8606,350
8607,355
8608,360
8609,357
8610,360
8611,360
8612,357
8613,357
8614,355
8615,343
8616,360
8617,359
8618,358
8619,357
8620,361
8621,351
8622,355
8623,347
8624,354
8625,332
8626,356
8627,339
8628,352
8629,359
8630,359
8631,357
8632,358
8633,350
8634,333
8635,360
8636,337
8637,338
8638,352
8639,341
8640,361
8641,360
8642,359
8643,358
8644,356
8645,349
8646,345
8647,332
8648,344
8649,354
8650,303
8651,319
8652,333
8653,356
8654,361
8655,352
8656,346
8657,358
8658,311
8659,360
8660,358
8661,331
8662,359
8663,359
8664,358
8665,354
8666,356
8667,358
8668,354
8669,360
8670,339
8671,354
8672,342
8673,334
8674,300
8675,332
8676,334
8677,355
8678,356
8679,360
8680,358
8681,348
8682,348
8683,351
8684,326
8685,331
8686,337
8687,331
8688,300
8689,300
8690,333
8691,342
8692,356
8693,353
8694,337
8695,360
8696,349
8697,333
8698,348
8699,333
8700,333
8701,333
8702,334
8703,319
8704,340
8705,360
8706,338
8707,354
8708,345
8709,333
8710,338
8711,330
8712,333
8713,334
8714,333
8715,322
8716,342
8717,356
8718,359
8719,355
8720,358
8721,360
8722,358
8723,345
8724,316
8725,305
8726,346
8727,359
8728,359
8729,353
8730,352
8731,349
8732,353
8733,346
8734,351
8735,345
8736,335
8737,357
8738,336
8739,346
8740,343
8741,357
8742,361
8743,355
8744,352
8745,354
8746,353
8747,337
8748,356
8749,333
8750,345
8751,362
8752,360
8753,358
8754,345
8755,343
8756,344
8757,352
8758,333
8759,300
8760,332
8761,333
8762,327
8763,359
8764,356
8765,361
8766,349
8767,354
8768,354
8769,360
8770,357
8771,344
8772,350
8773,347
8774,354
8775,345
8776,334
8777,347
8778,355
8779,360
8780,358
8781,336
8782,353
8783,339
8784,333
8785,332
8786,302
8787,333
8788,333
8789,322
8790,359
8791,359
8792,354
8793,361
8794,335
8795,354
8796,344
8797,304
8798,333
8799,308
8800,324
8801,343
8802,348
8803,347
8804,360
8805,361
8806,343
8807,322
8808,340
8809,341
8810,332
8811,313
8812,350
8813,334
8814,326
8815,360
8816,358
8817,358
8818,358
8819,334
8820,335
8821,334
8822,330
8823,340
8824,342
8825,362
8826,354
8827,356
8828,353
8829,355
8830,359
8831,359
8832,355
8833,346
8834,359
8835,339
8836,344
8837,355
8838,360
8839,354
8840,361
8841,359
8842,350
8843,348
8844,313
8845,332
8846,333
8847,334
8848,333
8849,355
8850,351
8851,346
8852,359
8853,354
8854,353
8855,335
8856,333
8857,331
8858,335
8859,337
8860,330
8861,311
8862,330
8863,329
8864,360
8865,359
8866,361
8867,356
8868,338
8869,353
8870,327
8871,331
8872,331
8873,344
8874,357
8875,358
8876,343
8877,356
8878,345
8879,355
8880,359
8881,355
8882,350
8883,334
8884,348
8885,350
8886,330
8887,307
8888,343
8889,360
8890,359
8891,359
8892,358
8893,342
8894,350
8895,315
8896,322
8897,355
8898,341
8899,336
8900,329
8901,333
8902,360
8903,343
8904,347
8905,355
8906,343
8907,356
8908,356
8909,358
8910,357
8911,359
8912,342
8913,353
8914,319
8915,327
8916,344
8917,358
8918,354
8919,333
8920,334
8921,337
8922,330
8923,300
8924,327
8925,307
8926,301
8927,325
8928,344
8929,355
8930,354
8931,362
8932,358
8933,345
8934,345
8935,336
8936,354
8937,356
8938,340
8939,301
8940,331
8941,332
8942,307
8943,332
8944,325
8945,354
8946,358
8947,359
8948,358
8949,348
8950,361
8951,334
8952,339
8953,357
8954,360
8955,360
8956,356
8957,347
8958,358
8959,328
8960,332
8961,334
8962,333
8963,348
8964,340
8965,359
8966,361
8967,359
8968,359
8969,361
8970,358
8971,355
8972,347
8973,345
8974,352
8975,338
8976,354
8977,351
8978,356
8979,353
8980,353
8981,354
8982,353
8983,358
8984,340
8985,331
8986,309
8987,357
8988,315
8989,331
8990,354
8991,347
8992,348
8993,343
8994,357
8995,338
8996,300
8997,333
8998,314
8999,336
9000,334
9001,326
9002,355
9003,360
9004,361
9005,360
9006,340
9007,354
9008,340
9009,345
9010,351
9011,335
9012,333
9013,328
9014,354
9015,360
9016,356
9017,356
9018,353
9019,340
9020,346
9021,340
9022,342
9023,346
9024,350
9025,332
9026,299
9027,333
9028,326
9029,360
9030,359
9031,358
9032,356
9033,310
9034,302
9035,313
9036,331
9037,313
9038,350
9039,343
9040,324
9041,345
9042,349
9043,351
9044,333
9045,359
9046,353
9047,302
9048,322
9049,344
9050,332
9051,311
9052,355
9053,316
9054,354
9055,359
9056,355
9057,348
9058,356
9059,358
9060,301
9061,333
9062,332
9063,328
9064,308
9065,358
9066,345
9067,361
9068,360
9069,357
9070,355
9071,347
9072,337
9073,356
9074,353
9075,350
9076,345
9077,336
9078,334
9079,348
9080,352
9081,351
9082,352
9083,360
9084,358
9085,346
9086,359
9087,337
9088,333
9089,333
9090,342
9091,354
9092,357
9093,357
9094,328
9095,355
9096,327
9097,318
9098,349
9099,330
9100,332
9101,332
9102,336
9103,345
9104,357
9105,355
9106,357
9107,357
9108,356
9109,346
9110,358
9111,339
9112,303
9113,314
9114,352
9115,331
9116,333
9117,334
9118,343
9119,349
9120,359
9121,333
9122,330
9123,332
9124,327
9125,342
9126,353
9127,346
9128,360
9129,357
9130,355
9131,360
9132,345
9133,358
9134,327
9135,327
9136,305
9137,341
9138,362
9139,358
9140,354
9141,361
9142,360
9143,361
9144,359
9145,358
9146,333
9147,333
9148,339
9149,351
9150,362
9151,360
9152,360
9153,354
9154,361
9155,356
9156,344
9157,337
9158,360
9159,303
9160,360
9161,313
9162,360
9163,357
9164,356
9165,340
9166,362
9167,360
9168,308
9169,352
9170,345
9171,360
9172,350
9173,353
9174,344
9175,355
9176,348
9177,352
9178,357
9179,353
9180,301
9181,331
9182,331
9183,300
9184,302
9185,299
9186,328
9187,354
9188,360
9189,353
9190,359
9191,352
9192,360
9193,315
9194,323
9195,302
9196,348
9197,360
9198,355
9199,361
9200,361
9201,336
9202,360
9203,339
9204,361
9205,344
9206,350
9207,359
9208,362
9209,359
9210,359
9211,359
9212,357
9213,344
9214,344
9215,339
9216,335
9217,330
9218,338
9219,353
9220,358
9221,360
9222,343
9223,356
9224,341
9225,356
9226,335
9227,333
9228,331
9229,301
9230,309
9231,327
9232,335
9233,326
9234,344
9235,355
9236,338
9237,361
9238,332
9239,301
9240,347
9241,356
9242,349
9243,343
9244,336
9245,325
9246,353
9247,360
9248,326
9249,352
9250,312
9251,302
9252,332
9253,331
9254,348
9255,323
9256,361
9257,358
9258,359
9259,361
9260,360
9261,359
9262,357
9263,357
9264,345
9265,357
9266,347
9267,355
9268,332
9269,319
9270,341
9271,357
9272,354
9273,358
9274,349
9275,356
9276,352
9277,339
9278,350
9279,351
9280,346
9281,362
9282,359
9283,354
9284,340
9285,354
9286,315
9287,350
9288,331
9289,352
9290,345
9291,321
9292,326
9293,360
9294,360
9295,355
9296,359
9297,360
9298,352
9299,359
9300,348
9301,354
9302,330
9303,331
9304,347
9305,361
9306,351
9307,354
9308,348
9309,356
9310,341
9311,332
9312,360
9313,336
9314,356
9315,354
9316,341
9317,357
9318,357
9319,349
9320,359
9321,353
9322,350
9323,357
9324,342
9325,358
9326,336
9327,344
9328,343
9329,356
9330,360
9331,338
9332,355
9333,312
9334,331
9335,336
9336,345
9337,334
9338,329
9339,360
9340,358
9341,353
9342,360
9343,340
9344,332
9345,332
9346,335
9347,358
9348,349
9349,354
9350,325
9351,356
9352,358
9353,359
9354,361
9355,361
9356,359
9357,354
9358,358
9359,352
9360,333
9361,326
9362,325
9363,357
9364,360
9365,361
9366,358
9367,341
9368,333
9369,303
9370,332
9371,330
9372,328
9373,360
9374,358
9375,361
9376,359
9377,357
9378,352
9379,355
9380,353
9381,349
9382,346
9383,357
9384,358
9385,355
9386,350
9387,361
9388,351
9389,354
9390,338
9391,332
9392,332
9393,309
9394,359
9395,360
9396,354
9397,357
9398,355
9399,356
9400,352
9401,358
9402,327
9403,341
9404,359
9405,353
9406,356
9407,361
9408,346
9409,354
9410,334
9411,311
9412,356
9413,332
9414,348
9415,362
9416,356
9417,359
9418,341
9419,351
9420,345
9421,358
9422,342
9423,351
9424,339
9425,355
9426,353
9427,335
9428,333
9429,304
9430,359
9431,357
9432,316
9433,337
9434,347
9435,357
9436,339
9437,336
9438,331
9439,333
9440,331
9441,333
9442,319
9443,329
9444,358
9445,349
9446,331
9447,331
9448,307
9449,341
9450,357
9451,356
9452,310
9453,342
9454,359
9455,358
9456,356
9457,360
9458,356
9459,346
9460,358
9461,357
9462,318
9463,359
9464,318
9465,322
9466,357
9467,357
9468,360
9469,361
9470,357
9471,359
9472,358
9473,358
9474,347
9475,346
9476,358
9477,357
9478,358
9479,347
9480,360
9481,342
9482,348
9483,350
9484,353
9485,350
9486,358
9487,362
9488,356
9489,358
9490,354
9491,359
9492,341
9493,356
9494,333
9495,340
9496,353
9497,353
9498,350
9499,357
9500,354
9501,357
9502,343
9503,341
9504,333
9505,311
9506,341
9507,356
9508,354
9509,352
9510,356
9511,353
9512,302
9513,317
9514,336
9515,360
9516,345
9517,356
9518,353
9519,344
9520,339
9521,329
9522,358
9523,360
9524,346
9525,357
9526,334
9527,334
9528,331
9529,313
9530,327
9531,339
9532,351
9533,354
9534,357
9535,357
9536,358
9537,359
9538,335
9539,333
9540,333
9541,344
9542,347
9543,358
9544,336
9545,298
9546,339
9547,358
9548,359
9549,359
9550,352
9551,358
9552,357
9553,336
9554,337
9555,359
9556,299
9557,331
9558,332
9559,356
9560,352
9561,360
9562,356
9563,352
9564,359
9565,356
9566,341
9567,330
9568,330
9569,300
9570,324
9571,350
9572,360
9573,358
9574,335
9575,360
9576,356
9577,358
9578,335
9579,243
9580,303
9581,338
9582,346
9583,338
9584,352
9585,352
9586,342
9587,346
9588,351
9589,341
9590,338
9591,352
9592,308
9593,331
9594,355
9595,343
9596,348
9597,360
9598,348
9599,346
9600,349
9601,352
9602,360
9603,354
9604,346
9605,337
9606,361
9607,347
9608,358
9609,361
9610,336
9611,358
9612,355
9613,359
9614,336
9615,334
9616,333
9617,326
9618,360
9619,348
9620,360
9621,359
9622,342
9623,360
9624,340
9625,360
9626,332
9627,354
9628,347
9629,339
9630,360
9631,360
9632,357
9633,360
9634,343
9635,352
9636,312
9637,351
9638,349
9639,347
9640,361
9641,357
9642,346
9643,360
9644,357
9645,342
9646,335
9647,348
9648,348
9649,346
9650,359
9651,359
9652,360
9653,356
9654,342
9655,360
9656,321
9657,356
9658,358
9659,330
9660,333
9661,351
9662,359
9663,346
9664,359
9665,358
9666,354
9667,352
9668,327
9669,339
9670,303
9671,331
9672,302
9673,341
9674,347
9675,354
9676,361
9677,356
9678,358
9679,347
9680,344
9681,331
9682,327
9683,341
9684,358
9685,359
9686,356
9687,352
9688,355
9689,346
9690,355
9691,348
9692,348
9693,347
9694,360
9695,360
9696,354
9697,359
9698,347
9699,356
9700,360
9701,304
9702,334
9703,318
9704,330
9705,342
9706,354
9707,359
9708,361
9709,356
9710,359
9711,353
9712,302
9713,333
9714,341
9715,346
9716,358
9717,351
9718,356
9719,357
9720,351
9721,335
9722,359
9723,355
9724,333
9725,342
9726,348
9727,337
9728,316
9729,342
9730,359
9731,336
9732,333
9733,334
9734,350
9735,355
9736,349
9737,360
9738,335
9739,331
9740,339
9741,329
9742,347
9743,318
9744,348
9745,361
9746,360
9747,360
9748,352
9749,328
9750,332
9751,358
9752,353
9753,353
9754,357
9755,359
9756,360
9757,357
9758,360
9759,358
9760,351
9761,360
9762,304
9763,328
9764,354
9765,359
9766,360
9767,360
9768,358
9769,360
9770,359
9771,342
9772,359
9773,355
9774,338
9775,336
9776,354
9777,354
9778,350
9779,359
9780,359
9781,344
9782,324
9783,332
9784,298
9785,302
9786,298
9787,298
9788,324
9789,344
9790,350
9791,359
9792,359
9793,352
9794,347
9795,355
9796,354
9797,358
9798,347
9799,361
9800,360
9801,352
9802,359
9803,355
9804,357
9805,356
9806,333
9807,329
9808,334
9809,333
9810,315
9811,326
9812,300
9813,344
9814,358
9815,355
9816,360
9817,352
9818,317
9819,344
9820,351
9821,348
9822,321
9823,333
9824,345
9825,323
9826,333
9827,330
9828,358
9829,359
9830,360
9831,356
9832,354
9833,350
9834,335
9835,341
9836,358
9837,320
9838,348
9839,334
9840,347
9841,351
9842,340
9843,342
9844,359
9845,359
9846,357
9847,361
9848,337
9849,356
9850,356
9851,352
9852,359
9853,335
9854,326
9855,342
9856,359
9857,356
9858,359
9859,357
9860,356
9861,352
9862,333
9863,334
9864,347
9865,354
9866,343
9867,340
9868,359
9869,360
9870,360
9871,361
9872,348
9873,345
9874,346
9875,356
9876,357
9877,349
9878,332
9879,348
9880,359
9881,351
9882,359
9883,355
9884,345
9885,351
9886,350
9887,357
9888,341
9889,360
9890,347
9891,355
9892,354
9893,349
9894,352
9895,352
9896,343
9897,352
9898,340
9899,358
9900,358
9901,361
9902,355
9903,358
9904,359
9905,359
9906,357
9907,351
9908,352
9909,333
9910,337
9911,341
9912,342
9913,362
9914,359
9915,360
9916,357
9917,351
9918,344
9919,355
9920,361
9921,336
9922,337
9923,358
9924,360
9925,359
9926,341
9927,359
9928,350
9929,346
9930,361
9931,325
9932,348
9933,361
9934,360
9935,359
9936,355
9937,359
9938,359
9939,358
9940,351
9941,337
9942,338
9943,340
9944,349
9945,358
9946,358
9947,359
9948,363
9949,357
9950,346
9951,321
9952,351
9953,356
9954,342
9955,336
9956,348
9957,349
9958,352
9959,350
9960,361
9961,336
9962,361
9963,337
9964,301
9965,333
9966,301
9967,331
9968,311
9969,357
9970,362
9971,349
9972,360
9973,351
9974,343
9975,360
9976,357
9977,353
9978,344
9979,335
9980,335
9981,360
9982,338
9983,334
9984,328
9985,356
9986,360
9987,351
9988,353
9989,348
9990,352
9991,350
9992,352
9993,358
9994,350
9995,342
9996,352
9997,352
9998,354
9999,313
10000,340
10001,359
10002,352
10003,344
10004,303
10005,329
10006,358
10007,363
10008,358
10009,357
10010,350
10011,353
10012,347
10013,325
10014,350
10015,346
10016,356
10017,359
10018,359
10019,361
10020,358
10021,355
10022,346
10023,313
10024,336
10025,335
10026,333
10027,344
10028,356
10029,356
10030,357
10031,357
10032,348
10033,351
10034,349
10035,361
10036,351
10037,350
10038,362
10039,348
10040,350
10041,338
10042,332
10043,321
10044,353
10045,350
10046,360
10047,336
10048,331
10049,358
10050,345
10051,349
10052,349
10053,334
10054,334
10055,351
10056,357
10057,353
10058,357
10059,344
10060,345
10061,361
10062,337
10063,329
10064,338
10065,345
10066,357
10067,351
10068,330
10069,336
10070,339
10071,334
10072,356
10073,355
10074,343
10075,314
10076,343
10077,359
10078,361
10079,359
10080,360
10081,357
10082,332
10083,351
10084,325
10085,341
10086,350
10087,330
10088,337
10089,358
10090,361
10091,362
10092,356
10093,351
10094,359
10095,353
10096,344
10097,345
10098,364
10099,356
10100,356
10101,356
10102,359
10103,356
10104,356
10105,360
10106,356
10107,344
10108,342
10109,321
10110,346
10111,361
10112,357
10113,360
10114,353
10115,354
10116,337
10117,343
10118,332
10119,351
10120,316
10121,327
10122,334
10123,358
10124,357
10125,339
10126,333
10127,332
10128,346
10129,348
10130,304
10131,312
10132,339
10133,319
10134,325
10135,337
10136,359
10137,360
10138,350
10139,360
10140,351
10141,346
10142,358
10143,341
10144,333
10145,334
10146,330
10147,300
10148,299
10149,328
10150,346
10151,360
10152,358
10153,354
10154,345
10155,354
10156,357
10157,338
10158,333
10159,340
10160,346
10161,353
10162,335
10163,329
10164,332
10165,351
10166,356
10167,336
10168,359
10169,337
10170,358
10171,341
10172,316
10173,338
10174,330
10175,299
10176,351
10177,345
10178,359
10179,350
10180,314
10181,311
10182,310
10183,344
10184,334
10185,335
10186,341
10187,347
10188,324
10189,334
10190,359
10191,340
10192,346
10193,337
10194,301
10195,321
10196,302
10197,327
10198,347
10199,347
10200,328
10201,323
10202,341
10203,353
10204,358
10205,361
10206,344
10207,357
10208,337
10209,326
10210,332
10211,297
10212,336
10213,348
10214,357
10215,355
10216,338
10217,357
10218,359
10219,347
10220,339
10221,329
10222,331
10223,334
10224,318
10225,320
10226,297
10227,300
10228,345
10229,358
10230,351
10231,320
10232,353
10233,340
10234,315
10235,352
10236,358
10237,350
10238,346
10239,337
10240,358
10241,357
10242,361
10243,341
10244,352
10245,346
10246,332
10247,299
10248,335
10249,332
10250,302
10251,302
10252,331
10253,360
10254,352
10255,310
10256,349
10257,343
10258,335
10259,300
10260,310
10261,324
10262,334
10263,333
10264,333
10265,345
10266,354
10267,357
10268,335
10269,361
10270,335
10271,342
10272,336
10273,332
10274,334
10275,334
10276,358
10277,359
10278,357
10279,344
10280,350
10281,347
10282,356
10283,341
10284,316
10285,345
10286,357
10287,347
10288,338
10289,360
10290,361
10291,349
10292,334
10293,353
10294,344
10295,315
10296,341
10297,356
10298,324
10299,358
10300,346
10301,348
10302,358
10303,346
10304,338
10305,333
10306,328
10307,343
10308,356
10309,346
10310,352
10311,353
10312,343
10313,331
10314,339
10315,357
10316,314
10317,359
10318,360
10319,354
10320,361
10321,355
10322,360
10323,352
10324,354
10325,360
10326,339
10327,333
10328,323
10329,343
10330,353
10331,359
10332,360
10333,340
10334,342
10335,351
10336,361
10337,335
10338,308
10339,342
10340,346
10341,304
10342,332
10343,316
10344,361
10345,360
10346,360
10347,351
10348,357
10349,356
10350,335
10351,332
10352,303
10353,346
10354,315
10355,301
10356,348
10357,357
10358,353
10359,357
10360,309
10361,356
10362,359
10363,347
10364,340
10365,328
10366,356
10367,310
10368,322
10369,359
10370,347
10371,357
10372,360
10373,336
10374,335
10375,303
10376,334
10377,333
10378,349
10379,320
10380,354
10381,341
10382,335
10383,329
10384,334
10385,347
10386,354
10387,352
10388,316
10389,306
10390,336
10391,353
10392,343
10393,358
10394,310
10395,298
10396,348
10397,353
10398,359
10399,357
10400,333
10401,331
10402,351
10403,346
10404,343
10405,329
10406,299
10407,338
10408,339
10409,349
10410,360
10411,325
10412,360
10413,356
10414,356
10415,327
10416,323
10417,334
10418,334
10419,337
10420,347
10421,340
10422,359
10423,357
10424,359
10425,357
10426,342
10427,343
10428,335
10429,347
10430,328
10431,348
10432,339
10433,350
10434,355
10435,360
10436,338
10437,273
10438,0
10439,0
10440,618
10441,689
10442,642
10443,358
10444,360
10445,359
10446,358
10447,358
10448,352
10449,355
10450,343
10451,325
10452,336
10453,331
10454,334
10455,359
10456,359
10457,359
10458,352
10459,356
10460,335
10461,300
10462,334
10463,303
10464,301
10465,309
10466,302
10467,328
10468,362
10469,360
10470,353
10471,344
10472,355
10473,339
10474,302
10475,302
10476,304
10477,323
10478,349
10479,360
10480,346
10481,344
10482,354
10483,335
10484,312
10485,354
10486,303
10487,319
10488,336
10489,333
10490,351
10491,360
10492,356
10493,359
10494,359
10495,358
10496,352
10497,342
10498,333
10499,332
10500,332
10501,335
10502,339
10503,358
10504,354
10505,354
10506,362
10507,354
10508,346
10509,359
10510,345
10511,353
10512,336
10513,297
10514,332
10515,316
10516,318
10517,350
10518,351
10519,357
10520,360
10521,357
10522,350
10523,349
10524,330
10525,313
10526,357
10527,333
10528,334
10529,329
10530,344
10531,356
10532,334
10533,333
10534,336
10535,328
10536,302
10537,332
10538,319
10539,329
10540,349
10541,351
10542,353
10543,359
10544,356
10545,337
10546,351
10547,355
10548,352
10549,303
10550,333
10551,332
10552,300
10553,301
10554,299
10555,299
10556,340
10557,341
10558,357
10559,359
10560,360
10561,337
10562,332
10563,341
10564,306
10565,332
10566,301
10567,332
10568,331
10569,312
10570,359
10571,353
10572,353
10573,344
10574,336
10575,334
10576,333
10577,333
10578,312
10579,332
10580,334
10581,334
10582,302
10583,333
10584,336
10585,358
10586,354
10587,359
10588,349
10589,359
10590,297
10591,333
10592,353
10593,303
10594,335
10595,351
10596,351
10597,358
10598,360
10599,358
10600,347
10601,358
10602,353
10603,355
10604,350
10605,352
10606,350
10607,356
10608,345
10609,358
10610,343
10611,339
10612,305
10613,318
10614,337
10615,350
10616,341
10617,360
10618,340
10619,304
10620,337
10621,346
10622,322
10623,334
10624,333
10625,334
10626,333
10627,359
10628,357
10629,0
10630,0
10631,529
10632,689
10633,679
10634,382
10635,344
10636,343
10637,356
10638,359
10639,354
10640,340
10641,347
10642,344
10643,356
10644,335
10645,333
10646,302
10647,327
10648,313
10649,361
10650,335
10651,332
10652,348
10653,355
10654,354
10655,353
10656,335
10657,334
10658,327
10659,342
10660,316
10661,333
10662,349
10663,329
10664,344
10665,357
10666,357
10667,360
10668,335
10669,328
10670,333
10671,331
10672,303
10673,335
10674,334
10675,311
10676,342
10677,352
10678,361
10679,352
10680,350
10681,357
10682,348
10683,360
10684,336
10685,303
10686,335
10687,360
10688,337
10689,332
10690,341
10691,327
10692,353
10693,359
10694,334
10695,334
10696,334
10697,331
10698,299
10699,300
10700,299
10701,325
10702,344
10703,360
10704,356
10705,355
10706,358
10707,360
10708,348
10709,346
10710,357
10711,338
10712,331
10713,325
10714,358
10715,363
10716,360
10717,361
10718,342
10719,355
10720,348
10721,362
10722,335
10723,331
10724,360
10725,329
10726,344
10727,362
10728,361
10729,350
10730,340
10731,353
10732,339
10733,350
10734,346
10735,333
10736,336
10737,317
10738,345
10739,361
10740,350
10741,349
10742,357
10743,358
10744,341
10745,334
10746,300
10747,307
10748,348
10749,354
10750,361
10751,356
10752,334
10753,356
10754,343
10755,302
10756,333
10757,332
10758,343
10759,353
10760,359
10761,360
10762,355
10763,352
10764,359
10765,354
10766,351
10767,357
10768,308
10769,331
10770,345
10771,357
10772,355
10773,360
10774,357
10775,359
10776,349
10777,352
10778,340
10779,338
10780,334
10781,339
10782,327
10783,305
10784,342
10785,341
10786,353
10787,357
10788,352
10789,346
10790,326
10791,341
10792,339
10793,328
10794,308
10795,322
10796,344
10797,346
10798,354
10799,349
10800,344
10801,352
10802,353
10803,340
10804,331
10805,334
10806,332
10807,350
10808,356
10809,353
10810,353
10811,357
10812,355
10813,358
10814,347
10815,354
10816,341
10817,300
10818,333
10819,333
10820,333
10821,339
10822,347
10823,359
10824,352
10825,349
10826,350
10827,360
10828,357
10829,341
10830,336
10831,347
10832,287
10833,140
10834,229
10835,221
10836,0
10837,0
10838,406
10839,687
10840,685
10841,431
10842,319
10843,355
10844,331
10845,342
10846,352
10847,356
10848,359
10849,360
10850,352
10851,304
10852,340
10853,357
10854,337
10855,331
10856,355
10857,346
10858,358
10859,359
10860,353
10861,357
10862,346
10863,325
10864,333
10865,346
10866,321
10867,349
10868,314
10869,309
10870,353
10871,356
10872,353
10873,356
10874,343
10875,344
10876,353
10877,232
10878,321
10879,548
10880,345
10881,360
10882,338
10883,334
10884,333
10885,333
10886,353
10887,359
10888,352
10889,356
10890,351
10891,324
10892,304
10893,338
10894,333
10895,324
10896,337
10897,359
10898,355
10899,359
10900,316
10901,353
10902,343
10903,300
10904,300
10905,300
10906,323
10907,346
10908,355
10909,359
10910,354
10911,359
10912,356
10913,351
10914,354
10915,336
10916,319
10917,356
10918,359
10919,357
10920,350
10921,335
10922,350
10923,360
10924,352
10925,353
10926,343
10927,336
10928,333
10929,330
10930,339
10931,327
10932,356
10933,351
10934,349
10935,357
10936,336
10937,329
10938,337
10939,358
10940,323
10941,341
10942,352
10943,341
10944,352
10945,351
10946,355
10947,348
10948,359
10949,356
10950,346
10951,357
10952,336
10953,347
10954,338
10955,318
10956,333
10957,325
10958,346
10959,356
10960,341
10961,355
10962,360
10963,342
10964,333
10965,327
10966,344
10967,349
10968,338
10969,304
10970,345
10971,354
10972,360
10973,348
10974,354
10975,311
10976,348
10977,347
10978,330
10979,336
10980,327
10981,357
10982,355
10983,357
10984,357
10985,358
10986,356
10987,357
10988,350
10989,344
10990,341
10991,349
10992,350
10993,324
10994,333
10995,358
10996,353
10997,340
10998,359
10999,355
11000,336
11001,342
11002,350
11003,353
11004,348
11005,325
11006,341
11007,303
11008,331
11009,331
11010,359
11011,356
11012,357
11013,355
11014,344
11015,339
11016,347
11017,330
11018,332
11019,338
11020,348
11021,333
11022,354
11023,338
11024,347
11025,359
11026,354
11027,356
11028,359
11029,338
11030,343
11031,316
11032,302
11033,305
11034,334
11035,346
11036,360
11037,355
11038,353
11039,355
11040,347
11041,353
11042,338
11043,333
11044,321
11045,342
11046,348
11047,331
11048,334
11049,343
11050,344
11051,307
11052,329
11053,231
11054,0
11055,0
11056,599
11057,669
11058,655
11059,203
11060,0
11061,0
11062,621
11063,677
11064,657
11065,184
11066,550
11067,184
11068,524
11069,426
11070,162
11071,0
11072,237
11073,650
11074,653
11075,556
11076,356
11077,356
11078,347
11079,354
11080,89
11081,400
11082,556
11083,145
11084,128
11085,155
11086,179
11087,128
11088,130
11089,129
11090,125
11091,124
11092,126
11093,153
11094,142
11095,130
11096,130
11097,166
11098,129
11099,143
11100,128
11101,175
11102,311
11103,346
11104,341
11105,321
11106,322
11107,337
11108,315
11109,322
11110,333
11111,347
11112,327
11113,313
11114,334
11115,343
11116,329
11117,231
11118,0
11119,8
11120,680
11121,681
11122,637
11123,358
11124,340
11125,345
11126,340
11127,356
11128,351
11129,353
11130,345
11131,349
11132,349
11133,345
11134,341
11135,353
11136,353
11137,347
11138,328
11139,358
11140,337
11141,227
11142,0
11143,32
11144,692
11145,682
11146,599
11147,355
11148,334
11149,351
11150,342
11151,331
11152,337
11153,349
11154,352
11155,351
11156,354
11157,352
11158,353
11159,353
11160,326
11161,325
11162,337
11163,348
11164,338
11165,354
11166,355
11167,355
11168,344
11169,342
11170,353
11171,343
11172,350
11173,342
11174,335
11175,344
11176,338
11177,337
11178,346
11179,357
11180,335
11181,346
11182,351
11183,351
11184,313
11185,302
11186,331
11187,333
11188,329
11189,321
11190,312
11191,296
11192,325
11193,337
11194,333
11195,351
11196,350
11197,351
11198,342
11199,303
11200,335
11201,351
11202,314
11203,331
11204,331
11205,340
11206,350
11207,336
11208,332
11209,332
11210,332
11211,333
11212,332
11213,324
11214,314
11215,343
11216,355
11217,329
11218,355
11219,342
11220,343
11221,341
11222,348
11223,339
11224,345
11225,334
11226,318
11227,347
11228,348
11229,338
11230,338
11231,355
11232,356
11233,345
11234,326
11235,301
11236,333
11237,333
11238,322
11239,350
11240,332
11241,330
11242,340
11243,355
11244,348
11245,242
11246,0
11247,36
11248,694
11249,682
11250,596
11251,329
11252,347
11253,333
11254,339
11255,350
11256,358
11257,338
11258,347
11259,350
11260,349
11261,352
11262,350
11263,344
11264,343
11265,342
11266,339
11267,349
11268,355
11269,350
11270,343
11271,355
11272,340
11273,347
11274,336
11275,351
11276,337
11277,346
11278,343
11279,335
11280,332
11281,327
11282,313
11283,358
11284,351
11285,358
11286,346
11287,357
11288,341
11289,332
11290,310
11291,334
11292,301
11293,330
11294,334
11295,332
11296,326
11297,348
11298,338
11299,329
11300,179
11301,0
11302,122
11303,684
11304,657
11305,564
11306,344
11307,342
11308,327
11309,230
11310,0
11311,6
11312,692
11313,672
11314,598
11315,323
11316,330
11317,342
11318,335
11319,333
11320,327
11321,352
11322,344
11323,350
11324,338
11325,347
11326,351
11327,349
11328,352
11329,346
11330,331
11331,317
11332,346
11333,327
11334,334
11335,352
11336,354
11337,337
11338,355
11339,358
11340,342
11341,335
11342,341
11343,346
11344,348
11345,335
11346,343
11347,349
11348,348
11349,356
11350,342
11351,335
11352,329
11353,333
11354,325
11355,341
11356,355
11357,324
11358,300
11359,332
11360,343
11361,341
11362,334
11363,360
11364,302
11365,333
11366,332
11367,335
11368,301
11369,315
11370,334
11371,360
11372,344
11373,347
11374,344
11375,349
11376,351
11377,330
11378,333
11379,323
11380,307
11381,322
11382,350
11383,323
11384,350
11385,345
11386,332
11387,347
11388,358
11389,354
11390,348
11391,348
11392,352
11393,334
11394,329
11395,332
11396,298
11397,329
11398,343
11399,346
11400,330
11401,359
11402,318
11403,345
11404,321
11405,347
11406,349
11407,316
11408,324
11409,330
11410,297
11411,359
11412,351
11413,353
11414,333
11415,333
11416,303
11417,301
11418,332
11419,326
11420,343
11421,334
11422,329
11423,331
11424,352
11425,348
11426,347
11427,346
11428,350
11429,353
11430,344
11431,337
11432,342
11433,348
11434,301
11435,348
11436,345
11437,353
11438,356
11439,344
11440,349
11441,348
11442,317
11443,334
11444,299
11445,322
11446,341
11447,328
11448,297
11449,297
11450,299
11451,312
11452,356
11453,357
11454,352
11455,333
11456,298
11457,303
11458,351
11459,314
11460,349
11461,346
11462,350
11463,348
11464,332
11465,330
11466,209
11467,66
11468,0
11469,323
11470,687
11471,691
11472,450
11473,299
11474,303
11475,332
11476,319
11477,358
11478,361
11479,341
11480,358
11481,338
11482,344
11483,351
11484,329
11485,332
11486,304
11487,333
11488,312
11489,334
11490,331
11491,318
11492,353
11493,351
11494,351
11495,320
11496,300
11497,301
11498,331
11499,301
11500,326
11501,354
11502,303
11503,333
11504,339
11505,344
11506,358
11507,339
11508,330
11509,350
11510,340
11511,313
11512,319
11513,303
11514,332
11515,314
11516,320
11517,339
11518,356
11519,355
11520,332
11521,358
11522,322
11523,301
11524,328
11525,335
11526,354
11527,346
11528,352
11529,313
11530,328
11531,358
11532,336
11533,350
11534,349
11535,305
11536,332
11537,328
11538,333
11539,333
11540,302
11541,321
11542,327
11543,337
11544,332
11545,356
11546,344
11547,350
11548,352
11549,346
11550,339
11551,338
11552,327
11553,301
11554,298
11555,334
11556,355
11557,350
11558,360
11559,350
11560,355
11561,308
11562,301
11563,321
11564,295
11565,331
11566,343
11567,358
11568,312
11569,333
11570,341
11571,332
11572,334
11573,342
11574,326
11575,341
11576,346
11577,360
11578,348
11579,336
11580,334
11581,333
11582,336
11583,340
11584,347
11585,329
11586,349
11587,330
11588,333
11589,344
11590,341
11591,348
11592,180
11593,0
11594,132
11595,696
11596,688
11597,539
11598,351
11599,325
11600,337
11601,358
11602,359
11603,360
11604,349
11605,346
11606,312
11607,332
11608,319
11609,319
11610,302
11611,331
11612,322
11613,343
11614,356
11615,335
11616,336
11617,332
11618,292
11619,331
11620,329
11621,325
11622,329
11623,358
11624,358
11625,357
11626,348
11627,329
11628,333
11629,341
11630,335
11631,343
11632,342
11633,357
11634,348
11635,354
11636,359
11637,356
11638,348
11639,355
11640,336
11641,332
11642,331
11643,321
11644,325
11645,351
11646,344
11647,334
11648,331
11649,350
11650,348
11651,335
11652,313
11653,337
11654,303
11655,337
11656,330
11657,359
11658,347
11659,352
11660,338
11661,330
11662,307
11663,286
11664,292
11665,304
11666,299
11667,304
11668,315
11669,341
11670,323
11671,359
11672,359
11673,358
11674,346
11675,337
11676,332
11677,317
11678,324
11679,333
11680,333
11681,332
11682,322
11683,337
11684,350
11685,354
11686,317
11687,333
11688,304
11689,349
11690,307
11691,322
11692,314
11693,335
11694,344
11695,304
11696,334
11697,355
11698,345
11699,358
11700,353
11701,349
11702,345
11703,338
11704,334
11705,301
11706,332
11707,301
11708,328
11709,352
11710,337
11711,342
11712,334
11713,337
11714,359
11715,336
11716,322
11717,348
11718,350
11719,331
11720,304
11721,335
11722,348
11723,357
11724,327
11725,354
11726,328
11727,347
11728,302
11729,297
11730,331
11731,339
11732,351
11733,339
11734,342
11735,357
11736,353
11737,331
11738,328
11739,331
11740,302
11741,321
11742,320
11743,345
11744,331
11745,326
11746,337
11747,354
11748,358
11749,356
11750,358
11751,346
11752,298
11753,327
11754,340
11755,336
11756,302
11757,322
11758,336
11759,317
11760,354
11761,354
11762,349
11763,360
11764,349
11765,346
11766,321
11767,333
11768,341
11769,356
11770,303
11771,332
11772,297
11773,322
11774,302
11775,348
11776,346
11777,360
11778,336
11779,333
11780,348
11781,347
11782,318
11783,343
11784,341
11785,354
11786,340
11787,310
11788,301
11789,355
11790,341
11791,317
11792,300
11793,295
11794,315
11795,359
11796,355
11797,359
11798,354
11799,350
11800,349
11801,345
11802,352
11803,349
11804,356
11805,338
11806,317
11807,333
11808,357
11809,359
11810,352
11811,350
11812,356
11813,358
11814,347
11815,325
11816,318
11817,324
11818,302
11819,330
11820,350
11821,340
11822,355
11823,356
11824,358
11825,352
11826,340
11827,340
11828,322
11829,337
11830,343
11831,344
11832,312
11833,353
11834,343
11835,310
11836,349
11837,334
11838,332
11839,329
11840,335
11841,300
11842,343
11843,330
11844,312
11845,328
11846,326
11847,327
11848,359
11849,329
11850,348
11851,298
11852,301
11853,298
11854,297
11855,326
11856,300
11857,341
11858,339
11859,337
11860,338
11861,330
11862,326
11863,333
11864,312
11865,354
11866,299
11867,334
11868,339
11869,352
11870,327
11871,350
11872,353
11873,356
11874,336
11875,357
11876,342
11877,327
11878,303
11879,323
11880,348
11881,350
11882,349
11883,337
11884,325
11885,307
11886,335
11887,328
11888,341
11889,347
11890,302
11891,299
11892,332
11893,304
11894,333
11895,304
11896,331
11897,309
11898,326
11899,352
11900,339
11901,355
11902,344
11903,333
11904,300
11905,318
11906,349
11907,330
11908,304
11909,307
11910,306
11911,324
11912,329
11913,302
11914,332
11915,299
11916,335
11917,298
11918,331
11919,317
11920,340
11921,303
11922,302
11923,333
11924,334
11925,312
11926,341
11927,319
11928,307
11929,340
11930,325
11931,359
11932,328
11933,332
11934,301
11935,354
11936,348
11937,348
11938,334
11939,329
11940,326
11941,300
11942,318
11943,354
11944,340
11945,350
11946,339
11947,325
11948,309
11949,331
11950,330
11951,347
11952,331
11953,297
11954,332
11955,315
11956,324
11957,322
11958,327
11959,342
11960,332
11961,345
11962,301
11963,334
11964,335
11965,353
11966,341
11967,300
11968,332
11969,319
11970,340
11971,326
11972,351
11973,333
11974,321
11975,334
11976,301
11977,333
11978,300
11979,302
11980,302
11981,313
11982,352
11983,353
11984,345
11985,355
11986,346
11987,322
11988,301
11989,298
11990,300
11991,301
11992,301
11993,322
11994,350
11995,337
11996,323
11997,352
11998,337
11999,302
12000,331
12001,316
12002,316
12003,325
12004,323
12005,359
12006,355
12007,346
12008,353
12009,346
12010,342
12011,333
12012,331
12013,332
12014,313
12015,329
12016,345
12017,330
12018,349
12019,348
12020,353
12021,347
12022,334
12023,340
12024,341
12025,312
12026,349
12027,339
12028,346
12029,336
12030,346
12031,347
12032,303
12033,352
12034,311
12035,300
12036,304
12037,302
12038,340
12039,351
12040,346
12041,346
12042,323
12043,357
12044,346
12045,360
12046,344
12047,351
12048,338
12049,332
12050,327
12051,334
12052,301
12053,331
12054,344
12055,338
12056,346
12057,327
12058,334
12059,353
12060,343
12061,298
12062,302
12063,332
12064,343
12065,348
12066,352
12067,329
12068,352
12069,357
12070,341
12071,321
12072,333
12073,358
12074,341
12075,352
12076,356
12077,344
12078,334
12079,337
12080,319
12081,337
12082,354
12083,356
12084,342
12085,344
12086,350
12087,334
12088,300
12089,342
12090,344
12091,357
12092,347
12093,355
12094,353
12095,345
12096,302
12097,327
12098,307
12099,324
12100,302
12101,297
12102,309
12103,327
12104,353
12105,344
12106,336
12107,325
12108,302
12109,341
12110,328
12111,331
12112,301
12113,298
12114,297
12115,300
12116,336
12117,358
12118,355
12119,331
12120,336
12121,333
12122,300
12123,300
12124,331
12125,297
12126,295
12127,326
12128,300
12129,336
12130,354
12131,360
12132,359
12133,350
12134,335
12135,332
12136,329
12137,309
12138,347
12139,326
12140,352
12141,340
12142,344
12143,356
12144,339
12145,336
12146,351
12147,314
12148,297
12149,337
12150,349
12151,350
12152,356
12153,358
12154,337
12155,352
12156,357
12157,334
12158,331
12159,308
12160,328
12161,306
12162,354
12163,357
12164,343
12165,358
12166,336
12167,353
12168,303
12169,302
12170,333
12171,300
12172,311
12173,300
12174,327
12175,357
12176,345
12177,349
12178,335
12179,334
12180,302
12181,297
12182,333
12183,294
12184,331
12185,337
12186,352
12187,361
12188,360
12189,336
12190,349
12191,348
12192,301
12193,298
12194,300
12195,346
12196,350
12197,343
12198,347
12199,352
12200,334
12201,333
12202,333
12203,307
12204,322
12205,303
12206,326
12207,307
12208,358
12209,351
12210,345
12211,354
12212,339
12213,357
12214,333
12215,341
12216,331
12217,318
12218,351
12219,357
12220,351
12221,343
12222,357
12223,343
12224,328
12225,302
12226,356
12227,331
12228,353
12229,356
12230,359
12231,336
12232,341
12233,352
12234,334
12235,331
12236,328
12237,338
12238,297
12239,327
12240,322
12241,353
12242,351
12243,355
12244,340
12245,339
12246,352
12247,333
12248,318
12249,297
12250,349
12251,343
12252,356
12253,353
12254,346
12255,346
12256,322
12257,324
12258,322
12259,333
12260,309
12261,347
12262,352
12263,345
12264,347
12265,331
12266,339
12267,347
12268,345
12269,347
12270,340
12271,345
12272,348
12273,336
12274,345
12275,335
12276,341
12277,326
12278,353
12279,351
12280,308
12281,341
12282,350
12283,347
12284,347
12285,344
12286,302
12287,307
12288,301
12289,314
12290,317
12291,330
12292,337
12293,340
12294,340
12295,347
12296,342
12297,339
12298,322
12299,329
12300,310
12301,325
12302,300
12303,339
12304,349
12305,308
12306,338
12307,351
12308,333
12309,345
12310,339
12311,339
12312,346
12313,344
12314,351
12315,330
12316,355
12317,354
12318,352
12319,343
12320,341
12321,344
12322,296
12323,299
12324,332
12325,309
12326,335
12327,337
12328,333
12329,340
12330,356
12331,358
12332,334
12333,360
12334,330
12335,327
12336,310
12337,296
12338,317
12339,348
12340,339
12341,356
12342,350
12343,349
12344,340
12345,345
12346,333
12347,310
12348,344
12349,349
12350,352
12351,341
12352,359
12353,345
12354,348
12355,353
12356,353
12357,341
12358,352
12359,348
12360,315
12361,352
12362,344
12363,354
12364,341
12365,358
12366,330
12367,331
12368,332
12369,333
12370,350
12371,333
12372,329
12373,322
12374,354
12375,347
12376,343
12377,341
12378,344
12379,334
12380,318
12381,346
12382,343
12383,343
12384,347
12385,337
12386,350
12387,358
12388,347
12389,332
12390,329
12391,349
12392,330
12393,333
12394,331
12395,332
12396,355
12397,335
12398,340
12399,350
12400,351
12401,353
12402,353
12403,342
12404,340
12405,239
12406,0
12407,0
12408,399
12409,577
12410,432
12411,430
12412,415
12413,417
12414,413
12415,415
12416,415
12417,415
12418,414
12419,418
12420,415
12421,414
12422,412
12423,410
12424,410
12425,408
12426,401
12427,383
12428,0
12429,0
12430,355
12431,420
12432,417
12433,420
12434,418
12435,412
12436,420
12437,420
12438,418
12439,418
12440,421
12441,418
12442,419
12443,419
12444,414
12445,419
12446,413
12447,411
12448,414
12449,413
12450,414
12451,407
12452,300
12453,0
12454,30
12455,424
12456,419
12457,423
12458,419
12459,423
12460,419
12461,419
12462,422
12463,418
12464,419
12465,419
12466,418
12467,418
12468,416
12469,415
12470,421
12471,417
12472,415
12473,417
12474,414
12475,409
12476,392
12477,21
12478,0
12479,321
12480,421
12481,418
12482,422
12483,418
12484,419
12485,423
12486,421
12487,419
12488,422
12489,419
12490,420
12491,418
12492,419
12493,417
12494,420
12495,418
12496,420
12497,419
12498,415
12499,411
12500,401
12501,394
12502,90
12503,0
12504,236
12505,422
12506,419
12507,422
12508,421
12509,420
12510,420
12511,419
12512,418
12513,422
12514,419
12515,418
12516,419
12517,420
12518,416
12519,418
12520,420
12521,414
12522,417
12523,410
12524,408
12525,406
12526,395
12527,127
12528,0
12529,204
12530,421
12531,417
12532,418
12533,417
12534,421
12535,418
12536,418
12537,420
12538,419
12539,418
12540,418
12541,419
12542,417
12543,418
12544,416
12545,417
12546,418
12547,420
12548,414
12549,412
12550,401
12551,241
12552,0
12553,133
12554,425
12555,422
12556,423
12557,422
12558,411
12559,394
12560,396
12561,432
12562,413
12563,439
12564,646
12565,527
12566,336
12567,355
12568,358
12569,358
12570,354
12571,352
12572,341
12573,358
12574,329
12575,334
12576,354
12577,334
12578,333
12579,333
12580,312
12581,354
12582,360
12583,358
12584,326
12585,329
12586,299
12587,305
12588,300
12589,340
12590,323
12591,302
12592,336
12593,314
12594,347
12595,353
12596,356
12597,342
12598,337
12599,345
12600,340
12601,348
12602,339
12603,331
12604,329
12605,339
12606,314
12607,342
12608,306
12609,333
12610,311
12611,348
12612,310
12613,331
12614,338
12615,338
12616,337
12617,339
12618,343
12619,319
12620,314
12621,318
12622,340
12623,322
12624,338
12625,340
12626,335
12627,331
12628,332
12629,229
12630,0
12631,11
12632,695
12633,688
12634,619
12635,348
12636,333
12637,343
12638,343
12639,334
12640,299
12641,332
12642,310
12643,334
12644,355
12645,357
12646,342
12647,357
12648,344
12649,359
12650,334
12651,349
12652,342
12653,330
12654,340
12655,299
12656,328
12657,303
12658,304
12659,333
12660,310
12661,356
12662,358
12663,345
12664,359
12665,338
12666,333
12667,349
12668,326
12669,331
12670,329
12671,296
12672,298
12673,322
12674,333
12675,325
12676,353
12677,357
12678,299
12679,301
12680,301
12681,299
12682,329
12683,332
12684,299
12685,324
12686,340
12687,299
12688,324
12689,338
12690,354
12691,348
12692,335
12693,346
12694,298
12695,301
12696,331
12697,301
12698,312
12699,323
12700,296
12701,331
12702,298
12703,320
12704,340
12705,308
12706,333
12707,331
12708,332
12709,354
12710,327
12711,358
12712,359
12713,360
12714,343
12715,360
12716,339
12717,350
12718,343
12719,333
12720,311
12721,347
12722,349
12723,350
12724,350
12725,352
12726,356
12727,351
12728,336
12729,335
12730,333
12731,333
12732,332
12733,311
12734,327
12735,344
12736,352
12737,354
12738,331
12739,333
12740,320
12741,339
12742,313
12743,302
12744,332
12745,329
12746,300
12747,294
12748,304
12749,325
12750,318
12751,330
12752,358
12753,346
12754,335
12755,319
12756,299
12757,321
12758,338
12759,340
12760,345
12761,350
12762,353
12763,346
12764,345
12765,298
12766,334
12767,345
12768,330
12769,346
12770,343
12771,346
12772,353
12773,330
12774,334
12775,301
12776,301
12777,300
12778,305
12779,326
12780,343
12781,321
12782,310
12783,354
12784,298
12785,332
12786,324
12787,346
12788,355
12789,348
12790,321
12791,311
12792,333
12793,332
12794,331
12795,350
12796,355
12797,334
12798,354
12799,313
12800,311
12801,330
12802,318
12803,303
12804,299
12805,332
12806,295
12807,322
12808,356
12809,353
12810,336
12811,333
12812,332
12813,299
12814,328
12815,350
12816,346
12817,354
12818,354
12819,355
12820,333
12821,298
12822,298
12823,296
12824,311
12825,341
12826,336
12827,340
12828,353
12829,347
12830,333
12831,332
12832,360
12833,308
12834,338
12835,333
12836,331
12837,299
12838,331
12839,300
12840,329
12841,301
12842,334
12843,339
12844,347
12845,345
12846,333
12847,333
12848,329
12849,334
12850,319
12851,325
12852,353
12853,354
12854,349
12855,357
12856,349
12857,328
12858,330
12859,297
12860,333
12861,331
12862,294
12863,301
12864,357
12865,353
12866,342
12867,342
12868,340
12869,357
12870,329
12871,339
12872,346
12873,349
12874,352
12875,359
12876,300
12877,300
12878,330
12879,334
12880,300
12881,303
12882,331
12883,340
12884,311
12885,308
12886,360
12887,337
12888,330
12889,343
12890,351
12891,343
12892,323
12893,342
12894,323
12895,317
12896,319
12897,353
12898,356
12899,293
12900,75
12901,0
12902,150
12903,620
12904,682
12905,680
12906,352
12907,323
12908,310
12909,323
12910,357
12911,357
12912,360
12913,337
12914,332
12915,328
12916,299
12917,333
12918,310
12919,346
12920,355
12921,352
12922,357
12923,340
12924,333
12925,342
12926,345
12927,349
12928,357
12929,348
12930,332
12931,357
12932,333
12933,309
12934,358
12935,301
12936,301
12937,327
12938,306
12939,300
12940,326
12941,353
12942,359
12943,357
12944,354
12945,360
12946,360
12947,337
12948,298
12949,304
12950,328
12951,323
12952,356
12953,359
12954,350
12955,357
12956,348
12957,326
12958,345
12959,353
12960,346
12961,351
12962,331
12963,335
12964,328
12965,344
12966,350
12967,359
12968,352
12969,345
12970,322
12971,309
12972,333
12973,352
12974,338
12975,359
12976,302
12977,332
12978,332
12979,302
12980,332
12981,298
12982,298
12983,324
12984,331
12985,349
12986,339
12987,354
12988,354
12989,349
12990,357
12991,315
12992,327
12993,334
12994,302
12995,302
12996,340
12997,328
12998,355
12999,358
13000,356
13001,354
13002,347
13003,344
13004,333
13005,334
13006,309
13007,319
13008,332
13009,318
13010,348
13011,354
13012,345
13013,327
13014,301
13015,317
13016,315
13017,301
13018,299
13019,333
13020,336
13021,344
13022,359
13023,358
13024,343
13025,333
13026,341
13027,327
13028,334
13029,323
13030,340
13031,353
13032,355
13033,340
13034,359
13035,355
13036,344
13037,332
13038,333
13039,332
13040,322
13041,309
13042,331
13043,355
13044,359
13045,356
13046,355
13047,353
13048,333
13049,309
13050,324
13051,307
13052,330
13053,331
13054,334
13055,331
13056,302
13057,313
13058,356
13059,359
13060,354
13061,349
13062,352
13063,331
13064,345
13065,357
13066,335
13067,310
13068,300
13069,302
13070,335
13071,350
13072,356
13073,342
13074,300
13075,296
13076,295
13077,297
13078,296
13079,301
13080,315
13081,332
13082,302
13083,323
13084,352
13085,352
13086,352
13087,351
13088,344
13089,354
13090,334
13091,315
13092,320
13093,299
13094,328
13095,328
13096,298
13097,299
13098,301
13099,295
13100,330
13101,354
13102,334
13103,334
13104,332
13105,305
13106,333
13107,330
13108,297
13109,297
13110,298
13111,331
13112,341
13113,334
13114,352
13115,345
13116,353
13117,302
13118,301
13119,300
13120,336
13121,295
13122,297
13123,310
13124,355
13125,358
13126,343
13127,356
13128,340
13129,307
13130,330
13131,339
13132,349
13133,343
13134,353
13135,353
13136,335
13137,353
13138,343
13139,333
13140,330
13141,207
13142,329
13143,525
13144,314
13145,340
13146,346
13147,343
13148,348
13149,330
13150,337
13151,327
13152,333
13153,332
13154,339
13155,349
13156,355
13157,355
13158,343
13159,302
13160,331
13161,334
13162,350
13163,350
13164,348
13165,333
13166,317
13167,352
13168,311
13169,327
13170,323
13171,343
13172,335
13173,323
13174,341
13175,310
13176,348
13177,321
13178,355
13179,326
13180,347
13181,335
13182,347
13183,337
13184,333
13185,337
13186,342
13187,348
13188,359
13189,325
13190,352
13191,352
13192,353
13193,326
13194,299
13195,301
13196,299
13197,339
13198,342
13199,357
13200,342
13201,319
13202,336
13203,341
13204,341
13205,348
13206,344
13207,344
13208,342
13209,341
13210,308
13211,350
13212,339
13213,356
13214,357
13215,340
13216,299
13217,335
13218,352
13219,349
13220,360
13221,359
13222,350
13223,358
13224,311
13225,344
13226,333
13227,300
13228,297
13229,321
13230,338
13231,354
13232,348
13233,360
13234,358
13235,352
13236,355
13237,325
13238,346
13239,314
13240,297
13241,297
13242,296
13243,334
13244,346
13245,325
13246,345
13247,357
13248,355
13249,324
13250,319
13251,328
13252,336
13253,326
13254,341
13255,357
13256,306
13257,329
13258,313
13259,337
13260,324
13261,351
13262,355
13263,308
13264,347
13265,342
13266,346
13267,297
13268,303
13269,322
13270,327
13271,331
13272,324
13273,307
13274,348
13275,326
13276,308
13277,333
13278,340
13279,342
13280,332
13281,311
13282,345
13283,357
13284,354
13285,347
13286,345
13287,342
13288,328
13289,345
13290,330
13291,311
13292,298
13293,306
13294,341
13295,345
13296,348
13297,353
13298,355
13299,340
13300,333
13301,341
13302,325
13303,325
13304,341
13305,341
13306,349
13307,290
13308,352
13309,325
13310,349
13311,342
13312,343
13313,336
13314,300
13315,321
13316,306
13317,338
13318,343
13319,349
13320,354
13321,341
13322,350
13323,345
13324,331
13325,328
13326,343
13327,341
13328,329
13329,326
13330,351
13331,351
13332,336
13333,353
13334,312
13335,307
13336,333
13337,294
13338,305
13339,325
13340,351
13341,357
13342,355
13343,357
13344,351
13345,342
13346,321
13347,344
13348,334
13349,330
13350,326
13351,298
13352,336
13353,345
13354,353
13355,348
13356,334
13357,344
13358,348
13359,331
13360,331
13361,303
13362,327
13363,346
13364,321
13365,337
13366,356
13367,348
13368,355
13369,342
13370,349
13371,321
13372,305
13373,320
13374,347
13375,300
13376,333
13377,343
13378,354
13379,348
13380,348
13381,335
13382,340
13383,333
13384,331
13385,330
13386,322
13387,344
13388,345
13389,358
13390,323
13391,313
13392,302
13393,320
13394,352
13395,339
13396,327
13397,300
13398,332
13399,300
13400,321
13401,355
13402,336
13403,356
13404,348
13405,358
13406,360
13407,347
13408,350
13409,342
13410,310
13411,301
13412,314
13413,331
13414,360
13415,359
13416,340
13417,354
13418,323
13419,333
13420,312
13421,355
13422,301
13423,299
13424,334
13425,330
13426,302
13427,331
13428,327
13429,357
13430,361
13431,340
13432,344
13433,351
13434,341
13435,333
13436,333
13437,312
13438,309
13439,313
13440,348
13441,335
13442,301
13443,322
13444,358
13445,351
13446,334
13447,332
13448,334
13449,329
13450,298
13451,301
13452,302
13453,300
13454,297
13455,297
13456,298
13457,299
13458,358
13459,328
13460,338
13461,304
13462,329
13463,340
13464,297
13465,309
13466,297
13467,324
13468,349
13469,341
13470,340
13471,343
13472,330
13473,348
13474,353
13475,345
13476,351
13477,347
13478,329
13479,306
13480,333
13481,307
13482,327
13483,304
13484,330
13485,329
13486,309
13487,354
13488,348
13489,337
13490,333
13491,342
13492,307
13493,351
13494,336
13495,345
13496,358
13497,358
13498,347
13499,345
13500,349
13501,351
13502,320
13503,346
13504,305
13505,332
13506,301
13507,331
13508,324
13509,333
13510,310
13511,345
13512,347
13513,355
13514,355
13515,343
13516,361
13517,334
13518,300
13519,330
13520,353
13521,356
13522,354
13523,355
13524,335
13525,311
13526,354
13527,322
13528,343
13529,307
13530,328
13531,304
13532,296
13533,303
13534,323
13535,321
13536,337
13537,324
13538,342
13539,357
13540,359
13541,340
13542,301
13543,302
13544,349
13545,325
13546,336
13547,312
13548,297
13549,331
13550,334
13551,346
13552,338
13553,328
13554,333
13555,326
13556,300
13557,330
13558,303
13559,317
13560,319
13561,301
13562,328
13563,304
13564,317
13565,360
13566,353
13567,348
13568,347
13569,339
13570,339
13571,323
13572,341
13573,336
13574,310
13575,298
13576,332
13577,333
13578,314
13579,338
13580,355
13581,324
13582,300
13583,334
13584,325
13585,326
13586,311
13587,297
13588,296
13589,330
13590,341
13591,346
13592,342
13593,342
13594,356
13595,334
13596,331
13597,301
13598,300
13599,334
13600,302
13601,301
13602,332
13603,304
13604,321
13605,332
13606,340
13607,351
13608,354
13609,333
13610,313
13611,307
13612,328
13613,333
13614,302
13615,301
13616,331
13617,301
13618,331
13619,341
13620,339
13621,349
13622,333
13623,334
13624,330
13625,305
13626,309
13627,332
13628,300
13629,314
13630,343
13631,333
13632,301
13633,299
13634,329
13635,360
13636,357
13637,206
13638,0
13639,0
13640,640
13641,688
13642,637
13643,354
13644,299
13645,330
13646,318
13647,347
13648,347
13649,332
13650,340
13651,335
13652,301
13653,301
13654,298
13655,331
13656,311
13657,341
13658,350
13659,361
13660,320
13661,308
13662,358
13663,345
13664,300
13665,334
13666,297
13667,333
13668,298
13669,311
13670,325
13671,333
13672,321
13673,361
13674,343
13675,345
13676,353
13677,333
13678,344
13679,301
13680,332
13681,299
13682,316
13683,350
13684,353
13685,344
13686,342
13687,302
13688,303
13689,331
13690,338
13691,347
13692,359
13693,233
13694,339
13695,542
13696,349
13697,333
13698,333
13699,301
13700,330
13701,330
13702,281
13703,332
13704,306
13705,303
13706,356
13707,343
13708,335
13709,342
13710,359
13711,334
13712,334
13713,332
13714,302
13715,300
13716,334
13717,345
13718,345
13719,344
13720,336
13721,334
13722,341
13723,316
13724,320
13725,335
13726,311
13727,333
13728,302
13729,308
13730,324
13731,332
13732,338
13733,328
13734,332
13735,295
13736,319
13737,341
13738,354
13739,346
13740,354
13741,342
13742,352
13743,299
13744,297
13745,333
13746,302
13747,315
13748,354
13749,359
13750,337
13751,333
13752,307
13753,355
13754,301
13755,333
13756,334
13757,303
13758,312
13759,320
13760,327
13761,331
13762,341
13763,339
13764,335
13765,348
13766,352
13767,302
13768,301
13769,302
13770,332
13771,333
13772,330
13773,350
13774,336
13775,342
13776,349
13777,343
13778,331
13779,334
13780,302
13781,334
13782,312
13783,332
13784,319
13785,316
13786,299
13787,338
13788,355
13789,358
13790,344
13791,358
13792,320
13793,301
13794,330
13795,335
13796,313
13797,331
13798,299
13799,294
13800,303
13801,356
13802,343
13803,338
13804,353
13805,339
13806,336
13807,296
13808,334
13809,297
13810,294
13811,329
13812,297
13813,313
13814,348
13815,353
13816,360
13817,354
13818,350
13819,335
13820,338
13821,331
13822,333
13823,329
13824,301
13825,296
13826,295
13827,296
13828,294
13829,311
13830,358
13831,344
13832,356
13833,331
13834,333
13835,331
13836,325
13837,301
13838,297
13839,326
13840,347
13841,355
13842,350
13843,350
13844,332
13845,333
13846,301
13847,306
13848,332
13849,301
13850,335
13851,336
13852,359
13853,338
13854,334
13855,336
13856,342
13857,323
13858,302
13859,301
13860,305
13861,299
13862,326
13863,337
13864,355
13865,360
13866,358
13867,324
13868,347
13869,334
13870,333
13871,300
13872,329
13873,334
13874,333
13875,331
13876,347
13877,359
13878,349
13879,354
13880,337
13881,332
13882,304
13883,329
13884,342
13885,220
13886,250
13887,342
13888,319
13889,358
13890,355
13891,356
13892,329
13893,333
13894,325
13895,305
13896,296
13897,346
13898,306
13899,296
13900,298
13901,318
13902,346
13903,327
13904,334
13905,342
13906,326
13907,334
13908,297
13909,333
13910,334
13911,300
13912,298
13913,308
13914,340
13915,357
13916,356
13917,357
13918,352
13919,320
13920,302
13921,297
13922,301
13923,300
13924,300
13925,336
13926,345
13927,328
13928,341
13929,329
13930,346
13931,352
13932,331
13933,353
13934,348
13935,306
13936,322
13937,318
13938,325
13939,332
13940,359
13941,340
13942,322
13943,325
13944,361
13945,338
13946,334
13947,299
13948,334
13949,296
13950,324
13951,306
13952,299
13953,336
13954,354
13955,353
13956,335
13957,342
13958,350
13959,336
13960,325
13961,309
13962,309
13963,336
13964,347
13965,346
13966,359
13967,356
13968,357
13969,351
13970,334
13971,337
13972,330
13973,334
13974,299
13975,317
13976,356
13977,356
13978,344
13979,334
13980,348
13981,353
13982,340
13983,332
13984,313
13985,302
13986,319
13987,334
13988,322
13989,360
13990,354
13991,341
13992,336
13993,308
13994,345
13995,319
13996,333
13997,301
13998,301
13999,301
14000,332
14001,327
14002,357
14003,359
14004,342
14005,302
14006,337
14007,330
14008,298
14009,330
14010,332
14011,323
14012,308
14013,300
14014,333
14015,330
14016,338
14017,328
14018,342
14019,337
14020,334
14021,301
14022,334
14023,295
14024,318
14025,299
14026,298
14027,331
14028,359
14029,356
14030,349
14031,349
14032,300
14033,301
14034,299
14035,310
14036,309
14037,315
14038,350
14039,352
14040,358
14041,352
14042,356
14043,355
14044,327
14045,334
14046,302
14047,331
14048,299
14049,300
14050,315
14051,344
14052,359
14053,361
14054,305
14055,334
14056,334
14057,332
14058,355
14059,311
14060,297
14061,329
14062,297
14063,321
14064,355
14065,334
14066,331
14067,302
14068,331
14069,340
14070,306
14071,301
14072,332
14073,326
14074,302
14075,333
14076,335
14077,350
14078,344
14079,355
14080,322
14081,341
14082,322
14083,321
14084,353
14085,335
14086,328
14087,332
14088,309
14089,298
14090,343
14091,328
14092,335
14093,340
14094,346
14095,330
14096,305
14097,333
14098,297
14099,297
14100,291
14101,300
14102,331
14103,332
14104,349
14105,354
14106,342
14107,340
14108,346
14109,310
14110,297
14111,297
14112,322
14113,311
14114,333
14115,295
14116,297
14117,305
14118,326
14119,331
14120,341
14121,347
14122,302
14123,302
14124,330
14125,322
14126,316
14127,297
14128,331
14129,299
14130,329
14131,339
14132,357
14133,356
14134,344
14135,334
14136,332
14137,307
14138,330
14139,332
14140,302
14141,301
14142,334
14143,334
14144,302
14145,300
14146,307
14147,333
14148,342
14149,336
14150,345
14151,334
14152,298
14153,303
14154,335
14155,332
14156,301
14157,324
14158,343
14159,301
14160,301
14161,340
14162,351
14163,349
14164,337
14165,313
14166,325
14167,303
14168,335
14169,332
14170,296
14171,330
14172,330
14173,337
14174,340
14175,342
14176,355
14177,343
14178,357
14179,333
14180,305
14181,354
14182,339
14183,337
14184,329
14185,346
14186,351
14187,338
14188,343
14189,355
14190,351
14191,337
14192,354
14193,280
14194,314
14195,341
14196,330
14197,341
14198,321
14199,333
14200,342
14201,352
14202,333
14203,332
14204,333
14205,321
14206,314
14207,331
14208,296
14209,297
14210,312
14211,323
14212,319
14213,353
14214,338
14215,322
14216,329
14217,333
14218,316
14219,331
14220,335
14221,334
14222,301
14223,333
14224,334
14225,346
14226,338
14227,354
14228,351
14229,355
14230,344
14231,340
14232,331
14233,341
14234,356
14235,333
14236,334
14237,326
14238,335
14239,350
14240,345
14241,348
14242,332
14243,333
14244,331
14245,319
14246,341
14247,297
14248,331
14249,332
14250,355
14251,334
14252,359
14253,349
14254,349
14255,349
14256,330
14257,327
14258,343
14259,332
14260,296
14261,322
14262,349
14263,353
14264,340
14265,349
14266,353
14267,345
14268,326
14269,322
14270,335
14271,348
14272,338
14273,326
14274,353
14275,358
14276,355
14277,349
14278,350
14279,318
14280,355
14281,335
14282,349
14283,341
14284,358
14285,355
14286,353
14287,347
14288,347
14289,343
14290,347
14291,338
14292,352
14293,338
14294,333
14295,322
14296,338
14297,356
14298,349
14299,350
14300,345
14301,356
14302,335
14303,340
14304,336
14305,333
14306,333
14307,331
14308,343
14309,347
14310,350
14311,351
14312,352
14313,343
14314,328
14315,333
14316,324
14317,327
14318,335
14319,334
14320,343
14321,331
14322,332
14323,338
14324,351
14325,348
14326,344
14327,352
14328,336
14329,357
14330,304
14331,334
14332,352
14333,329
14334,340
14335,328
14336,355
14337,358
14338,338
14339,323
14340,343
14341,333
14342,335
14343,301
14344,358
14345,322
14346,349
14347,359
14348,351
14349,350
14350,343
14351,356
14352,350
14353,347
14354,353
14355,343
14356,323
14357,340
14358,311
14359,355
14360,331
14361,331
14362,343
14363,339
14364,346
14365,351
14366,350
14367,331
14368,352
14369,341
14370,330
14371,298
14372,298
14373,322
14374,334
14375,346
14376,348
14377,350
14378,360
14379,341
14380,337
14381,356
14382,326
14383,343
14384,330
14385,298
14386,300
14387,334
14388,352
14389,332
14390,327
14391,341
14392,352
14393,333
14394,333
14395,326
14396,348
14397,343
14398,343
14399,321
14400,351
14401,344
14402,358
14403,350
14404,359
14405,354
14406,303
14407,331
14408,310
14409,315
14410,335
14411,334
14412,353
14413,357
14414,345
14415,336
14416,334
14417,330
14418,328
14419,299
14420,330
14421,327
14422,342
14423,338
14424,353
14425,357
14426,344
14427,350
14428,351
14429,350
14430,333
14431,352
14432,320
14433,326
14434,355
14435,360
14436,337
14437,334
14438,342
14439,313
14440,343
14441,330
14442,303
14443,323
14444,356
14445,356
14446,358
14447,338
14448,353
14449,346
14450,334
14451,332
14452,301
14453,330
14454,298
14455,299
14456,296
14457,295
14458,295
14459,331
14460,339
14461,330
14462,358
14463,320
14464,334
14465,350
14466,324
14467,300
14468,301
14469,323
14470,341
14471,312
14472,329
14473,333
14474,350
14475,345
14476,352
14477,351
14478,342
14479,297
14480,332
14481,313
14482,329
14483,356
14484,318
14485,359
14486,358
14487,347
14488,359
14489,333
14490,322
14491,334
14492,331
14493,326
14494,304
14495,333
14496,312
14497,325
14498,332
14499,315
14500,330
14501,353
14502,341
14503,348
14504,301
14505,329
14506,300
14507,302
14508,331
14509,297
14510,296
14511,294
14512,329
14513,334
14514,348
14515,360
14516,338
14517,332
14518,304
14519,322
14520,343
14521,330
14522,301
14523,300
14524,331
14525,332
14526,300
14527,300
14528,324
14529,300
14530,359
14531,340
14532,333
14533,303
14534,304
14535,332
14536,297
14537,296
14538,335
14539,333
14540,333
14541,333
14542,304
14543,337
14544,346
14545,333
14546,355
14547,358
14548,334
14549,308
14550,326
14551,331
14552,331
14553,342
14554,333
14555,331
14556,300
14557,317
14558,348
14559,344
14560,336
14561,336
14562,333
14563,333
14564,331
14565,296
14566,301
14567,302
14568,301
14569,301
14570,332
14571,358
14572,349
14573,337
14574,304
14575,333
14576,328
14577,324
14578,348
14579,353
14580,324
14581,361
14582,355
14583,349
14584,361
14585,333
14586,345
14587,359
14588,305
14589,299
14590,334
14591,300
14592,298
14593,338
14594,347
14595,354
14596,342
14597,336
14598,341
14599,356
14600,302
14601,301
14602,332
14603,300
14604,336
14605,299
14606,315
14607,335
14608,333
14609,356
14610,317
14611,331
14612,332
14613,300
14614,333
14615,307
14616,333
14617,299
14618,296
14619,345
14620,328
14621,333
14622,354
14623,359
14624,348
14625,345
14626,347
14627,339
14628,330
14629,298
14630,296
14631,339
14632,328
14633,353
14634,337
14635,353
14636,349
14637,352
14638,325
14639,331
14640,333
14641,327
14642,321
14643,354
14644,331
14645,338
14646,325
14647,326
14648,358
14649,350
14650,352
14651,336
14652,349
14653,333
14654,334
14655,298
14656,318
14657,303
14658,332
14659,333
14660,311
14661,334
14662,333
14663,352
14664,353
14665,343
14666,323
14667,297
14668,330
14669,322
14670,338
14671,330
14672,330
14673,331
14674,330
14675,340
14676,349
14677,350
14678,227
14679,0
14680,8
14681,698
14682,678
14683,564
14684,392
14685,398
14686,354
14687,356
14688,356
14689,354
14690,160
14691,0
14692,159
14693,693
14694,688
14695,553
14696,350
14697,129
14698,0
14699,179
14700,688
14701,689
14702,556
14703,352
14704,108
14705,0
14706,250
14707,692
14708,690
14709,518
14710,340
14711,63
14712,0
14713,319
14714,691
14715,688
14716,503
14717,332
14718,47
14719,0
14720,353
14721,688
14722,688
14723,483
14724,339
14725,27
14726,0
14727,403
14728,688
14729,690
14730,463
14731,326
14732,302
14733,0
14734,0
14735,634
14736,690
14737,664
14738,375
14739,0
14740,0
14741,472
14742,693
14743,687
14744,417
14745,313
14746,0
14747,0
14748,510
14749,690
14750,684
14751,406
14752,303
14753,0
14754,0
14755,549
14756,693
14757,684
14758,391
14759,301
14760,0
14761,0
14762,581
14763,690
14764,676
14765,377
14766,267
14767,0
14768,2
14769,621
14770,694
14771,682
14772,375
14773,248
14774,0
14775,25
14776,637
14777,692
14778,659
14779,358
14780,221
14781,0
14782,61
14783,652
14784,687
14785,652
14786,355
14787,203
14788,0
14789,76
14790,669
14791,687
14792,630
14793,353
14794,165
14795,0
14796,114
14797,687
14798,687
14799,602
14800,350
14801,168
14802,0
14803,118
14804,693
14805,687
14806,612
14807,353
14808,153
14809,0
14810,148
14811,695
14812,686
14813,566
14814,357
14815,126
14816,0
14817,211
14818,693
14819,690
14820,554
14821,350
14822,103
14823,0
14824,222
14825,689
14826,692
14827,520
14828,360
14829,94
14830,0
14831,270
14832,691
14833,688
14834,516
14835,350
14836,74
14837,0
14838,305
14839,689
14840,690
14841,496
14842,356
14843,50
14844,0
14845,346
14846,693
14847,688
14848,466
14849,349
14850,21
14851,0
14852,417
14853,690
14854,685
14855,476
14856,333
14857,8
14858,0
14859,440
14860,691
14861,682
14862,447
14863,344
14864,0
14865,0
14866,549
14867,690
14868,681
14869,394
14870,347
14871,348
14872,335
14873,357
14874,354
14875,360
14876,335
14877,333
14878,335
14879,300
14880,297
14881,298
14882,308
14883,323
14884,301
14885,318
14886,348
14887,361
14888,337
14889,303
14890,302
14891,333
14892,303
14893,300
14894,302
14895,300
14896,328
14897,305
14898,312
14899,347
14900,348
14901,243
14902,0
14903,18
14904,692
14905,682
14906,617
14907,329
14908,343
14909,347
14910,359
14911,356
14912,357
14913,351
14914,321
14915,343
14916,334
14917,212
14918,0
14919,30
14920,687
14921,684
14922,624
14923,355
14924,353
14925,357
14926,343
14927,339
14928,326
14929,339
14930,357
14931,355
14932,333
14933,344
14934,360
14935,333
14936,319
14937,341
14938,299
14939,310
14940,359
14941,330
14942,346
14943,346
14944,351
14945,333
14946,313
14947,350
14948,334
14949,327
14950,307
14951,301
14952,302
14953,333
14954,293
14955,296
14956,297
14957,330
14958,321
14959,325
14960,348
14961,306
14962,300
14963,331
14964,294
14965,313
14966,344
14967,341
14968,356
14969,335
14970,345
14971,298
14972,329
14973,300
14974,359
14975,349
14976,333
14977,357
14978,328
14979,300
14980,297
14981,299
14982,300
14983,317
14984,333
14985,333
14986,357
14987,353
14988,299
14989,298
14990,335
14991,331
14992,351
14993,337
14994,354
14995,350
14996,322
14997,349
14998,338
14999,352
15000,356
15001,351
15002,360
15003,352
15004,349
15005,347
15006,332
15007,294
15008,321
15009,338
15010,353
15011,354
15012,334
15013,309
15014,325
15015,332
15016,344
15017,342
15018,343
15019,356
15020,344
15021,326
15022,330
15023,330
15024,332
15025,300
15026,320
15027,329
15028,357
15029,334
15030,328
15031,342
15032,332
15033,301
15034,300
15035,299
15036,329
15037,298
15038,331
15039,312
15040,319
15041,326
15042,338
15043,357
15044,308
15045,301
15046,298
15047,328
15048,331
15049,333
15050,346
15051,351
15052,357
15053,332
15054,301
15055,331
15056,312
15057,344
15058,323
15059,315
15060,327
15061,356
15062,359
15063,327
15064,352
15065,331
15066,333
15067,335
15068,327
15069,307
15070,313
15071,330
15072,321
15073,350
15074,359
15075,334
15076,351
15077,338
15078,333
15079,332
15080,317
15081,300
15082,327
15083,313
15084,358
15085,359
15086,358
15087,346
15088,333
15089,317
15090,298
15091,326
15092,340
15093,355
15094,326
15095,333
15096,347
15097,320
15098,345
15099,336
15100,331
15101,301
15102,325
15103,306
15104,296
15105,318
15106,334
15107,356
15108,345
15109,358
15110,354
15111,352
15112,313
15113,300
15114,336
15115,327
15116,300
15117,359
15118,347
15119,339
15120,344
15121,304
15122,334
15123,334
15124,301
15125,333
15126,297
15127,327
15128,305
15129,330
15130,314
15131,346
15132,310
15133,359
15134,352
15135,332
15136,339
15137,301
15138,332
15139,298
15140,294
15141,330
15142,313
15143,358
15144,355
15145,342
15146,357
15147,325
15148,333
15149,319
15150,297
15151,300
15152,331
15153,334
15154,297
15155,297
15156,332
15157,300
15158,299
15159,335
15160,349
15161,348
15162,359
15163,307
15164,301
15165,297
15166,295
15167,300
15168,331
15169,294
15170,295
15171,307
15172,336
15173,358
15174,354
15175,340
15176,334
15177,331
15178,300
15179,334
15180,329
15181,333
15182,299
15183,156
15184,0
15185,163
15186,693
15187,682
15188,538
15189,355
15190,349
15191,354
15192,349
15193,322
15194,329
15195,332
15196,325
15197,333
15198,218
15199,0
15200,9
15201,428
15202,459
15203,447
15204,428
15205,453
15206,574
15207,677
15208,282
15209,0
15210,39
15211,688
15212,675
15213,637
15214,357
15215,349
15216,356
15217,354
15218,328
15219,325
15220,338
15221,301
15222,0
15223,0
15224,351
15225,458
15226,433
15227,427
15228,436
15229,638
15230,591
15231,366
15232,359
15233,357
15234,355
15235,349
15236,354
15237,344
15238,333
15239,332
15240,332
15241,332
15242,332
15243,323
15244,309
15245,328
15246,316
15247,356
15248,349
15249,350
15250,332
15251,353
15252,346
15253,332
15254,333
15255,333
15256,301
15257,326
15258,320
15259,343
15260,350
15261,359
15262,354
15263,343
15264,334
15265,300
15266,333
15267,344
15268,299
15269,305
15270,331
15271,332
15272,308
15273,339
15274,339
15275,356
15276,357
15277,334
15278,333
15279,317
15280,344
15281,307
15282,331
15283,331
15284,309
15285,323
15286,305
15287,339
15288,358
15289,358
15290,357
15291,322
15292,327
15293,336
15294,342
15295,301
15296,303
15297,349
15298,351
15299,324
15300,322
15301,350
15302,303
15303,334
15304,334
15305,330
15306,299
15307,297
15308,304
15309,339
15310,356
15311,352
15312,340
15313,339
15314,314
15315,320
15316,331
15317,317
15318,300
15319,330
15320,308
15321,342
15322,325
15323,353
15324,343
15325,342
15326,356
15327,330
15328,331
15329,308
15330,295
15331,294
15332,300
15333,323
15334,346
15335,339
15336,347
15337,345
15338,332
15339,300
15340,299
15341,300
15342,299
15343,331
15344,300
15345,298
15346,296
15347,345
15348,353
15349,355
15350,324
15351,345
15352,307
15353,333
15354,304
15355,298
15356,327
15357,299
15358,302
15359,318
15360,325
15361,360
15362,335
15363,342
15364,347
15365,309
15366,303
15367,332
15368,332
15369,297
15370,333
15371,299
15372,298
15373,315
15374,350
15375,349
15376,333
15377,334
15378,332
15379,301
15380,298
15381,299
15382,294
15383,298
15384,332
15385,328
15386,293
15387,293
15388,309
15389,314
15390,333
15391,331
15392,314
15393,350
15394,297
15395,295
15396,296
15397,300
15398,294
15399,298
15400,320
15401,358
15402,143
15403,0
15404,0
15405,526
15406,673
15407,629
15408,532
15409,330
15410,358
15411,358
15412,356
15413,354
15414,348
15415,353
15416,354
15417,350
15418,351
15419,354
15420,335
15421,327
15422,352
15423,350
15424,355
15425,357
15426,335
15427,312
15428,357
15429,320
15430,313
15431,318
15432,348
15433,348
15434,358
15435,355
15436,355
15437,346
15438,332
15439,304
15440,330
15441,342
15442,337
15443,320
15444,340
15445,346
15446,342
15447,359
15448,353
15449,339
15450,350
15451,343
15452,348
15453,324
15454,343
15455,300
15456,318
15457,348
15458,348
15459,352
15460,353
15461,351
15462,357
15463,349
15464,330
15465,332
15466,329
15467,297
15468,302
15469,343
15470,354
15471,353
15472,358
15473,334
15474,337
15475,329
15476,325
15477,321
15478,342
15479,332
15480,298
15481,320
15482,336
15483,333
15484,347
15485,359
15486,331
15487,356
15488,349
15489,348
15490,328
15491,307
15492,315
15493,322
15494,335
15495,356
15496,356
15497,340
15498,354
15499,334
15500,329
15501,346
15502,328
15503,331
15504,328
15505,327
15506,331
15507,338
15508,359
15509,356
15510,348
15511,354
15512,355
15513,344
15514,321
15515,343
15516,350
15517,351
15518,341
15519,334
15520,349
15521,330
15522,321
15523,332
15524,330
15525,341
15526,321
15527,342
15528,353
15529,326
15530,336
15531,320
15532,341
15533,350
15534,333
15535,334
15536,333
15537,333
15538,332
15539,352
15540,309
15541,318
15542,340
15543,349
15544,348
15545,348
15546,344
15547,327
15548,340
15549,356
15550,341
15551,339
15552,335
15553,346
15554,337
15555,353
15556,356
15557,356
15558,356
15559,349
15560,345
15561,350
15562,325
15563,317
15564,337
15565,327
15566,325
15567,355
15568,341
15569,352
15570,345
15571,338
15572,342
15573,333
15574,339
15575,333
15576,329
15577,331
15578,324
15579,340
15580,349
15581,358
15582,336
15583,351
15584,343
15585,354
15586,330
15587,340
15588,350
15589,333
15590,302
15591,333
15592,352
15593,349
15594,345
15595,357
15596,350
15597,350
15598,340
15599,337
15600,350
15601,303
15602,320
15603,343
15604,332
15605,344
15606,344
15607,293
15608,348
15609,333
15610,342
15611,361
15612,356
15613,343
15614,344
15615,349
15616,312
15617,348
15618,316
15619,354
15620,332
15621,321
15622,355
15623,356
15624,358
15625,345
15626,347
15627,356
15628,336
15629,323
15630,313
15631,300
15632,334
15633,341
15634,310
15635,324
15636,336
15637,337
15638,322
15639,331
15640,328
15641,292
15642,353
15643,356
15644,356
15645,341
15646,337
15647,334
15648,322
15649,331
15650,321
15651,323
15652,321
15653,309
15654,310
15655,350
15656,334
15657,352
15658,341
15659,299
15660,333
15661,333
15662,344
15663,346
15664,341
15665,322
15666,326
15667,354
15668,349
15669,339
15670,333
15671,332
15672,332
15673,329
15674,337
15675,332
15676,302
15677,301
15678,330
15679,298
15680,331
15681,301
15682,350
15683,338
15684,346
15685,332
15686,314
15687,319
15688,331
15689,330
15690,332
15691,299
15692,297
15693,302
15694,327
15695,349
15696,336
15697,357
15698,348
15699,331
15700,303
15701,333
15702,335
15703,331
15704,357
15705,335
15706,336
15707,328
15708,321
15709,344
15710,353
15711,358
15712,340
15713,328
15714,353
15715,340
15716,298
15717,298
15718,307
15719,330
15720,340
15721,340
15722,323
15723,316
15724,325
15725,334
15726,343
15727,353
15728,332
15729,332
15730,332
15731,329
15732,331
15733,303
15734,331
15735,331
15736,322
15737,357
15738,360
15739,335
15740,331
15741,311
15742,299
15743,342
15744,344
15745,324
15746,337
15747,347
15748,296
15749,316
15750,355
15751,357
15752,357
15753,335
15754,300
15755,333
15756,295
15757,298
15758,332
15759,329
15760,356
15761,315
15762,339
15763,354
15764,355
15765,346
15766,328
15767,331
15768,332
15769,311
15770,320
15771,355
15772,341
15773,307
15774,353
15775,344
15776,359
15777,349
15778,356
15779,349
15780,354
15781,301
15782,301
15783,331
15784,299
15785,346
15786,322
15787,331
15788,354
15789,336
15790,361
15791,337
15792,355
15793,354
15794,322
15795,314
15796,320
15797,326
15798,297
15799,333
15800,351
15801,354
15802,351
15803,356
15804,342
15805,320
15806,340
15807,337
15808,339
15809,352
15810,333
15811,347
15812,348
15813,329
15814,336
15815,337
15816,355
15817,358
15818,335
15819,330
15820,332
15821,343
15822,343
15823,311
15824,297
15825,314
15826,295
15827,319
15828,330
15829,306
15830,339
15831,311
15832,352
15833,331
15834,327
15835,326
15836,354
15837,339
15838,351
15839,353
15840,358
15841,354
15842,359
15843,334
15844,333
15845,329
15846,299
15847,320
15848,316
15849,344
15850,349
15851,346
15852,355
15853,338
15854,330
15855,352
15856,334
15857,326
15858,296
15859,331
15860,311
15861,330
15862,354
15863,353
15864,359
15865,331
15866,352
15867,340
15868,334
15869,316
15870,333
15871,319
15872,342
15873,303
15874,301
15875,310
15876,341
15877,339
15878,353
15879,346
15880,344
15881,334
15882,301
15883,306
15884,358
15885,327
15886,330
15887,332
15888,312
15889,354
15890,354
15891,338
15892,332
15893,303
15894,333
15895,331
15896,301
15897,318
15898,319
15899,336
15900,361
15901,331
15902,350
15903,337
15904,336
15905,358
15906,336
15907,346
15908,350
15909,330
15910,327
15911,315
15912,349
15913,287
15914,321
15915,356
15916,331
15917,335
15918,344
15919,335
15920,343
15921,352
15922,304
15923,330
15924,337
15925,347
15926,345
15927,317
15928,347
15929,354
15930,337
15931,340
15932,355
15933,357
15934,331
15935,302
15936,333
15937,344
15938,360
15939,358
15940,350
15941,355
15942,352
15943,354
15944,337
15945,332
15946,331
15947,354
15948,309
15949,339
15950,350
15951,346
15952,338
15953,340
15954,345
15955,345
15956,340
15957,343
15958,327
15959,336
15960,336
15961,313
15962,317
15963,338
15964,351
15965,337
15966,351
15967,326
15968,327
15969,302
15970,299
15971,298
15972,321
15973,322
15974,346
15975,313
15976,333
15977,350
15978,331
15979,355
15980,333
15981,347
15982,334
15983,336
15984,353
15985,340
15986,328
15987,318
15988,331
15989,332
15990,349
15991,354
15992,355
15993,357
15994,339
15995,334
15996,332
15997,332
15998,344
15999,333
16000,353
16001,355
16002,343
16003,354
16004,357
16005,355
16006,344
16007,333
16008,333
16009,325
16010,349
16011,359
16012,341
16013,346
16014,352
16015,356
16016,333
16017,334
16018,343
16019,348
16020,310
16021,317
16022,360
16023,353
16024,357
16025,355
16026,350
16027,354
16028,335
16029,352
16030,316
16031,328
16032,328
16033,338
16034,344
16035,342
16036,356
16037,352
16038,348
16039,330
16040,331
16041,303
16042,348
16043,346
16044,299
16045,319
16046,317
16047,354
16048,360
16049,353
16050,358
16051,352
16052,344
16053,321
16054,310
16055,331
16056,311
16057,356
16058,358
16059,343
16060,336
16061,353
16062,341
16063,358
16064,337
16065,334
16066,301
16067,327
16068,306
16069,320
16070,344
16071,331
16072,325
16073,356
16074,356
16075,338
16076,332
16077,323
16078,339
16079,331
16080,316
16081,321
16082,301
16083,306
16084,302
16085,353
16086,324
16087,351
16088,357
16089,352
16090,357
16091,358
16092,340
16093,347
16094,341
16095,333
16096,331
16097,333
16098,332
16099,344
16100,342
16101,334
16102,360
16103,353
16104,341
16105,336
16106,334
16107,312
16108,297
16109,313
16110,348
16111,301
16112,333
16113,354
16114,347
16115,327
16116,359
16117,346
16118,350
16119,333
16120,331
16121,310
16122,338
16123,354
16124,353
16125,354
16126,352
16127,339
16128,345
16129,346
16130,351
16131,331
16132,307
16133,338
16134,327
16135,349
16136,360
16137,358
16138,340
16139,358
16140,344
16141,347
16142,342
16143,319
16144,347
16145,355
16146,324
16147,315
16148,325
16149,336
16150,354
16151,346
16152,350
16153,343
16154,344
16155,348
16156,342
16157,335
16158,344
16159,333
16160,301
16161,327
16162,330
16163,355
16164,338
16165,350
16166,334
16167,328
16168,334
16169,334
16170,332
16171,332
16172,302
16173,332
16174,322
16175,348
16176,351
16177,356
16178,359
16179,355
16180,341
16181,332
16182,332
16183,335
16184,332
16185,331
16186,297
16187,339
16188,359
16189,355
16190,350
16191,354
16192,342
16193,339
16194,333
16195,332
16196,305
16197,324
16198,342
16199,317
16200,334
16201,354
16202,354
16203,341
16204,343
16205,334
16206,357
16207,339
16208,322
16209,324
16210,357
16211,356
16212,347
16213,358
16214,353
16215,356
16216,357
16217,339
16218,337
16219,304
16220,331
16221,312
16222,347
16223,352
16224,354
16225,356
16226,359
16227,344
16228,335
16229,322
16230,349
16231,343
16232,341
16233,353
16234,351
16235,358
16236,357
16237,359
16238,344
16239,332
16240,353
16241,343
16242,332
16243,330
16244,308
16245,340
16246,318
16247,352
16248,351
16249,343
16250,358
16251,348
16252,355
16253,331
16254,313
16255,349
16256,337
16257,332
16258,331
16259,348
16260,344
16261,354
16262,350
16263,340
16264,346
16265,332
16266,330
16267,299
16268,311
16269,349
16270,326
16271,350
16272,332
16273,332
16274,329
16275,356
16276,359
16277,351
16278,348
16279,350
16280,351
16281,329
16282,333
16283,335
16284,329
16285,314
16286,349
16287,332
16288,358
16289,358
16290,353
16291,337
16292,333
16293,311
16294,301
16295,331
16296,299
16297,330
16298,299
16299,301
16300,325
16301,354
16302,342
16303,342
16304,340
16305,346
16306,349
16307,347
16308,341
16309,339
16310,343
16311,346
16312,332
16313,300
16314,345
16315,349
16316,313
16317,356
16318,347
16319,351
16320,347
16321,346
16322,337
16323,331
16324,302
16325,332
16326,304
16327,345
16328,359
16329,360
16330,353
16331,355
16332,345
16333,353
16334,343
16335,332
16336,333
16337,346
16338,352
16339,358
16340,330
16341,326
16342,343
16343,343
16344,348
16345,348
16346,332
16347,337
16348,353
16349,358
16350,358
16351,354
16352,360
16353,357
16354,357
16355,358
16356,355
16357,335
16358,320
16359,342
16360,354
16361,340
16362,333
16363,315
16364,344
16365,357
16366,316
16367,320
16368,335
16369,0
16370,0
16371,0
16372,580
16373,680
16374,679
16375,391
16376,354
16377,348
16378,348
16379,332
16380,356
16381,356
16382,354
16383,332
16384,346
16385,349
16386,323
16387,343
16388,332
16389,334
16390,337
16391,350
16392,332
16393,355
16394,346
16395,348
16396,354
16397,352
16398,358
16399,338
16400,344
16401,339
16402,333
16403,335
16404,355
16405,333
16406,329
16407,349
16408,351
16409,356
16410,329
16411,357
16412,348
16413,347
16414,357
16415,341
16416,331
16417,331
16418,334
16419,329
16420,331
16421,339
16422,354
16423,330
16424,355
16425,328
16426,331
16427,335
16428,329
16429,347
16430,334
16431,345
16432,331
16433,299
16434,347
16435,338
16436,354
16437,347
16438,343
16439,340
16440,350
16441,332
16442,332
16443,349
16444,348
16445,354
16446,342
16447,354
16448,356
16449,348
16450,356
16451,360
16452,336
16453,357
16454,334
16455,329
16456,330
16457,301
16458,329
16459,354
16460,357
16461,359
16462,348
16463,352
16464,345
16465,315
16466,305
16467,349
16468,312
16469,304
16470,344
16471,337
16472,334
16473,357
16474,339
16475,343
16476,351
16477,227
16478,0
16479,42
16480,692
16481,682
16482,605
16483,348
16484,344
16485,347
16486,332
16487,329
16488,357
16489,350
16490,352
16491,337
16492,299
16493,330
16494,332
16495,336
16496,328
16497,351
16498,347
16499,358
16500,359
16501,354
16502,347
16503,348
16504,332
16505,333
16506,309
16507,340
16508,344
16509,359
16510,357
16511,355
16512,352
16513,357
16514,353
16515,301
16516,301
16517,332
16518,338
16519,336
16520,343
16521,358
16522,359
16523,359
16524,352
16525,355
16526,346
16527,343
16528,354
16529,344
16530,354
16531,354
16532,346
16533,357
16534,357
16535,355
16536,349
16537,348
16538,348
16539,341
16540,343
16541,341
16542,353
16543,353
16544,355
16545,350
16546,349
16547,355
16548,351
16549,351
16550,352
16551,356
16552,336
16553,313
16554,331
16555,356
16556,358
16557,354
16558,351
16559,358
16560,343
16561,352
16562,345
16563,316
16564,303
16565,328
16566,338
16567,355
16568,357
16569,358
16570,358
16571,359
16572,336
16573,331
16574,333
16575,300
16576,330
16577,330
16578,345
16579,346
16580,349
16581,344
16582,358
16583,359
16584,357
16585,355
16586,334
16587,350
16588,353
16589,325
16590,348
16591,347
16592,358
16593,339
16594,349
16595,355
16596,357
16597,338
16598,315
16599,333
16600,338
16601,343
16602,305
16603,340
16604,358
16605,343
16606,340
16607,344
16608,346
16609,346
16610,339
16611,345
16612,343
16613,347
16614,343
16615,327
16616,350
16617,356
16618,356
16619,360
16620,332
16621,346
16622,345
16623,346
16624,355
16625,329
16626,357
16627,352
16628,345
16629,360
16630,348
16631,357
16632,353
16633,353
16634,335
16635,316
16636,314
16637,323
16638,338
16639,348
16640,347
16641,341
16642,334
16643,353
16644,357
16645,348
16646,346
16647,332
16648,355
16649,329
16650,333
16651,322
16652,309
16653,310
16654,344
16655,338
16656,352
16657,359
16658,358
16659,339
16660,332
16661,332
16662,303
16663,331
16664,302
16665,337
16666,343
16667,335
16668,345
16669,332
16670,345
16671,353
16672,355
16673,350
16674,332
16675,354
16676,336
16677,337
16678,298
16679,300
16680,299
16681,300
16682,298
16683,336
16684,360
16685,357
16686,349
16687,334
16688,357
16689,353
16690,331
16691,334
16692,336
16693,228
16694,341
16695,536
16696,353
16697,348
16698,342
16699,353
16700,359
16701,356
16702,330
16703,353
16704,351
16705,335
16706,355
16707,340
16708,331
16709,330
16710,356
16711,353
16712,358
16713,358
16714,353
16715,340
16716,356
16717,341
16718,332
16719,343
16720,348
16721,358
16722,338
16723,359
16724,350
16725,347
16726,325
16727,351
16728,350
16729,329
16730,359
16731,358
16732,357
16733,357
16734,358
16735,360
16736,347
16737,353
16738,350
16739,344
16740,355
16741,349
16742,351
16743,348
16744,344
16745,354
16746,351
16747,350
16748,328
16749,337
16750,309
16751,355
16752,358
16753,339
16754,356
16755,357
16756,347
16757,348
16758,334
16759,350
16760,325
16761,346
16762,347
16763,358
16764,356
16765,359
16766,357
16767,358
16768,357
16769,356
16770,343
16771,299
16772,345
16773,353
16774,323
16775,332
16776,347
16777,353
16778,352
16779,346
16780,357
16781,349
16782,353
16783,342
16784,346
16785,355
16786,339
16787,335
16788,331
16789,353
16790,322
16791,338
16792,317
16793,339
16794,322
16795,333
16796,346
16797,317
16798,349
16799,348
16800,330
16801,350
16802,345
16803,351
16804,304
16805,344
16806,340
16807,330
16808,346
16809,348
16810,306
16811,326
16812,361
16813,353
16814,359
16815,336
16816,335
16817,355
16818,346
16819,354
16820,324
16821,318
16822,310
16823,302
16824,325
16825,312
16826,341
16827,353
16828,356
16829,354
16830,342
16831,331
16832,332
16833,352
16834,313
16835,354
16836,343
16837,336
16838,332
16839,354
16840,353
16841,359
16842,334
16843,358
16844,351
16845,346
16846,324
16847,342
16848,354
16849,330
16850,302
16851,311
16852,330
16853,340
16854,341
16855,359
16856,348
16857,303
16858,297
16859,301
16860,310
16861,334
16862,333
16863,316
16864,352
16865,359
16866,347
16867,354
16868,352
16869,335
16870,339
16871,332
16872,300
16873,317
16874,361
16875,361
16876,358
16877,358
16878,359
16879,356
16880,354
16881,347
16882,347
16883,347
16884,301
16885,318
16886,346
16887,348
16888,358
16889,354
16890,355
16891,353
16892,356
16893,343
16894,360
16895,306
16896,330
16897,331
16898,346
16899,355
16900,351
16901,357
16902,357
16903,351
16904,351
16905,313
16906,333
16907,312
16908,354
16909,328
16910,336
16911,314
16912,346
16913,344
16914,354
16915,355
16916,316
16917,346
16918,349
16919,357
16920,336
16921,303
16922,332
16923,334
16924,302
16925,311
16926,357
16927,360
16928,356
16929,353
16930,347
16931,341
16932,333
16933,321
16934,312
16935,305
16936,344
16937,358
16938,358
16939,337
16940,351
16941,358
16942,348
16943,356
16944,341
16945,342
16946,341
16947,349
16948,346
16949,356
16950,351
16951,360
16952,359
16953,340
16954,331
16955,304
16956,318
16957,330
16958,302
16959,330
16960,340
16961,357
16962,358
16963,355
16964,337
16965,359
16966,338
16967,339
16968,334
16969,351
16970,279
16971,301
16972,304
16973,345
16974,354
16975,353
16976,360
16977,348
16978,334
16979,351
16980,318
16981,341
16982,344
16983,335
16984,332
16985,330
16986,348
16987,335
16988,354
16989,338
16990,339
16991,357
16992,333
16993,340
16994,297
16995,331
16996,301
16997,330
16998,339
16999,359
17000,347
17001,327
17002,353
17003,335
17004,345
17005,347
17006,329
17007,336
17008,361
17009,321
17010,316
17011,307
17012,327
17013,338
17014,342
17015,333
17016,333
17017,359
17018,333
17019,331
17020,316
17021,322
17022,341
17023,333
17024,314
17025,306
17026,334
17027,352
17028,359
17029,358
17030,356
17031,354
17032,299
17033,332
17034,303
17035,302
17036,331
17037,336
17038,332
17039,301
17040,332
17041,306
17042,355
17043,346
17044,349
17045,344
17046,343
17047,298
17048,344
17049,344
17050,348
17051,331
17052,327
17053,325
17054,346
17055,338
17056,342
17057,342
17058,325
17059,354
17060,322
17061,335
17062,334
17063,341
17064,330
17065,353
17066,307
17067,295
17068,326
17069,341
17070,344
17071,342
17072,344
17073,352
17074,295
17075,315
17076,321
17077,344
17078,348
17079,353
17080,313
17081,307
17082,337
17083,333
17084,342
17085,342
17086,307
17087,302
17088,311
17089,329
17090,356
17091,354
17092,342
17093,315
17094,335
17095,324
17096,349
17097,333
17098,344
17099,350
17100,302
17101,325
17102,311
17103,337
17104,319
17105,339
17106,353
17107,336
17108,349
17109,320
17110,351
17111,333
17112,336
17113,325
17114,333
17115,296
17116,305
17117,322
17118,359
17119,360
17120,340
17121,318
17122,301
17123,308
17124,337
17125,336
17126,345
17127,333
17128,352
17129,353
17130,315
17131,326
17132,300
17133,344
17134,354
17135,335
17136,324
17137,315
17138,327
17139,345
17140,339
17141,349
17142,345
17143,337
17144,312
17145,340
17146,354
17147,348
17148,353
17149,330
17150,348
17151,311
17152,329
17153,337
17154,345
17155,308
17156,357
17157,357
17158,318
17159,357
17160,356
17161,346
17162,336
17163,295
17164,294
17165,320
17166,346
17167,344
17168,349
17169,358
17170,353
17171,339
17172,332
17173,345
17174,349
17175,347
17176,335
17177,340
17178,328
17179,333
17180,349
17181,348
17182,343
17183,327
17184,331
17185,313
17186,328
17187,349
17188,341
17189,353
17190,356
17191,341
17192,307
17193,357
17194,353
17195,321
17196,340
17197,342
17198,314
17199,311
17200,350
17201,342
17202,298
17203,318
17204,359
17205,345
17206,306
17207,343
17208,343
17209,324
17210,331
17211,321
17212,310
17213,304
17214,350
17215,341
17216,318
17217,354
17218,301
17219,327
17220,308
17221,350
17222,343
17223,345
17224,343
17225,320
17226,333
17227,305
17228,330
17229,344
17230,336
17231,334
17232,337
17233,352
17234,319
17235,346
17236,348
17237,328
17238,341
17239,325
17240,332
17241,308
17242,323
17243,357
17244,354
17245,350
17246,307
17247,353
17248,304
17249,348
17250,353
17251,334
17252,336
17253,344
17254,335
17255,330
17256,348
17257,355
17258,340
17259,353
17260,310
17261,330
17262,310
17263,346
17264,311
17265,318
17266,346
17267,340
17268,358
17269,318
17270,352
17271,336
17272,359
17273,336
17274,357
17275,319
17276,305
17277,348
17278,321
17279,317
17280,339
17281,348
17282,347
17283,322
17284,349
17285,318
17286,314
17287,350
17288,334
17289,332
17290,320
17291,317
17292,328
17293,302
17294,320
17295,318
17296,325
17297,337
17298,336
17299,337
17300,349
17301,352
17302,331
17303,277
17304,342
17305,344
17306,344
17307,314
17308,300
17309,325
17310,301
17311,350
17312,301
17313,342
17314,344
17315,331
17316,318
17317,291
17318,350
17319,312
17320,332
17321,346
17322,348
17323,298
17324,296
17325,339
17326,341
17327,340
17328,358
17329,340
17330,321
17331,295
17332,328
17333,332
17334,331
17335,332
17336,334
17337,351
17338,317
17339,356
17340,360
17341,345
17342,351
17343,325
17344,357
17345,299
17346,347
17347,307
17348,337
17349,352
17350,351
17351,357
17352,333
17353,358
17354,356
17355,349
17356,348
17357,332
17358,298
17359,305
17360,344
17361,333
17362,358
17363,355
17364,355
17365,354
17366,323
17367,314
17368,333
17369,331
17370,344
17371,304
17372,332
17373,343
17374,342
17375,303
17376,323
17377,351
17378,352
17379,348
17380,343
17381,329
17382,353
17383,316
17384,356
17385,334
17386,329
17387,359
17388,356
17389,346
17390,334
17391,340
17392,314
17393,316
17394,346
17395,321
17396,345
17397,322
17398,320
17399,333
17400,321
17401,360
17402,335
17403,345
17404,354
17405,325
17406,343
17407,331
17408,340
17409,346
17410,339
17411,333
17412,332
17413,327
17414,340
17415,348
17416,335
17417,341
17418,339
17419,334
17420,343
17421,343
17422,344
17423,339
17424,333
17425,325
17426,349
17427,349
17428,348
17429,353
17430,344
17431,320
17432,331
17433,331
17434,303
17435,297
17436,333
17437,330
17438,320
17439,342
17440,357
17441,351
17442,352
17443,359
17444,353
17445,334
17446,324
17447,309
17448,299
17449,299
17450,299
17451,333
17452,337
17453,358
17454,360
17455,354
17456,357
17457,355
17458,349
17459,342
17460,328
17461,333
17462,309
17463,331
17464,332
17465,344
17466,343
17467,357
17468,357
17469,359
17470,360
17471,327
17472,342
17473,340
17474,336
17475,338
17476,349
17477,280
17478,323
17479,344
17480,322
17481,347
17482,359
17483,334
17484,305
17485,320
17486,316
17487,331
17488,346
17489,325
17490,348
17491,316
17492,338
17493,339
17494,340
17495,348
17496,302
17497,341
17498,284
17499,318
17500,345
17501,320
17502,345
17503,361
17504,357
17505,322
17506,346
17507,343
17508,321
17509,357
17510,339
17511,301
17512,287
17513,349
17514,354
17515,335
17516,340
17517,346
17518,327
17519,322
17520,344
17521,333
17522,313
17523,354
17524,298
17525,337
17526,325
17527,360
17528,342
17529,359
17530,347
17531,333
17532,351
17533,289
17534,333
17535,300
17536,312
17537,327
17538,347
17539,358
17540,329
17541,356
17542,342
17543,316
17544,337
17545,332
17546,327
17547,293
17548,346
17549,341
17550,324
17551,353
17552,358
17553,333
17554,312
17555,351
17556,336
17557,333
17558,330
17559,334
17560,306
17561,344
17562,349
17563,333
17564,344
17565,323
17566,335
17567,315
17568,354
17569,348
17570,300
17571,333
17572,331
17573,298
17574,276
17575,332
17576,342
17577,338
17578,345
17579,351
17580,357
17581,322
17582,355
17583,321
17584,299
17585,317
17586,334
17587,331
17588,306
17589,301
17590,321
17591,320
17592,315
17593,351
17594,346
17595,303
17596,314
17597,351
17598,309
17599,340
17600,319
17601,324
17602,283
17603,309
17604,317
17605,347
17606,348
17607,356
17608,342
17609,319
17610,344
17611,332
17612,301
17613,331
17614,302
17615,319
17616,301
17617,309
17618,355
17619,360
17620,356
17621,356
17622,333
17623,293
17624,327
17625,334
17626,310
17627,327
17628,345
17629,357
17630,330
17631,355
17632,357
17633,337
17634,342
17635,301
17636,316
17637,290
17638,331
17639,297
17640,308
17641,356
17642,361
17643,352
17644,315
17645,330
17646,341
17647,347
17648,315
17649,356
17650,344
17651,279
17652,351
17653,316
17654,329
17655,358
17656,334
17657,336
17658,316
17659,351
17660,304
17661,323
17662,346
17663,344
17664,297
17665,287
17666,330
17667,347
17668,340
17669,347
17670,322
17671,322
17672,327
17673,340
17674,334
17675,354
17676,300
17677,322
17678,284
17679,344
17680,352
17681,349
17682,339
17683,321
17684,334
17685,310
17686,322
17687,346
17688,333
17689,320
17690,322
17691,335
17692,321
17693,344
17694,353
17695,348
17696,358
17697,353
17698,335
17699,319
17700,313
17701,343
17702,312
17703,312
17704,340
17705,358
17706,325
17707,357
17708,353
17709,352
17710,353
17711,297
17712,332
17713,279
17714,298
17715,300
17716,299
17717,331
17718,325
17719,348
17720,315
17721,341
17722,358
17723,360
17724,357
17725,346
17726,353
17727,298
17728,335
17729,317
17730,302
17731,331
17732,324
17733,320
17734,344
17735,347
17736,359
17737,330
17738,353
17739,333
17740,334
17741,332
17742,300
17743,329
17744,350
17745,315
17746,326
17747,336
17748,332
17749,334
17750,332
17751,337
17752,355
17753,344
17754,338
17755,302
17756,326
17757,351
17758,347
17759,335
17760,332
17761,347
17762,330
17763,350
17764,343
17765,348
17766,355
17767,319
17768,331
17769,283
17770,311
17771,341
17772,308
17773,334
17774,355
17775,345
17776,321
17777,350
17778,353
17779,354
17780,333
17781,324
17782,323
17783,311
17784,333
17785,342
17786,345
17787,351
17788,356
17789,353
17790,316
17791,350
17792,322
17793,354
17794,332
17795,314
17796,338
17797,281
17798,332
17799,332
17800,344
17801,336
17802,338
17803,345
17804,355
17805,361
17806,339
17807,314
17808,339
17809,345
17810,338
17811,321
17812,348
17813,323
17814,345
17815,340
17816,336
17817,329
17818,352
17819,337
17820,346
17821,344
17822,328
17823,301
17824,308
17825,298
17826,331
17827,339
17828,348
17829,335
17830,336
17831,329
17832,351
17833,324
17834,351
17835,335
17836,348
17837,347
17838,346
17839,347
17840,330
17841,299
17842,327
17843,303
17844,300
17845,308
17846,320
17847,339
17848,356
17849,356
17850,349
17851,357
17852,355
17853,339
17854,349
17855,354
17856,334
17857,334
17858,293
17859,339
17860,318
17861,349
17862,334
17863,358
17864,304
17865,333
17866,332
17867,344
17868,346
17869,345
17870,331
17871,307
17872,355
17873,333
17874,320
17875,330
17876,336
17877,361
17878,310
17879,340
17880,331
17881,329
17882,330
17883,334
17884,333
17885,331
17886,305
17887,337
17888,338
17889,355
17890,323
17891,312
17892,300
17893,330
17894,333
17895,332
17896,330
17897,332
17898,300
17899,300
17900,301
17901,359
17902,333
17903,320
17904,347
17905,342
17906,358
17907,346
17908,333
17909,358
17910,355
17911,349
17912,358
17913,338
17914,345
17915,351
17916,333
17917,320
17918,343
17919,355
17920,344
17921,354
17922,355
17923,338
17924,333
17925,345
17926,319
17927,296
17928,328
17929,355
17930,331
17931,333
17932,310
17933,351
17934,339
17935,351
17936,354
17937,355
17938,334
17939,354
17940,344
17941,297
17942,308
17943,321
17944,333
17945,297
17946,317
17947,351
17948,328
17949,320
17950,305
17951,315
17952,304
17953,301
17954,296
17955,297
17956,297
17957,313
17958,335
17959,334
17960,332
17961,354
17962,314
17963,335
17964,334
17965,331
17966,333
17967,335
17968,330
17969,339
17970,350
17971,347
17972,345
17973,345
17974,354
17975,349
17976,359
17977,351
17978,312
17979,333
17980,329
17981,330
17982,296
17983,313
17984,336
17985,348
17986,333
17987,348
17988,349
17989,302
17990,333
17991,329
17992,299
17993,331
17994,343
17995,349
17996,353
17997,337
17998,333
17999,318
18000,349
18001,314
18002,348
18003,335
18004,296
18005,297
18006,317
18007,341
18008,330
18009,336
18010,354
18011,358
18012,346
18013,355
18014,329
18015,333
18016,297
18017,333
18018,301
18019,301
18020,332
18021,301
18022,309
18023,348
18024,339
18025,332
18026,333
18027,333
18028,330
18029,336
18030,303
18031,300
18032,301
18033,331
18034,325
18035,341
18036,340
18037,336
18038,333
18039,355
18040,343
18041,322
18042,332
18043,332
18044,312
18045,331
18046,300
18047,301
18048,299
18049,334
18050,306
18051,342
18052,346
18053,331
18054,334
18055,340
18056,297
18057,310
18058,296
18059,295
18060,331
18061,317
18062,360
18063,356
18064,356
18065,339
18066,334
18067,331
18068,332
18069,330
18070,303
18071,327
18072,345
18073,332
18074,330
18075,335
18076,335
18077,352
18078,357
18079,346
18080,326
18081,342
18082,301
18083,300
18084,333
18085,314
18086,322
18087,242
18088,311
18089,338
18090,333
18091,354
18092,329
18093,337
18094,299
18095,314
18096,322
18097,290
18098,294
18099,315
18100,301
18101,335
18102,356
18103,350
18104,342
18105,323
18106,304
18107,299
18108,296
18109,299
18110,319
18111,344
18112,298
18113,319
18114,347
18115,344
18116,345
18117,301
18118,328
18119,345
18120,330
18121,311
18122,297
18123,296
18124,300
18125,320
18126,315
18127,351
18128,358
18129,343
18130,312
18131,350
18132,338
18133,334
18134,302
18135,332
18136,298
18137,323
18138,340
18139,321
18140,353
18141,360
18142,336
18143,325
18144,343
18145,300
18146,332
18147,330
18148,314
18149,323
18150,355
18151,343
18152,355
18153,359
18154,339
18155,317
18156,349
18157,332
18158,301
18159,299
18160,307
18161,321
18162,324
18163,343
18164,348
18165,323
18166,333
18167,300
18168,301
18169,333
18170,301
18171,334
18172,305
18173,327
18174,343
18175,336
18176,351
18177,358
18178,357
18179,327
18180,342
18181,329
18182,329
18183,296
18184,299
18185,300
18186,300
18187,294
18188,298
18189,309
18190,331
18191,334
18192,357
18193,342
18194,347
18195,332
18196,332
18197,333
18198,298
18199,329
18200,296
18201,295
18202,296
18203,297
18204,311
18205,338
18206,302
18207,243
18208,244
18209,204
18210,0
18211,21
18212,190
18213,495
18214,604
18215,671
18216,558
18217,495
18218,327
18219,310
18220,316
18221,335
18222,334
18223,336
18224,344
18225,326
18226,322
18227,316
18228,220
18229,452
18230,233
18231,0
18232,0
18233,585
18234,667
18235,667
18236,352
18237,325
18238,333
18239,327
18240,319
18241,331
18242,319
18243,330
18244,338
18245,340
18246,322
18247,313
18248,292
18249,324
18250,299
18251,318
18252,324
18253,310
18254,302
18255,330
18256,299
18257,327
18258,325
18259,328
18260,294
18261,337
18262,332
18263,332
18264,339
18265,348
18266,338
18267,348
18268,316
18269,284
18270,310
18271,310
18272,320
18273,339
18274,319
18275,310
18276,96
18277,0
18278,0
18279,328
18280,690
18281,154
18282,669
18283,673
18284,638
18285,338
18286,336
18287,335
18288,295
18289,326
18290,311
18291,320
18292,319
18293,237
18294,0
18295,0
18296,0
18297,337
18298,668
18299,555
18300,424
18301,435
18302,416
18303,436
18304,387
18305,133
18306,0
18307,100
18308,483
18309,446
18310,397
18311,339
18312,433
18313,429
18314,448
18315,333
18316,0
18317,0
18318,12
18319,422
18320,431
18321,441
18322,442
18323,421
18324,418
18325,449
18326,417
18327,427
18328,350
18329,0
18330,0
18331,328
18332,447
18333,454
18334,466
18335,422
18336,413
18337,318
18338,62
18339,0
18340,100
18341,652
18342,629
18343,470
18344,0
18345,378
18346,606
18347,0
18348,0
18349,0
18350,375
18351,508
18352,411
18353,487
18354,469
18355,468
18356,432
18357,405
18358,387
18359,361
18360,251
18361,0
18362,22
18363,475
18364,463
18365,448
18366,384
18367,343
18368,418
18369,459
18370,175
18371,0
18372,70
18373,477
18374,403
18375,440
18376,436
18377,401
18378,388
18379,384
18380,422
18381,429
18382,410
18383,414
18384,295
18385,0
18386,0
18387,349
18388,446
18389,497
18390,647
18391,278
18392,0
18393,126
18394,266
18395,436
18396,435
18397,461
18398,434
18399,101
18400,0
18401,24
18402,427
18403,412
18404,407
18405,438
18406,312
18407,0
18408,0
18409,58
18410,484
18411,399
18412,468
18413,423
18414,468
18415,478
18416,368
18417,176
18418,236
18419,39
18420,0
18421,126
18422,400
18423,404
18424,461
18425,427
18426,146
18427,0
18428,8
18429,436
18430,435
18431,448
18432,437
18433,449
18434,440
18435,436
18436,444
18437,441
18438,434
18439,447
18440,499
18441,36
18442,0
18443,282
18444,441
18445,427
18446,437
18447,440
18448,439
18449,429
18450,430
18451,447
18452,443
18453,435
18454,431
18455,411
18456,409
18457,173
18458,0
18459,117
18460,495
18461,457
18462,462
18463,472
18464,465
18465,533
18466,188
18467,0
18468,95
18469,535
18470,507
18471,499
18472,505
18473,498
18474,479
18475,267
18476,0
18477,18
18478,487
18479,588
18480,679
18481,576
18482,324
18483,0
18484,0
18485,293
18486,502
18487,498
18488,505
18489,501
18490,498
18491,491
18492,490
18493,43
18494,0
18495,316
18496,683
18497,687
18498,526
18499,353
18500,356
18501,348
18502,356
18503,352
18504,345
18505,212
18506,318
18507,340
18508,352
18509,338
18510,347
18511,323
18512,340
18513,344
18514,347
18515,347
18516,320
18517,347
18518,345
18519,328
18520,323
18521,346
18522,344
18523,320
18524,331
18525,319
18526,343
18527,346
18528,323
18529,308
18530,328
18531,295
18532,296
18533,319
18534,316
18535,356
18536,332
18537,352
18538,321
18539,328
18540,301
18541,318
18542,348
18543,344
18544,343
18545,330
18546,295
18547,215
18548,317
18549,288
18550,0
18551,0
18552,524
18553,686
18554,674
18555,316
18556,295
18557,329
18558,339
18559,339
18560,338
18561,338
18562,321
18563,319
18564,306
18565,336
18566,315
18567,202
18568,295
18569,330
18570,341
18571,332
18572,332
18573,334
18574,213
18575,256
18576,327
18577,306
18578,313
18579,331
18580,350
18581,317
18582,332
18583,308
18584,323
18585,329
18586,336
18587,342
18588,341
18589,356
18590,338
18591,356
18592,355
18593,340
18594,328
18595,300
18596,332
18597,327
18598,335
18599,328
18600,295
18601,320
18602,318
18603,352
18604,330
18605,356
18606,346
18607,322
18608,330
18609,334
18610,297
18611,325
18612,322
18613,318
18614,328
18615,307
18616,189
18617,324
18618,326
18619,305
18620,325
18621,333
18622,355
18623,294
18624,302
18625,293
18626,300
18627,318
18628,325
18629,314
18630,310
18631,298
18632,327
18633,322
18634,344
18635,333
18636,297
18637,320
18638,339
18639,333
18640,326
18641,340
18642,346
18643,350
18644,352
18645,341
18646,337
18647,335
18648,326
18649,293
18650,295
18651,294
18652,295
18653,321
18654,335
18655,332
18656,336
18657,340
18658,232
18659,318
18660,316
18661,342
18662,343
18663,334
18664,314
18665,308
18666,299
18667,332
18668,334
18669,352
18670,316
18671,345
18672,299
18673,298
18674,296
18675,294
18676,297
18677,358
18678,336
18679,348
18680,330
18681,295
18682,313
18683,356
18684,350
18685,341
18686,316
18687,292
18688,329
18689,337
18690,339
18691,350
18692,325
18693,342
18694,355
18695,328
18696,329
18697,331
18698,347
18699,312
18700,350
18701,346
18702,351
18703,334
18704,327
18705,332
18706,329
18707,335
18708,297
18709,314
18710,318
18711,327
18712,342
18713,353
18714,355
18715,349
18716,347
18717,332
18718,333
18719,355
18720,299
18721,295
18722,303
18723,344
18724,353
18725,358
18726,304
18727,330
18728,301
18729,331
18730,332
18731,298
18732,296
18733,294
18734,299
18735,297
18736,298
18737,296
18738,317
18739,349
18740,358
18741,332
18742,332
18743,332
18744,298
18745,309
18746,293
18747,296
18748,302
18749,328
18750,298
18751,318
18752,351
18753,328
18754,339
18755,344
18756,306
18757,331
18758,333
18759,339
18760,330
18761,322
18762,298
18763,300
18764,294
18765,294
18766,293
18767,316
18768,311
18769,333
18770,333
18771,335
18772,330
18773,297
18774,301
18775,300
18776,300
18777,330
18778,298
18779,297
18780,322
18781,305
18782,304
18783,296
18784,329
18785,303
18786,300
18787,298
18788,299
18789,299
18790,313
18791,346
18792,324
18793,331
18794,336
18795,355
18796,355
18797,347
18798,322
18799,330
18800,319
18801,312
18802,328
18803,335
18804,306
18805,323
18806,301
18807,300
18808,297
18809,327
18810,325
18811,357
18812,354
18813,333
18814,333
18815,331
18816,305
18817,300
18818,304
18819,296
18820,328
18821,296
18822,297
18823,318
18824,350
18825,341
18826,345
18827,330
18828,327
18829,303
18830,329
18831,299
18832,332
18833,332
18834,298
18835,296
18836,328
18837,343
18838,346
18839,347
18840,330
18841,324
18842,339
18843,298
18844,298
18845,297
18846,312
18847,326
18848,344
18849,341
18850,341
18851,355
18852,340
18853,240
18854,223
18855,341
18856,331
18857,330
18858,329
18859,299
18860,326
18861,352
18862,341
18863,353
18864,325
18865,354
18866,353
18867,336
18868,327
18869,315
18870,334
18871,297
18872,346
18873,340
18874,346
18875,354
18876,355
18877,333
18878,345
18879,331
18880,320
18881,300
18882,322
18883,300
18884,304
18885,302
18886,346
18887,337
18888,333
18889,333
18890,338
18891,333
18892,353
18893,340
18894,336
18895,314
18896,339
18897,329
18898,340
18899,349
18900,344
18901,343
18902,344
18903,341
18904,334
18905,324
18906,347
18907,322
18908,326
18909,247
18910,0
18911,0
18912,592
18913,687
18914,643
18915,308
18916,0
18917,0
18918,402
18919,690
18920,687
18921,476
18922,340
18923,152
18924,21
18925,605
18926,647
18927,339
18928,352
18929,344
18930,318
18931,325
18932,325
18933,357
18934,376
18935,353
18936,334
18937,316
18938,327
18939,325
18940,321
18941,337
18942,322
18943,337
18944,319
18945,315
18946,332
18947,325
18948,343
18949,346
18950,335
18951,322
18952,333
18953,334
18954,321
18955,331
18956,334
18957,334
18958,318
18959,324
18960,336
18961,348
18962,338
18963,349
18964,321
18965,224
18966,0
18967,0
18968,463
18969,685
18970,683
18971,387
18972,283
18973,303
18974,346
18975,349
18976,321
18977,334
18978,327
18979,270
18980,319
18981,230
18982,0
18983,0
18984,532
18985,512
18986,416
18987,438
18988,424
18989,417
18990,448
18991,349
18992,0
18993,0
18994,1
18995,552
18996,546
18997,612
18998,650
18999,325
19000,234
19001,303
19002,331
19003,324
19004,346
19005,317
19006,252
19007,267
19008,330
19009,312
19010,328
19011,336
19012,321
19013,295
19014,281
19015,327
19016,343
19017,330
19018,330
19019,296
19020,253
19021,255
19022,328
19023,348
19024,331
19025,349
19026,299
19027,257
19028,279
19029,338
19030,344
19031,334
19032,344
19033,319
19034,281
19035,308
19036,334
19037,328
19038,323
19039,334
19040,326
19041,268
19042,300
19043,328
19044,316
19045,330
19046,337
19047,319
19048,255
19049,311
19050,335
19051,330
19052,346
19053,340
19054,314
19055,261
19056,201
19057,317
19058,334
19059,327
19060,346
19061,329
19062,290
19063,212
19064,334
19065,333
19066,339
19067,334
19068,329
19069,270
19070,252
19071,288
19072,301
19073,329
19074,353
19075,332
19076,254
19077,317
19078,300
19079,231
19080,0
19081,0
19082,216
19083,660
19084,640
19085,612
19086,324
19087,330
19088,351
19089,335
19090,320
19091,334
19092,338
19093,342
19094,349
19095,337
19096,339
19097,312
19098,331
19099,239
19100,0
19101,0
19102,605
19103,658
19104,629
19105,358
19106,314
19107,375
19108,330
19109,343
19110,132
19111,0
19112,10
19113,635
19114,668
19115,676
19116,423
19117,322
19118,328
19119,335
19120,345
19121,305
19122,0
19123,0
19124,475
19125,665
19126,670
19127,428
19128,324
19129,344
19130,346
19131,176
19132,0
19133,44
19134,687
19135,669
19136,586
19137,321
19138,320
19139,320
19140,334
19141,334
19142,318
19143,356
19144,333
19145,313
19146,329
19147,327
19148,336
19149,329
19150,322
19151,340
19152,321
19153,308
19154,329
19155,335
19156,343
19157,301
19158,326
19159,316
19160,318
19161,335
19162,319
19163,337
19164,336
19165,322
19166,310
19167,321
19168,327
19169,342
19170,340
19171,354
19172,327
19173,218
19174,0
19175,0
19176,624
19177,685
19178,648
19179,345
19180,327
19181,245
19182,0
19183,0
19184,635
19185,684
19186,631
19187,306
19188,311
19189,243
19190,0
19191,0
19192,661
19193,678
19194,617
19195,337
19196,333
19197,335
19198,350
19199,347
19200,148
19201,0
19202,49
19203,678
19204,645
19205,636
19206,358
19207,328
19208,320
19209,189
19210,505
19211,369
19212,314
19213,350
19214,322
19215,319
19216,323
19217,316
19218,319
19219,304
19220,340
19221,240
19222,0
19223,0
19224,528
19225,668
19226,675
19227,434
19228,338
19229,115
19230,442
19231,369
19232,487
19233,349
19234,352
19235,329
19236,332
19237,234
19238,0
19239,0
19240,594
19241,690
19242,625
19243,238
19244,474
19245,323
19246,414
19247,345
19248,338
19249,315
19250,329
19251,324
19252,333
19253,325
19254,335
19255,345
19256,322
19257,323
19258,340
19259,329
19260,328
19261,340
19262,345
19263,309
19264,323
19265,331
19266,323
19267,325
19268,329
19269,216
19270,0
19271,0
19272,575
19273,668
19274,660
19275,389
19276,343
19277,248
19278,0
19279,0
19280,589
19281,681
19282,655
19283,353
19284,161
19285,0
19286,80
19287,682
19288,667
19289,572
19290,318
19291,299
19292,325
19293,329
19294,330
19295,333
19296,332
19297,334
19298,312
19299,321
19300,334
19301,344
19302,349
19303,324
19304,336
19305,304
19306,324
19307,328
19308,328
19309,352
19310,333
19311,329
19312,312
19313,331
19314,324
19315,340
19316,310
19317,351
19318,342
19319,320
19320,332
19321,320
19322,335
19323,330
19324,297
19325,227
19326,0
19327,0
19328,643
19329,676
19330,629
19331,342
19332,322
19333,308
19334,331
19335,322
19336,349
19337,336
19338,351
19339,303
19340,193
19341,212
19342,0
19343,0
19344,581
19345,684
19346,637
19347,346
19348,343
19349,241
19350,0
19351,0
19352,568
19353,673
19354,634
19355,406
19356,329
19357,373
19358,342
19359,348
19360,323
19361,185
19362,0
19363,191
19364,650
19365,650
19366,510
19367,329
19368,315
19369,341
19370,315
19371,351
19372,310
19373,318
19374,343
19375,332
19376,325
19377,322
19378,295
19379,299
19380,333
19381,333
19382,341
19383,344
19384,327
19385,320
19386,293
19387,291
19388,319
19389,326
19390,352
19391,338
19392,344
19393,345
19394,337
19395,326
19396,302
19397,325
19398,347
19399,342
19400,333
19401,337
19402,338
19403,352
19404,354
19405,353
19406,337
19407,329
19408,336
19409,338
19410,336
19411,330
19412,329
19413,346
19414,333
19415,348
19416,314
19417,324
19418,340
19419,332
19420,342
19421,340
19422,328
19423,140
19424,0
19425,97
19426,679
19427,669
19428,602
19429,339
19430,152
19431,0
19432,646
19433,625
19434,370
19435,341
19436,347
19437,202
19438,0
19439,0
19440,366
19441,670
19442,653
19443,273
19444,0
19445,0
19446,302
19447,663
19448,674
19449,599
19450,461
19451,236
19452,0
19453,0
19454,0
19455,351
19456,649
19457,664
19458,660
19459,656
19460,351
19461,239
19462,0
19463,0
19464,616
19465,657
19466,563
19467,349
19468,336
19469,338
19470,298
19471,355
19472,271
19473,325
19474,329
19475,329
19476,319
19477,303
19478,282
19479,244
19480,334
19481,330
19482,334
19483,349
19484,300
19485,241
19486,0
19487,0
19488,422
19489,675
19490,669
19491,362
19492,336
19493,270
19494,333
19495,329
19496,335
19497,328
19498,323
19499,299
19500,271
19501,231
19502,0
19503,0
19504,611
19505,686
19506,579
19507,290
19508,339
19509,175
19510,263
19511,604
19512,347
19513,311
19514,291
19515,329
19516,337
19517,320
19518,315
19519,327
19520,260
19521,288
19522,330
19523,333
19524,342
19525,313
19526,308
19527,283
19528,286
19529,329
19530,332
19531,343
19532,345
19533,294
19534,260
19535,308
19536,312
19537,337
19538,343
19539,342
19540,310
19541,256
19542,291
19543,335
19544,337
19545,338
19546,340
19547,315
19548,274
19549,230
19550,0
19551,0
19552,518
19553,683
19554,649
19555,283
19556,310
19557,320
19558,324
19559,344
19560,328
19561,324
19562,267
19563,298
19564,339
19565,227
19566,0
19567,0
19568,663
19569,657
19570,615
19571,284
19572,388
19573,376
19574,332
19575,340
19576,324
19577,296
19578,388
19579,333
19580,347
19581,329
19582,324
19583,289
19584,334
19585,334
19586,317
19587,320
19588,334
19589,329
19590,302
19591,338
19592,338
19593,337
19594,334
19595,329
19596,317
19597,312
19598,295
19599,341
19600,263
19601,306
19602,333
19603,326
19604,24
19605,0
19606,379
19607,672
19608,678
19609,419
19610,251
19611,271
19612,307
19613,314
19614,339
19615,332
19616,291
19617,319
19618,319
19619,327
19620,353
19621,312
19622,309
19623,320
19624,322
19625,327
19626,356
19627,356
19628,328
19629,335
19630,351
19631,354
19632,337
19633,298
19634,337
19635,335
19636,297
19637,314
19638,355
19639,311
19640,342
19641,358
19642,352
19643,330
19644,311
19645,352
19646,338
19647,330
19648,304
19649,299
19650,329
19651,334
19652,309
19653,316
19654,346
19655,352
19656,321
19657,301
19658,329
19659,334
19660,299
19661,333
19662,329
19663,156
19664,0
19665,0
19666,673
19667,684
19668,617
19669,352
19670,348
19671,336
19672,348
19673,324
19674,309
19675,309
19676,343
19677,345
19678,343
19679,351
19680,337
19681,347
19682,349
19683,326
19684,301
19685,314
19686,344
19687,330
19688,357
19689,354
19690,352
19691,355
19692,350
19693,354
19694,336
19695,305
19696,330
19697,301
19698,331
19699,316
19700,346
19701,335
19702,348
19703,354
19704,311
19705,329
19706,299
19707,313
19708,311
19709,293
19710,307
19711,307
19712,329
19713,346
19714,353
19715,350
19716,344
19717,351
19718,342
19719,333
19720,326
19721,331
19722,315
19723,329
19724,330
19725,332
19726,330
19727,331
19728,303
19729,341
19730,346
19731,331
19732,333
19733,295
19734,299
19735,332
19736,342
19737,354
19738,339
19739,323
19740,332
19741,339
19742,346
19743,330
19744,333
19745,325
19746,331
19747,331
19748,303
19749,309
19750,332
19751,350
19752,329
19753,310
19754,349
19755,353
19756,343
19757,332
19758,354
19759,297
19760,330
19761,302
19762,299
19763,328
19764,303
19765,302
19766,330
19767,329
19768,293
19769,321
19770,330
19771,354
19772,333
19773,346
19774,349
19775,330
19776,300
19777,307
19778,318
19779,332
19780,297
19781,298
19782,312
19783,336
19784,350
19785,340
19786,345
19787,341
19788,300
19789,331
19790,301
19791,299
19792,299
19793,324
19794,343
19795,348
19796,344
19797,348
19798,356
19799,333
19800,322
19801,330
19802,300
19803,296
19804,300
19805,331
19806,295
19807,294
19808,302
19809,325
19810,345
19811,346
19812,343
19813,352
19814,345
19815,334
19816,332
19817,321
19818,330
19819,346
19820,356
19821,350
19822,327
19823,340
19824,355
19825,359
19826,337
19827,335
19828,321
19829,340
19830,335
19831,314
19832,355
19833,338
19834,359
19835,357
19836,339
19837,355
19838,347
19839,356
19840,301
19841,330
19842,297
19843,309
19844,343
19845,359
19846,347
19847,349
19848,350
19849,356
19850,340
19851,327
19852,300
19853,207
19854,330
19855,536
19856,344
19857,355
19858,353
19859,355
19860,352
19861,351
19862,354
19863,330
19864,332
19865,330
19866,325
19867,353
19868,350
19869,349
19870,346
19871,355
19872,353
19873,351
19874,343
19875,349
19876,339
19877,352
19878,354
19879,360
19880,341
19881,346
19882,347
19883,343
19884,342
19885,340
19886,341
19887,335
19888,338
19889,350
19890,348
19891,358
19892,354
19893,354
19894,340
19895,335
19896,333
19897,313
19898,348
19899,340
19900,342
19901,356
19902,353
19903,359
19904,344
19905,356
19906,356
19907,336
19908,332
19909,337
19910,353
19911,340
19912,337
19913,358
19914,360
19915,355
19916,358
19917,352
19918,349
19919,343
19920,343
19921,322
19922,320
19923,351
19924,346
19925,347
19926,353
19927,353
19928,335
19929,324
19930,346
19931,333
19932,315
19933,353
19934,355
19935,347
19936,350
19937,334
19938,340
19939,356
19940,318
19941,326
19942,340
19943,337
19944,348
19945,332
19946,352
19947,355
19948,350
19949,350
19950,337
19951,354
19952,351
19953,331
19954,332
19955,297
19956,328
19957,329
19958,335
19959,322
19960,339
19961,352
19962,348
19963,348
19964,342
19965,348
19966,345
19967,352
19968,334
19969,300
19970,302
19971,309
19972,339
19973,348
19974,341
19975,358
19976,357
19977,307
19978,344
19979,353
19980,320
19981,350
19982,322
19983,349
19984,320
19985,330
19986,357
19987,355
19988,353
19989,338
19990,356
19991,325
19992,331
19993,307
19994,330
19995,331
19996,332
19997,315
19998,346
19999,358
20000,349
20001,349
20002,354
20003,341
20004,298
20005,344
20006,341
20007,317
20008,356
20009,358
20010,334
20011,342
20012,356
20013,351
20014,342
20015,329
20016,335
20017,333
20018,299
20019,318
20020,344
20021,344
20022,340
20023,352
20024,353
20025,345
20026,345
20027,338
20028,357
20029,340
20030,297
20031,330
20032,319
20033,348
20034,340
20035,345
20036,349
20037,354
20038,352
20039,354
20040,332
20041,332
20042,332
20043,312
20044,348
20045,341
20046,354
20047,356
20048,353
20049,361
20050,321
20051,351
20052,336
20053,299
20054,305
20055,336
20056,319
20057,319
20058,355
20059,349
20060,354
20061,346
20062,350
20063,349
20064,328
20065,336
20066,332
20067,330
20068,333
20069,331
20070,345
20071,345
20072,351
20073,342
20074,347
20075,330
20076,328
20077,333
20078,323
20079,341
20080,343
20081,333
20082,316
20083,324
20084,319
20085,231
20086,262
20087,340
20088,343
20089,339
20090,321
20091,302
20092,322
20093,348
20094,349
20095,343
20096,342
20097,329
20098,340
20099,209
20100,345
20101,331
20102,349
20103,334
20104,250
20105,0
20106,0
20107,562
20108,685
20109,661
20110,344
20111,331
20112,317
20113,311
20114,346
20115,330
20116,347
20117,351
20118,332
20119,343
20120,325
20121,348
20122,323
20123,340
20124,341
20125,316
20126,319
20127,334
20128,325
20129,346
20130,348
20131,340
20132,315
20133,135
20134,572
20135,364
20136,345
20137,338
20138,317
20139,329
20140,293
20141,269
20142,342
20143,345
20144,344
20145,321
20146,334
20147,333
20148,333
20149,240
20150,0
20151,0
20152,606
20153,630
20154,631
20155,455
20156,351
20157,356
20158,344
20159,327
20160,319
20161,305
20162,338
20163,310
20164,345
20165,341
20166,343
20167,334
20168,329
20169,340
20170,333
20171,329
20172,337
20173,324
20174,319
20175,320
20176,340
20177,333
20178,345
20179,308
20180,330
20181,329
20182,349
20183,327
20184,339
20185,333
20186,340
20187,339
20188,302
20189,318
20190,340
20191,350
20192,345
20193,330
20194,345
20195,325
20196,325
20197,341
20198,342
20199,327
20200,341
20201,309
20202,336
20203,343
20204,349
20205,338
20206,350
20207,339
20208,315
20209,326
20210,334
20211,337
20212,338
20213,336
20214,341
20215,312
20216,313
20217,320
20218,348
20219,341
20220,337
20221,343
20222,320
20223,333
20224,328
20225,341
20226,336
20227,294
20228,343
20229,313
20230,305
20231,330
20232,343
20233,339
20234,341
20235,340
20236,332
20237,331
20238,340
20239,334
20240,349
20241,347
20242,324
20243,330
20244,337
20245,236
20246,0
20247,1
20248,685
20249,655
20250,636
20251,321
20252,346
20253,336
20254,309
20255,343
20256,330
20257,326
20258,298
20259,336
20260,332
20261,232
20262,0
20263,0
20264,649
20265,687
20266,615
20267,347
20268,358
20269,354
20270,348
20271,355
20272,353
20273,308
20274,329
20275,304
20276,331
20277,349
20278,327
20279,332
20280,346
20281,338
20282,348
20283,345
20284,347
20285,336
20286,300
20287,332
20288,341
20289,313
20290,293
20291,348
20292,324
20293,316
20294,330
20295,349
20296,350
20297,340
20298,345
20299,338
20300,314
20301,341
20302,339
20303,313
20304,330
20305,355
20306,347
20307,352
20308,342
20309,335
20310,301
20311,318
20312,342
20313,332
20314,332
20315,341
20316,360
20317,349
20318,356
20319,357
20320,349
20321,346
20322,326
20323,332
20324,301
20325,316
20326,332
20327,321
20328,354
20329,353
20330,351
20331,357
20332,354
20333,346
20334,335
20335,330
20336,330
20337,334
20338,301
20339,332
20340,339
20341,354
20342,359
20343,357
20344,340
20345,340
20346,350
20347,342
20348,357
20349,341
20350,344
20351,334
20352,325
20353,328
20354,327
20355,353
20356,356
20357,357
20358,345
20359,336
20360,355
20361,338
20362,333
20363,328
20364,349
20365,350
20366,335
20367,335
20368,349
20369,357
20370,324
20371,345
20372,296
20373,339
20374,345
20375,233
20376,334
20377,325
20378,327
20379,333
20380,349
20381,338
20382,343
20383,337
20384,353
20385,335
20386,299
20387,307
20388,335
20389,345
20390,334
20391,330
20392,297
20393,327
20394,353
20395,351
20396,309
20397,314
20398,343
20399,328
20400,308
20401,340
20402,335
20403,327
20404,355
20405,339
20406,344
20407,360
20408,344
20409,352
20410,345
20411,323
20412,299
20413,318
20414,347
20415,317
20416,346
20417,355
20418,341
20419,341
20420,352
20421,355
20422,333
20423,345
20424,344
20425,346
20426,319
20427,321
20428,342
20429,356
20430,359
20431,348
20432,349
20433,355
20434,303
20435,331
20436,309
20437,346
20438,347
20439,354
20440,322
20441,354
20442,358
20443,337
20444,346
20445,341
20446,360
20447,336
20448,334
20449,351
20450,339
20451,337
20452,315
20453,243
20454,0
20455,28
20456,692
20457,673
20458,612
20459,348
20460,342
20461,334
20462,343
20463,355
20464,358
20465,358
20466,353
20467,349
20468,359
20469,334
20470,341
20471,332
20472,333
20473,300
20474,333
20475,357
20476,349
20477,349
20478,348
20479,350
20480,346
20481,351
20482,331
20483,299
20484,295
20485,327
20486,301
20487,346
20488,354
20489,345
20490,353
20491,351
20492,331
20493,334
20494,332
20495,332
20496,334
20497,332
20498,332
20499,332
20500,298
20501,327
20502,345
20503,345
20504,358
20505,354
20506,347
20507,354
20508,341
20509,301
20510,302
20511,331
20512,332
20513,322
20514,314
20515,330
20516,299
20517,323
20518,340
20519,350
20520,342
20521,342
20522,331
20523,337
20524,343
20525,334
20526,298
20527,326
20528,324
20529,319
20530,125
20531,0
20532,120
20533,691
20534,670
20535,561
20536,334
20537,331
20538,313
20539,355
20540,328
20541,332
20542,345
20543,297
20544,305
20545,320
20546,333
20547,342
20548,350
20549,343
20550,327
20551,322
20552,322
20553,177
20554,0
20555,85
20556,682
20557,637
20558,489
20559,97
20560,673
20561,385
20562,354
20563,338
20564,242
20565,449
20566,336
20567,340
20568,332
20569,320
20570,352
20571,321
20572,341
20573,327
20574,343
20575,344
20576,347
20577,334
20578,325
20579,342
20580,328
20581,346
20582,323
20583,352
20584,331
20585,324
20586,341
20587,329
20588,343
20589,327
20590,343
20591,342
20592,291
20593,324
20594,349
20595,350
20596,349
20597,351
20598,343
20599,333
20600,341
20601,340
20602,333
20603,335
20604,328
20605,320
20606,319
20607,339
20608,336
20609,348
20610,337
20611,348
20612,349
20613,331
20614,313
20615,333
20616,345
20617,333
20618,350
20619,350
20620,331
20621,339
20622,335
20623,326
20624,348
20625,342
20626,343
20627,324
20628,342
20629,341
20630,344
20631,343
20632,329
20633,345
20634,319
20635,308
20636,328
20637,333
20638,333
20639,342
20640,340
20641,319
20642,332
20643,340
20644,343
20645,335
20646,342
20647,333
20648,324
20649,331
20650,338
20651,345
20652,339
20653,345
20654,342
20655,328
20656,333
20657,334
20658,345
20659,329
20660,341
20661,339
20662,315
20663,322
20664,338
20665,346
20666,347
20667,348
20668,339
20669,321
20670,332
20671,241
20672,468
20673,339
20674,345
20675,345
20676,326
20677,322
20678,339
20679,349
20680,334
20681,349
20682,320
20683,324
20684,324
20685,337
20686,345
20687,337
20688,336
20689,331
20690,342
20691,326
20692,339
20693,335
20694,337
20695,327
20696,322
20697,342
20698,338
20699,343
20700,335
20701,327
20702,345
20703,332
20704,327
20705,323
20706,345
20707,341
20708,336
20709,347
20710,310
20711,346
20712,343
20713,348
20714,349
20715,313
20716,324
20717,329
20718,309
20719,344
20720,338
20721,330
20722,355
20723,338
20724,327
20725,336
20726,352
20727,317
20728,332
20729,345
20730,349
20731,336
20732,348
20733,348
20734,357
20735,354
20736,351
20737,348
20738,340
20739,350
20740,304
20741,303
20742,333
20743,322
20744,357
20745,358
20746,361
20747,360
20748,352
20749,350
20750,333
20751,301
20752,325
20753,323
20754,356
20755,357
20756,354
20757,341
20758,357
20759,350
20760,336
20761,335
20762,331
20763,333
20764,332
20765,216
20766,0
20767,19
20768,690
20769,685
20770,628
20771,354
20772,340
20773,346
20774,334
20775,342
20776,357
20777,354
20778,353
20779,355
20780,351
20781,342
20782,342
20783,337
20784,339
20785,314
20786,341
20787,326
20788,346
20789,352
20790,346
20791,306
20792,353
20793,339
20794,335
20795,344
20796,352
20797,329
20798,358
20799,352
20800,355
20801,341
20802,355
20803,336
20804,300
20805,332
20806,335
20807,341
20808,352
20809,319
20810,336
20811,360
20812,338
20813,357
20814,337
20815,318
20816,348
20817,334
20818,361
20819,317
20820,351
20821,345
20822,351
20823,350
20824,359
20825,342
20826,355
20827,312
20828,342
20829,342
20830,330
20831,332
20832,334
20833,332
20834,311
20835,348
20836,359
20837,238
20838,223
20839,319
20840,337
20841,105
20842,0
20843,0
20844,356
20845,680
20846,687
20847,435
20848,325
20849,346
20850,347
20851,352
20852,343
20853,329
20854,356
20855,336
20856,327
20857,360
20858,339
20859,328
20860,329
20861,350
20862,344
20863,331
20864,356
20865,310
20866,334
20867,342
20868,323
20869,336
20870,330
20871,324
20872,335
20873,334
20874,352
20875,358
20876,348
20877,350
20878,351
20879,335
20880,325
20881,328
20882,308
20883,338
20884,348
20885,352
20886,354
20887,355
20888,333
20889,354
20890,345
20891,345
20892,330
20893,330
20894,329
20895,324
20896,356
20897,356
20898,356
20899,345
20900,359
20901,347
20902,345
20903,358
20904,333
20905,328
20906,325
20907,338
20908,296
20909,314
20910,339
20911,343
20912,358
20913,358
20914,320
20915,358
20916,339
20917,332
20918,324
20919,332
20920,333
20921,337
20922,332
20923,342
20924,352
20925,353
20926,347
20927,340
20928,335
20929,338
20930,338
20931,351
20932,341
20933,343
20934,348
20935,356
20936,359
20937,343
20938,351
20939,350
20940,345
20941,338
20942,315
20943,348
20944,345
20945,347
20946,346
20947,330
20948,355
20949,354
20950,347
20951,352
20952,330
20953,347
20954,346
20955,297
20956,319
20957,323
20958,356
20959,352
20960,351
20961,357
20962,351
20963,348
20964,332
20965,329
20966,353
20967,333
20968,328
20969,332
20970,344
20971,344
20972,357
20973,353
20974,355
20975,354
20976,355
20977,346
20978,329
20979,302
20980,314
20981,344
20982,339
20983,356
20984,351
20985,356
20986,357
20987,339
20988,351
20989,331
20990,320
20991,323
20992,299
20993,331
20994,332
20995,332
20996,352
20997,355
20998,356
20999,353
21000,342
21001,349
21002,358
21003,326
21004,305
21005,345
21006,333
21007,338
21008,348
21009,359
21010,348
21011,347
21012,350
21013,349
21014,345
21015,341
21016,335
21017,331
21018,331
21019,326
21020,310
21021,329
21022,332
21023,324
21024,342
21025,354
21026,354
21027,320
21028,303
21029,337
21030,328
21031,330
21032,315
21033,301
21034,301
21035,328
21036,354
21037,351
21038,316
21039,342
21040,338
21041,333
21042,336
21043,351
21044,317
21045,322
21046,338
21047,347
21048,355
21049,355
21050,343
21051,349
21052,355
21053,346
21054,353
21055,335
21056,348
21057,352
21058,351
21059,357
21060,356
21061,347
21062,345
21063,353
21064,337
21065,354
21066,315
21067,356
21068,356
21069,354
21070,348
21071,347
21072,338
21073,336
21074,319
21075,345
21076,349
21077,339
21078,353
21079,343
21080,356
21081,356
21082,338
21083,352
21084,314
21085,344
21086,333
21087,359
21088,306
21089,319
21090,348
21091,341
21092,352
21093,328
21094,300
21095,332
21096,315
21097,335
21098,348
21099,342
21100,352
21101,353
21102,344
21103,330
21104,300
21105,351
21106,349
21107,340
21108,359
21109,327
21110,341
21111,315
21112,308
21113,355
21114,343
21115,357
21116,359
21117,351
21118,345
21119,335
21120,333
21121,331
21122,332
21123,356
21124,340
21125,333
21126,346
21127,343
21128,343
21129,350
21130,355
21131,350
21132,357
21133,344
21134,328
21135,349
21136,340
21137,348
21138,357
21139,356
21140,357
21141,350
21142,331
21143,301
21144,337
21145,327
21146,314
21147,346
21148,347
21149,349
21150,349
21151,349
21152,355
21153,343
21154,353
21155,353
21156,333
21157,331
21158,344
21159,359
21160,354
21161,339
21162,351
21163,350
21164,347
21165,238
21166,328
21167,541
21168,334
21169,353
21170,304
21171,334
21172,352
21173,357
21174,350
21175,345
21176,347
21177,345
21178,334
21179,297
21180,344
21181,334
21182,346
21183,325
21184,351
21185,344
21186,350
21187,352
21188,355
21189,350
21190,342
21191,332
21192,352
21193,337
21194,298
21195,319
21196,347
21197,353
21198,352
21199,359
21200,338
21201,356
21202,359
21203,337
21204,320
21205,330
21206,349
21207,351
21208,337
21209,351
21210,354
21211,342
21212,332
21213,334
21214,348
21215,324
21216,355
21217,325
21218,338
21219,314
21220,356
21221,343
21222,339
21223,352
21224,341
21225,354
21226,353
21227,351
21228,337
21229,332
21230,351
21231,324
21232,298
21233,332
21234,297
21235,304
21236,337
21237,330
21238,345
21239,344
21240,313
21241,329
21242,343
21243,326
21244,337
21245,347
21246,348
21247,333
21248,333
21249,331
21250,344
21251,332
21252,336
21253,351
21254,341
21255,348
21256,334
21257,335
21258,354
21259,330
21260,331
21261,332
21262,337
21263,322
21264,302
21265,338
21266,335
21267,356
21268,353
21269,336
21270,349
21271,339
21272,359
21273,332
21274,332
21275,330
21276,346
21277,354
21278,347
21279,352
21280,345
21281,353
21282,353
21283,305
21284,338
21285,323
21286,336
21287,346
21288,309
21289,355
21290,360
21291,355
21292,350
21293,352
21294,345
21295,354
21296,350
21297,350
21298,338
21299,353
21300,344
21301,340
21302,345
21303,349
21304,356
21305,345
21306,344
21307,350
21308,340
21309,319
21310,346
21311,327
21312,346
21313,345
21314,337
21315,330
21316,353
21317,351
21318,342
21319,322
21320,330
21321,346
21322,334
21323,330
21324,330
21325,312
21326,345
21327,352
21328,350
21329,332
21330,346
21331,351
21332,336
21333,341
21334,345
21335,340
21336,344
21337,337
21338,343
21339,351
21340,353
21341,348
21342,346
21343,344
21344,331
21345,330
21346,303
21347,343
21348,318
21349,318
21350,347
21351,331
21352,341
21353,334
21354,346
21355,348
21356,346
21357,341
21358,343
21359,342
21360,317
21361,330
21362,333
21363,352
21364,333
21365,328
21366,342
21367,347
21368,337
21369,349
21370,334
21371,331
21372,332
21373,331
21374,301
21375,297
21376,311
21377,354
21378,322
21379,355
21380,353
21381,360
21382,354
21383,354
21384,320
21385,301
21386,301
21387,332
21388,297
21389,324
21390,347
21391,333
21392,353
21393,352
21394,352
21395,355
21396,337
21397,326
21398,348
21399,331
21400,333
21401,356
21402,300
21403,309
21404,353
21405,353
21406,348
21407,353
21408,334
21409,332
21410,333
21411,330
21412,333
21413,333
21414,349
21415,330
21416,329
21417,333
21418,331
21419,304
21420,343
21421,355
21422,347
21423,347
21424,330
21425,329
21426,349
21427,335
21428,295
21429,317
21430,344
21431,322
21432,350
21433,341
21434,353
21435,342
21436,336
21437,327
21438,351
21439,338
21440,328
21441,321
21442,335
21443,356
21444,353
21445,357
21446,349
21447,339
21448,329
21449,331
21450,299
21451,312
21452,357
21453,350
21454,337
21455,351
21456,349
21457,325
21458,333
21459,338
21460,356
21461,330
21462,349
21463,307
21464,356
21465,334
21466,346
21467,325
21468,356
21469,348
21470,348
21471,330
21472,328
21473,302
21474,339
21475,342
21476,359
21477,349
21478,348
21479,350
21480,332
21481,332
21482,355
21483,314
21484,322
21485,315
21486,344
21487,343
21488,351
21489,342
21490,346
21491,359
21492,354
21493,355
21494,346
21495,350
21496,322
21497,319
21498,311
21499,344
21500,354
21501,354
21502,350
21503,344
21504,356
21505,334
21506,341
21507,318
21508,323
21509,334
21510,347
21511,317
21512,338
21513,355
21514,356
21515,346
21516,326
21517,330
21518,350
21519,345
21520,308
21521,348
21522,339
21523,312
21524,341
21525,350
21526,354
21527,348
21528,353
21529,346
21530,338
21531,303
21532,332
21533,321
21534,343
21535,334
21536,327
21537,343
21538,357
21539,334
21540,300
21541,332
21542,334
21543,336
21544,303
21545,314
21546,337
21547,340
21548,349
21549,346
21550,334
21551,348
21552,335
21553,333
21554,242
21555,307
21556,321
21557,334
21558,352
21559,356
21560,357
21561,354
21562,349
21563,358
21564,354
21565,341
21566,328
21567,332
21568,304
21569,324
21570,341
21571,361
21572,347
21573,353
21574,354
21575,338
21576,337
21577,346
21578,349
21579,301
21580,300
21581,317
21582,331
21583,17
21584,0
21585,465
21586,680
21587,677
21588,402
21589,302
21590,339
21591,330
21592,328
21593,331
21594,329
21595,313
21596,302
21597,326
21598,343
21599,345
21600,355
21601,347
21602,342
21603,341
21604,343
21605,338
21606,328
21607,338
21608,322
21609,342
21610,329
21611,339
21612,329
21613,329
21614,339
21615,314
21616,331
21617,333
21618,326
21619,346
21620,336
21621,341
21622,293
21623,324
21624,331
21625,303
21626,328
21627,352
21628,335
21629,302
21630,260
21631,327
21632,323
21633,315
21634,341
21635,321
21636,248
21637,269
21638,306
21639,0
21640,0
21641,482
21642,676
21643,565
21644,127
21645,362
21646,596
21647,337
21648,340
21649,268
21650,233
21651,428
21652,345
21653,213
21654,210
21655,155
21656,198
21657,222
21658,310
21659,332
21660,316
21661,341
21662,328
21663,326
21664,309
21665,326
21666,327
21667,317
21668,315
21669,348
21670,341
21671,330
21672,346
21673,333
21674,332
21675,329
21676,301
21677,339
21678,286
21679,320
21680,323
21681,333
21682,349
21683,355
21684,352
21685,355
21686,331
21687,331
21688,344
21689,316
21690,330
21691,333
21692,357
21693,353
21694,357
21695,354
21696,351
21697,314
21698,331
21699,339
21700,324
21701,313
21702,348
21703,339
21704,337
21705,354
21706,348
21707,359
21708,348
21709,355
21710,337
21711,356
21712,325
21713,341
21714,328
21715,298
21716,337
21717,353
21718,358
21719,359
21720,338
21721,339
21722,318
21723,315
21724,299
21725,332
21726,330
21727,354
21728,355
21729,360
21730,353
21731,344
21732,332
21733,307
21734,355
21735,334
21736,331
21737,301
21738,300
21739,331
21740,308
21741,340
21742,354
21743,358
21744,350
21745,348
21746,331
21747,348
21748,312
21749,350
21750,334
21751,328
21752,310
21753,296
21754,327
21755,346
21756,358
21757,358
21758,338
21759,353
21760,341
21761,329
21762,347
21763,333
21764,338
21765,355
21766,320
21767,357
21768,355
21769,344
21770,348
21771,355
21772,351
21773,353
21774,343
21775,331
21776,297
21777,330
21778,302
21779,339
21780,346
21781,352
21782,312
21783,329
21784,348
21785,341
21786,301
21787,326
21788,298
21789,341
21790,350
21791,330
21792,301
21793,328
21794,322
21795,354
21796,353
21797,346
21798,353
21799,338
21800,352
21801,344
21802,326
21803,303
21804,328
21805,352
21806,354
21807,355
21808,354
21809,348
21810,337
21811,324
21812,344
21813,318
21814,329
21815,357
21816,355
21817,358
21818,352
21819,354
21820,356
21821,358
21822,347
21823,349
21824,330
21825,333
21826,348
21827,346
21828,331
21829,302
21830,345
21831,331
21832,356
21833,356
21834,358
21835,355
21836,357
21837,309
21838,299
21839,329
21840,334
21841,338
21842,343
21843,329
21844,348
21845,353
21846,350
21847,355
21848,346
21849,353
21850,346
21851,353
21852,325
21853,331
21854,340
21855,334
21856,315
21857,316
21858,310
21859,340
21860,349
21861,357
21862,340
21863,324
21864,331
21865,349
21866,347
21867,353
21868,333
21869,335
21870,328
21871,322
21872,355
21873,349
21874,336
21875,330
21876,332
21877,354
21878,309
21879,331
21880,321
21881,343
21882,330
21883,301
21884,332
21885,352
21886,343
21887,341
21888,352
21889,348
21890,356
21891,334
21892,300
21893,332
21894,326
21895,331
21896,333
21897,341
21898,356
21899,349
21900,332
21901,346
21902,350
21903,356
21904,328
21905,301
21906,310
21907,342
21908,357
21909,353
21910,354
21911,340
21912,342
21913,337
21914,326
21915,332
21916,315
21917,295
21918,299
21919,334
21920,349
21921,355
21922,356
21923,353
21924,358
21925,341
21926,358
21927,336
21928,299
21929,325
21930,339
21931,334
21932,341
21933,328
21934,356
21935,344
21936,327
21937,332
21938,333
21939,331
21940,332
21941,302
21942,298
21943,315
21944,328
21945,342
21946,355
21947,357
21948,357
21949,335
21950,340
21951,356
21952,325
21953,309
21954,325
21955,351
21956,314
21957,330
21958,351
21959,351
21960,358
21961,352
21962,349
21963,354
21964,306
21965,330
21966,342
21967,337
21968,356
21969,346
21970,352
21971,355
21972,351
21973,333
21974,299
21975,299
21976,331
21977,335
21978,357
21979,348
21980,355
21981,357
21982,356
21983,347
21984,336
21985,331
21986,333
21987,331
21988,330
21989,336
21990,348
21991,343
21992,351
21993,340
21994,357
21995,332
21996,332
21997,346
21998,319
21999,345
22000,356
22001,355
22002,355
22003,341
22004,357
22005,346
22006,354
22007,359
22008,321
22009,330
22010,301
22011,304
22012,345
22013,357
22014,352
22015,357
22016,357
22017,342
22018,333
22019,299
22020,329
22021,302
22022,344
22023,353
22024,352
22025,354
22026,342
22027,348
22028,338
22029,348
22030,330
22031,318
22032,345
22033,334
22034,301
22035,299
22036,298
22037,333
22038,352
22039,338
22040,361
22041,338
22042,327
22043,334
22044,300
22045,333
22046,322
22047,344
22048,300
22049,326
22050,347
22051,345
22052,343
22053,354
22054,335
22055,333
22056,299
22057,331
22058,325
22059,346
22060,308
22061,332
22062,301
22063,301
22064,332
22065,325
22066,351
22067,354
22068,354
22069,340
22070,330
22071,326
22072,300
22073,330
22074,322
22075,334
22076,299
22077,331
22078,329
22079,348
22080,347
22081,349
22082,335
22083,298
22084,327
22085,306
22086,322
22087,334
22088,322
22089,358
22090,358
22091,359
22092,350
22093,352
22094,334
22095,359
22096,338
22097,333
22098,347
22099,347
22100,334
22101,331
22102,297
22103,297
22104,295
22105,296
22106,326
22107,348
22108,357
22109,342
22110,328
22111,329
22112,302
22113,318
22114,299
22115,328
22116,296
22117,302
22118,319
22119,359
22120,359
22121,342
22122,357
22123,352
22124,347
22125,338
22126,352
22127,342
22128,298
22129,322
22130,340
22131,298
22132,298
22133,314
22134,336
22135,338
22136,346
22137,344
22138,335
22139,327
22140,330
22141,302
22142,301
22143,334
22144,307
22145,347
22146,349
22147,357
22148,356
22149,336
22150,333
22151,298
22152,312
22153,338
22154,316
22155,379
22156,356
22157,349
22158,355
22159,341
22160,357
22161,345
22162,321
22163,335
22164,330
22165,345
22166,349
22167,354
22168,351
22169,346
22170,351
22171,355
22172,349
22173,320
22174,334
22175,330
22176,344
22177,341
22178,357
22179,356
22180,350
22181,356
22182,355
22183,334
22184,332
22185,301
22186,297
22187,342
22188,353
22189,352
22190,351
22191,338
22192,344
22193,351
22194,300
22195,333
22196,337
22197,317
22198,160
22199,0
22200,122
22201,695
22202,684
22203,549
22204,349
22205,357
22206,357
22207,349
22208,348
22209,358
22210,349
22211,329
22212,322
22213,302
22214,343
22215,348
22216,337
22217,327
22218,331
22219,331
22220,300
22221,334
22222,331
22223,333
22224,301
22225,300
22226,305
22227,347
22228,352
22229,358
22230,359
22231,347
22232,349
22233,336
22234,333
22235,332
22236,332
22237,330
22238,332
22239,330
22240,297
22241,325
22242,325
22243,314
22244,302
22245,333
22246,328
22247,330
22248,300
22249,330
22250,332
22251,296
22252,298
22253,298
22254,299
22255,318
22256,359
22257,355
22258,351
22259,332
22260,332
22261,317
22262,342
22263,345
22264,299
22265,305
22266,326
22267,300
22268,333
22269,300
22270,303
22271,330
22272,352
22273,350
22274,352
22275,338
22276,356
22277,336
22278,332
22279,349
22280,297
22281,297
22282,296
22283,293
22284,297
22285,306
22286,349
22287,331
22288,336
22289,330
22290,330
22291,332
22292,319
22293,347
22294,332
22295,321
22296,323
22297,348
22298,304
22299,341
22300,337
22301,352
22302,342
22303,333
22304,302
22305,315
22306,331
22307,319
22308,299
22309,304
22310,332
22311,333
22312,347
22313,350
22314,348
22315,359
22316,332
22317,333
22318,331
22319,305
22320,341
22321,346
22322,354
22323,333
22324,342
22325,358
22326,353
22327,342
22328,334
22329,329
22330,339
22331,297
22332,297
22333,300
22334,331
22335,334
22336,356
22337,322
22338,335
22339,348
22340,319
22341,331
22342,334
22343,332
22344,334
22345,299
22346,299
22347,309
22348,337
22349,346
22350,349
22351,350
22352,334
22353,299
22354,300
22355,299
22356,298
22357,330
22358,314
22359,311
22360,330
22361,314
22362,321
22363,335
22364,343
22365,357
22366,349
22367,351
22368,347
22369,310
22370,295
22371,296
22372,299
22373,298
22374,242
22375,272
22376,354
22377,331
22378,351
22379,356
22380,356
22381,339
22382,328
22383,327
22384,311
22385,339
22386,325
22387,333
22388,352
22389,355
22390,355
22391,345
22392,356
22393,355
22394,331
22395,303
22396,315
22397,339
22398,357
22399,353
22400,353
22401,355
22402,355
22403,349
22404,343
22405,350
22406,325
22407,332
22408,338
22409,346
22410,343
22411,340
22412,351
22413,339
22414,348
22415,340
22416,321
22417,305
22418,326
22419,329
22420,354
22421,360
22422,351
22423,353
22424,351
22425,352
22426,358
22427,323
22428,313
22429,302
22430,332
22431,301
22432,302
22433,332
22434,316
22435,329
22436,309
22437,342
22438,353
22439,340
22440,341
22441,350
22442,332
22443,338
22444,354
22445,345
22446,351
22447,327
22448,355
22449,334
22450,300
22451,308
22452,332
22453,330
22454,295
22455,304
22456,333
22457,320
22458,311
22459,291
22460,309
22461,354
22462,350
22463,346
22464,351
22465,358
22466,351
22467,347
22468,352
22469,340
22470,340
22471,332
22472,318
22473,342
22474,347
22475,352
22476,349
22477,344
22478,351
22479,299
22480,326
22481,339
22482,295
22483,333
22484,298
22485,300
22486,360
22487,347
22488,337
22489,336
22490,329
22491,316
22492,319
22493,301
22494,329
22495,310
22496,332
22497,296
22498,295
22499,293
22500,331
22501,321
22502,353
22503,332
22504,334
22505,344
22506,351
22507,328
22508,353
22509,301
22510,307
22511,332
22512,323
22513,294
22514,328
22515,355
22516,333
22517,346
22518,333
22519,330
22520,330
22521,302
22522,352
22523,339
22524,332
22525,331
22526,329
22527,342
22528,357
22529,351
22530,353
22531,344
22532,354
22533,333
22534,332
22535,332
22536,299
22537,331
22538,319
22539,318
22540,332
22541,299
22542,318
22543,352
22544,339
22545,299
22546,331
22547,331
22548,347
22549,343
22550,339
22551,342
22552,345
22553,348
22554,339
22555,333
22556,351
22557,327
22558,335
22559,337
22560,340
22561,341
22562,342
22563,342
22564,338
22565,343
22566,346
22567,325
22568,343
22569,344
22570,342
22571,344
22572,335
22573,340
22574,337
22575,339
22576,344
22577,345
22578,341
22579,336
22580,334
22581,346
22582,325
22583,341
22584,338
22585,337
22586,343
22587,334
22588,342
22589,344
22590,338
22591,340
22592,330
22593,339
22594,335
22595,323
22596,330
22597,330
22598,331
22599,330
22600,334
22601,328
22602,326
22603,330
22604,332
22605,326
22606,321
22607,323
22608,330
22609,333
22610,339
22611,342
22612,335
22613,322
22614,306
22615,322
22616,332
22617,335
22618,336
22619,335
22620,328
22621,335
22622,339
22623,338
22624,344
22625,336
22626,335
22627,337
22628,335
22629,342
22630,336
22631,340
22632,342
22633,324
22634,336
22635,334
22636,338
22637,336
22638,329
22639,332
22640,340
22641,335
22642,339
22643,328
22644,340
22645,339
22646,349
22647,335
22648,335
22649,332
22650,329
22651,337
22652,332
22653,340
22654,330
22655,333
22656,318
22657,325
22658,337
22659,332
22660,344
22661,337
22662,348
22663,338
22664,347
22665,345
22666,348
22667,339
22668,330
22669,348
22670,351
22671,344
22672,342
22673,349
22674,341
22675,347
22676,344
22677,345
22678,329
22679,332
22680,351
22681,344
22682,338
22683,325
22684,340
22685,350
22686,340
22687,324
22688,347
22689,346
22690,342
22691,341
22692,346
22693,347
22694,308
22695,341
22696,353
22697,340
22698,335
22699,358
22700,354
22701,357
22702,340
22703,337
22704,357
22705,336
22706,297
22707,323
22708,296
22709,330
22710,323
22711,329
22712,352
22713,360
22714,320
22715,336
22716,310
22717,351
22718,329
22719,301
22720,298
22721,345
22722,334
22723,331
22724,309
22725,318
22726,317
22727,349
22728,350
22729,334
22730,343
22731,344
22732,331
22733,332
22734,332
22735,331
22736,300
22737,299
22738,298
22739,297
22740,318
22741,360
22742,355
22743,345
22744,349
22745,301
22746,322
22747,324
22748,333
22749,301
22750,350
22751,340
22752,332
22753,348
22754,350
22755,333
22756,344
22757,343
22758,332
22759,318
22760,349
22761,349
22762,349
22763,346
22764,331
22765,344
22766,343
22767,345
22768,339
22769,351
22770,342
22771,353
22772,343
22773,339
22774,337
22775,336
22776,342
22777,356
22778,352
22779,350
22780,324
22781,342
22782,353
22783,343
22784,351
22785,348
22786,325
22787,351
22788,357
22789,358
22790,354
22791,345
22792,348
22793,348
22794,329
22795,301
22796,327
22797,334
22798,299
22799,342
22800,354
22801,352
22802,354
22803,349
22804,359
22805,330
22806,300
22807,333
22808,326
22809,301
22810,301
22811,316
22812,330
22813,359
22814,339
22815,352
22816,347
22817,334
22818,300
22819,316
22820,304
22821,294
22822,297
22823,343
22824,357
22825,353
22826,334
22827,340
22828,336
22829,332
22830,333
22831,299
22832,334
22833,355
22834,354
22835,361
22836,352
22837,357
22838,355
22839,354
22840,337
22841,335
22842,330
22843,306
22844,340
22845,349
22846,359
22847,337
22848,351
22849,334
22850,301
22851,333
22852,331
22853,330
22854,328
22855,343
22856,357
22857,360
22858,358
22859,347
22860,356
22861,345
22862,347
22863,351
22864,298
22865,327
22866,337
22867,300
22868,330
22869,314
22870,354
22871,358
22872,351
22873,354
22874,359
22875,355
22876,350
22877,355
22878,345
22879,299
22880,313
22881,330
22882,335
22883,330
22884,357
22885,357
22886,328
22887,341
22888,354
22889,314
22890,309
22891,325
22892,334
22893,333
22894,333
22895,301
22896,300
22897,313
22898,356
22899,357
22900,313
22901,333
22902,305
22903,331
22904,324
22905,345
22906,332
22907,332
22908,331
22909,295
22910,304
22911,354
22912,357
22913,345
22914,328
22915,339
22916,352
22917,309
22918,346
22919,357
22920,357
22921,361
22922,344
22923,355
22924,336
22925,318
22926,316
22927,347
22928,335
22929,298
22930,325
22931,355
22932,356
22933,333
22934,356
22935,342
22936,350
22937,336
22938,341
22939,344
22940,344
22941,334
22942,330
22943,350
22944,348
22945,346
22946,338
22947,353
22948,351
22949,352
22950,343
22951,350
22952,345
22953,331
22954,311
22955,321
22956,307
22957,334
22958,330
22959,351
22960,337
22961,333
22962,329
22963,328
22964,323
22965,296
22966,339
22967,312
22968,322
22969,328
22970,303
22971,342
22972,313
22973,355
22974,344
22975,299
22976,300
22977,298
22978,299
22979,335
22980,305
22981,326
22982,333
22983,305
22984,346
22985,354
22986,354
22987,338
22988,348
22989,350
22990,351
22991,349
22992,348
22993,335
22994,336
22995,334
22996,315
22997,349
22998,348
22999,325
23000,355
23001,355
23002,338
23003,331
23004,298
23005,360
23006,338
23007,330
23008,353
23009,333
23010,357
23011,361
23012,351
23013,352
23014,350
23015,333
23016,350
23017,350
23018,350
23019,346
23020,352
23021,347
23022,351
23023,334
23024,332
23025,354
23026,347
23027,358
23028,354
23029,320
23030,344
23031,344
23032,298
23033,298
23034,305
23035,352
23036,356
23037,328
23038,339
23039,327
23040,301
23041,319
23042,343
23043,335
23044,332
23045,302
23046,302
23047,295
23048,320
23049,345
23050,355
23051,356
23052,336
23053,348
23054,327
23055,315
23056,299
23057,339
23058,343
23059,343
23060,338
23061,359
23062,352
23063,358
23064,355
23065,355
23066,353
23067,307
23068,328
23069,312
23070,330
23071,357
23072,357
23073,331
23074,330
23075,359
23076,335
23077,360
23078,332
23079,298
23080,300
23081,299
23082,360
23083,358
23084,353
23085,356
23086,336
23087,333
23088,343
23089,333
23090,350
23091,340
23092,350
23093,356
23094,357
23095,345
23096,360
23097,356
23098,352
23099,352
23100,355
23101,342
23102,310
23103,354
23104,331
23105,333
23106,345
23107,353
23108,340
23109,333
23110,332
23111,328
23112,303
23113,339
23114,354
23115,355
23116,354
23117,342
23118,357
23119,354
23120,354
23121,351
23122,330
23123,300
23124,332
23125,328
23126,337
23127,345
23128,357
23129,357
23130,355
23131,355
23132,350
23133,345
23134,331
23135,336
23136,348
23137,354
23138,351
23139,360
23140,352
23141,349
23142,334
23143,351
23144,352
23145,322
23146,298
23147,326
23148,335
23149,354
23150,321
23151,344
23152,355
23153,354
23154,352
23155,355
23156,339
23157,351
23158,355
23159,337
23160,321
23161,352
23162,359
23163,339
23164,335
23165,331
23166,340
23167,326
23168,332
23169,332
23170,333
23171,328
23172,305
23173,332
23174,360
23175,354
23176,354
23177,355
23178,357
23179,324
23180,331
23181,331
23182,333
23183,332
23184,302
23185,317
23186,344
23187,357
23188,353
23189,355
23190,357
23191,352
23192,330
23193,351
23194,347
23195,351
23196,331
23197,324
23198,342
23199,354
23200,359
23201,353
23202,348
23203,348
23204,344
23205,331
23206,300
23207,297
23208,298
23209,344
23210,349
23211,336
23212,334
23213,339
23214,350
23215,330
23216,335
23217,329
23218,313
23219,349
23220,305
23221,300
23222,300
23223,315
23224,356
23225,355
23226,358
23227,347
23228,354
23229,333
23230,335
23231,330
23232,333
23233,329
23234,347
23235,354
23236,350
23237,351
23238,332
23239,355
23240,338
23241,321
23242,346
23243,349
23244,336
23245,347
23246,344
23247,327
23248,304
23249,298
23250,299
23251,325
23252,358
23253,355
23254,344
23255,354
23256,341
23257,332
23258,299
23259,300
23260,324
23261,337
23262,303
23263,339
23264,358
23265,334
23266,300
23267,335
23268,352
23269,336
23270,337
23271,302
23272,330
23273,333
23274,300
23275,331
23276,340
23277,356
23278,358
23279,351
23280,354
23281,342
23282,341
23283,332
23284,333
23285,299
23286,318
23287,334
23288,341
23289,349
23290,352
23291,346
23292,333
23293,350
23294,347
23295,350
23296,329
23297,346
23298,361
23299,335
23300,317
23301,348
23302,333
23303,340
23304,358
23305,338
23306,332
23307,337
23308,337
23309,345
23310,352
23311,356
23312,361
23313,358
23314,343
23315,352
23316,324
23317,354
23318,335
23319,333
23320,331
23321,333
23322,360
23323,359
23324,358
23325,302
23326,309
23327,329
23328,334
23329,302
23330,299
23331,285
23332,300
23333,303
23334,317
23335,353
23336,356
23337,357
23338,348
23339,357
23340,350
23341,331
23342,347
23343,303
23344,338
23345,325
23346,299
23347,300
23348,300
23349,333
23350,340
23351,351
23352,337
23353,345
23354,348
23355,347
23356,344
23357,347
23358,336
23359,347
23360,336
23361,341
23362,328
23363,325
23364,349
23365,348
23366,350
23367,333
23368,313
23369,348
23370,337
23371,351
23372,332
23373,333
23374,320
23375,337
23376,323
23377,310
23378,354
23379,343
23380,356
23381,336
23382,332
23383,333
23384,340
23385,325
23386,312
23387,334
23388,317
23389,331
23390,344
23391,345
23392,357
23393,340
23394,333
23395,329
23396,355
23397,356
23398,349
23399,351
23400,348
23401,354
23402,334
23403,337
23404,332
23405,303
23406,317
23407,332
23408,320
23409,334
23410,344
23411,339
23412,354
23413,357
23414,344
23415,331
23416,332
23417,330
23418,331
23419,321
23420,345
23421,338
23422,356
23423,354
23424,357
23425,353
23426,351
23427,309
23428,297
23429,299
23430,331
23431,333
23432,312
23433,358
23434,360
23435,349
23436,349
23437,351
23438,346
23439,333
23440,334
23441,300
23442,298
23443,298
23444,301
23445,315
23446,358
23447,357
23448,357
23449,358
23450,356
23451,351
23452,343
23453,322
23454,301
23455,302
23456,299
23457,297
23458,301
23459,300
23460,324
23461,341
23462,356
23463,336
23464,359
23465,333
23466,329
23467,331
23468,333
23469,316
23470,351
23471,336
23472,348
23473,332
23474,349
23475,356
23476,357
23477,349
23478,330
23479,341
23480,332
23481,341
23482,330
23483,344
23484,356
23485,358
23486,344
23487,347
23488,337
23489,332
23490,303
23491,332
23492,333
23493,318
23494,348
23495,347
23496,342
23497,355
23498,359
23499,358
23500,353
23501,349
23502,354
23503,333
23504,332
23505,333
23506,331
23507,331
23508,343
23509,357
23510,355
23511,353
23512,352
23513,351
23514,346
23515,340
23516,330
23517,328
23518,300
23519,305
23520,299
23521,333
23522,302
23523,338
23524,359
23525,351
23526,334
23527,351
23528,320
23529,333
23530,330
23531,327
23532,302
23533,312
23534,358
23535,353
23536,355
23537,357
23538,356
23539,353
23540,318
23541,298
23542,330
23543,308
23544,341
23545,341
23546,330
23547,336
23548,349
23549,343
23550,342
23551,344
23552,346
23553,348
23554,314
23555,333
23556,357
23557,306
23558,297
23559,319
23560,348
23561,342
23562,353
23563,341
23564,341
23565,348
23566,305
23567,300
23568,331
23569,331
23570,302
23571,344
23572,354
23573,355
23574,359
23575,355
23576,359
23577,347
23578,337
23579,331
23580,302
23581,333
23582,334
23583,348
23584,344
23585,351
23586,358
23587,359
23588,340
23589,342
23590,321
23591,298
23592,335
23593,309
23594,302
23595,333
23596,302
23597,299
23598,334
23599,332
23600,323
23601,358
23602,358
23603,351
23604,354
23605,331
23606,344
23607,330
23608,344
23609,341
23610,347
23611,333
23612,301
23613,328
23614,323
23615,351
23616,331
23617,318
23618,338
23619,335
23620,318
23621,344
23622,350
23623,355
23624,298
23625,329
23626,347
23627,350
23628,336
23629,320
23630,354
23631,354
23632,341
23633,326
23634,349
23635,315
23636,333
23637,322
23638,340
23639,340
23640,353
23641,354
23642,347
23643,352
23644,341
23645,333
23646,298
23647,333
23648,334
23649,335
23650,300
23651,330
23652,346
23653,358
23654,359
23655,347
23656,357
23657,341
23658,335
23659,322
23660,343
23661,322
23662,341
23663,299
23664,306
23665,340
23666,353
23667,349
23668,341
23669,337
23670,339
23671,346
23672,349
23673,332
23674,332
23675,337
23676,346
23677,329
23678,333
23679,332
23680,345
23681,353
23682,357
23683,338
23684,339
23685,341
23686,337
23687,349
23688,332
23689,331
23690,356
23691,361
23692,359
23693,357
23694,347
23695,318
23696,330
23697,333
23698,336
23699,340
23700,321
23701,330
23702,348
23703,352
23704,348
23705,354
23706,343
23707,356
23708,359
23709,338
23710,357
23711,321
23712,332
23713,336
23714,359
23715,323
23716,322
23717,342
23718,354
23719,351
23720,359
23721,339
23722,300
23723,331
23724,348
23725,341
23726,340
23727,338
23728,354
23729,340
23730,347
23731,358
23732,302
23733,333
23734,330
23735,334
23736,331
23737,300
23738,298
23739,299
23740,332
23741,301
23742,332
23743,351
23744,341
23745,355
23746,342
23747,352
23748,348
23749,337
23750,337
23751,349
23752,349
23753,302
23754,334
23755,358
23756,358
23757,358
23758,316
23759,335
23760,332
23761,298
23762,346
23763,317
23764,332
23765,297
23766,339
23767,323
23768,360
23769,352
23770,360
23771,352
23772,333
23773,356
23774,339
23775,318
23776,317
23777,342
23778,353
23779,294
23780,308
23781,324
23782,298
23783,309
23784,343
23785,340
23786,336
23787,349
23788,344
23789,334
23790,341
23791,333
23792,331
23793,319
23794,315
23795,328
23796,350
23797,359
23798,358
23799,337
23800,332
23801,336
23802,339
23803,349
23804,304
23805,328
23806,357
23807,350
23808,353
23809,353
23810,353
23811,320
23812,342
23813,358
23814,333
23815,334
23816,357
23817,351
23818,360
23819,351
23820,356
23821,340
23822,331
23823,302
23824,332
23825,336
23826,329
23827,339
23828,357
23829,357
23830,354
23831,358
23832,357
23833,352
23834,350
23835,351
23836,306
23837,332
23838,318
23839,318
23840,346
23841,356
23842,358
23843,357
23844,354
23845,349
23846,353
23847,332
23848,353
23849,343
23850,333
23851,304
23852,339
23853,346
23854,356
23855,346
23856,355
23857,348
23858,344
23859,332
23860,340
23861,320
23862,343
23863,360
23864,347
23865,347
23866,356
23867,358
23868,358
23869,340
23870,346
23871,346
23872,301
23873,332
23874,309
23875,324
23876,316
23877,345
23878,349
23879,347
23880,357
23881,352
23882,343
23883,332
23884,332
23885,319
23886,341
23887,345
23888,327
23889,322
23890,329
23891,328
23892,360
23893,358
23894,341
23895,353
23896,354
23897,339
23898,351
23899,330
23900,324
23901,351
23902,349
23903,333
23904,343
23905,354
23906,354
23907,347
23908,358
23909,345
23910,351
23911,333
23912,354
23913,332
23914,332
23915,310
23916,330
23917,345
23918,355
23919,351
23920,357
23921,356
23922,343
23923,343
23924,353
23925,347
23926,343
23927,357
23928,360
23929,355
23930,354
23931,339
23932,359
23933,346
23934,354
23935,311
23936,323
23937,336
23938,352
23939,342
23940,358
23941,358
23942,358
23943,356
23944,353
23945,352
23946,350
23947,348
23948,302
23949,334
23950,341
23951,342
23952,321
23953,340
23954,358
23955,351
23956,334
23957,333
23958,330
23959,298
23960,315
23961,306
23962,301
23963,302
23964,331
23965,332
23966,321
23967,356
23968,356
23969,335
23970,352
23971,344
23972,301
23973,298
23974,330
23975,332
23976,332
23977,331
23978,334
23979,343
23980,355
23981,354
23982,356
23983,354
23984,350
23985,347
23986,351
23987,320
23988,343
23989,295
23990,348
23991,328
23992,348
23993,356
23994,341
23995,337
23996,351
23997,340
23998,301
23999,332
24000,296
24001,340
24002,329
24003,331
24004,315
24005,355
24006,357
24007,356
24008,358
24009,355
24010,331
24011,350
24012,348
24013,337
24014,321
24015,347
24016,346
24017,331
24018,331
24019,344
24020,358
24021,359
24022,356
24023,335
24024,299
24025,299
24026,302
24027,300
24028,300
24029,301
24030,300
24031,300
24032,329
24033,354
24034,357
24035,346
24036,352
24037,357
24038,339
24039,302
24040,307
24041,323
24042,297
24043,317
24044,313
24045,301
24046,334
24047,335
24048,340
24049,359
24050,357
24051,353
24052,342
24053,330
24054,300
24055,330
24056,301
24057,308
24058,324
24059,330
24060,317
24061,336
24062,352
24063,359
24064,334
24065,313
24066,350
24067,328
24068,337
24069,302
24070,333
24071,332
24072,327
24073,316
24074,359
24075,359
24076,351
24077,354
24078,354
24079,318
24080,325
24081,297
24082,331
24083,330
24084,359
24085,358
24086,358
24087,352
24088,337
24089,338
24090,359
24091,307
24092,330
24093,334
24094,358
24095,358
24096,353
24097,355
24098,357
24099,357
24100,356
24101,343
24102,354
24103,330
24104,306
24105,360
24106,358
24107,337
24108,333
24109,349
24110,346
24111,335
24112,333
24113,353
24114,344
24115,337
24116,339
24117,332
24118,343
24119,358
24120,342
24121,356
24122,352
24123,345
24124,331
24125,333
24126,315
24127,324
24128,354
24129,359
24130,351
24131,358
24132,329
24133,335
24134,330
24135,333
24136,327
24137,311
24138,331
24139,297
24140,326
24141,357
24142,350
24143,357
24144,328
24145,349
24146,351
24147,343
24148,349
24149,345
24150,344
24151,341
24152,334
24153,349
24154,348
24155,345
24156,338
24157,340
24158,343
24159,338
24160,354
24161,337
24162,351
24163,330
24164,343
24165,331
24166,345
24167,330
24168,349
24169,349
24170,347
24171,332
24172,335
24173,330
24174,324
24175,339
24176,332
24177,346
24178,317
24179,300
24180,314
24181,334
24182,335
24183,302
24184,301
24185,299
24186,332
24187,302
24188,332
24189,309
24190,329
24191,301
24192,295
24193,303
24194,350
24195,352
24196,354
24197,356
24198,310
24199,331
24200,302
24201,302
24202,324
24203,310
24204,296
24205,303
24206,302
24207,360
24208,354
24209,346
24210,349
24211,318
24212,301
24213,301
24214,298
24215,306
24216,349
24217,347
24218,356
24219,354
24220,351
24221,342
24222,354
24223,353
24224,353
24225,307
24226,331
24227,300
24228,298
24229,315
24230,343
24231,356
24232,358
24233,356
24234,353
24235,319
24236,332
24237,309
24238,348
24239,309
24240,301
24241,301
24242,301
24243,359
24244,355
24245,352
24246,354
24247,332
24248,321
24249,322
24250,324
24251,317
24252,347
24253,300
24254,300
24255,333
24256,330
24257,330
24258,326
24259,358
24260,334
24261,308
24262,336
24263,314
24264,301
24265,289
24266,341
24267,349
24268,337
24269,342
24270,317
24271,339
24272,338
24273,352
24274,346
24275,342
24276,344
24277,328
24278,322
24279,356
24280,330
24281,302
24282,326
24283,360
24284,301
24285,298
24286,339
24287,346
24288,343
24289,355
24290,358
24291,352
24292,353
24293,343
24294,356
24295,333
24296,332
24297,300
24298,333
24299,306
24300,333
24301,302
24302,325
24303,324
24304,300
24305,305
24306,332
24307,345
24308,349
24309,301
24310,332
24311,301
24312,332
24313,300
24314,335
24315,361
24316,343
24317,335
24318,345
24319,352
24320,334
24321,329
24322,329
24323,320
24324,313
24325,299
24326,331
24327,296
24328,295
24329,303
24330,342
24331,359
24332,347
24333,334
24334,334
24335,323
24336,344
24337,298
24338,302
24339,301
24340,336
24341,352
24342,359
24343,360
24344,337
24345,355
24346,299
24347,327
24348,357
24349,350
24350,358
24351,341
24352,333
24353,299
24354,302
24355,335
24356,328
24357,297
24358,302
24359,301
24360,333
24361,296
24362,300
24363,335
24364,336
24365,361
24366,335
24367,352
24368,345
24369,348
24370,349
24371,334
24372,312
24373,346
24374,336
24375,307
24376,359
24377,354
24378,310
24379,300
24380,345
24381,344
24382,357
24383,359
24384,355
24385,353
24386,308
24387,336
24388,334
24389,305
24390,342
24391,343
24392,338
24393,338
24394,340
24395,332
24396,341
24397,347
24398,311
24399,302
24400,343
24401,323
24402,317
24403,350
24404,332
24405,335
24406,331
24407,316
24408,316
24409,332
24410,299
24411,317
24412,357
24413,360
24414,357
24415,340
24416,334
24417,336
24418,360
24419,342
24420,349
24421,347
24422,349
24423,336
24424,357
24425,358
24426,357
24427,356
24428,348
24429,334
24430,313
24431,323
24432,332
24433,333
24434,332
24435,345
24436,357
24437,359
24438,345
24439,352
24440,346
24441,321
24442,332
24443,331
24444,331
24445,301
24446,334
24447,356
24448,357
24449,339
24450,355
24451,342
24452,343
24453,345
24454,339
24455,302
24456,303
24457,325
24458,336
24459,331
24460,352
24461,352
24462,351
24463,359
24464,355
24465,339
24466,297
24467,305
24468,357
24469,329
24470,304
24471,313
24472,349
24473,361
24474,359
24475,352
24476,347
24477,320
24478,329
24479,346
24480,358
24481,334
24482,340
24483,347
24484,350
24485,325
24486,333
24487,325
24488,332
24489,334
24490,355
24491,341
24492,349
24493,333
24494,327
24495,331
24496,298
24497,297
24498,328
24499,298
24500,359
24501,337
24502,331
24503,301
24504,331
24505,302
24506,340
24507,345
24508,355
24509,351
24510,333
24511,328
24512,306
24513,335
24514,357
24515,335
24516,323
24517,340
24518,343
24519,325
24520,326
24521,316
24522,347
24523,349
24524,347
24525,348
24526,359
24527,361
24528,358
24529,338
24530,338
24531,359
24532,356
24533,359
24534,346
24535,356
24536,332
24537,335
24538,344
24539,352
24540,360
24541,360
24542,356
24543,356
24544,358
24545,338
24546,332
24547,334
24548,301
24549,332
24550,332
24551,354
24552,314
24553,339
24554,355
24555,322
24556,347
24557,348
24558,314
24559,314
24560,324
24561,338
24562,329
24563,352
24564,355
24565,355
24566,357
24567,349
24568,348
24569,328
24570,346
24571,338
24572,335
24573,342
24574,343
24575,352
24576,357
24577,350
24578,357
24579,359
24580,358
24581,343
24582,333
24583,341
24584,343
24585,347
24586,358
24587,336
24588,335
24589,346
24590,357
24591,326
24592,334
24593,332
24594,333
24595,318
24596,344
24597,359
24598,357
24599,359
24600,358
24601,337
24602,359
24603,337
24604,346
24605,326
24606,354
24607,339
24608,346
24609,356
24610,360
24611,319
24612,325
24613,326
24614,299
24615,323
24616,343
24617,358
24618,354
24619,352
24620,353
24621,357
24622,358
24623,317
24624,336
24625,348
24626,337
24627,354
24628,326
24629,359
24630,345
24631,357
24632,360
24633,357
24634,352
24635,329
24636,338
24637,327
24638,330
24639,304
24640,319
24641,360
24642,360
24643,353
24644,353
24645,346
24646,336
24647,327
24648,338
24649,337
24650,337
24651,360
24652,303
24653,301
24654,333
24655,318
24656,356
24657,358
24658,346
24659,345
24660,341
24661,348
24662,329
24663,340
24664,322
24665,319
24666,340
24667,294
24668,325
24669,355
24670,355
24671,346
24672,336
24673,8
24674,0
24675,482
24676,680
24677,680
24678,399
24679,360
24680,352
24681,342
24682,348
24683,264
24684,304
24685,345
24686,334
24687,341
24688,347
24689,335
24690,346
24691,333
24692,349
24693,351
24694,303
24695,326
24696,348
24697,353
24698,353
24699,356
24700,350
24701,345
24702,342
24703,348
24704,342
24705,342
24706,334
24707,338
24708,354
24709,341
24710,334
24711,354
24712,350
24713,336
24714,343
24715,359
24716,300
24717,300
24718,325
24719,334
24720,332
24721,334
24722,338
24723,356
24724,353
24725,334
24726,358
24727,328
24728,349
24729,336
24730,340
24731,323
24732,337
24733,358
24734,360
24735,354
24736,359
24737,334
24738,355
24739,340
24740,302
24741,333
24742,333
24743,360
24744,355
24745,360
24746,359
24747,354
24748,348
24749,333
24750,359
24751,303
24752,325
24753,352
24754,335
24755,346
24756,354
24757,342
24758,333
24759,351
24760,345
24761,344
24762,356
24763,344
24764,359
24765,356
24766,354
24767,353
24768,351
24769,335
24770,343
24771,341
24772,316
24773,332
24774,336
24775,355
24776,360
24777,359
24778,355
24779,354
24780,352
24781,355
24782,339
24783,343
24784,346
24785,329
24786,300
24787,331
24788,298
24789,335
24790,355
24791,357
24792,352
24793,355
24794,355
24795,339
24796,303
24797,333
24798,332
24799,332
24800,332
24801,335
24802,333
24803,339
24804,351
24805,356
24806,361
24807,337
24808,333
24809,332
24810,334
24811,333
24812,333
24813,354
24814,342
24815,332
24816,310
24817,353
24818,359
24819,358
24820,356
24821,351
24822,335
24823,336
24824,358
24825,304
24826,301
24827,314
24828,349
24829,343
24830,343
24831,330
24832,350
24833,327
24834,333
24835,338
24836,348
24837,355
24838,344
24839,332
24840,353
24841,350
24842,346
24843,349
24844,352
24845,336
24846,330
24847,339
24848,334
24849,332
24850,332
24851,331
24852,358
24853,358
24854,354
24855,355
24856,356
24857,354
24858,358
24859,333
24860,302
24861,335
24862,339
24863,335
24864,359
24865,359
24866,361
24867,352
24868,357
24869,355
24870,332
24871,332
24872,343
24873,321
24874,299
24875,299
24876,302
24877,331
24878,314
24879,345
24880,358
24881,352
24882,328
24883,332
24884,333
24885,335
24886,332
24887,335
24888,329
24889,331
24890,325
24891,305
24892,318
24893,335
24894,353
24895,359
24896,331
24897,304
24898,331
24899,333
24900,333
24901,329
24902,320
24903,314
24904,331
24905,357
24906,352
24907,358
24908,359
24909,359
24910,357
24911,352
24912,333
24913,339
24914,327
24915,301
24916,333
24917,333
24918,327
24919,340
24920,358
24921,349
24922,360
24923,341
24924,348
24925,357
24926,356
24927,350
24928,331
24929,356
24930,347
24931,355
24932,349
24933,347
24934,342
24935,323
24936,314
24937,357
24938,354
24939,349
24940,343
24941,354
24942,352
24943,345
24944,336
24945,359
24946,335
24947,345
24948,319
24949,315
24950,318
24951,324
24952,355
24953,360
24954,356
24955,334
24956,340
24957,358
24958,330
24959,336
24960,333
24961,336
24962,335
24963,330
24964,354
24965,357
24966,347
24967,345
24968,318
24969,328
24970,336
24971,330
24972,333
24973,333
24974,332
24975,298
24976,331
24977,337
24978,268
24979,0
24980,0
24981,0
24982,386
24983,687
24984,577
24985,455
24986,399
24987,569
24988,673
24989,478
24990,330
24991,352
24992,333
24993,345
24994,356
24995,339
24996,341
24997,337
24998,324
24999,348
25000,330
25001,330
25002,220
25003,0
25004,66
25005,691
25006,677
25007,602
25008,350
25009,358
25010,350
25011,352
25012,358
25013,346
25014,340
25015,352
25016,360
25017,354
25018,355
25019,354
25020,357
25021,328
25022,340
25023,332
25024,332
25025,331
25026,331
25027,357
25028,357
25029,357
25030,359
25031,350
25032,352
25033,352
25034,340
25035,351
25036,337
25037,333
25038,319
25039,351
25040,353
25041,357
25042,351
25043,354
25044,340
25045,331
25046,308
25047,355
25048,332
25049,332
25050,299
25051,348
25052,325
25053,350
25054,361
25055,311
25056,324
25057,332
25058,330
25059,300
25060,299
25061,333
25062,338
25063,348
25064,345
25065,358
25066,355
25067,355
25068,361
25069,357
25070,351
25071,354
25072,357
25073,349
25074,318
25075,329
25076,324
25077,303
25078,305
25079,355
25080,332
25081,356
25082,340
25083,332
25084,319
25085,344
25086,67
25087,0
25088,383
25089,688
25090,684
25091,426
25092,350
25093,332
25094,360
25095,336
25096,308
25097,326
25098,330
25099,336
25100,332
25101,329
25102,301
25103,325
25104,344
25105,357
25106,341
25107,356
25108,358
25109,338
25110,300
25111,329
25112,300
25113,308
25114,356
25115,359
25116,336
25117,356
25118,358
25119,310
25120,302
25121,350
25122,328
25123,321
25124,333
25125,302
25126,332
25127,329
25128,344
25129,342
25130,344
25131,359
25132,352
25133,355
25134,355
25135,334
25136,349
25137,352
25138,352
25139,330
25140,332
25141,352
25142,334
25143,330
25144,349
25145,313
25146,332
25147,332
25148,344
25149,355
25150,329
25151,302
25152,332
25153,335
25154,330
25155,334
25156,339
25157,359
25158,355
25159,357
25160,358
25161,344
25162,351
25163,333
25164,306
25165,298
25166,332
25167,331
25168,318
25169,357
25170,356
25171,353
25172,357
25173,354
25174,341
25175,353
25176,348
25177,348
25178,332
25179,347
25180,356
25181,356
25182,359
25183,352
25184,329
25185,334
25186,338
25187,338
25188,354
25189,332
25190,323
25191,362
25192,359
25193,352
25194,357
25195,358
25196,337
25197,323
25198,332
25199,312
25200,353
25201,333
25202,298
25203,341
25204,358
25205,358
25206,357
25207,357
25208,349
25209,354
25210,334
25211,307
25212,328
25213,333
25214,302
25215,312
25216,358
25217,355
25218,350
25219,360
25220,353
25221,342
25222,299
25223,301
25224,332
25225,322
25226,357
25227,356
25228,357
25229,356
25230,345
25231,334
25232,332
25233,337
25234,339
25235,339
25236,321
25237,333
25238,342
25239,353
25240,356
25241,354
25242,350
25243,347
25244,340
25245,354
25246,352
25247,348
25248,310
25249,354
25250,330
25251,359
25252,351
25253,359
25254,351
25255,351
25256,331
25257,331
25258,339
25259,334
25260,325
25261,332
25262,335
25263,342
25264,344
25265,356
25266,348
25267,350
25268,341
25269,300
25270,332
25271,332
25272,307
25273,349
25274,350
25275,352
25276,357
25277,310
25278,326
25279,93
25280,0
25281,332
25282,681
25283,685
25284,462
25285,353
25286,355
25287,356
25288,356
25289,324
25290,354
25291,332
25292,323
25293,354
25294,322
25295,347
25296,359
25297,354
25298,347
25299,348
25300,358
25301,334
25302,346
25303,319
25304,300
25305,299
25306,331
25307,339
25308,354
25309,352
25310,344
25311,351
25312,345
25313,334
25314,332
25315,333
25316,331
25317,311
25318,320
25319,297
25320,356
25321,350
25322,348
25323,342
25324,326
25325,330
25326,342
25327,323
25328,297
25329,335
25330,344
25331,358
25332,348
25333,336
25334,334
25335,345
25336,355
25337,354
25338,337
25339,325
25340,354
25341,354
25342,350
25343,354
25344,355
25345,359
25346,356
25347,340
25348,331
25349,329
25350,335
25351,331
25352,339
25353,354
25354,354
25355,357
25356,355
25357,351
25358,358
25359,352
25360,344
25361,325
25362,336
25363,347
25364,323
25365,332
25366,318
25367,355
25368,345
25369,352
25370,355
25371,347
25372,333
25373,332
25374,331
25375,332
25376,348
25377,348
25378,310
25379,344
25380,340
25381,334
25382,313
25383,324
25384,332
25385,331
25386,334
25387,301
25388,300
25389,313
25390,356
25391,347
25392,361
25393,353
25394,359
25395,349
25396,333
25397,349
25398,315
25399,314
25400,350
25401,306
25402,334
25403,297
25404,313
25405,358
25406,351
25407,351
25408,354
25409,331
25410,347
25411,355
25412,333
25413,302
25414,302
25415,333
25416,298
25417,326
25418,356
25419,349
25420,337
25421,360
25422,333
25423,297
25424,298
25425,297
25426,331
25427,355
25428,304
25429,332
25430,335
25431,359
25432,358
25433,353
25434,342
25435,354
25436,331
25437,332
25438,318
25439,320
25440,331
25441,299
25442,296
25443,333
25444,355
25445,352
25446,350
25447,357
25448,337
25449,340
25450,326
25451,344
25452,340
25453,348
25454,331
25455,331
25456,297
25457,297
25458,340
25459,353
25460,348
25461,348
25462,331
25463,301
25464,328
25465,320
25466,344
25467,331
25468,332
25469,302
25470,308
25471,338
25472,356
25473,346
25474,335
25475,353
25476,299
25477,331
25478,330
25479,322
25480,344
25481,27
25482,0
25483,290
25484,479
25485,454
25486,412
25487,453
25488,452
25489,554
25490,640
25491,207
25492,0
25493,0
25494,590
25495,670
25496,675
25497,371
25498,340
25499,346
25500,353
25501,139
25502,0
25503,194
25504,658
25505,681
25506,557
25507,335
25508,352
25509,334
25510,351
25511,359
25512,343
25513,353
25514,315
25515,359
25516,357
25517,333
25518,314
25519,317
25520,326
25521,329
25522,304
25523,299
25524,345
25525,353
25526,354
25527,331
25528,332
25529,298
25530,304
25531,323
25532,297
25533,299
25534,332
25535,299
25536,299
25537,300
25538,351
25539,342
25540,357
25541,305
25542,333
25543,302
25544,308
25545,352
25546,343
25547,346
25548,300
25549,298
25550,299
25551,328
25552,306
25553,342
25554,352
25555,347
25556,344
25557,333
25558,315
25559,277
25560,0
25561,0
25562,445
25563,662
25564,591
25565,429
25566,194
25567,491
25568,372
25569,342
25570,144
25571,561
25572,319
25573,276
25574,324
25575,331
25576,342
25577,325
25578,334
25579,344
25580,311
25581,299
25582,332
25583,343
25584,9
25585,0
25586,476
25587,684
25588,675
25589,371
25590,66
25591,0
25592,266
25593,680
25594,577
25595,632
25596,23
25597,639
25598,276
25599,0
25600,0
25601,0
25602,396
25603,550
25604,394
25605,394
25606,385
25607,383
25608,382
25609,375
25610,377
25611,372
25612,407
25613,398
25614,388
25615,394
25616,390
25617,388
25618,383
25619,375
25620,374
25621,375
25622,400
25623,394
25624,393
25625,395
25626,387
25627,388
25628,377
25629,375
25630,370
25631,407
25632,408
25633,481
25634,608
25635,540
25636,418
25637,626
25638,496
25639,358
25640,354
25641,354
25642,343
25643,303
25644,427
25645,355
25646,344
25647,325
25648,340
25649,317
25650,203
25651,488
25652,393
25653,341
25654,336
25655,339
25656,337
25657,91
25658,0
25659,276
25660,677
25661,683
25662,494
25663,352
25664,353
25665,350
25666,340
25667,315
25668,331
25669,335
25670,328
25671,318
25672,345
25673,332
25674,201
25675,0
25676,75
25677,656
25678,677
25679,632
25680,330
25681,0
25682,61
25683,502
25684,676
25685,642
25686,353
25687,353
25688,351
25689,347
25690,349
25691,228
25692,0
25693,0
25694,641
25695,677
25696,669
25697,345
25698,0
25699,0
25700,484
25701,684
25702,678
25703,425
25704,196
25705,0
25706,0
25707,394
25708,685
25709,670
25710,264
25711,0
25712,0
25713,240
25714,488
25715,391
25716,393
25717,387
25718,390
25719,388
25720,374
25721,374
25722,370
25723,388
25724,398
25725,390
25726,392
25727,385
25728,388
25729,387
25730,369
25731,372
25732,370
25733,397
25734,397
25735,389
25736,391
25737,385
25738,388
25739,377
25740,373
25741,371
25742,410
25743,453
25744,436
25745,391
25746,382
25747,398
25748,394
25749,397
25750,391
25751,396
25752,390
25753,398
25754,390
25755,398
25756,392
25757,392
25758,397
25759,392
25760,398
25761,392
25762,392
25763,397
25764,393
25765,393
25766,398
25767,392
25768,393
25769,393
25770,397
25771,394
25772,414
25773,392
25774,395
25775,391
25776,393
25777,394
25778,394
25779,394
25780,394
25781,395
25782,395
25783,392
25784,394
25785,392
25786,385
25787,387
25788,395
25789,390
25790,391
25791,391
25792,388
25793,391
25794,391
25795,390
25796,390
25797,389
25798,385
25799,390
25800,416
25801,312
25802,0
25803,0
25804,515
25805,680
25806,672
25807,379
25808,346
25809,352
25810,346
25811,338
25812,329
25813,318
25814,365
25815,57
25816,0
25817,0
25818,372
25819,566
25820,449
25821,482
25822,398
25823,400
25824,516
25825,430
25826,587
25827,478
25828,348
25829,348
25830,347
25831,344
25832,345
25833,343
25834,346
25835,348
25836,348
25837,320
25838,325
25839,352
25840,358
25841,325
25842,339
25843,353
25844,345
25845,173
25846,0
25847,115
25848,691
25849,676
25850,580
25851,354
25852,357
25853,354
25854,352
25855,358
25856,356
25857,355
25858,354
25859,356
25860,333
25861,328
25862,296
25863,332
25864,308
25865,356
25866,337
25867,328
25868,334
25869,299
25870,340
25871,296
25872,325
25873,335
25874,349
25875,340
25876,309
25877,320
25878,356
25879,356
25880,339
25881,330
25882,300
25883,331
25884,332
25885,354
25886,332
25887,347
25888,325
25889,301
25890,322
25891,355
25892,345
25893,336
25894,345
25895,357
25896,360
25897,312
25898,350
25899,106
25900,0
25901,284
25902,690
25903,687
25904,474
25905,359
25906,352
25907,350
25908,303
25909,326
25910,300
25911,332
25912,300
25913,299
25914,328
25915,338
25916,360
25917,346
25918,359
25919,358
25920,345
25921,347
25922,320
25923,331
25924,301
25925,333
25926,315
25927,300
25928,327
25929,331
25930,343
25931,360
25932,356
25933,360
25934,360
25935,357
25936,347
25937,334
25938,333
25939,333
25940,331
25941,333
25942,302
25943,302
25944,318
25945,344
25946,358
25947,350
25948,336
25949,300
25950,333
25951,339
25952,355
25953,332
25954,341
25955,349
25956,319
25957,301
25958,319
25959,341
25960,352
25961,334
25962,332
25963,315
25964,346
25965,332
25966,317
25967,332
25968,329
25969,297
25970,333
25971,90
25972,0
25973,303
25974,687
25975,688
25976,488
25977,358
25978,322
25979,303
25980,300
25981,330
25982,300
25983,332
25984,330
25985,295
25986,298
25987,313
25988,334
25989,36
25990,0
25991,282
25992,474
25993,462
25994,412
25995,429
25996,469
25997,511
25998,667
25999,237
26000,395
26001,488
26002,170
26003,509
26004,431
26005,348
26006,347
26007,355
26008,345
26009,350
26010,330
26011,321
26012,359
26013,357
26014,357
26015,357
26016,356
26017,354
26018,351
26019,330
26020,350
26021,347
26022,298
26023,309
26024,361
26025,335
26026,333
26027,351
26028,344
26029,332
26030,314
26031,302
26032,333
26033,300
26034,303
26035,332
26036,318
26037,361
26038,356
26039,359
26040,343
26041,345
26042,355
26043,357
26044,355
26045,349
26046,347
26047,350
26048,324
26049,352
26050,353
26051,342
26052,341
26053,349
26054,341
26055,345
26056,335
26057,335
26058,341
26059,340
26060,346
26061,340
26062,348
26063,345
26064,321
26065,351
26066,338
26067,341
26068,340
26069,339
26070,340
26071,344
26072,345
26073,342
26074,341
26075,339
26076,331
26077,348
26078,349
26079,347
26080,345
26081,318
26082,200
26083,0
26084,62
26085,692
26086,680
26087,584
26088,347
26089,353
26090,352
26091,348
26092,338
26093,345
26094,346
26095,318
26096,337
26097,320
26098,348
26099,339
26100,345
26101,344
26102,337
26103,320
26104,342
26105,338
26106,331
26107,336
26108,343
26109,338
26110,341
26111,344
26112,349
26113,353
26114,338
26115,346
26116,346
26117,308
26118,357
26119,355
26120,357
26121,352
26122,358
26123,341
26124,334
26125,331
26126,312
26127,337
26128,327
26129,319
26130,343
26131,331
26132,304
26133,358
26134,357
26135,353
26136,348
26137,331
26138,333
26139,321
26140,330
26141,327
26142,343
26143,133
26144,0
26145,188
26146,682
26147,681
26148,524
26149,354
26150,344
26151,344
26152,349
26153,347
26154,334
26155,338
26156,309
26157,350
26158,303
26159,251
26160,337
26161,337
26162,319
26163,334
26164,331
26165,343
26166,310
26167,343
26168,346
26169,344
26170,340
26171,351
26172,353
26173,337
26174,347
26175,330
26176,341
26177,348
26178,353
26179,321
26180,347
26181,346
26182,350
26183,339
26184,348
26185,324
26186,340
26187,344
26188,348
26189,340
26190,329
26191,350
26192,324
26193,352
26194,345
26195,342
26196,351
26197,345
26198,335
26199,338
26200,327
26201,208
26202,318
26203,349
26204,346
26205,346
26206,350
26207,342
26208,303
26209,346
26210,244
26211,331
26212,305
26213,347
26214,350
26215,352
26216,351
26217,355
26218,357
26219,332
26220,334
26221,333
26222,298
26223,334
26224,352
26225,342
26226,349
26227,337
26228,347
26229,297
26230,175
26231,0
26232,123
26233,696
26234,689
26235,557
26236,338
26237,303
26238,357
26239,360
26240,336
26241,335
26242,350
26243,349
26244,350
26245,349
26246,331
26247,302
26248,335
26249,305
26250,322
26251,351
26252,331
26253,338
26254,333
26255,333
26256,333
26257,310
26258,325
26259,337
26260,333
26261,323
26262,351
26263,338
26264,353
26265,346
26266,337
26267,349
26268,349
26269,334
26270,305
26271,333
26272,334
26273,334
26274,301
26275,315
26276,319
26277,311
26278,338
26279,353
26280,355
26281,347
26282,351
26283,331
26284,339
26285,326
26286,325
26287,304
26288,312
26289,333
26290,340
26291,336
26292,349
26293,342
26294,355
26295,339
26296,323
26297,317
26298,347
26299,331
26300,344
26301,348
26302,359
26303,358
26304,357
26305,343
26306,351
26307,345
26308,341
26309,312
26310,300
26311,331
26312,301
26313,335
26314,307
26315,327
26316,346
26317,355
26318,355
26319,352
26320,339
26321,304
26322,298
26323,300
26324,329
26325,331
26326,336
26327,299
26328,322
26329,338
26330,335
26331,356
26332,356
26333,335
26334,332
26335,300
26336,298
26337,297
26338,297
26339,343
26340,357
26341,350
26342,352
26343,357
26344,354
26345,359
26346,347
26347,354
26348,336
26349,333
26350,333
26351,321
26352,345
26353,302
26354,301
26355,301
26356,326
26357,344
26358,351
26359,338
26360,346
26361,343
26362,316
26363,344
26364,350
26365,325
26366,341
26367,323
26368,302
26369,331
26370,356
26371,354
26372,333
26373,351
26374,312
26375,299
26376,312
26377,335
26378,348
26379,332
26380,332
26381,333
26382,343
26383,351
26384,356
26385,352
26386,355
26387,356
26388,305
26389,334
26390,332
26391,298
26392,313
26393,341
26394,347
26395,336
26396,324
26397,349
26398,348
26399,348
26400,351
26401,335
26402,319
26403,354
26404,334
26405,343
26406,359
26407,321
26408,357
26409,358
26410,351
26411,357
26412,356
26413,348
26414,338
26415,342
26416,159
26417,318
26418,351
26419,351
26420,206
26421,0
26422,110
26423,681
26424,674
26425,567
26426,350
26427,304
26428,346
26429,346
26430,327
26431,340
26432,339
26433,353
26434,355
26435,346
26436,349
26437,341
26438,359
26439,354
26440,333
26441,342
26442,335
26443,352
26444,330
26445,353
26446,335
26447,350
26448,357
26449,344
26450,355
26451,350
26452,353
26453,354
26454,334
26455,341
26456,354
26457,300
26458,331
26459,338
26460,358
26461,354
26462,347
26463,346
26464,333
26465,336
26466,347
26467,352
26468,337
26469,352
26470,312
26471,327
26472,350
26473,360
26474,340
26475,348
26476,354
26477,341
26478,304
26479,355
26480,351
26481,355
26482,348
26483,350
26484,343
26485,355
26486,358
26487,347
26488,354
26489,343
26490,343
26491,353
26492,353
26493,352
26494,347
26495,352
26496,352
26497,341
26498,357
26499,338
26500,334
26501,330
26502,341
26503,359
26504,352
26505,359
26506,349
26507,351
26508,351
26509,342
26510,333
26511,342
26512,347
26513,340
26514,351
26515,345
26516,333
26517,319
26518,323
26519,345
26520,332
26521,339
26522,341
26523,330
26524,348
26525,309
26526,322
26527,342
26528,301
26529,333
26530,330
26531,326
26532,350
26533,350
26534,324
26535,356
26536,302
26537,332
26538,333
26539,356
26540,355
26541,316
26542,326
26543,336
26544,323
26545,349
26546,357
26547,344
26548,354
26549,340
26550,337
26551,333
26552,331
26553,334
26554,333
26555,303
26556,332
26557,333
26558,325
26559,339
26560,343
26561,353
26562,352
26563,332
26564,305
26565,331
26566,323
26567,338
26568,337
26569,353
26570,348
26571,357
26572,353
26573,47
26574,0
26575,243
26576,512
26577,468
26578,416
26579,416
26580,409
26581,488
26582,574
26583,561
26584,350
26585,354
26586,349
26587,357
26588,351
26589,342
26590,331
26591,355
26592,342
26593,109
26594,0
26595,232
26596,678
26597,689
26598,564
26599,351
26600,351
26601,345
26602,333
26603,339
26604,351
26605,348
26606,343
26607,341
26608,349
26609,339
26610,345
26611,351
26612,332
26613,333
26614,331
26615,332
26616,333
26617,327
26618,317
26619,360
26620,358
26621,353
26622,334
26623,333
26624,327
26625,339
26626,335
26627,332
26628,331
26629,58
26630,0
26631,0
26632,0
26633,384
26634,691
26635,530
26636,642
26637,680
26638,606
26639,502
26640,348
26641,356
26642,359
26643,360
26644,350
26645,357
26646,356
26647,358
26648,356
26649,354
26650,356
26651,354
26652,343
26653,358
26654,357
26655,360
26656,360
26657,358
26658,355
26659,355
26660,347
26661,352
26662,330
26663,335
26664,332
26665,337
26666,328
26667,356
26668,355
26669,361
26670,349
26671,350
26672,336
26673,331
26674,333
26675,347
26676,327
26677,332
26678,316
26679,344
26680,347
26681,354
26682,362
26683,343
26684,332
26685,334
26686,334
26687,331
26688,344
26689,352
26690,354
26691,332
26692,361
26693,350
26694,346
26695,357
26696,193
26697,221
26698,210
26699,211
26700,216
26701,219
26702,208
26703,209
26704,233
26705,222
26706,144
26707,133
26708,220
26709,352
26710,357
26711,354
26712,352
26713,344
26714,348
26715,342
26716,299
26717,332
26718,350
26719,349
26720,298
26721,333
26722,301
26723,333
26724,335
26725,350
26726,359
26727,351
26728,347
26729,302
26730,327
26731,338
26732,329
26733,331
26734,304
26735,302
26736,301
26737,326
26738,345
26739,347
26740,326
26741,332
26742,303
26743,334
26744,333
26745,334
26746,301
26747,334
26748,302
26749,303
26750,352
26751,360
26752,355
26753,357
26754,355
26755,360
26756,351
26757,339
26758,340
26759,357
26760,327
26761,334
26762,332
26763,333
26764,334
26765,313
26766,342
26767,361
26768,352
26769,360
26770,335
26771,334
26772,344
26773,343
26774,349
26775,335
26776,297
26777,330
26778,304
26779,358
26780,331
26781,316
26782,354
26783,314
26784,320
26785,297
26786,300
26787,330
26788,358
26789,354
26790,362
26791,352
26792,349
26793,314
26794,348
26795,333
26796,358
26797,321
26798,361
26799,352
26800,335
26801,307
26802,354
26803,339
26804,335
26805,302
26806,324
26807,336
26808,305
26809,309
26810,346
26811,343
26812,357
26813,354
26814,358
26815,343
26816,349
26817,318
26818,333
26819,346
26820,352
26821,360
26822,333
26823,305
26824,344
26825,351
26826,334
26827,333
26828,316
26829,328
26830,357
26831,353
26832,360
26833,354
26834,347
26835,333
26836,323
26837,343
26838,348
26839,316
26840,309
26841,350
26842,222
26843,218
26844,195
26845,316
26846,305
26847,336
26848,359
26849,354
26850,336
26851,334
26852,333
26853,297
26854,361
26855,358
26856,355
26857,335
26858,355
26859,360
26860,344
26861,356
26862,334
26863,313
26864,334
26865,331
26866,331
26867,333
26868,313
26869,352
26870,346
26871,360
26872,328
26873,351
26874,325
26875,353
26876,342
26877,341
26878,332
26879,329
26880,327
26881,343
26882,352
26883,359
26884,333
26885,334
26886,343
26887,322
26888,333
26889,332
26890,300
26891,297
26892,328
26893,317
26894,327
26895,301
26896,296
26897,359
26898,348
26899,356
26900,303
26901,303
26902,334
26903,334
26904,332
26905,333
26906,302
26907,330
26908,298
26909,317
26910,348
26911,358
26912,338
26913,330
26914,335
26915,333
26916,300
26917,297
26918,328
26919,322
26920,341
26921,340
26922,359
26923,339
26924,328
26925,357
26926,355
26927,300
26928,325
26929,303
26930,302
26931,296
26932,308
26933,360
26934,360
26935,352
26936,360
26937,350
26938,351
26939,339
26940,338
26941,325
26942,297
26943,333
26944,302
26945,333
26946,298
26947,302
26948,341
26949,358
26950,357
26951,360
26952,335
26953,332
26954,303
26955,333
26956,301
26957,302
26958,299
26959,330
26960,319
26961,301
26962,336
26963,357
26964,353
26965,344
26966,340
26967,355
26968,332
26969,332
26970,302
26971,331
26972,301
26973,316
26974,353
26975,356
26976,351
26977,355
26978,355
26979,332
26980,332
26981,345
26982,351
26983,303
26984,338
26985,335
26986,319
26987,346
26988,332
26989,301
26990,314
26991,359
26992,351
26993,335
26994,335
26995,332
26996,302
26997,301
26998,334
26999,348
27000,343
27001,359
27002,356
27003,360
27004,356
27005,333
27006,332
27007,333
27008,334
27009,332
27010,332
27011,343
27012,348
27013,357
27014,360
27015,358
27016,339
27017,0
27018,0
27019,509
27020,687
27021,674
27022,385
27023,339
27024,355
27025,340
27026,350
27027,358
27028,341
27029,311
27030,349
27031,346
27032,315
27033,355
27034,356
27035,359
27036,352
27037,357
27038,334
27039,346
27040,336
27041,328
27042,331
27043,303
27044,330
27045,297
27046,308
27047,305
27048,345
27049,345
27050,358
27051,351
27052,351
27053,331
27054,333
27055,297
27056,299
27057,317
27058,324
27059,324
27060,297
27061,327
27062,359
27063,333
27064,324
27065,337
27066,298
27067,300
27068,332
27069,296
27070,301
27071,337
27072,356
27073,355
27074,355
27075,355
27076,351
27077,351
27078,347
27079,343
27080,326
27081,313
27082,314
27083,311
27084,343
27085,358
27086,352
27087,351
27088,352
27089,359
27090,334
27091,345
27092,322
27093,303
27094,329
27095,298
27096,316
27097,359
27098,358
27099,357
27100,358
27101,351
27102,337
27103,333
27104,339
27105,328
27106,301
27107,319
27108,348
27109,341
27110,355
27111,359
27112,360
27113,336
27114,331
27115,333
27116,300
27117,332
27118,335
27119,355
27120,304
27121,296
27122,300
27123,297
27124,332
27125,310
27126,360
27127,350
27128,329
27129,325
27130,303
27131,331
27132,307
27133,336
27134,345
27135,330
27136,346
27137,346
27138,345
27139,358
27140,353
27141,311
27142,332
27143,357
27144,338
27145,333
27146,300
27147,332
27148,351
27149,344
27150,339
27151,332
27152,340
27153,300
27154,333
27155,299
27156,301
27157,312
27158,356
27159,357
27160,335
27161,342
27162,351
27163,351
27164,349
27165,342
27166,327
27167,331
27168,338
27169,318
27170,340
27171,354
27172,352
27173,340
27174,355
27175,359
27176,333
27177,335
27178,332
27179,310
27180,333
27181,332
27182,330
27183,354
27184,354
27185,342
27186,358
27187,329
27188,333
27189,330
27190,304
27191,332
27192,312
27193,0
27194,0
27195,494
27196,684
27197,672
27198,397
27199,352
27200,352
27201,333
27202,332
27203,312
27204,337
27205,357
27206,356
27207,358
27208,328
27209,347
27210,329
27211,360
27212,336
27213,332
27214,331
27215,335
27216,305
27217,332
27218,333
27219,339
27220,353
27221,352
27222,360
27223,357
27224,357
27225,353
27226,336
27227,329
27228,300
27229,309
27230,351
27231,332
27232,302
27233,326
27234,333
27235,358
27236,347
27237,353
27238,348
27239,317
27240,332
27241,299
27242,345
27243,346
27244,339
27245,334
27246,331
27247,316
27248,356
27249,330
27250,350
27251,353
27252,300
27253,332
27254,310
27255,328
27256,345
27257,348
27258,354
27259,325
27260,340
27261,350
27262,343
27263,353
27264,328
27265,352
27266,326
27267,331
27268,302
27269,343
27270,346
27271,347
27272,358
27273,352
27274,357
27275,333
27276,351
27277,330
27278,302
27279,307
27280,329
27281,294
27282,224
27283,131
27284,128
27285,129
27286,139
27287,178
27288,130
27289,137
27290,354
27291,342
27292,360
27293,355
27294,344
27295,352
27296,347
27297,358
27298,333
27299,334
27300,350
27301,359
27302,354
27303,349
27304,356
27305,306
27306,303
27307,336
27308,318
27309,316
27310,300
27311,306
27312,336
27313,350
27314,351
27315,347
27316,334
27317,336
27318,331
27319,313
27320,322
27321,327
27322,337
27323,302
27324,316
27325,346
27326,357
27327,350
27328,357
27329,345
27330,351
27331,317
27332,334
27333,354
27334,314
27335,342
27336,325
27337,341
27338,360
27339,353
27340,358
27341,357
27342,358
27343,352
27344,325
27345,312
27346,306
27347,331
27348,335
27349,327
27350,359
27351,358
27352,355
27353,356
27354,350
27355,338
27356,313
27357,359
27358,352
27359,341
27360,313
27361,317
27362,312
27363,326
27364,300
27365,328
27366,336
27367,353
27368,327
27369,353
27370,355
27371,346
27372,334
27373,333
27374,299
27375,315
27376,306
27377,320
27378,298
27379,331
27380,345
27381,339
27382,342
27383,352
27384,348
27385,357
27386,352
27387,333
27388,335
27389,353
27390,360
27391,355
27392,346
27393,331
27394,326
27395,344
27396,353
27397,345
27398,348
27399,349
27400,314
27401,357
27402,338
27403,301
27404,314
27405,350
27406,355
27407,354
27408,360
27409,355
27410,348
27411,327
27412,353
27413,360
27414,333
27415,297
27416,334
27417,331
27418,347
27419,332
27420,326
27421,355
27422,266
27423,0
27424,0
27425,532
27426,673
27427,679
27428,427
27429,336
27430,341
27431,356
27432,354
27433,353
27434,324
27435,334
27436,346
27437,348
27438,326
27439,348
27440,347
27441,336
27442,335
27443,330
27444,332
27445,357
27446,358
27447,337
27448,330
27449,334
27450,333
27451,325
27452,304
27453,352
27454,339
27455,348
27456,349
27457,355
27458,357
27459,335
27460,337
27461,315
27462,337
27463,324
27464,325
27465,301
27466,314
27467,356
27468,347
27469,352
27470,359
27471,338
27472,330
27473,352
27474,347
27475,334
27476,356
27477,322
27478,354
27479,312
27480,331
27481,315
27482,358
27483,361
27484,355
27485,327
27486,332
27487,299
27488,329
27489,346
27490,332
27491,309
27492,356
27493,300
27494,328
27495,354
27496,355
27497,345
27498,344
27499,358
27500,354
27501,352
27502,315
27503,345
27504,350
27505,322
27506,321
27507,357
27508,352
27509,352
27510,360
27511,341
27512,359
27513,311
27514,341
27515,334
27516,334
27517,354
27518,338
27519,330
27520,326
27521,326
27522,354
27523,352
27524,353
27525,349
27526,357
27527,335
27528,328
27529,342
27530,308
27531,327
27532,339
27533,299
27534,334
27535,355
27536,358
27537,359
27538,354
27539,349
27540,335
27541,333
27542,334
27543,359
27544,329
27545,298
27546,316
27547,346
27548,313
27549,336
27550,358
27551,338
27552,354
27553,353
27554,338
27555,352
27556,338
27557,353
27558,345
27559,300
27560,291
27561,318
27562,338
27563,356
27564,356
27565,341
27566,341
27567,331
27568,334
27569,333
27570,314
27571,348
27572,303
27573,354
27574,331
27575,355
27576,358
27577,359
27578,357
27579,339
27580,328
27581,308
27582,332
27583,333
27584,323
27585,350
27586,344
27587,336
27588,357
27589,360
27590,338
27591,349
27592,351
27593,338
27594,328
27595,322
27596,314
27597,360
27598,359
27599,358
27600,353
27601,347
27602,347
27603,333
27604,333
27605,336
27606,326
27607,360
27608,356
27609,352
27610,360
27611,357
27612,353
27613,354
27614,341
27615,323
27616,353
27617,333
27618,343
27619,350
27620,358
27621,358
27622,353
27623,349
27624,322
27625,338
27626,300
27627,300
27628,317
27629,274
27630,0
27631,0
27632,588
27633,688
27634,673
27635,357
27636,344
27637,321
27638,302
27639,301
27640,319
27641,347
27642,353
27643,357
27644,340
27645,348
27646,348
27647,332
27648,326
27649,340
27650,338
27651,351
27652,353
27653,346
27654,340
27655,357
27656,347
27657,336
27658,334
27659,332
27660,300
27661,325
27662,339
27663,312
27664,333
27665,300
27666,345
27667,348
27668,355
27669,355
27670,343
27671,359
27672,328
27673,307
27674,301
27675,332
27676,352
27677,344
27678,321
27679,352
27680,350
27681,348
27682,359
27683,337
27684,333
27685,320
27686,313
27687,300
27688,331
27689,332
27690,330
27691,300
27692,301
27693,345
27694,337
27695,354
27696,347
27697,333
27698,321
27699,327
27700,336
27701,133
27702,0
27703,217
27704,690
27705,689
27706,500
27707,356
27708,347
27709,343
27710,351
27711,348
27712,348
27713,321
27714,337
27715,332
27716,349
27717,354
27718,355
27719,353
27720,344
27721,357
27722,356
27723,342
27724,349
27725,333
27726,333
27727,353
27728,346
27729,299
27730,337
27731,357
27732,336
27733,338
27734,359
27735,359
27736,356
27737,354
27738,353
27739,349
27740,304
27741,327
27742,337
27743,330
27744,315
27745,344
27746,348
27747,341
27748,356
27749,357
27750,341
27751,352
27752,345
27753,338
27754,330
27755,333
27756,311
27757,340
27758,344
27759,301
27760,311
27761,357
27762,359
27763,341
27764,356
27765,331
27766,332
27767,330
27768,300
27769,331
27770,333
27771,331
27772,296
27773,338
27774,348
27775,337
27776,302
27777,314
27778,348
27779,347
27780,339
27781,355
27782,296
27783,320
27784,359
27785,353
27786,333
27787,358
27788,340
27789,311
27790,354
27791,334
27792,339
27793,340
27794,316
27795,338
27796,336
27797,353
27798,350
27799,347
27800,346
27801,358
27802,337
27803,319
27804,347
27805,342
27806,345
27807,293
27808,214
27809,351
27810,344
27811,347
27812,352
27813,355
27814,341
27815,334
27816,332
27817,314
27818,316
27819,342
27820,360
27821,359
27822,358
27823,357
27824,353
27825,349
27826,358
27827,356
27828,344
27829,357
27830,357
27831,354
27832,346
27833,358
27834,349
27835,349
27836,312
27837,325
27838,308
27839,349
27840,319
27841,358
27842,359
27843,357
27844,336
27845,359
27846,356
27847,344
27848,351
27849,342
27850,300
27851,331
27852,333
27853,342
27854,353
27855,355
27856,355
27857,350
27858,352
27859,336
27860,302
27861,335
27862,333
27863,341
27864,337
27865,318
27866,353
27867,344
27868,354
27869,328
27870,357
27871,349
27872,350
27873,334
27874,331
27875,323
27876,350
27877,345
27878,347
27879,357
27880,356
27881,353
27882,355
27883,354
27884,304
27885,301
27886,300
27887,299
27888,297
27889,302
27890,345
27891,345
27892,353
27893,354
27894,358
27895,345
27896,356
27897,323
27898,341
27899,345
27900,333
27901,330
27902,335
27903,332
27904,334
27905,323
27906,357
27907,331
27908,306
27909,320
27910,316
27911,329
27912,306
27913,299
27914,329
27915,298
27916,320
27917,342
27918,354
27919,357
27920,353
27921,349
27922,341
27923,301
27924,297
27925,330
27926,323
27927,356
27928,344
27929,312
27930,355
27931,341
27932,360
27933,339
27934,305
27935,338
27936,358
27937,302
27938,308
27939,349
27940,318
27941,297
27942,328
27943,303
27944,325
27945,353
27946,341
27947,359
27948,336
27949,327
27950,302
27951,333
27952,332
27953,334
27954,335
27955,330
27956,334
27957,359
27958,332
27959,333
27960,314
27961,358
27962,341
27963,331
27964,334
27965,326
27966,341
27967,300
27968,300
27969,311
27970,326
27971,359
27972,354
27973,346
27974,349
27975,350
27976,322
27977,311
27978,331
27979,306
27980,345
27981,352
27982,360
27983,349
27984,359
27985,359
27986,347
27987,352
27988,337
27989,338
27990,354
27991,355
27992,356
27993,359
27994,359
27995,350
27996,337
27997,358
27998,357
27999,343
28000,351
28001,324
28002,349
28003,358
28004,356
28005,348
28006,354
28007,361
28008,334
28009,333
28010,334
28011,306
28012,325
28013,302
28014,344
28015,360
28016,352
28017,353
28018,348
28019,358
28020,353
28021,334
28022,300
28023,324
28024,349
28025,348
28026,314
28027,346
28028,351
28029,353
28030,352
28031,348
28032,350
28033,326
28034,322
28035,351
28036,354
28037,350
28038,328
28039,330
28040,298
28041,315
28042,338
28043,353
28044,347
28045,353
28046,360
28047,303
28048,331
28049,306
28050,334
28051,333
28052,333
28053,333
28054,300
28055,325
28056,360
28057,359
28058,329
28059,345
28060,343
28061,312
28062,332
28063,305
28064,335
28065,332
28066,333
28067,318
28068,356
28069,319
28070,341
28071,344
28072,353
28073,343
28074,334
28075,334
28076,301
28077,301
28078,307
28079,326
28080,333
28081,300
28082,343
28083,356
28084,349
28085,359
28086,344
28087,331
28088,298
28089,298
28090,334
28091,348
28092,357
28093,358
28094,352
28095,353
28096,349
28097,359
28098,336
28099,330
28100,321
28101,297
28102,339
28103,349
28104,352
28105,324
28106,353
28107,337
28108,360
28109,355
28110,328
28111,333
28112,335
28113,325
28114,340
28115,355
28116,359
28117,347
28118,348
28119,338
28120,354
28121,328
28122,318
28123,345
28124,300
28125,355
28126,297
28127,332
28128,332
28129,332
28130,331
28131,343
28132,336
28133,356
28134,353
28135,311
28136,301
28137,314
28138,354
28139,304
28140,319
28141,351
28142,332
28143,340
28144,353
28145,358
28146,333
28147,319
28148,344
28149,340
28150,357
28151,301
28152,311
28153,354
28154,312
28155,341
28156,355
28157,345
28158,357
28159,354
28160,337
28161,351
28162,333
28163,343
28164,324
28165,316
28166,353
28167,321
28168,335
28169,331
28170,328
28171,360
28172,357
28173,359
28174,336
28175,358
28176,339
28177,333
28178,318
28179,318
28180,301
28181,329
28182,344
28183,343
28184,359
28185,358
28186,357
28187,352
28188,358
28189,337
28190,337
28191,355
28192,321
28193,353
28194,353
28195,339
28196,355
28197,360
28198,357
28199,343
28200,359
28201,347
28202,319
28203,329
28204,326
28205,346
28206,327
28207,303
28208,346
28209,337
28210,338
28211,353
28212,347
28213,341
28214,342
28215,352
28216,328
28217,332
28218,301
28219,301
28220,348
28221,357
28222,360
28223,338
28224,341
28225,355
28226,316
28227,333
28228,318
28229,327
28230,350
28231,341
28232,342
28233,359
28234,358
28235,357
28236,348
28237,342
28238,354
28239,352
28240,346
28241,333
28242,304
28243,331
28244,304
28245,348
28246,347
28247,360
28248,359
28249,360
28250,357
28251,343
28252,325
28253,332
28254,341
28255,348
28256,318
28257,332
28258,327
28259,323
28260,341
28261,351
28262,341
28263,355
28264,342
28265,348
28266,345
28267,300
28268,313
28269,331
28270,348
28271,352
28272,354
28273,347
28274,355
28275,354
28276,340
28277,343
28278,350
28279,330
28280,349
28281,343
28282,360
28283,343
28284,360
28285,358
28286,345
28287,358
28288,355
28289,335
28290,332
28291,337
28292,349
28293,343
28294,361
28295,345
28296,358
28297,355
28298,348
28299,345
28300,343
28301,353
28302,334
28303,332
28304,347
28305,358
28306,353
28307,347
28308,356
28309,345
28310,345
28311,350
28312,309
28313,305
28314,339
28315,318
28316,331
28317,335
28318,331
28319,342
28320,357
28321,360
28322,332
28323,360
28324,358
28325,346
28326,341
28327,331
28328,342
28329,334
28330,333
28331,327
28332,330
28333,359
28334,351
28335,342
28336,340
28337,350
28338,333
28339,299
28340,331
28341,317
28342,357
28343,360
28344,355
28345,360
28346,349
28347,356
28348,347
28349,355
28350,362
28351,338
28352,333
28353,302
28354,299
28355,298
28356,323
28357,359
28358,354
28359,350
28360,338
28361,352
28362,330
28363,352
28364,299
28365,315
28366,345
28367,338
28368,339
28369,338
28370,351
28371,333
28372,326
28373,341
28374,316
28375,346
28376,342
28377,299
28378,336
28379,332
28380,358
28381,361
28382,354
28383,359
28384,355
28385,355
28386,341
28387,351
28388,307
28389,329
28390,302
28391,324
28392,361
28393,357
28394,354
28395,358
28396,342
28397,353
28398,336
28399,342
28400,329
28401,307
28402,314
28403,329
28404,345
28405,343
28406,358
28407,342
28408,348
28409,351
28410,346
28411,316
28412,349
28413,318
28414,348
28415,303
28416,336
28417,352
28418,358
28419,339
28420,325
28421,349
28422,360
28423,356
28424,348
28425,335
28426,346
28427,322
28428,333
28429,354
28430,352
28431,341
28432,344
28433,350
28434,332
28435,320
28436,355
28437,356
28438,331
28439,332
28440,301
28441,333
28442,331
28443,317
28444,344
28445,352
28446,336
28447,339
28448,325
28449,334
28450,333
28451,334
28452,333
28453,326
28454,345
28455,362
28456,354
28457,353
28458,336
28459,301
28460,299
28461,331
28462,318
28463,344
28464,329
28465,355
28466,354
28467,359
28468,350
28469,347
28470,351
28471,342
28472,356
28473,349
28474,351
28475,302
28476,333
28477,302
28478,300
28479,297
28480,297
28481,314
28482,326
28483,351
28484,347
28485,360
28486,333
28487,335
28488,334
28489,345
28490,314
28491,332
28492,354
28493,343
28494,355
28495,353
28496,351
28497,337
28498,334
28499,332
28500,337
28501,322
28502,344
28503,351
28504,343
28505,336
28506,333
28507,356
28508,358
28509,357
28510,346
28511,353
28512,346
28513,353
28514,301
28515,305
28516,344
28517,357
28518,360
28519,341
28520,360
28521,355
28522,349
28523,321
28524,322
28525,332
28526,346
28527,322
28528,331
28529,347
28530,359
28531,353
28532,353
28533,358
28534,347
28535,325
28536,340
28537,303
28538,334
28539,333
28540,339
28541,353
28542,340
28543,307
28544,345
28545,361
28546,357
28547,360
28548,335
28549,341
28550,341
28551,318
28552,332
28553,342
28554,350
28555,317
28556,350
28557,358
28558,349
28559,358
28560,334
28561,324
28562,356
28563,343
28564,353
28565,313
28566,345
28567,344
28568,329
28569,360
28570,353
28571,356
28572,357
28573,358
28574,354
28575,357
28576,349
28577,345
28578,333
28579,332
28580,335
28581,332
28582,318
28583,337
28584,335
28585,357
28586,358
28587,333
28588,328
28589,357
28590,349
28591,335
28592,349
28593,347
28594,332
28595,354
28596,335
28597,347
28598,343
28599,359
28600,344
28601,333
28602,342
28603,357
28604,341
28605,336
28606,356
28607,351
28608,350
28609,327
28610,341
28611,317
28612,359
28613,355
28614,352
28615,343
28616,303
28617,351
28618,343
28619,355
28620,344
28621,355
28622,358
28623,355
28624,352
28625,343
28626,337
28627,350
28628,335
28629,340
28630,77
28631,0
28632,328
28633,666
28634,682
28635,449
28636,360
28637,358
28638,355
28639,358
28640,352
28641,350
28642,344
28643,355
28644,359
28645,355
28646,360
28647,354
28648,354
28649,352
28650,334
28651,305
28652,328
28653,337
28654,348
28655,353
28656,347
28657,354
28658,352
28659,355
28660,356
28661,356
28662,357
28663,353
28664,331
28665,335
28666,339
28667,359
28668,347
28669,358
28670,358
28671,356
28672,346
28673,346
28674,354
28675,356
28676,338
28677,334
28678,325
28679,319
28680,350
28681,346
28682,353
28683,354
28684,358
28685,352
28686,358
28687,355
28688,356
28689,357
28690,355
28691,354
28692,354
28693,354
28694,333
28695,360
28696,353
28697,345
28698,342
28699,346
28700,350
28701,324
28702,319
28703,345
28704,344
28705,353
28706,338
28707,341
28708,260
28709,0
28710,10
28711,693
28712,686
28713,626
28714,357
28715,355
28716,350
28717,353
28718,347
28719,346
28720,356
28721,353
28722,339
28723,309
28724,321
28725,333
28726,331
28727,332
28728,331
28729,331
28730,357
28731,353
28732,352
28733,358
28734,353
28735,342
28736,333
28737,338
28738,324
28739,345
28740,357
28741,357
28742,352
28743,354
28744,359
28745,353
28746,357
28747,347
28748,338
28749,349
28750,348
28751,330
28752,355
28753,350
28754,348
28755,358
28756,360
28757,334
28758,341
28759,340
28760,352
28761,319
28762,338
28763,332
28764,301
28765,318
28766,334
28767,359
28768,354
28769,355
28770,342
28771,336
28772,345
28773,337
28774,346
28775,313
28776,352
28777,333
28778,316
28779,353
28780,355
28781,360
28782,319
28783,332
28784,343
28785,323
28786,318
28787,351
28788,331
28789,335
28790,325
28791,342
28792,353
28793,356
28794,357
28795,346
28796,341
28797,332
28798,336
28799,357
28800,341
28801,356
28802,337
28803,332
28804,307
28805,338
28806,349
28807,358
28808,350
28809,347
28810,321
28811,335
28812,344
28813,355
28814,338
28815,332
28816,316
28817,351
28818,334
28819,357
28820,345
28821,335
28822,325
28823,330
28824,338
28825,331
28826,315
28827,299
28828,322
28829,359
28830,354
28831,349
28832,345
28833,345
28834,356
28835,349
28836,323
28837,333
28838,333
28839,334
28840,302
28841,333
28842,348
28843,355
28844,344
28845,359
28846,344
28847,332
28848,355
28849,339
28850,333
28851,333
28852,332
28853,325
28854,360
28855,358
28856,350
28857,353
28858,346
28859,351
28860,347
28861,339
28862,342
28863,354
28864,347
28865,314
28866,359
28867,360
28868,335
28869,333
28870,355
28871,345
28872,311
28873,339
28874,338
28875,353
28876,337
28877,354
28878,346
28879,353
28880,353
28881,335
28882,359
28883,337
28884,333
28885,313
28886,338
28887,350
28888,352
28889,357
28890,357
28891,353
28892,358
28893,353
28894,353
28895,333
28896,303
28897,333
28898,321
28899,313
28900,321
28901,356
28902,361
28903,352
28904,356
28905,354
28906,349
28907,344
28908,334
28909,303
28910,304
28911,349
28912,331
28913,338
28914,354
28915,359
28916,347
28917,338
28918,346
28919,301
28920,343
28921,351
28922,334
28923,342
28924,323
28925,330
28926,302
28927,302
28928,322
28929,361
28930,342
28931,348
28932,330
28933,354
28934,351
28935,353
28936,357
28937,354
28938,356
28939,356
28940,349
28941,343
28942,335
28943,355
28944,338
28945,355
28946,346
28947,334
28948,345
28949,353
28950,328
28951,352
28952,327
28953,358
28954,359
28955,353
28956,357
28957,346
28958,360
28959,336
28960,310
28961,336
28962,327
28963,348
28964,333
28965,334
28966,334
28967,337
28968,330
28969,333
28970,341
28971,323
28972,358
28973,344
28974,355
28975,356
28976,355
28977,333
28978,300
28979,317
28980,338
28981,332
28982,347
28983,333
28984,340
28985,355
28986,360
28987,356
28988,353
28989,355
28990,344
28991,352
28992,334
28993,351
28994,345
28995,356
28996,357
28997,343
28998,359
28999,356
29000,355
29001,353
29002,354
29003,352
29004,352
29005,345
29006,323
29007,359
29008,359
29009,359
29010,357
29011,356
29012,357
29013,341
29014,333
29015,346
29016,350
29017,352
29018,210
29019,265
29020,351
29021,340
29022,351
29023,350
29024,308
29025,315
29026,330
29027,305
29028,332
29029,339
29030,351
29031,356
29032,360
29033,342
29034,343
29035,348
29036,348
29037,353
29038,314
29039,340
29040,357
29041,357
29042,352
29043,346
29044,351
29045,359
29046,334
29047,342
29048,354
29049,336
29050,333
29051,336
29052,356
29053,358
29054,357
29055,357
29056,357
29057,324
29058,353
29059,344
29060,333
29061,324
29062,343
29063,336
29064,359
29065,362
29066,356
29067,353
29068,355
29069,351
29070,346
29071,355
29072,332
29073,333
29074,332
29075,320
29076,348
29077,359
29078,356
29079,358
29080,351
29081,329
29082,348
29083,321
29084,301
29085,333
29086,359
29087,338
29088,325
29089,357
29090,358
29091,357
29092,356
29093,344
29094,358
29095,335
29096,352
29097,317
29098,344
29099,355
29100,360
29101,352
29102,351
29103,358
29104,354
29105,354
29106,335
29107,350
29108,338
29109,348
29110,350
29111,348
29112,318
29113,361
29114,358
29115,358
29116,360
29117,356
29118,355
29119,332
29120,334
29121,334
29122,342
29123,355
29124,341
29125,346
29126,334
29127,358
29128,352
29129,349
29130,353
29131,357
29132,350
29133,329
29134,337
29135,304
29136,346
29137,352
29138,337
29139,346
29140,345
29141,357
29142,359
29143,343
29144,359
29145,353
29146,334
29147,334
29148,311
29149,319
29150,301
29151,332
29152,320
29153,362
29154,356
29155,346
29156,313
29157,356
29158,333
29159,344
29160,353
29161,321
29162,340
29163,356
29164,358
29165,346
29166,355
29167,348
29168,327
29169,312
29170,334
29171,346
29172,349
29173,332
29174,329
29175,355
29176,357
29177,361
29178,360
29179,355
29180,360
29181,354
29182,348
29183,335
29184,326
29185,332
29186,353
29187,314
29188,335
29189,335
29190,345
29191,357
29192,360
29193,349
29194,330
29195,343
29196,355
29197,342
29198,317
29199,302
29200,332
29201,332
29202,360
29203,358
29204,336
29205,360
29206,351
29207,348
29208,349
29209,348
29210,345
29211,332
29212,352
29213,346
29214,351
29215,358
29216,358
29217,355
29218,359
29219,340
29220,335
29221,347
29222,349
29223,312
29224,349
29225,342
29226,324
29227,342
29228,348
29229,347
29230,355
29231,355
29232,349
29233,337
29234,287
29235,341
29236,340
29237,354
29238,320
29239,353
29240,351
29241,353
29242,354
29243,349
29244,326
29245,333
29246,328
29247,332
29248,344
29249,358
29250,356
29251,357
29252,333
29253,355
29254,355
29255,355
29256,353
29257,358
29258,338
29259,356
29260,312
29261,356
29262,360
29263,354
29264,358
29265,356
29266,358
29267,351
29268,359
29269,347
29270,337
29271,358
29272,357
29273,357
29274,358
29275,349
29276,347
29277,357
29278,357
29279,350
29280,345
29281,306
29282,332
29283,353
29284,323
29285,344
29286,361
29287,352
29288,360
29289,337
29290,335
29291,339
29292,354
29293,351
29294,355
29295,356
29296,316
29297,325
29298,346
29299,349
29300,356
29301,356
29302,347
29303,350
29304,329
29305,314
29306,338
29307,354
29308,320
29309,350
29310,335
29311,304
29312,343
29313,356
29314,357
29315,341
29316,317
29317,335
29318,336
29319,337
29320,332
29321,334
29322,335
29323,332
29324,344
29325,323
29326,347
29327,357
29328,349
29329,348
29330,343
29331,348
29332,341
29333,342
29334,348
29335,331
29336,331
29337,348
29338,301
29339,309
29340,342
29341,357
29342,339
29343,326
29344,348
29345,349
29346,324
29347,330
29348,349
29349,348
29350,359
29351,349
29352,331
29353,352
29354,335
29355,348
29356,347
29357,350
29358,341
29359,347
29360,337
29361,301
29362,318
29363,333
29364,321
29365,355
29366,354
29367,344
29368,358
29369,352
29370,334
29371,355
29372,342
29373,336
29374,352
29375,350
29376,346
29377,328
29378,351
29379,340
29380,353
29381,350
29382,352
29383,337
29384,319
29385,323
29386,321
29387,355
29388,361
29389,354
29390,350
29391,346
29392,347
29393,348
29394,345
29395,320
29396,323
29397,339
29398,344
29399,336
29400,355
29401,352
29402,359
29403,354
29404,352
29405,356
29406,350
29407,351
29408,347
29409,341
29410,333
29411,332
29412,336
29413,348
29414,342
29415,347
29416,327
29417,358
29418,359
29419,354
29420,354
29421,358
29422,351
29423,355
29424,357
29425,354
29426,333
29427,350
29428,349
29429,319
29430,358
29431,351
29432,349
29433,342
29434,349
29435,355
29436,347
29437,350
29438,338
29439,333
29440,350
29441,330
29442,316
29443,348
29444,356
29445,359
29446,350
29447,353
29448,342
29449,343
29450,347
29451,333
29452,333
29453,321
29454,338
29455,344
29456,344
29457,359
29458,359
29459,350
29460,348
29461,330
29462,325
29463,357
29464,359
29465,361
29466,359
29467,358
29468,357
29469,353
29470,347
29471,354
29472,347
29473,332
29474,340
29475,360
29476,361
29477,355
29478,356
29479,359
29480,356
29481,359
29482,357
29483,346
29484,351
29485,348
29486,345
29487,351
29488,306
29489,330
29490,354
29491,361
29492,360
29493,356
29494,346
29495,354
29496,354
29497,348
29498,340
29499,341
29500,348
29501,331
29502,342
29503,346
29504,343
29505,333
29506,349
29507,360
29508,355
29509,354
29510,348
29511,342
29512,349
29513,357
29514,342
29515,334
29516,353
29517,340
29518,333
29519,351
29520,350
29521,356
29522,345
29523,353
29524,355
29525,345
29526,354
29527,355
29528,349
29529,356
29530,332
29531,330
29532,331
29533,349
29534,343
29535,354
29536,334
29537,340
29538,347
29539,325
29540,331
29541,345
29542,347
29543,340
29544,356
29545,353
29546,355
29547,351
29548,350
29549,329
29550,336
29551,349
29552,331
29553,334
29554,343
29555,347
29556,352
29557,352
29558,350
29559,354
29560,331
29561,295
29562,334
29563,347
29564,349
29565,357
29566,352
29567,359
29568,350
29569,359
29570,348
29571,341
29572,302
29573,331
29574,353
29575,338
29576,340
29577,353
29578,356
29579,355
29580,361
29581,352
29582,350
29583,352
29584,333
29585,344
29586,336
29587,358
29588,356
29589,361
29590,349
29591,357
29592,355
29593,347
29594,350
29595,335
29596,345
29597,357
29598,344
29599,348
29600,353
29601,354
29602,359
29603,353
29604,348
29605,338
29606,337
29607,351
29608,341
29609,353
29610,356
29611,361
29612,357
29613,355
29614,352
29615,358
29616,343
29617,333
29618,331
29619,312
29620,340
29621,359
29622,349
29623,349
29624,358
29625,338
29626,347
29627,349
29628,332
29629,338
29630,331
29631,344
29632,311
29633,96
29634,0
29635,154
29636,553
29637,633
29638,668
29639,467
29640,348
29641,340
29642,337
29643,348
29644,324
29645,239
29646,0
29647,0
29648,647
29649,680
29650,633
29651,327
29652,334
29653,231
29654,0
29655,0
29656,628
29657,684
29658,642
29659,363
29660,348
29661,336
29662,346
29663,216
29664,500
29665,324
29666,349
29667,337
29668,339
29669,337
29670,340
29671,344
29672,336
29673,349
29674,315
29675,334
29676,344
29677,339
29678,337
29679,336
29680,309
29681,346
29682,346
29683,341
29684,343
29685,246
29686,0
29687,0
29688,685
29689,666
29690,650
29691,351
29692,353
29693,248
29694,0
29695,0
29696,0
29697,513
29698,661
29699,677
29700,665
29701,471
29702,0
29703,0
29704,640
29705,685
29706,636
29707,343
29708,349
29709,213
29710,0
29711,0
29712,674
29713,670
29714,626
29715,328
29716,287
29717,0
29718,0
29719,531
29720,682
29721,652
29722,401
29723,175
29724,0
29725,26
29726,678
29727,674
29728,606
29729,243
29730,0
29731,7
29732,672
29733,676
29734,640
29735,349
29736,345
29737,249
29738,0
29739,0
29740,601
29741,681
29742,659
29743,352
29744,170
29745,0
29746,98
29747,689
29748,677
29749,597
29750,179
29751,0
29752,49
29753,691
29754,669
29755,587
29756,336
29757,240
29758,0
29759,0
29760,647
29761,679
29762,647
29763,319
29764,206
29765,0
29766,48
29767,686
29768,680
29769,632
29770,331
29771,348
29772,210
29773,0
29774,18
29775,689
29776,679
29777,638
29778,347
29779,37
29780,0
29781,399
29782,686
29783,669
29784,425
29785,154
29786,0
29787,116
29788,692
29789,672
29790,593
29791,346
29792,120
29793,0
29794,265
29795,665
29796,684
29797,491
29798,337
29799,361
29800,45
29801,0
29802,362
29803,682
29804,662
29805,474
29806,257
29807,0
29808,0
29809,616
29810,682
29811,633
29812,373
29813,252
29814,0
29815,0
29816,634
29817,682
29818,649
29819,379
29820,126
29821,0
29822,271
29823,671
29824,675
29825,480
29826,336
29827,344
29828,0
29829,0
29830,480
29831,682
29832,658
29833,430
29834,247
29835,0
29836,0
29837,549
29838,411
29839,445
29840,406
29841,430
29842,456
29843,425
29844,198
29845,0
29846,68
29847,691
29848,681
29849,623
29850,332
29851,351
29852,353
29853,351
29854,350
29855,350
29856,337
29857,332
29858,330
29859,354
29860,352
29861,337
29862,333
29863,351
29864,322
29865,354
29866,342
29867,353
29868,354
29869,327
29870,330
29871,352
29872,354
29873,341
29874,357
29875,333
29876,325
29877,341
29878,352
29879,353
29880,354
29881,311
29882,325
29883,349
29884,339
29885,353
29886,348
29887,348
29888,354
29889,340
29890,340
29891,325
29892,355
29893,357
29894,355
29895,346
29896,345
29897,343
29898,343
29899,351
29900,356
29901,340
29902,345
29903,325
29904,326
29905,355
29906,344
29907,358
29908,348
29909,349
29910,333
29911,343
29912,346
29913,334
29914,309
29915,352
29916,337
29917,352
29918,345
29919,355
29920,346
29921,352
29922,344
29923,347
29924,338
29925,353
29926,329
29927,328
29928,344
29929,353
29930,356
29931,360
29932,342
29933,354
29934,352
29935,324
29936,350
29937,324
29938,358
29939,348
29940,352
29941,352
29942,357
29943,341
29944,340
29945,341
29946,342
29947,331
29948,329
29949,352
29950,344
29951,343
29952,320
29953,358
29954,356
29955,357
29956,353
29957,352
29958,327
29959,353
29960,338
29961,307
29962,308
29963,348
29964,339
29965,354
29966,350
29967,349
29968,333
29969,335
29970,343
29971,350
29972,335
29973,343
29974,344
29975,319
29976,321
29977,354
29978,351
29979,343
29980,343
29981,350
29982,333
29983,345
29984,335
29985,345
29986,350
29987,318
29988,338
29989,341
29990,358
29991,351
29992,355
29993,352
29994,338
29995,337
29996,332
29997,338
29998,323
29999,303
30000,328
30001,329
30002,348
30003,352
30004,352
30005,351
30006,340
30007,334
30008,339
30009,308
30010,348
30011,346
30012,334
30013,339
30014,354
30015,347
30016,348
30017,356
30018,355
30019,355
30020,314
30021,331
30022,340
30023,345
30024,303
30025,305
30026,342
30027,352
30028,355
30029,353
30030,351
30031,333
30032,339
30033,352
30034,346
30035,348
30036,328
30037,351
30038,329
30039,350
30040,327
30041,355
30042,353
30043,360
30044,332
30045,350
30046,345
30047,343
30048,344
30049,347
30050,338
30051,345
30052,361
30053,351
30054,345
30055,332
30056,334
30057,332
30058,315
30059,345
30060,342
30061,352
30062,348
30063,353
30064,347
30065,360
30066,348
30067,339
30068,342
30069,339
30070,343
30071,337
30072,330
30073,360
30074,344
30075,340
30076,353
30077,352
30078,344
30079,343
30080,343
30081,355
30082,340
30083,329
30084,323
30085,355
30086,357
30087,339
30088,347
30089,357
30090,349
30091,334
30092,350
30093,350
30094,346
30095,335
30096,335
30097,311
30098,342
30099,357
30100,340
30101,358
30102,345
30103,171
