c[?7l[2J[0mSeaBIOS (version 1.16.3-debian-1.16.3-2)


iPXE (https://ipxe.org) 00:02.0 C000 PCI2.10 PnP PMM+BEFCAD50+BEF0AD50 C000
Press Ctrl-B to configure iPXE (PCI 00:02.0)...                                                                               


Booting from ROM..c[?7l[2J[    0.000000] Linux version 6.3.0+ (@e9cd480db408) (gcc (Ubuntu 11.4.0-1ubuntu1~22.04.3) 11.4.0, GNU ld (GNU Binutils for Ubuntu) 2.38) #4 SMP PREEMPT_DYNAMIC Wed Sep 30 21:27:47 UTC 2026
[    0.000000] Command line: console=ttyS0 panic=1 net.ifnames=0 biosdevname=0 clearcpuid=smap,smep mitigations=off mds=off -- 192.168.150.128 52:54:00:12:34:56 ukl try2-c4-recover recover
[    0.000000] Clearing CPUID bits: smap smep
[    0.000000] x86/fpu: Supporting XSAVE feature 0x001: 'x87 floating point registers'
[    0.000000] x86/fpu: Supporting XSAVE feature 0x002: 'SSE registers'
[    0.000000] x86/fpu: Supporting XSAVE feature 0x004: 'AVX registers'
[    0.000000] x86/fpu: Supporting XSAVE feature 0x200: 'Protection Keys User registers'
[    0.000000] x86/fpu: xstate_offset[2]:  576, xstate_sizes[2]:  256
[    0.000000] x86/fpu: xstate_offset[9]:  832, xstate_sizes[9]:    8
[    0.000000] x86/fpu: Enabled xstate features 0x207, context size is 840 bytes, using 'compacted' format.
[    0.000000] signal: max sigframe size: 3632
[    0.000000] BIOS-provided physical RAM map:
[    0.000000] BIOS-e820: [mem 0x0000000000000000-0x000000000009fbff] usable
[    0.000000] BIOS-e820: [mem 0x000000000009fc00-0x000000000009ffff] reserved
[    0.000000] BIOS-e820: [mem 0x00000000000f0000-0x00000000000fffff] reserved
[    0.000000] BIOS-e820: [mem 0x0000000000100000-0x00000000bffdffff] usable
[    0.000000] BIOS-e820: [mem 0x00000000bffe0000-0x00000000bfffffff] reserved
[    0.000000] BIOS-e820: [mem 0x00000000feffc000-0x00000000feffffff] reserved
[    0.000000] BIOS-e820: [mem 0x00000000fffc0000-0x00000000ffffffff] reserved
[    0.000000] BIOS-e820: [mem 0x0000000100000000-0x000000013fffffff] usable
[    0.000000] NX (Execute Disable) protection: active
[    0.000000] SMBIOS 3.0.0 present.
[    0.000000] DMI: QEMU Ubuntu 24.04 PC v2 (i440FX + PIIX, arch_caps fix, 1996), BIOS 1.16.3-debian-1.16.3-2 04/01/2014
[    0.000000] tsc: Fast TSC calibration using PIT
[    0.000000] tsc: Detected 2495.966 MHz processor
[    0.000118] last_pfn = 0x140000 max_arch_pfn = 0x400000000
[    0.000147] x86/PAT: Configuration [0-7]: WB  WC  UC- UC  WB  WP  UC- WT  
[    0.000180] last_pfn = 0xbffe0 max_arch_pfn = 0x400000000
[    0.001000] found SMP MP-table at [mem 0x000f5480-0x000f548f]
[    0.001000] Using GB pages for direct mapping
[    0.001000] RAMDISK: [mem 0xbf75a000-0xbffdffff]
[    0.001000] ACPI: Early table checksum verification disabled
[    0.001000] ACPI: RSDP 0x00000000000F5270 000014 (v00 BOCHS )
[    0.001000] ACPI: RSDT 0x00000000BFFE1C29 000034 (v01 BOCHS  BXPC     00000001 BXPC 00000001)
[    0.001000] ACPI: FACP 0x00000000BFFE1ADD 000074 (v01 BOCHS  BXPC     00000001 BXPC 00000001)
[    0.001000] ACPI: DSDT 0x00000000BFFE0040 001A9D (v01 BOCHS  BXPC     00000001 BXPC 00000001)
[    0.001000] ACPI: FACS 0x00000000BFFE0000 000040
[    0.001000] ACPI: APIC 0x00000000BFFE1B51 000078 (v03 BOCHS  BXPC     00000001 BXPC 00000001)
[    0.001000] ACPI: HPET 0x00000000BFFE1BC9 000038 (v01 BOCHS  BXPC     00000001 BXPC 00000001)
[    0.001000] ACPI: WAET 0x00000000BFFE1C01 000028 (v01 BOCHS  BXPC     00000001 BXPC 00000001)
[    0.001000] ACPI: Reserving FACP table memory at [mem 0xbffe1add-0xbffe1b50]
[    0.001000] ACPI: Reserving DSDT table memory at [mem 0xbffe0040-0xbffe1adc]
[    0.001000] ACPI: Reserving FACS table memory at [mem 0xbffe0000-0xbffe003f]
[    0.001000] ACPI: Reserving APIC table memory at [mem 0xbffe1b51-0xbffe1bc8]
[    0.001000] ACPI: Reserving HPET table memory at [mem 0xbffe1bc9-0xbffe1c00]
[    0.001000] ACPI: Reserving WAET table memory at [mem 0xbffe1c01-0xbffe1c28]
[    0.001000] No NUMA configuration found
[    0.001000] Faking a node at [mem 0x0000000000000000-0x000000013fffffff]
[    0.001000] NODE_DATA(0) allocated [mem 0x13fffa000-0x13fffdfff]
[    0.001000] Zone ranges:
[    0.001000]   DMA      [mem 0x0000000000001000-0x0000000000ffffff]
[    0.001000]   DMA32    [mem 0x0000000001000000-0x00000000ffffffff]
[    0.001000]   Normal   [mem 0x0000000100000000-0x000000013fffffff]
[    0.001000] Movable zone start for each node
[    0.001000] Early memory node ranges
[    0.001000]   node   0: [mem 0x0000000000001000-0x000000000009efff]
[    0.001000]   node   0: [mem 0x0000000000100000-0x00000000bffdffff]
[    0.001000]   node   0: [mem 0x0000000100000000-0x000000013fffffff]
[    0.001000] Initmem setup node 0 [mem 0x0000000000001000-0x000000013fffffff]
[    0.001000] On node 0, zone DMA: 1 pages in unavailable ranges
[    0.001000] On node 0, zone DMA: 97 pages in unavailable ranges
[    0.001000] On node 0, zone Normal: 32 pages in unavailable ranges
[    0.001000] ACPI: PM-Timer IO Port: 0x608
[    0.001000] ACPI: LAPIC_NMI (acpi_id[0xff] dfl dfl lint[0x1])
[    0.001000] IOAPIC[0]: apic_id 0, version 17, address 0xfec00000, GSI 0-23
[    0.001000] ACPI: INT_SRC_OVR (bus 0 bus_irq 0 global_irq 2 dfl dfl)
[    0.001000] ACPI: INT_SRC_OVR (bus 0 bus_irq 5 global_irq 5 high level)
[    0.001000] ACPI: INT_SRC_OVR (bus 0 bus_irq 9 global_irq 9 high level)
[    0.001000] ACPI: INT_SRC_OVR (bus 0 bus_irq 10 global_irq 10 high level)
[    0.001000] ACPI: INT_SRC_OVR (bus 0 bus_irq 11 global_irq 11 high level)
[    0.001000] ACPI: Using ACPI (MADT) for SMP configuration information
[    0.001000] ACPI: HPET id: 0x8086a201 base: 0xfed00000
[    0.001000] TSC deadline timer available
[    0.001000] smpboot: Allowing 1 CPUs, 0 hotplug CPUs
[    0.001000] PM: hibernation: Registered nosave memory: [mem 0x00000000-0x00000fff]
[    0.001000] PM: hibernation: Registered nosave memory: [mem 0x0009f000-0x0009ffff]
[    0.001000] PM: hibernation: Registered nosave memory: [mem 0x000a0000-0x000effff]
[    0.001000] PM: hibernation: Registered nosave memory: [mem 0x000f0000-0x000fffff]
[    0.001000] PM: hibernation: Registered nosave memory: [mem 0xbffe0000-0xbfffffff]
[    0.001000] PM: hibernation: Registered nosave memory: [mem 0xc0000000-0xfeffbfff]
[    0.001000] PM: hibernation: Registered nosave memory: [mem 0xfeffc000-0xfeffffff]
[    0.001000] PM: hibernation: Registered nosave memory: [mem 0xff000000-0xfffbffff]
[    0.001000] PM: hibernation: Registered nosave memory: [mem 0xfffc0000-0xffffffff]
[    0.001000] [mem 0xc0000000-0xfeffbfff] available for PCI devices
[    0.001000] clocksource: refined-jiffies: mask: 0xffffffff max_cycles: 0xffffffff, max_idle_ns: 1910969940391419 ns
[    0.001000] setup_percpu: NR_CPUS:64 nr_cpumask_bits:1 nr_cpu_ids:1 nr_node_ids:1
[    0.001000] percpu: Embedded 53 pages/cpu s185512 r0 d31576 u2097152
[    0.001000] Fallback order for Node 0: 0 
[    0.001000] Built 1 zonelists, mobility grouping on.  Total pages: 1031904
[    0.001000] Policy zone: Normal
[    0.001000] Kernel command line: console=ttyS0 panic=1 net.ifnames=0 biosdevname=0 clearcpuid=smap,smep mitigations=off mds=off -- 192.168.150.128 52:54:00:12:34:56 ukl try2-c4-recover recover
[    0.001000] Unknown kernel command line parameters "biosdevname=0", will be passed to user space.
[    0.001000] random: crng init done
[    0.001000] Dentry cache hash table entries: 524288 (order: 10, 4194304 bytes, linear)
[    0.001000] Inode-cache hash table entries: 262144 (order: 9, 2097152 bytes, linear)
[    0.001000] mem auto-init: stack:off, heap alloc:off, heap free:off
[    0.001000] software IO TLB: area num 1.
[    0.001000] Memory: 4000808K/4193784K available (22728K kernel code, 2861K rwdata, 5956K rodata, 1324K init, 2712K bss, 192720K reserved, 0K cma-reserved)
[    0.001000] SLUB: HWalign=64, Order=0-3, MinObjects=0, CPUs=1, Nodes=1
[    0.001000] Dynamic Preempt: none
[    0.001000] rcu: Preemptible hierarchical RCU implementation.
[    0.001000] rcu: 	RCU event tracing is enabled.
[    0.001000] rcu: 	RCU restricting CPUs from NR_CPUS=64 to nr_cpu_ids=1.
[    0.001000] 	Trampoline variant of Tasks RCU enabled.
[    0.001000] 	Tracing variant of Tasks RCU enabled.
[    0.001000] rcu: RCU calculated value of scheduler-enlistment delay is 100 jiffies.
[    0.001000] rcu: Adjusting geometry for rcu_fanout_leaf=16, nr_cpu_ids=1
[    0.001000] NR_IRQS: 4352, nr_irqs: 256, preallocated irqs: 16
[    0.001000] rcu: srcu_init: Setting srcu_struct sizes based on contention.
[    0.001000] Console: colour *CGA 80x25
[    0.001000] printk: console [ttyS0] enabled
[    0.001000] ACPI: Core revision 20221020
[    0.001000] clocksource: hpet: mask: 0xffffffff max_cycles: 0xffffffff, max_idle_ns: 19112604467 ns
[    0.001000] APIC: Switch to symmetric I/O mode setup
[    0.001000] ..TIMER: vector=0x30 apic1=0 pin1=2 apic2=-1 pin2=-1
[    0.001000] clocksource: tsc-early: mask: 0xffffffffffffffff max_cycles: 0x23fa56f0fad, max_idle_ns: 440795285766 ns
[    0.157845] Calibrating delay loop (skipped), value calculated using timer frequency.. 4991.93 BogoMIPS (lpj=2495966)
[    0.158843] pid_max: default: 32768 minimum: 301
[    0.159156] LSM: initializing lsm=capability,integrity,selinux
[    0.159844] SELinux:  Initializing.
[    0.160095] Mount-cache hash table entries: 8192 (order: 4, 65536 bytes, linear)
[    0.160586] Mountpoint-cache hash table entries: 8192 (order: 4, 65536 bytes, linear)
[    0.161010] Clearing SMEP for 0
[    0.161222] Clearing SMAP for 0
[    0.161434] x86/cpu: User Mode Instruction Prevention (UMIP) activated
[    0.161901] Last level iTLB entries: 4KB 0, 2MB 0, 4MB 0
[    0.162250] Last level dTLB entries: 4KB 0, 2MB 0, 4MB 0, 1GB 0
[    0.162847] Spectre V2 : User space: Vulnerable
[    0.163149] Speculative Store Bypass: Vulnerable
[    0.166527] Freeing SMP alternatives memory: 52K
[    0.166906] smpboot: CPU0: 12th Gen Intel(R) Core(TM) i5-12450H (family: 0x6, model: 0x9a, stepping: 0x3)
[    0.167579] cblist_init_generic: Setting adjustable number of callback queues.
[    0.167844] cblist_init_generic: Setting shift to 0 and lim to 1.
[    0.168269] cblist_init_generic: Setting shift to 0 and lim to 1.
[    0.168674] Performance Events: unsupported p6 CPU model 154 no PMU driver, software events only.
[    0.168867] rcu: Hierarchical SRCU implementation.
[    0.169184] rcu: 	Max phase no-delay instances is 400.
[    0.169876] smp: Bringing up secondary CPUs ...
[    0.170188] smp: Brought up 1 node, 1 CPU
[    0.170458] smpboot: Max logical packages: 1
[    0.170741] smpboot: Total of 1 processors activated (4991.93 BogoMIPS)
[    0.170981] devtmpfs: initialized
[    0.171287] clocksource: jiffies: mask: 0xffffffff max_cycles: 0xffffffff, max_idle_ns: 1911260446275000 ns
[    0.171844] futex hash table entries: 256 (order: 2, 16384 bytes, linear)
[    0.172346] PM: RTC time: 21:43:58, date: 2026-09-30
[    0.172710] NET: Registered PF_NETLINK/PF_ROUTE protocol family
[    0.172870] audit: initializing netlink subsys (disabled)
[    0.173261] thermal_sys: Registered thermal governor 'step_wise'
[    0.173261] thermal_sys: Registered thermal governor 'user_space'
[    0.173666] audit: type=2000 audit(1790804638.021:1): state=initialized audit_enabled=0 res=1
[    0.174406] cpuidle: using governor menu
[    0.174726] PCI: Using configuration type 1 for base access
[    0.219806] HugeTLB: registered 2.00 MiB page size, pre-allocated 0 pages
[    0.219843] HugeTLB: 28 KiB vmemmap can be freed for a 2.00 MiB page
[    0.220318] ACPI: Added _OSI(Module Device)
[    0.220597] ACPI: Added _OSI(Processor Device)
[    0.220843] ACPI: Added _OSI(3.0 _SCP Extensions)
[    0.221154] ACPI: Added _OSI(Processor Aggregator Device)
[    0.221691] ACPI: 1 ACPI AML tables successfully acquired and loaded
[    0.222272] ACPI: Interpreter enabled
[    0.222530] ACPI: PM: (supports S0 S3 S4 S5)
[    0.222813] ACPI: Using IOAPIC for interrupt routing
[    0.222849] PCI: Using host bridge windows from ACPI; if necessary, use "pci=nocrs" and report a bug
[    0.223448] PCI: Using E820 reservations for host bridge windows
[    0.223872] ACPI: Enabled 2 GPEs in block 00 to 0F
[    0.224808] ACPI: PCI Root Bridge [PCI0] (domain 0000 [bus 00-ff])
[    0.224846] acpi PNP0A03:00: _OSC: OS supports [ASPM ClockPM Segments MSI HPX-Type3]
[    0.225354] acpi PNP0A03:00: _OSC: not requesting OS control; OS requires [ExtendedConfig ASPM ClockPM MSI]
[    0.225847] acpi PNP0A03:00: fail to add MMCONFIG information, can't access extended configuration space under this bridge
[    0.226612] PCI host bridge to bus 0000:00
[    0.226843] pci_bus 0000:00: root bus resource [io  0x0000-0x0cf7 window]
[    0.227289] pci_bus 0000:00: root bus resource [io  0x0d00-0xffff window]
[    0.227737] pci_bus 0000:00: root bus resource [mem 0x000a0000-0x000bffff window]
[    0.227843] pci_bus 0000:00: root bus resource [mem 0xc0000000-0xfebfffff window]
[    0.228336] pci_bus 0000:00: root bus resource [mem 0x7000000000-0x707fffffff window]
[    0.228844] pci_bus 0000:00: root bus resource [bus 00-ff]
[    0.229231] pci 0000:00:00.0: [8086:1237] type 00 class 0x060000
[    0.229858] pci 0000:00:01.0: [8086:7000] type 00 class 0x060100
[    0.230563] pci 0000:00:01.1: [8086:7010] type 00 class 0x010180
[    0.231844] pci 0000:00:01.1: reg 0x20: [io  0xc020-0xc02f]
[    0.232658] pci 0000:00:01.1: legacy IDE quirk: reg 0x10: [io  0x01f0-0x01f7]
[    0.232844] pci 0000:00:01.1: legacy IDE quirk: reg 0x14: [io  0x03f6]
[    0.233271] pci 0000:00:01.1: legacy IDE quirk: reg 0x18: [io  0x0170-0x0177]
[    0.233739] pci 0000:00:01.1: legacy IDE quirk: reg 0x1c: [io  0x0376]
[    0.233930] pci 0000:00:01.3: [8086:7113] type 00 class 0x068000
[    0.234573] pci 0000:00:01.3: quirk: [io  0x0600-0x063f] claimed by PIIX4 ACPI
[    0.234848] pci 0000:00:01.3: quirk: [io  0x0700-0x070f] claimed by PIIX4 SMB
[    0.235482] pci 0000:00:02.0: [1af4:1000] type 00 class 0x020000
[    0.236395] pci 0000:00:02.0: reg 0x10: [io  0xc000-0xc01f]
[    0.237110] pci 0000:00:02.0: reg 0x14: [mem 0xfeb80000-0xfeb80fff]
[    0.238844] pci 0000:00:02.0: reg 0x20: [mem 0x7000000000-0x7000003fff 64bit pref]
[    0.240075] pci 0000:00:02.0: reg 0x30: [mem 0xfeb00000-0xfeb7ffff pref]
[    0.241151] ACPI: PCI: Interrupt link LNKA configured for IRQ 10
[    0.241594] ACPI: PCI: Interrupt link LNKB configured for IRQ 10
[    0.241880] ACPI: PCI: Interrupt link LNKC configured for IRQ 11
[    0.242312] ACPI: PCI: Interrupt link LNKD configured for IRQ 11
[    0.242727] ACPI: PCI: Interrupt link LNKS configured for IRQ 9
[    0.242922] iommu: Default domain type: Translated 
[    0.243247] iommu: DMA domain TLB invalidation policy: lazy mode 
[    0.243676] SCSI subsystem initialized
[    0.243878] ACPI: bus type USB registered
[    0.244163] usbcore: registered new interface driver usbfs
[    0.244526] usbcore: registered new interface driver hub
[    0.244846] usbcore: registered new device driver usb
[    0.245184] pps_core: LinuxPPS API ver. 1 registered
[    0.245512] pps_core: Software ver. 5.3.6 - Copyright 2005-2007 Rodolfo Giometti <giometti@linux.it>
[    0.245844] PTP clock support registered
[    0.246117] EDAC MC: Ver: 3.0.0
[    0.246393] Advanced Linux Sound Architecture Driver Initialized.
[    0.246890] NetLabel: Initializing
[    0.247117] NetLabel:  domain hash size = 128
[    0.247405] NetLabel:  protocols = UNLABELED CIPSOv4 CALIPSO
[    0.247785] NetLabel:  unlabeled traffic allowed by default
[    0.247859] PCI: Using ACPI for IRQ routing
[    0.248193] vgaarb: loaded
[    0.248401] hpet0: at MMIO 0xfed00000, IRQs 2, 8, 0
[    0.248725] hpet0: 3 comparators, 64-bit 100.000000 MHz counter
[    0.253855] clocksource: Switched to clocksource tsc-early
[    0.254247] VFS: Disk quotas dquot_6.6.0
[    0.254511] VFS: Dquot-cache hash table entries: 512 (order 0, 4096 bytes)
[    0.254980] pnp: PnP ACPI init
[    0.255288] pnp: PnP ACPI: found 5 devices
[    0.260423] clocksource: acpi_pm: mask: 0xffffff max_cycles: 0xffffff, max_idle_ns: 2085701024 ns
[    0.261024] NET: Registered PF_INET protocol family
[    0.263017] IP idents hash table entries: 65536 (order: 7, 524288 bytes, linear)
[    0.263931] tcp_listen_portaddr_hash hash table entries: 2048 (order: 3, 32768 bytes, linear)
[    0.264502] Table-perturb hash table entries: 65536 (order: 6, 262144 bytes, linear)
[    0.265017] TCP established hash table entries: 32768 (order: 6, 262144 bytes, linear)
[    0.265548] TCP bind hash table entries: 32768 (order: 8, 1048576 bytes, linear)
[    0.266079] TCP: Hash tables configured (established 32768 bind 32768)
[    0.266524] UDP hash table entries: 2048 (order: 4, 65536 bytes, linear)
[    0.266973] UDP-Lite hash table entries: 2048 (order: 4, 65536 bytes, linear)
[    0.267455] NET: Registered PF_UNIX/PF_LOCAL protocol family
[    0.277289] RPC: Registered named UNIX socket transport module.
[    0.277731] RPC: Registered udp transport module.
[    0.278061] RPC: Registered tcp transport module.
[    0.278372] RPC: Registered tcp NFSv4.1 backchannel transport module.
[    0.278952] pci_bus 0000:00: resource 4 [io  0x0000-0x0cf7 window]
[    0.279361] pci_bus 0000:00: resource 5 [io  0x0d00-0xffff window]
[    0.279766] pci_bus 0000:00: resource 6 [mem 0x000a0000-0x000bffff window]
[    0.280220] pci_bus 0000:00: resource 7 [mem 0xc0000000-0xfebfffff window]
[    0.280670] pci_bus 0000:00: resource 8 [mem 0x7000000000-0x707fffffff window]
[    0.281168] pci 0000:00:01.0: PIIX3: Enabling Passive Release
[    0.281552] pci 0000:00:00.0: Limiting direct PCI/PCI transfers
[    0.281970] PCI: CLS 0 bytes, default 64
[    0.282234] PCI-DMA: Using software bounce buffering for IO (SWIOTLB)
[    0.282655] software IO TLB: mapped [mem 0x00000000bb75a000-0x00000000bf75a000] (64MB)
[    0.283227] Unpacking initramfs...
[    0.464264] RAPL PMU: API unit is 2^-32 Joules, 0 fixed counters, 10737418240 ms ovfl timer
[    0.465351] Initialise system trusted keyrings
[    0.465683] workingset: timestamp_bits=56 max_order=20 bucket_order=0
[    0.466370] NFS: Registering the id_resolver key type
[    0.466715] Key type id_resolver registered
[    0.467001] Key type id_legacy registered
[    0.471836] Key type asymmetric registered
[    0.472126] Asymmetric key parser 'x509' registered
[    0.472456] Block layer SCSI generic (bsg) driver version 0.4 loaded (major 251)
[    0.472945] io scheduler mq-deadline registered
[    0.473244] io scheduler kyber registered
[    0.473560] input: Power Button as /devices/LNXSYSTM:00/LNXPWRBN:00/input/input0
[    0.474065] ACPI: button: Power Button [PWRF]
[    0.479809] ACPI: \_SB_.LNKB: Enabled at IRQ 10
[    0.480729] Serial: 8250/16550 driver, 4 ports, IRQ sharing enabled
[    0.481222] 00:03: ttyS0 at I/O 0x3f8 (irq = 4, base_baud = 115200) is a 16550A
[    0.481834] Non-volatile memory driver v1.3
[    0.482139] Linux agpgart interface v0.103
[    0.482445] ACPI: bus type drm_connector registered
[    0.483137] loop: module loaded
[    0.483966] scsi host0: ata_piix
[    0.484218] scsi host1: ata_piix
[    0.484442] ata1: PATA max MWDMA2 cmd 0x1f0 ctl 0x3f6 bmdma 0xc020 irq 14
[    0.484902] ata2: PATA max MWDMA2 cmd 0x170 ctl 0x376 bmdma 0xc028 irq 15
[    0.486614] e100: Intel(R) PRO/100 Network Driver
[    0.486972] e100: Copyright(c) 1999-2006 Intel Corporation
[    0.487365] e1000: Intel(R) PRO/1000 Network Driver
[    0.487714] e1000: Copyright (c) 1999-2006 Intel Corporation.
[    0.488145] e1000e: Intel(R) PRO/1000 Network Driver
[    0.488498] e1000e: Copyright(c) 1999 - 2015 Intel Corporation.
[    0.488928] igb: Intel(R) Gigabit Ethernet Network Driver
[    0.489311] igb: Copyright (c) 2007-2014 Intel Corporation.
[    0.489709] ixgbe: Intel(R) 10 Gigabit PCI Express Network Driver
[    0.490149] ixgbe: Copyright (c) 1999-2016 Intel Corporation.
[    0.490573] ixgbevf: Intel(R) 10 Gigabit PCI Express Virtual Function Network Driver
[    0.491133] ixgbevf: Copyright (c) 2009 - 2018 Intel Corporation.
[    0.491572] i40e: Intel(R) Ethernet Connection XL710 Network Driver
[    0.492023] i40e: Copyright (c) 2013 - 2019 Intel Corporation.
[    0.492445] ixgb: Intel(R) PRO/10GbE Network Driver
[    0.492799] ixgb: Copyright (c) 1999-2008 Intel Corporation.
[    0.493208] sky2: driver version 1.30
[    0.493496] QLogic 1/10 GbE Converged/Intelligent Ethernet Driver v5.3.66
[    0.493985] QLogic/NetXen Network Driver v4.0.82
[    0.494317] QLogic FastLinQ 4xxxx Core Module qed
[    0.494653] qede init: QLogic FastLinQ 4xxxx Ethernet Driver qede
[    0.495100] Solarflare NET driver
[    0.495348] Solarflare Falcon driver v4.1
[    0.495642] Solarflare Siena driver
[    0.495949] usbcore: registered new interface driver usblp
[    0.496341] usbcore: registered new interface driver usb-storage
[    0.496783] i8042: PNP: PS/2 Controller [PNP0303:KBD,PNP0f13:MOU] at 0x60,0x64 irq 1,12
[    0.497817] serio: i8042 KBD port at 0x60,0x64 irq 1
[    0.498176] serio: i8042 AUX port at 0x60,0x64 irq 12
[    0.498582] rtc_cmos 00:04: RTC can wake from S4
[    0.499296] input: AT Translated Set 2 keyboard as /devices/platform/i8042/serio0/input/input1
[    0.500823] rtc_cmos 00:04: registered as rtc0
[    0.501174] rtc_cmos 00:04: alarms up to one day, y3k, 242 bytes nvram, hpet irqs
[    0.501729] device-mapper: ioctl: 4.47.0-ioctl (2022-07-28) initialised: dm-devel@redhat.com
[    0.502331] intel_pstate: CPU model not supported
[    0.502680] hid: raw HID events driver (C) Jiri Kosina
[    0.503089] usbcore: registered new interface driver usbhid
[    0.503485] usbhid: USB HID core driver
[    0.505696] Initializing XFRM netlink socket
[    0.506016] NET: Registered PF_INET6 protocol family
[    0.506445] Segment Routing with IPv6
[    0.506693] In-situ OAM (IOAM) with IPv6
[    0.506977] sit: IPv6, IPv4 and MPLS over IPv4 tunneling driver
[    0.507432] NET: Registered PF_PACKET protocol family
[    0.507776] Key type dns_resolver registered
[    0.508124] IPI shorthand broadcast: enabled
[    0.510731] sched_clock: Marking stable (359371085, 150842437)->(517823031, -7609509)
[    0.511326] registered taskstats version 1
[    0.511606] Loading compiled-in X.509 certificates
[    0.512299] PM:   Magic number: 10:188:754
[    0.512600] printk: console [netcon0] enabled
[    0.512902] netconsole: network logging started
[    0.513232] cfg80211: Loading compiled-in X.509 certificates for regulatory database
[    0.513785] cryptomgr_probe (55) used greatest stack depth: 15528 bytes left
[    0.514336] Loaded X.509 cert 'sforshee: 00b28ddf47aef9cea7'
[    0.514776] ALSA device list:
[    0.514982]   No soundcards found.
[    0.936370] Freeing initrd memory: 8728K
[    0.936723] platform regulatory.0: Direct firmware load for regulatory.db failed with error -2
[    0.937313] cfg80211: failed to load regulatory.db
[    0.937976] Freeing unused kernel image (initmem) memory: 1324K
[    0.938871] Write protecting the kernel read-only data: 30720k
[    0.939346] Freeing unused kernel image (text/rodata gap) memory: 1844K
[    0.939669] Freeing unused kernel image (rodata/data gap) memory: 192K
[    0.939972] Run /init as init process
[    0.942719] mount (57) used greatest stack depth: 13472 bytes left
[    0.946524] awk (65) used greatest stack depth: 13408 bytes left
[    0.948492] ip (68) used greatest stack depth: 13240 bytes left
[    1.283777] input: ImExPS/2 Generic Explorer Mouse as /devices/platform/i8042/serio1/input/input3
[    1.464262] tsc: Refined TSC clocksource calibration: 2496.007 MHz
[    1.466898] clocksource: tsc: mask: 0xffffffffffffffff max_cycles: 0x23fa7dcfe8c, max_idle_ns: 440795257887 ns
[    1.470780] clocksource: Switched to clocksource tsc
[    1.529355] IPv6: ADDRCONF(NETDEV_CHANGE): eth0: link becomes ready
RUN_START mode=ukl loop=recover run_id=try2-c4-recover kernel=6.3.0+ uptime=5.80
UKL-MQTT-BENCH: starting, run_id=try2-c4-recover loop=recover duration=30 sec
UKL-MQTT-BENCH: broker connected, connect_us=1483, running for 30 sec
UKL-MQTT-BENCH: WINDOW run_id=try2-c4-recover loop=recover accepted=10192597 attempts=54212004 buffer_full_returns=44019407 window_ns=30000000412 payload_bytes=641215098 payload_min=57 payload_max=64 stopped_on_error=0 stop_code=0
UKL-MQTT-BENCH: SECOND run_id=try2-c4-recover s=0 accepted=368892
UKL-MQTT-BENCH: SECOND run_id=try2-c4-recover s=1 accepted=337803
UKL-MQTT-BENCH: SECOND run_id=try2-c4-recover s=2 accepted=338075
UKL-MQTT-BENCH: SECOND run_id=try2-c4-recover s=3 accepted=333459
UKL-MQTT-BENCH: SECOND run_id=try2-c4-recover s=4 accepted=344374
UKL-MQTT-BENCH: SECOND run_id=try2-c4-recover s=5 accepted=339340
UKL-MQTT-BENCH: SECOND run_id=try2-c4-recover s=6 accepted=346110
UKL-MQTT-BENCH: SECOND run_id=try2-c4-recover s=7 accepted=345263
UKL-MQTT-BENCH: SECOND run_id=try2-c4-recover s=8 accepted=341879
UKL-MQTT-BENCH: SECOND run_id=try2-c4-recover s=9 accepted=347802
UKL-MQTT-BENCH: SECOND run_id=try2-c4-recover s=10 accepted=339871
UKL-MQTT-BENCH: SECOND run_id=try2-c4-recover s=11 accepted=335423
UKL-MQTT-BENCH: SECOND run_id=try2-c4-recover s=12 accepted=342725
UKL-MQTT-BENCH: SECOND run_id=try2-c4-recover s=13 accepted=328339
UKL-MQTT-BENCH: SECOND run_id=try2-c4-recover s=14 accepted=342063
UKL-MQTT-BENCH: SECOND run_id=try2-c4-recover s=15 accepted=332679
UKL-MQTT-BENCH: SECOND run_id=try2-c4-recover s=16 accepted=341060
UKL-MQTT-BENCH: SECOND run_id=try2-c4-recover s=17 accepted=333940
UKL-MQTT-BENCH: SECOND run_id=try2-c4-recover s=18 accepted=328339
UKL-MQTT-BENCH: SECOND run_id=try2-c4-recover s=19 accepted=333563
UKL-MQTT-BENCH: SECOND run_id=try2-c4-recover s=20 accepted=339193
UKL-MQTT-BENCH: SECOND run_id=try2-c4-recover s=21 accepted=335474
UKL-MQTT-BENCH: SECOND run_id=try2-c4-recover s=22 accepted=331683
UKL-MQTT-BENCH: SECOND run_id=try2-c4-recover s=23 accepted=339861
UKL-MQTT-BENCH: SECOND run_id=try2-c4-recover s=24 accepted=336801
UKL-MQTT-BENCH: SECOND run_id=try2-c4-recover s=25 accepted=346216
UKL-MQTT-BENCH: SECOND run_id=try2-c4-recover s=26 accepted=338815
UKL-MQTT-BENCH: SECOND run_id=try2-c4-recover s=27 accepted=335527
UKL-MQTT-BENCH: SECOND run_id=try2-c4-recover s=28 accepted=341879
UKL-MQTT-BENCH: SECOND run_id=try2-c4-recover s=29 accepted=346149
UKL-MQTT-BENCH: BUFFULL_SUMMARY run_id=try2-c4-recover periods=2448 total_us=23288608 lt10us=0 lt100us=0 lt1ms=6 lt10ms=1454 lt100ms=988 ge100ms=0 open_at_window_end=1
UKL-MQTT-BENCH: BUFFULL run_id=try2-c4-recover start_us=5631 end_us=8790 dur_us=3159
UKL-MQTT-BENCH: BUFFULL run_id=try2-c4-recover start_us=18731 end_us=20926 dur_us=2195
UKL-MQTT-BENCH: BUFFULL run_id=try2-c4-recover start_us=36407 end_us=41067 dur_us=4660
UKL-MQTT-BENCH: BUFFULL run_id=try2-c4-recover start_us=45654 end_us=56997 dur_us=11342
UKL-MQTT-BENCH: BUFFULL run_id=try2-c4-recover start_us=60406 end_us=66989 dur_us=6582
UKL-MQTT-BENCH: BUFFULL run_id=try2-c4-recover start_us=69241 end_us=79054 dur_us=9813
UKL-MQTT-BENCH: BUFFULL run_id=try2-c4-recover start_us=81894 end_us=88886 dur_us=6992
UKL-MQTT-BENCH: BUFFULL run_id=try2-c4-recover start_us=90565 end_us=98914 dur_us=8349
UKL-MQTT-BENCH: BUFFULL run_id=try2-c4-recover start_us=101162 end_us=106889 dur_us=5726
UKL-MQTT-BENCH: BUFFULL run_id=try2-c4-recover start_us=108578 end_us=119980 dur_us=11401
UKL-MQTT-BENCH: BUFFULL run_id=try2-c4-recover start_us=122833 end_us=128934 dur_us=6100
UKL-MQTT-BENCH: BUFFULL run_id=try2-c4-recover start_us=131175 end_us=141958 dur_us=10782
UKL-MQTT-BENCH: BUFFULL run_id=try2-c4-recover start_us=144805 end_us=151952 dur_us=7147
UKL-MQTT-BENCH: BUFFULL run_id=try2-c4-recover start_us=154187 end_us=168025 dur_us=13838
UKL-MQTT-BENCH: BUFFULL run_id=try2-c4-recover start_us=172040 end_us=180960 dur_us=8919
UKL-MQTT-BENCH: BUFFULL run_id=try2-c4-recover start_us=183822 end_us=190987 dur_us=7165
UKL-MQTT-BENCH: BUFFULL run_id=try2-c4-recover start_us=193224 end_us=205005 dur_us=11780
UKL-MQTT-BENCH: BUFFULL run_id=try2-c4-recover start_us=207803 end_us=214930 dur_us=7127
UKL-MQTT-BENCH: BUFFULL run_id=try2-c4-recover start_us=217128 end_us=227965 dur_us=10837
UKL-MQTT-BENCH: BUFFULL run_id=try2-c4-recover start_us=230770 end_us=238947 dur_us=8176
UKL-MQTT-BENCH: BUFFULL run_id=try2-c4-recover start_us=241145 end_us=251979 dur_us=10834
UKL-MQTT-BENCH: BUFFULL run_id=try2-c4-recover start_us=254811 end_us=264937 dur_us=10126
UKL-MQTT-BENCH: BUFFULL run_id=try2-c4-recover start_us=267754 end_us=277941 dur_us=10186
UKL-MQTT-BENCH: BUFFULL run_id=try2-c4-recover start_us=280754 end_us=289944 dur_us=9189
UKL-MQTT-BENCH: BUFFULL run_id=try2-c4-recover start_us=292159 end_us=303018 dur_us=10859
UKL-MQTT-BENCH: BUFFULL run_id=try2-c4-recover start_us=306390 end_us=313937 dur_us=7547
UKL-MQTT-BENCH: BUFFULL run_id=try2-c4-recover start_us=316159 end_us=326008 dur_us=9848
UKL-MQTT-BENCH: BUFFULL run_id=try2-c4-recover start_us=328846 end_us=336000 dur_us=7153
UKL-MQTT-BENCH: BUFFULL run_id=try2-c4-recover start_us=337643 end_us=350984 dur_us=13340
UKL-MQTT-BENCH: BUFFULL run_id=try2-c4-recover start_us=354347 end_us=360908 dur_us=6560
UKL-MQTT-BENCH: BUFFULL run_id=try2-c4-recover start_us=363107 end_us=373956 dur_us=10849
UKL-MQTT-BENCH: BUFFULL run_id=try2-c4-recover start_us=377430 end_us=385981 dur_us=8551
UKL-MQTT-BENCH: BUFFULL run_id=try2-c4-recover start_us=388193 end_us=399981 dur_us=11787
UKL-MQTT-BENCH: BUFFULL run_id=try2-c4-recover start_us=402791 end_us=411016 dur_us=8224
UKL-MQTT-BENCH: BUFFULL run_id=try2-c4-recover start_us=413821 end_us=423952 dur_us=10131
UKL-MQTT-BENCH: BUFFULL run_id=try2-c4-recover start_us=426768 end_us=435966 dur_us=9198
UKL-MQTT-BENCH: BUFFULL run_id=try2-c4-recover start_us=438754 end_us=447032 dur_us=8278
UKL-MQTT-BENCH: BUFFULL run_id=try2-c4-recover start_us=449820 end_us=459940 dur_us=10120
UKL-MQTT-BENCH: BUFFULL run_id=try2-c4-recover start_us=462139 end_us=472000 dur_us=9861
UKL-MQTT-BENCH: BUFFULL run_id=try2-c4-recover start_us=474824 end_us=483996 dur_us=9172
UKL-MQTT-BENCH: BUFFULL run_id=try2-c4-recover start_us=486811 end_us=495997 dur_us=9186
UKL-MQTT-BENCH: BUFFULL run_id=try2-c4-recover start_us=498187 end_us=505922 dur_us=7734
UKL-MQTT-BENCH: BUFFULL run_id=try2-c4-recover start_us=508722 end_us=515916 dur_us=7194
UKL-MQTT-BENCH: BUFFULL run_id=try2-c4-recover start_us=518124 end_us=523906 dur_us=5781
UKL-MQTT-BENCH: BUFFULL run_id=try2-c4-recover start_us=525554 end_us=536036 dur_us=10482
UKL-MQTT-BENCH: BUFFULL run_id=try2-c4-recover start_us=538846 end_us=545875 dur_us=7028
UKL-MQTT-BENCH: BUFFULL run_id=try2-c4-recover start_us=547520 end_us=557963 dur_us=10442
UKL-MQTT-BENCH: BUFFULL run_id=try2-c4-recover start_us=560750 end_us=567910 dur_us=7160
UKL-MQTT-BENCH: BUFFULL run_id=try2-c4-recover start_us=570111 end_us=579954 dur_us=9843
UKL-MQTT-BENCH: BUFFULL run_id=try2-c4-recover start_us=582151 end_us=588944 dur_us=6792
UKL-MQTT-BENCH: BUFFULL run_id=try2-c4-recover start_us=591147 end_us=599000 dur_us=7852
UKL-MQTT-BENCH: BUFFULL run_id=try2-c4-recover start_us=601197 end_us=606850 dur_us=5653
UKL-MQTT-BENCH: BUFFULL run_id=try2-c4-recover start_us=607906 end_us=616947 dur_us=9040
UKL-MQTT-BENCH: BUFFULL run_id=try2-c4-recover start_us=619748 end_us=622845 dur_us=3097
UKL-MQTT-BENCH: BUFFULL run_id=try2-c4-recover start_us=623919 end_us=637000 dur_us=13080
UKL-MQTT-BENCH: BUFFULL run_id=try2-c4-recover start_us=640357 end_us=645055 dur_us=4698
UKL-MQTT-BENCH: BUFFULL run_id=try2-c4-recover start_us=646700 end_us=656934 dur_us=10233
UKL-MQTT-BENCH: BUFFULL run_id=try2-c4-recover start_us=659729 end_us=664875 dur_us=5146
UKL-MQTT-BENCH: BUFFULL run_id=try2-c4-recover start_us=666550 end_us=677925 dur_us=11375
UKL-MQTT-BENCH: BUFFULL run_id=try2-c4-recover start_us=680728 end_us=689021 dur_us=8293
UKL-MQTT-BENCH: BUFFULL run_id=try2-c4-recover start_us=691228 end_us=702975 dur_us=11747
UKL-MQTT-BENCH: BUFFULL run_id=try2-c4-recover start_us=705762 end_us=713918 dur_us=8156
UKL-MQTT-BENCH: BUFFULL run_id=try2-c4-recover start_us=716716 end_us=725960 dur_us=9243
UKL-MQTT-BENCH: BUFFULL run_id=try2-c4-recover start_us=728151 end_us=737957 dur_us=9806
UKL-MQTT-BENCH: BUFFULL run_id=try2-c4-recover start_us=740783 end_us=748911 dur_us=8127
UKL-MQTT-BENCH: BUFFULL run_id=try2-c4-recover start_us=751703 end_us=760947 dur_us=9243
UKL-MQTT-BENCH: BUFFULL run_id=try2-c4-recover start_us=763738 end_us=769887 dur_us=6148
UKL-MQTT-BENCH: BUFFULL run_id=try2-c4-recover start_us=771542 end_us=783980 dur_us=12438
UKL-MQTT-BENCH: BUFFULL run_id=try2-c4-recover start_us=787339 end_us=793899 dur_us=6559
UKL-MQTT-BENCH: BUFFULL run_id=try2-c4-recover start_us=796106 end_us=808162 dur_us=12056
UKL-MQTT-BENCH: BUFFULL run_id=try2-c4-recover start_us=811064 end_us=820007 dur_us=8943
UKL-MQTT-BENCH: BUFFULL run_id=try2-c4-recover start_us=822195 end_us=832911 dur_us=10716
UKL-MQTT-BENCH: BUFFULL run_id=try2-c4-recover start_us=835712 end_us=843975 dur_us=8263
UKL-MQTT-BENCH: BUFFULL run_id=try2-c4-recover start_us=846762 end_us=853912 dur_us=7150
UKL-MQTT-BENCH: BUFFULL run_id=try2-c4-recover start_us=857284 end_us=867967 dur_us=10683
UKL-MQTT-BENCH: BUFFULL run_id=try2-c4-recover start_us=870168 end_us=879939 dur_us=9771
UKL-MQTT-BENCH: BUFFULL run_id=try2-c4-recover start_us=882738 end_us=890945 dur_us=8206
UKL-MQTT-BENCH: BUFFULL run_id=try2-c4-recover start_us=893776 end_us=900864 dur_us=7088
UKL-MQTT-BENCH: BUFFULL run_id=try2-c4-recover start_us=902504 end_us=911954 dur_us=9449
UKL-MQTT-BENCH: BUFFULL run_id=try2-c4-recover start_us=914766 end_us=922902 dur_us=8136
UKL-MQTT-BENCH: BUFFULL run_id=try2-c4-recover start_us=925098 end_us=934938 dur_us=9839
UKL-MQTT-BENCH: BUFFULL run_id=try2-c4-recover start_us=937744 end_us=944890 dur_us=7146
UKL-MQTT-BENCH: BUFFULL run_id=try2-c4-recover start_us=947110 end_us=956973 dur_us=9863
UKL-MQTT-BENCH: BUFFULL run_id=try2-c4-recover start_us=959781 end_us=968981 dur_us=9199
UKL-MQTT-BENCH: BUFFULL run_id=try2-c4-recover start_us=971178 end_us=980905 dur_us=9726
UKL-MQTT-BENCH: BUFFULL run_id=try2-c4-recover start_us=983714 end_us=990890 dur_us=7176
UKL-MQTT-BENCH: BUFFULL run_id=try2-c4-recover start_us=993790 end_us=1003991 dur_us=10200
UKL-MQTT-BENCH: BUFFULL run_id=try2-c4-recover start_us=1006180 end_us=1015019 dur_us=8838
UKL-MQTT-BENCH: BUFFULL run_id=try2-c4-recover start_us=1017216 end_us=1025997 dur_us=8781
UKL-MQTT-BENCH: BUFFULL run_id=try2-c4-recover start_us=1028227 end_us=1034904 dur_us=6676
UKL-MQTT-BENCH: BUFFULL run_id=try2-c4-recover start_us=1036539 end_us=1038832 dur_us=2293
UKL-MQTT-BENCH: BUFFULL run_id=try2-c4-recover start_us=1039891 end_us=1049952 dur_us=10061
UKL-MQTT-BENCH: BUFFULL run_id=try2-c4-recover start_us=1052738 end_us=1059891 dur_us=7153
UKL-MQTT-BENCH: BUFFULL run_id=try2-c4-recover start_us=1062081 end_us=1071983 dur_us=9901
UKL-MQTT-BENCH: BUFFULL run_id=try2-c4-recover start_us=1074189 end_us=1082913 dur_us=8723
UKL-MQTT-BENCH: BUFFULL run_id=try2-c4-recover start_us=1085699 end_us=1094985 dur_us=9286
UKL-MQTT-BENCH: BUFFULL run_id=try2-c4-recover start_us=1097783 end_us=1105971 dur_us=8187
UKL-MQTT-BENCH: BUFFULL run_id=try2-c4-recover start_us=1108170 end_us=1117910 dur_us=9739
UKL-MQTT-BENCH: BUFFULL run_id=try2-c4-recover start_us=1120742 end_us=1127895 dur_us=7152
UKL-MQTT-BENCH: BUFFULL run_id=try2-c4-recover start_us=1130088 end_us=1135890 dur_us=5802
UKL-MQTT-BENCH: BUFFULL run_id=try2-c4-recover start_us=1137543 end_us=1148971 dur_us=11428
UKL-MQTT-BENCH: BUFFULL run_id=try2-c4-recover start_us=1151773 end_us=1159988 dur_us=8214
UKL-MQTT-BENCH: BUFFULL run_id=try2-c4-recover start_us=1162186 end_us=1172981 dur_us=10794
UKL-MQTT-BENCH: BUFFULL run_id=try2-c4-recover start_us=1176347 end_us=1183965 dur_us=7617
UKL-MQTT-BENCH: BUFFULL run_id=try2-c4-recover start_us=1186175 end_us=1196927 dur_us=10751
UKL-MQTT-BENCH: BUFFULL run_id=try2-c4-recover start_us=1199767 end_us=1208945 dur_us=9177
UKL-MQTT-BENCH: BUFFULL run_id=try2-c4-recover start_us=1211145 end_us=1221952 dur_us=10807
UKL-MQTT-BENCH: BUFFULL run_id=try2-c4-recover start_us=1225330 end_us=1233925 dur_us=8594
UKL-MQTT-BENCH: BUFFULL run_id=try2-c4-recover start_us=1236158 end_us=1245909 dur_us=9750
UKL-MQTT-BENCH: BUFFULL run_id=try2-c4-recover start_us=1248738 end_us=1257976 dur_us=9237
UKL-MQTT-BENCH: BUFFULL run_id=try2-c4-recover start_us=1260778 end_us=1268918 dur_us=8139
UKL-MQTT-BENCH: BUFFULL run_id=try2-c4-recover start_us=1271115 end_us=1280948 dur_us=9833
UKL-MQTT-BENCH: BUFFULL run_id=try2-c4-recover start_us=1283761 end_us=1288853 dur_us=5092
UKL-MQTT-BENCH: BUFFULL run_id=try2-c4-recover start_us=1290489 end_us=1300942 dur_us=10452
UKL-MQTT-BENCH: BUFFULL run_id=try2-c4-recover start_us=1303770 end_us=1311905 dur_us=8135
UKL-MQTT-BENCH: BUFFULL run_id=try2-c4-recover start_us=1314100 end_us=1324971 dur_us=10870
UKL-MQTT-BENCH: BUFFULL run_id=try2-c4-recover start_us=1327826 end_us=1335928 dur_us=8102
UKL-MQTT-BENCH: BUFFULL run_id=try2-c4-recover start_us=1338127 end_us=1347929 dur_us=9801
UKL-MQTT-BENCH: BUFFULL run_id=try2-c4-recover start_us=1350742 end_us=1360072 dur_us=9329
UKL-MQTT-BENCH: BUFFULL run_id=try2-c4-recover start_us=1362855 end_us=1373932 dur_us=11076
UKL-MQTT-BENCH: BUFFULL run_id=try2-c4-recover start_us=1376716 end_us=1384976 dur_us=8260
UKL-MQTT-BENCH: BUFFULL run_id=try2-c4-recover start_us=1387170 end_us=1397939 dur_us=10769
UKL-MQTT-BENCH: BUFFULL run_id=try2-c4-recover start_us=1400742 end_us=1408940 dur_us=8197
UKL-MQTT-BENCH: BUFFULL run_id=try2-c4-recover start_us=1411742 end_us=1421978 dur_us=10236
UKL-MQTT-BENCH: BUFFULL run_id=try2-c4-recover start_us=1424788 end_us=1432597 dur_us=7808
UKL-MQTT-BENCH: BUFFULL run_id=try2-c4-recover start_us=1434802 end_us=1444956 dur_us=10154
UKL-MQTT-BENCH: BUFFULL run_id=try2-c4-recover start_us=1447755 end_us=1457944 dur_us=10189
UKL-MQTT-BENCH: BUFFULL run_id=try2-c4-recover start_us=1460735 end_us=1469946 dur_us=9211
UKL-MQTT-BENCH: BUFFULL run_id=try2-c4-recover start_us=1472164 end_us=1482967 dur_us=10802
UKL-MQTT-BENCH: BUFFULL run_id=try2-c4-recover start_us=1485773 end_us=1493902 dur_us=8129
UKL-MQTT-BENCH: BUFFULL run_id=try2-c4-recover start_us=1496714 end_us=1505934 dur_us=9219
UKL-MQTT-BENCH: BUFFULL run_id=try2-c4-recover start_us=1508729 end_us=1518019 dur_us=9289
UKL-MQTT-BENCH: BUFFULL run_id=try2-c4-recover start_us=1520832 end_us=1531950 dur_us=11117
UKL-MQTT-BENCH: BUFFULL run_id=try2-c4-recover start_us=1534743 end_us=1544008 dur_us=9265
UKL-MQTT-BENCH: BUFFULL run_id=try2-c4-recover start_us=1546834 end_us=1555998 dur_us=9163
UKL-MQTT-BENCH: BUFFULL run_id=try2-c4-recover start_us=1558257 end_us=1568987 dur_us=10730
UKL-MQTT-BENCH: BUFFULL run_id=try2-c4-recover start_us=1572354 end_us=1580912 dur_us=8558
UKL-MQTT-BENCH: BUFFULL run_id=try2-c4-recover start_us=1583126 end_us=1592366 dur_us=9240
UKL-MQTT-BENCH: BUFFULL run_id=try2-c4-recover start_us=1595181 end_us=1604957 dur_us=9775
UKL-MQTT-BENCH: BUFFULL run_id=try2-c4-recover start_us=1607771 end_us=1616949 dur_us=9178
UKL-MQTT-BENCH: BUFFULL run_id=try2-c4-recover start_us=1619780 end_us=1628946 dur_us=9165
UKL-MQTT-BENCH: BUFFULL run_id=try2-c4-recover start_us=1631156 end_us=1641968 dur_us=10812
UKL-MQTT-BENCH: BUFFULL run_id=try2-c4-recover start_us=1644781 end_us=1653904 dur_us=9123
UKL-MQTT-BENCH: BUFFULL run_id=try2-c4-recover start_us=1656701 end_us=1665931 dur_us=9230
UKL-MQTT-BENCH: BUFFULL run_id=try2-c4-recover start_us=1668736 end_us=1680944 dur_us=12207
UKL-MQTT-BENCH: BUFFULL run_id=try2-c4-recover start_us=1684308 end_us=1692953 dur_us=8645
UKL-MQTT-BENCH: BUFFULL run_id=try2-c4-recover start_us=1695772 end_us=1712164 dur_us=16392
UKL-MQTT-BENCH: BUFFULL run_id=try2-c4-recover start_us=1718997 end_us=1724304 dur_us=5306
UKL-MQTT-BENCH: BUFFULL run_id=try2-c4-recover start_us=1727136 end_us=1742036 dur_us=14900
UKL-MQTT-BENCH: BUFFULL run_id=try2-c4-recover start_us=1746028 end_us=1753905 dur_us=7877
UKL-MQTT-BENCH: BUFFULL run_id=try2-c4-recover start_us=1756126 end_us=1766954 dur_us=10827
UKL-MQTT-BENCH: BUFFULL run_id=try2-c4-recover start_us=1769759 end_us=1775915 dur_us=6156
UKL-MQTT-BENCH: BUFFULL run_id=try2-c4-recover start_us=1777558 end_us=1786882 dur_us=9323
UKL-MQTT-BENCH: BUFFULL run_id=try2-c4-recover start_us=1789667 end_us=1799927 dur_us=10260
UKL-MQTT-BENCH: BUFFULL run_id=try2-c4-recover start_us=1802745 end_us=1810968 dur_us=8223
UKL-MQTT-BENCH: BUFFULL run_id=try2-c4-recover start_us=1813177 end_us=1819014 dur_us=5837
UKL-MQTT-BENCH: BUFFULL run_id=try2-c4-recover start_us=1820646 end_us=1829898 dur_us=9252
UKL-MQTT-BENCH: BUFFULL run_id=try2-c4-recover start_us=1832141 end_us=1840940 dur_us=8799
UKL-MQTT-BENCH: BUFFULL run_id=try2-c4-recover start_us=1843744 end_us=1850896 dur_us=7151
UKL-MQTT-BENCH: BUFFULL run_id=try2-c4-recover start_us=1852542 end_us=1860909 dur_us=8366
UKL-MQTT-BENCH: BUFFULL run_id=try2-c4-recover start_us=1863130 end_us=1871918 dur_us=8787
UKL-MQTT-BENCH: BUFFULL run_id=try2-c4-recover start_us=1874765 end_us=1882980 dur_us=8214
UKL-MQTT-BENCH: BUFFULL run_id=try2-c4-recover start_us=1885188 end_us=1894903 dur_us=9714
UKL-MQTT-BENCH: BUFFULL run_id=try2-c4-recover start_us=1897714 end_us=1907951 dur_us=10237
UKL-MQTT-BENCH: BUFFULL run_id=try2-c4-recover start_us=1910751 end_us=1917930 dur_us=7178
UKL-MQTT-BENCH: BUFFULL run_id=try2-c4-recover start_us=1920133 end_us=1932998 dur_us=12865
UKL-MQTT-BENCH: BUFFULL run_id=try2-c4-recover start_us=1936373 end_us=1943910 dur_us=7537
UKL-MQTT-BENCH: BUFFULL run_id=try2-c4-recover start_us=1946124 end_us=1956940 dur_us=10815
UKL-MQTT-BENCH: BUFFULL run_id=try2-c4-recover start_us=1959764 end_us=1974056 dur_us=14292
UKL-MQTT-BENCH: BUFFULL run_id=try2-c4-recover start_us=1978013 end_us=1986929 dur_us=8915
UKL-MQTT-BENCH: BUFFULL run_id=try2-c4-recover start_us=1989730 end_us=2000991 dur_us=11261
UKL-MQTT-BENCH: BUFFULL run_id=try2-c4-recover start_us=2003806 end_us=2007828 dur_us=4022
UKL-MQTT-BENCH: BUFFULL run_id=try2-c4-recover start_us=2009498 end_us=2022884 dur_us=13386
UKL-MQTT-BENCH: BUFFULL run_id=try2-c4-recover start_us=2026293 end_us=2032926 dur_us=6633
UKL-MQTT-BENCH: BUFFULL run_id=try2-c4-recover start_us=2035139 end_us=2047964 dur_us=12825
UKL-MQTT-BENCH: BUFFULL run_id=try2-c4-recover start_us=2051331 end_us=2062939 dur_us=11608
UKL-MQTT-BENCH: BUFFULL run_id=try2-c4-recover start_us=2066303 end_us=2075972 dur_us=9669
UKL-MQTT-BENCH: BUFFULL run_id=try2-c4-recover start_us=2078791 end_us=2087950 dur_us=9158
UKL-MQTT-BENCH: BUFFULL run_id=try2-c4-recover start_us=2090751 end_us=2103943 dur_us=13191
UKL-MQTT-BENCH: BUFFULL run_id=try2-c4-recover start_us=2107318 end_us=2114912 dur_us=7593
UKL-MQTT-BENCH: BUFFULL run_id=try2-c4-recover start_us=2117113 end_us=2126957 dur_us=9843
UKL-MQTT-BENCH: BUFFULL run_id=try2-c4-recover start_us=2129789 end_us=2136888 dur_us=7098
UKL-MQTT-BENCH: BUFFULL run_id=try2-c4-recover start_us=2139120 end_us=2149900 dur_us=10779
UKL-MQTT-BENCH: BUFFULL run_id=try2-c4-recover start_us=2152705 end_us=2159494 dur_us=6788
UKL-MQTT-BENCH: BUFFULL run_id=try2-c4-recover start_us=2161743 end_us=2172912 dur_us=11168
UKL-MQTT-BENCH: BUFFULL run_id=try2-c4-recover start_us=2175734 end_us=2182617 dur_us=6882
UKL-MQTT-BENCH: BUFFULL run_id=try2-c4-recover start_us=2184868 end_us=2194918 dur_us=10050
UKL-MQTT-BENCH: BUFFULL run_id=try2-c4-recover start_us=2197761 end_us=2210946 dur_us=13185
UKL-MQTT-BENCH: BUFFULL run_id=try2-c4-recover start_us=2214316 end_us=2222943 dur_us=8626
UKL-MQTT-BENCH: BUFFULL run_id=try2-c4-recover start_us=2225741 end_us=2238962 dur_us=13221
UKL-MQTT-BENCH: BUFFULL run_id=try2-c4-recover start_us=2242333 end_us=2250905 dur_us=8571
UKL-MQTT-BENCH: BUFFULL run_id=try2-c4-recover start_us=2253709 end_us=2263934 dur_us=10224
UKL-MQTT-BENCH: BUFFULL run_id=try2-c4-recover start_us=2266743 end_us=2273916 dur_us=7172
UKL-MQTT-BENCH: BUFFULL run_id=try2-c4-recover start_us=2276127 end_us=2288931 dur_us=12804
UKL-MQTT-BENCH: BUFFULL run_id=try2-c4-recover start_us=2292319 end_us=2298890 dur_us=6571
UKL-MQTT-BENCH: BUFFULL run_id=try2-c4-recover start_us=2301090 end_us=2311925 dur_us=10835
UKL-MQTT-BENCH: BUFFULL run_id=try2-c4-recover start_us=2314725 end_us=2324929 dur_us=10204
UKL-MQTT-BENCH: BUFFULL run_id=try2-c4-recover start_us=2327743 end_us=2337932 dur_us=10189
UKL-MQTT-BENCH: BUFFULL run_id=try2-c4-recover start_us=2340737 end_us=2350935 dur_us=10197
UKL-MQTT-BENCH: BUFFULL run_id=try2-c4-recover start_us=2353724 end_us=2360910 dur_us=7186
UKL-MQTT-BENCH: BUFFULL run_id=try2-c4-recover start_us=2363108 end_us=2373908 dur_us=10800
UKL-MQTT-BENCH: BUFFULL run_id=try2-c4-recover start_us=2376717 end_us=2385940 dur_us=9222
UKL-MQTT-BENCH: BUFFULL run_id=try2-c4-recover start_us=2388735 end_us=2401978 dur_us=13242
UKL-MQTT-BENCH: BUFFULL run_id=try2-c4-recover start_us=2405371 end_us=2416942 dur_us=11571
UKL-MQTT-BENCH: BUFFULL run_id=try2-c4-recover start_us=2420330 end_us=2429893 dur_us=9562
UKL-MQTT-BENCH: BUFFULL run_id=try2-c4-recover start_us=2432688 end_us=2444953 dur_us=12265
UKL-MQTT-BENCH: BUFFULL run_id=try2-c4-recover start_us=2448340 end_us=2458972 dur_us=10631
UKL-MQTT-BENCH: BUFFULL run_id=try2-c4-recover start_us=2461789 end_us=2470911 dur_us=9121
UKL-MQTT-BENCH: BUFFULL run_id=try2-c4-recover start_us=2473755 end_us=2482991 dur_us=9235
UKL-MQTT-BENCH: BUFFULL run_id=try2-c4-recover start_us=2485826 end_us=2493903 dur_us=8076
UKL-MQTT-BENCH: BUFFULL run_id=try2-c4-recover start_us=2496100 end_us=2506012 dur_us=9911
UKL-MQTT-BENCH: BUFFULL run_id=try2-c4-recover start_us=2508815 end_us=2518933 dur_us=10117
UKL-MQTT-BENCH: BUFFULL run_id=try2-c4-recover start_us=2521737 end_us=2531935 dur_us=10197
UKL-MQTT-BENCH: BUFFULL run_id=try2-c4-recover start_us=2534803 end_us=2541937 dur_us=7134
UKL-MQTT-BENCH: BUFFULL run_id=try2-c4-recover start_us=2544137 end_us=2551931 dur_us=7794
UKL-MQTT-BENCH: BUFFULL run_id=try2-c4-recover start_us=2554142 end_us=2563524 dur_us=9382
UKL-MQTT-BENCH: BUFFULL run_id=try2-c4-recover start_us=2565735 end_us=2573899 dur_us=8164
UKL-MQTT-BENCH: BUFFULL run_id=try2-c4-recover start_us=2576702 end_us=2589569 dur_us=12866
UKL-MQTT-BENCH: BUFFULL run_id=try2-c4-recover start_us=2592960 end_us=2604972 dur_us=12012
UKL-MQTT-BENCH: BUFFULL run_id=try2-c4-recover start_us=2608326 end_us=2617015 dur_us=8688
UKL-MQTT-BENCH: BUFFULL run_id=try2-c4-recover start_us=2619824 end_us=2632976 dur_us=13152
UKL-MQTT-BENCH: BUFFULL run_id=try2-c4-recover start_us=2636359 end_us=2646978 dur_us=10619
UKL-MQTT-BENCH: BUFFULL run_id=try2-c4-recover start_us=2649780 end_us=2657891 dur_us=8111
UKL-MQTT-BENCH: BUFFULL run_id=try2-c4-recover start_us=2660705 end_us=2670926 dur_us=10221
UKL-MQTT-BENCH: BUFFULL run_id=try2-c4-recover start_us=2673767 end_us=2678876 dur_us=5108
UKL-MQTT-BENCH: BUFFULL run_id=try2-c4-recover start_us=2680512 end_us=2690933 dur_us=10420
UKL-MQTT-BENCH: BUFFULL run_id=try2-c4-recover start_us=2693732 end_us=2706946 dur_us=13213
UKL-MQTT-BENCH: BUFFULL run_id=try2-c4-recover start_us=2710308 end_us=2719921 dur_us=9613
UKL-MQTT-BENCH: BUFFULL run_id=try2-c4-recover start_us=2722715 end_us=2732923 dur_us=10207
UKL-MQTT-BENCH: BUFFULL run_id=try2-c4-recover start_us=2735734 end_us=2747950 dur_us=12216
UKL-MQTT-BENCH: BUFFULL run_id=try2-c4-recover start_us=2751318 end_us=2760954 dur_us=9635
UKL-MQTT-BENCH: BUFFULL run_id=try2-c4-recover start_us=2763760 end_us=2776945 dur_us=13185
UKL-MQTT-BENCH: BUFFULL run_id=try2-c4-recover start_us=2780826 end_us=2790012 dur_us=9185
UKL-MQTT-BENCH: BUFFULL run_id=try2-c4-recover start_us=2792813 end_us=2806049 dur_us=13235
UKL-MQTT-BENCH: BUFFULL run_id=try2-c4-recover start_us=2809405 end_us=2818925 dur_us=9519
UKL-MQTT-BENCH: BUFFULL run_id=try2-c4-recover start_us=2821730 end_us=2832025 dur_us=10295
UKL-MQTT-BENCH: BUFFULL run_id=try2-c4-recover start_us=2834816 end_us=2838918 dur_us=4102
UKL-MQTT-BENCH: BUFFULL run_id=try2-c4-recover start_us=2840566 end_us=2852026 dur_us=11459
UKL-MQTT-BENCH: BUFFULL run_id=try2-c4-recover start_us=2854869 end_us=2862931 dur_us=8061
UKL-MQTT-BENCH: BUFFULL run_id=try2-c4-recover start_us=2865122 end_us=2869846 dur_us=4724
UKL-MQTT-BENCH: BUFFULL run_id=try2-c4-recover start_us=2871465 end_us=2880903 dur_us=9437
UKL-MQTT-BENCH: BUFFULL run_id=try2-c4-recover start_us=2883074 end_us=2887851 dur_us=4776
UKL-MQTT-BENCH: BUFFULL run_id=try2-c4-recover start_us=2889468 end_us=2898879 dur_us=9410
UKL-MQTT-BENCH: BUFFULL run_id=try2-c4-recover start_us=2901081 end_us=2911899 dur_us=10817
UKL-MQTT-BENCH: BUFFULL run_id=try2-c4-recover start_us=2914652 end_us=2920872 dur_us=6219
UKL-MQTT-BENCH: BUFFULL run_id=try2-c4-recover start_us=2923033 end_us=2931912 dur_us=8878
UKL-MQTT-BENCH: BUFFULL run_id=try2-c4-recover start_us=2934071 end_us=2946968 dur_us=12897
UKL-MQTT-BENCH: BUFFULL run_id=try2-c4-recover start_us=2950264 end_us=2961958 dur_us=11694
UKL-MQTT-BENCH: BUFFULL run_id=try2-c4-recover start_us=2965295 end_us=2975409 dur_us=10113
UKL-MQTT-BENCH: BUFFULL run_id=try2-c4-recover start_us=2978182 end_us=2985896 dur_us=7714
UKL-MQTT-BENCH: BUFFULL run_id=try2-c4-recover start_us=2988061 end_us=2995910 dur_us=7848
UKL-MQTT-BENCH: BUFFULL run_id=try2-c4-recover start_us=2998075 end_us=3010948 dur_us=12872
UKL-MQTT-BENCH: BUFFULL run_id=try2-c4-recover start_us=3014253 end_us=3023910 dur_us=9657
UKL-MQTT-BENCH: BUFFULL run_id=try2-c4-recover start_us=3026666 end_us=3036921 dur_us=10255
UKL-MQTT-BENCH: BUFFULL run_id=try2-c4-recover start_us=3039677 end_us=3048993 dur_us=9316
UKL-MQTT-BENCH: BUFFULL run_id=try2-c4-recover start_us=3051768 end_us=3064441 dur_us=12672
UKL-MQTT-BENCH: BUFFULL run_id=try2-c4-recover start_us=3067773 end_us=3074912 dur_us=7138
UKL-MQTT-BENCH: BUFFULL run_id=try2-c4-recover start_us=3077069 end_us=3084918 dur_us=7848
UKL-MQTT-BENCH: BUFFULL run_id=try2-c4-recover start_us=3087128 end_us=3096946 dur_us=9818
UKL-MQTT-BENCH: BUFFULL run_id=try2-c4-recover start_us=3099708 end_us=3108938 dur_us=9229
UKL-MQTT-BENCH: BUFFULL run_id=try2-c4-recover start_us=3111713 end_us=3123972 dur_us=12258
UKL-MQTT-BENCH: BUFFULL run_id=try2-c4-recover start_us=3127282 end_us=3135946 dur_us=8664
UKL-MQTT-BENCH: BUFFULL run_id=try2-c4-recover start_us=3138699 end_us=3145935 dur_us=7236
UKL-MQTT-BENCH: BUFFULL run_id=try2-c4-recover start_us=3148117 end_us=3160957 dur_us=12840
UKL-MQTT-BENCH: BUFFULL run_id=try2-c4-recover start_us=3164303 end_us=3170893 dur_us=6590
UKL-MQTT-BENCH: BUFFULL run_id=try2-c4-recover start_us=3173060 end_us=3182925 dur_us=9864
UKL-MQTT-BENCH: BUFFULL run_id=try2-c4-recover start_us=3185674 end_us=3195953 dur_us=10279
UKL-MQTT-BENCH: BUFFULL run_id=try2-c4-recover start_us=3198750 end_us=3207924 dur_us=9173
UKL-MQTT-BENCH: BUFFULL run_id=try2-c4-recover start_us=3210733 end_us=3220951 dur_us=10217
UKL-MQTT-BENCH: BUFFULL run_id=try2-c4-recover start_us=3223716 end_us=3230903 dur_us=7186
UKL-MQTT-BENCH: BUFFULL run_id=try2-c4-recover start_us=3233080 end_us=3242935 dur_us=9854
UKL-MQTT-BENCH: BUFFULL run_id=try2-c4-recover start_us=3245692 end_us=3255918 dur_us=10226
UKL-MQTT-BENCH: BUFFULL run_id=try2-c4-recover start_us=3258669 end_us=3267904 dur_us=9234
UKL-MQTT-BENCH: BUFFULL run_id=try2-c4-recover start_us=3270715 end_us=3280907 dur_us=10191
UKL-MQTT-BENCH: BUFFULL run_id=try2-c4-recover start_us=3283676 end_us=3295954 dur_us=12277
UKL-MQTT-BENCH: BUFFULL run_id=try2-c4-recover start_us=3299275 end_us=3308904 dur_us=9628
UKL-MQTT-BENCH: BUFFULL run_id=try2-c4-recover start_us=3311676 end_us=3324943 dur_us=13267
UKL-MQTT-BENCH: BUFFULL run_id=try2-c4-recover start_us=3328284 end_us=3338028 dur_us=9743
UKL-MQTT-BENCH: BUFFULL run_id=try2-c4-recover start_us=3340789 end_us=3352916 dur_us=12126
UKL-MQTT-BENCH: BUFFULL run_id=try2-c4-recover start_us=3356263 end_us=3364923 dur_us=8659
UKL-MQTT-BENCH: BUFFULL run_id=try2-c4-recover start_us=3367686 end_us=3371840 dur_us=4153
UKL-MQTT-BENCH: BUFFULL run_id=try2-c4-recover start_us=3373462 end_us=3386965 dur_us=13503
UKL-MQTT-BENCH: BUFFULL run_id=try2-c4-recover start_us=3390286 end_us=3398957 dur_us=8670
UKL-MQTT-BENCH: BUFFULL run_id=try2-c4-recover start_us=3401758 end_us=3414917 dur_us=13158
UKL-MQTT-BENCH: BUFFULL run_id=try2-c4-recover start_us=3418229 end_us=3426920 dur_us=8691
UKL-MQTT-BENCH: BUFFULL run_id=try2-c4-recover start_us=3429683 end_us=3436894 dur_us=7211
UKL-MQTT-BENCH: BUFFULL run_id=try2-c4-recover start_us=3439054 end_us=3446880 dur_us=7826
UKL-MQTT-BENCH: BUFFULL run_id=try2-c4-recover start_us=3449047 end_us=3457994 dur_us=8947
UKL-MQTT-BENCH: BUFFULL run_id=try2-c4-recover start_us=3460789 end_us=3468899 dur_us=8109
UKL-MQTT-BENCH: BUFFULL run_id=try2-c4-recover start_us=3471090 end_us=3483902 dur_us=12811
UKL-MQTT-BENCH: BUFFULL run_id=try2-c4-recover start_us=3487257 end_us=3496933 dur_us=9675
UKL-MQTT-BENCH: BUFFULL run_id=try2-c4-recover start_us=3499706 end_us=3508930 dur_us=9223
UKL-MQTT-BENCH: BUFFULL run_id=try2-c4-recover start_us=3511725 end_us=3526942 dur_us=15216
UKL-MQTT-BENCH: BUFFULL run_id=try2-c4-recover start_us=3530874 end_us=3538950 dur_us=8076
UKL-MQTT-BENCH: BUFFULL run_id=try2-c4-recover start_us=3541715 end_us=3551010 dur_us=9295
UKL-MQTT-BENCH: BUFFULL run_id=try2-c4-recover start_us=3553779 end_us=3562944 dur_us=9164
UKL-MQTT-BENCH: BUFFULL run_id=try2-c4-recover start_us=3565727 end_us=3574931 dur_us=9204
UKL-MQTT-BENCH: BUFFULL run_id=try2-c4-recover start_us=3577716 end_us=3586919 dur_us=9202
UKL-MQTT-BENCH: BUFFULL run_id=try2-c4-recover start_us=3589687 end_us=3596893 dur_us=7206
UKL-MQTT-BENCH: BUFFULL run_id=try2-c4-recover start_us=3599105 end_us=3609938 dur_us=10833
UKL-MQTT-BENCH: BUFFULL run_id=try2-c4-recover start_us=3612705 end_us=3624919 dur_us=12213
UKL-MQTT-BENCH: BUFFULL run_id=try2-c4-recover start_us=3628244 end_us=3636922 dur_us=8677
UKL-MQTT-BENCH: BUFFULL run_id=try2-c4-recover start_us=3639686 end_us=3649947 dur_us=10260
UKL-MQTT-BENCH: BUFFULL run_id=try2-c4-recover start_us=3652706 end_us=3663954 dur_us=11248
UKL-MQTT-BENCH: BUFFULL run_id=try2-c4-recover start_us=3667262 end_us=3676932 dur_us=9670
UKL-MQTT-BENCH: BUFFULL run_id=try2-c4-recover start_us=3679697 end_us=3686878 dur_us=7180
UKL-MQTT-BENCH: BUFFULL run_id=try2-c4-recover start_us=3689076 end_us=3698914 dur_us=9837
UKL-MQTT-BENCH: BUFFULL run_id=try2-c4-recover start_us=3701690 end_us=3708906 dur_us=7216
UKL-MQTT-BENCH: BUFFULL run_id=try2-c4-recover start_us=3711083 end_us=3723950 dur_us=12866
UKL-MQTT-BENCH: BUFFULL run_id=try2-c4-recover start_us=3727255 end_us=3736918 dur_us=9663
UKL-MQTT-BENCH: BUFFULL run_id=try2-c4-recover start_us=3739677 end_us=3748914 dur_us=9236
UKL-MQTT-BENCH: BUFFULL run_id=try2-c4-recover start_us=3751668 end_us=3761922 dur_us=10254
UKL-MQTT-BENCH: BUFFULL run_id=try2-c4-recover start_us=3764695 end_us=3771894 dur_us=7198
UKL-MQTT-BENCH: BUFFULL run_id=try2-c4-recover start_us=3774049 end_us=3783279 dur_us=9229
UKL-MQTT-BENCH: BUFFULL run_id=try2-c4-recover start_us=3786075 end_us=3795923 dur_us=9847
UKL-MQTT-BENCH: BUFFULL run_id=try2-c4-recover start_us=3798682 end_us=3810997 dur_us=12314
UKL-MQTT-BENCH: BUFFULL run_id=try2-c4-recover start_us=3814331 end_us=3826940 dur_us=12609
UKL-MQTT-BENCH: BUFFULL run_id=try2-c4-recover start_us=3830230 end_us=3839937 dur_us=9706
UKL-MQTT-BENCH: BUFFULL run_id=try2-c4-recover start_us=3842694 end_us=3855045 dur_us=12351
UKL-MQTT-BENCH: BUFFULL run_id=try2-c4-recover start_us=3858344 end_us=3869961 dur_us=11616
UKL-MQTT-BENCH: BUFFULL run_id=try2-c4-recover start_us=3872726 end_us=3881898 dur_us=9172
UKL-MQTT-BENCH: BUFFULL run_id=try2-c4-recover start_us=3884694 end_us=3893997 dur_us=9302
UKL-MQTT-BENCH: BUFFULL run_id=try2-c4-recover start_us=3896749 end_us=3904906 dur_us=8156
UKL-MQTT-BENCH: BUFFULL run_id=try2-c4-recover start_us=3907063 end_us=3916918 dur_us=9855
UKL-MQTT-BENCH: BUFFULL run_id=try2-c4-recover start_us=3919681 end_us=3929899 dur_us=10217
UKL-MQTT-BENCH: BUFFULL run_id=try2-c4-recover start_us=3932666 end_us=3942914 dur_us=10248
UKL-MQTT-BENCH: BUFFULL run_id=try2-c4-recover start_us=3945669 end_us=3954977 dur_us=9307
UKL-MQTT-BENCH: BUFFULL run_id=try2-c4-recover start_us=3957735 end_us=3970952 dur_us=13216
UKL-MQTT-BENCH: BUFFULL run_id=try2-c4-recover start_us=3974272 end_us=3983917 dur_us=9644
UKL-MQTT-BENCH: BUFFULL run_id=try2-c4-recover start_us=3986663 end_us=3999978 dur_us=13315
UKL-MQTT-BENCH: BUFFULL run_id=try2-c4-recover start_us=4003294 end_us=4013963 dur_us=10668
UKL-MQTT-BENCH: BUFFULL run_id=try2-c4-recover start_us=4016733 end_us=4028941 dur_us=12208
UKL-MQTT-BENCH: BUFFULL run_id=try2-c4-recover start_us=4032247 end_us=4040917 dur_us=8670
UKL-MQTT-BENCH: BUFFULL run_id=try2-c4-recover start_us=4043687 end_us=4048874 dur_us=5186
UKL-MQTT-BENCH: BUFFULL run_id=try2-c4-recover start_us=4050495 end_us=4063036 dur_us=12541
UKL-MQTT-BENCH: BUFFULL run_id=try2-c4-recover start_us=4066341 end_us=4075927 dur_us=9585
UKL-MQTT-BENCH: BUFFULL run_id=try2-c4-recover start_us=4078713 end_us=4091942 dur_us=13228
UKL-MQTT-BENCH: BUFFULL run_id=try2-c4-recover start_us=4095243 end_us=4104927 dur_us=9684
UKL-MQTT-BENCH: BUFFULL run_id=try2-c4-recover start_us=4107677 end_us=4117917 dur_us=10240
UKL-MQTT-BENCH: BUFFULL run_id=try2-c4-recover start_us=4120694 end_us=4131935 dur_us=11240
UKL-MQTT-BENCH: BUFFULL run_id=try2-c4-recover start_us=4134700 end_us=4144898 dur_us=10198
UKL-MQTT-BENCH: BUFFULL run_id=try2-c4-recover start_us=4147669 end_us=4157917 dur_us=10247
UKL-MQTT-BENCH: BUFFULL run_id=try2-c4-recover start_us=4160663 end_us=4171960 dur_us=11296
UKL-MQTT-BENCH: BUFFULL run_id=try2-c4-recover start_us=4175649 end_us=4186008 dur_us=10359
UKL-MQTT-BENCH: BUFFULL run_id=try2-c4-recover start_us=4188773 end_us=4199969 dur_us=11195
UKL-MQTT-BENCH: BUFFULL run_id=try2-c4-recover start_us=4203278 end_us=4213947 dur_us=10668
UKL-MQTT-BENCH: BUFFULL run_id=try2-c4-recover start_us=4217280 end_us=4221939 dur_us=4658
UKL-MQTT-BENCH: BUFFULL run_id=try2-c4-recover start_us=4223572 end_us=4234911 dur_us=11338
UKL-MQTT-BENCH: BUFFULL run_id=try2-c4-recover start_us=4237695 end_us=4245934 dur_us=8239
UKL-MQTT-BENCH: BUFFULL run_id=try2-c4-recover start_us=4248089 end_us=4256875 dur_us=8785
UKL-MQTT-BENCH: BUFFULL run_id=try2-c4-recover start_us=4259633 end_us=4268910 dur_us=9276
UKL-MQTT-BENCH: BUFFULL run_id=try2-c4-recover start_us=4271671 end_us=4276933 dur_us=5261
UKL-MQTT-BENCH: BUFFULL run_id=try2-c4-recover start_us=4278588 end_us=4290927 dur_us=12339
UKL-MQTT-BENCH: BUFFULL run_id=try2-c4-recover start_us=4294220 end_us=4305928 dur_us=11707
UKL-MQTT-BENCH: BUFFULL run_id=try2-c4-recover start_us=4309228 end_us=4315918 dur_us=6689
UKL-MQTT-BENCH: BUFFULL run_id=try2-c4-recover start_us=4318076 end_us=4330910 dur_us=12834
UKL-MQTT-BENCH: BUFFULL run_id=try2-c4-recover start_us=4334241 end_us=4342908 dur_us=8666
UKL-MQTT-BENCH: BUFFULL run_id=try2-c4-recover start_us=4345657 end_us=4355913 dur_us=10255
UKL-MQTT-BENCH: BUFFULL run_id=try2-c4-recover start_us=4358662 end_us=4367917 dur_us=9254
UKL-MQTT-BENCH: BUFFULL run_id=try2-c4-recover start_us=4370676 end_us=4382935 dur_us=12258
UKL-MQTT-BENCH: BUFFULL run_id=try2-c4-recover start_us=4386242 end_us=4392879 dur_us=6636
UKL-MQTT-BENCH: BUFFULL run_id=try2-c4-recover start_us=4395039 end_us=4404987 dur_us=9947
UKL-MQTT-BENCH: BUFFULL run_id=try2-c4-recover start_us=4407739 end_us=4419941 dur_us=12202
UKL-MQTT-BENCH: BUFFULL run_id=try2-c4-recover start_us=4423277 end_us=4432906 dur_us=9628
UKL-MQTT-BENCH: BUFFULL run_id=try2-c4-recover start_us=4435665 end_us=4444890 dur_us=9224
UKL-MQTT-BENCH: BUFFULL run_id=try2-c4-recover start_us=4447636 end_us=4457929 dur_us=10292
UKL-MQTT-BENCH: BUFFULL run_id=try2-c4-recover start_us=4460695 end_us=4469903 dur_us=9207
UKL-MQTT-BENCH: BUFFULL run_id=try2-c4-recover start_us=4472660 end_us=4486079 dur_us=13418
UKL-MQTT-BENCH: BUFFULL run_id=try2-c4-recover start_us=4489404 end_us=4497888 dur_us=8484
UKL-MQTT-BENCH: BUFFULL run_id=try2-c4-recover start_us=4500636 end_us=4507892 dur_us=7255
UKL-MQTT-BENCH: BUFFULL run_id=try2-c4-recover start_us=4510046 end_us=4517877 dur_us=7831
UKL-MQTT-BENCH: BUFFULL run_id=try2-c4-recover start_us=4520037 end_us=4529972 dur_us=9934
UKL-MQTT-BENCH: BUFFULL run_id=try2-c4-recover start_us=4532748 end_us=4541939 dur_us=9191
UKL-MQTT-BENCH: BUFFULL run_id=try2-c4-recover start_us=4544712 end_us=4553921 dur_us=9208
UKL-MQTT-BENCH: BUFFULL run_id=try2-c4-recover start_us=4556691 end_us=4566914 dur_us=10223
UKL-MQTT-BENCH: BUFFULL run_id=try2-c4-recover start_us=4569682 end_us=4578904 dur_us=9222
UKL-MQTT-BENCH: BUFFULL run_id=try2-c4-recover start_us=4581681 end_us=4591913 dur_us=10231
UKL-MQTT-BENCH: BUFFULL run_id=try2-c4-recover start_us=4594663 end_us=4603918 dur_us=9254
UKL-MQTT-BENCH: BUFFULL run_id=try2-c4-recover start_us=4606659 end_us=4618584 dur_us=11924
UKL-MQTT-BENCH: BUFFULL run_id=try2-c4-recover start_us=4621902 end_us=4628875 dur_us=6972
UKL-MQTT-BENCH: BUFFULL run_id=try2-c4-recover start_us=4631068 end_us=4638881 dur_us=7812
UKL-MQTT-BENCH: BUFFULL run_id=try2-c4-recover start_us=4641056 end_us=4650906 dur_us=9850
UKL-MQTT-BENCH: BUFFULL run_id=try2-c4-recover start_us=4653672 end_us=4662925 dur_us=9252
UKL-MQTT-BENCH: BUFFULL run_id=try2-c4-recover start_us=4665674 end_us=4677944 dur_us=12269
UKL-MQTT-BENCH: BUFFULL run_id=try2-c4-recover start_us=4681263 end_us=4690823 dur_us=9559
UKL-MQTT-BENCH: BUFFULL run_id=try2-c4-recover start_us=4693586 end_us=4700921 dur_us=7334
UKL-MQTT-BENCH: BUFFULL run_id=try2-c4-recover start_us=4703141 end_us=4715957 dur_us=12816
UKL-MQTT-BENCH: BUFFULL run_id=try2-c4-recover start_us=4719255 end_us=4725895 dur_us=6640
UKL-MQTT-BENCH: BUFFULL run_id=try2-c4-recover start_us=4728066 end_us=4735883 dur_us=7817
UKL-MQTT-BENCH: BUFFULL run_id=try2-c4-recover start_us=4738053 end_us=4750878 dur_us=12825
UKL-MQTT-BENCH: BUFFULL run_id=try2-c4-recover start_us=4754225 end_us=4763947 dur_us=9721
UKL-MQTT-BENCH: BUFFULL run_id=try2-c4-recover start_us=4766700 end_us=4774926 dur_us=8225
UKL-MQTT-BENCH: BUFFULL run_id=try2-c4-recover start_us=4777699 end_us=4791003 dur_us=13304
UKL-MQTT-BENCH: BUFFULL run_id=try2-c4-recover start_us=4794307 end_us=4802906 dur_us=8599
UKL-MQTT-BENCH: BUFFULL run_id=try2-c4-recover start_us=4805655 end_us=4816933 dur_us=11277
UKL-MQTT-BENCH: BUFFULL run_id=try2-c4-recover start_us=4820246 end_us=4821841 dur_us=1595
UKL-MQTT-BENCH: BUFFULL run_id=try2-c4-recover start_us=4822872 end_us=4832895 dur_us=10022
UKL-MQTT-BENCH: BUFFULL run_id=try2-c4-recover start_us=4835634 end_us=4846030 dur_us=10395
UKL-MQTT-BENCH: BUFFULL run_id=try2-c4-recover start_us=4848791 end_us=4857473 dur_us=8681
UKL-MQTT-BENCH: BUFFULL run_id=try2-c4-recover start_us=4860223 end_us=4872006 dur_us=11782
UKL-MQTT-BENCH: BUFFULL run_id=try2-c4-recover start_us=4875318 end_us=4881896 dur_us=6578
UKL-MQTT-BENCH: BUFFULL run_id=try2-c4-recover start_us=4884061 end_us=4893929 dur_us=9867
UKL-MQTT-BENCH: BUFFULL run_id=try2-c4-recover start_us=4896677 end_us=4908927 dur_us=12250
UKL-MQTT-BENCH: BUFFULL run_id=try2-c4-recover start_us=4912278 end_us=4921977 dur_us=9699
UKL-MQTT-BENCH: BUFFULL run_id=try2-c4-recover start_us=4924731 end_us=4935938 dur_us=11206
UKL-MQTT-BENCH: BUFFULL run_id=try2-c4-recover start_us=4939237 end_us=4947847 dur_us=8610
UKL-MQTT-BENCH: BUFFULL run_id=try2-c4-recover start_us=4951182 end_us=4955860 dur_us=4678
UKL-MQTT-BENCH: BUFFULL run_id=try2-c4-recover start_us=4957475 end_us=4968632 dur_us=11157
UKL-MQTT-BENCH: BUFFULL run_id=try2-c4-recover start_us=4971934 end_us=4976872 dur_us=4937
UKL-MQTT-BENCH: BUFFULL run_id=try2-c4-recover start_us=4978506 end_us=4991968 dur_us=13462
UKL-MQTT-BENCH: BUFFULL run_id=try2-c4-recover start_us=4995857 end_us=5004938 dur_us=9081
UKL-MQTT-BENCH: BUFFULL run_id=try2-c4-recover start_us=5007725 end_us=5019948 dur_us=12223
UKL-MQTT-BENCH: BUFFULL run_id=try2-c4-recover start_us=5023255 end_us=5035920 dur_us=12664
UKL-MQTT-BENCH: BUFFULL run_id=try2-c4-recover start_us=5039257 end_us=5048930 dur_us=9673
UKL-MQTT-BENCH: BUFFULL run_id=try2-c4-recover start_us=5051676 end_us=5061918 dur_us=10242
UKL-MQTT-BENCH: BUFFULL run_id=try2-c4-recover start_us=5064670 end_us=5077922 dur_us=13252
UKL-MQTT-BENCH: BUFFULL run_id=try2-c4-recover start_us=5081219 end_us=5090913 dur_us=9693
UKL-MQTT-BENCH: BUFFULL run_id=try2-c4-recover start_us=5093677 end_us=5103910 dur_us=10233
UKL-MQTT-BENCH: BUFFULL run_id=try2-c4-recover start_us=5106678 end_us=5116900 dur_us=10222
UKL-MQTT-BENCH: BUFFULL run_id=try2-c4-recover start_us=5119662 end_us=5126914 dur_us=7251
UKL-MQTT-BENCH: BUFFULL run_id=try2-c4-recover start_us=5129083 end_us=5139920 dur_us=10836
UKL-MQTT-BENCH: BUFFULL run_id=try2-c4-recover start_us=5142680 end_us=5152904 dur_us=10223
UKL-MQTT-BENCH: BUFFULL run_id=try2-c4-recover start_us=5155666 end_us=5162891 dur_us=7224
UKL-MQTT-BENCH: BUFFULL run_id=try2-c4-recover start_us=5165048 end_us=5175923 dur_us=10875
UKL-MQTT-BENCH: BUFFULL run_id=try2-c4-recover start_us=5178689 end_us=5187923 dur_us=9234
UKL-MQTT-BENCH: BUFFULL run_id=try2-c4-recover start_us=5190684 end_us=5203929 dur_us=13245
UKL-MQTT-BENCH: BUFFULL run_id=try2-c4-recover start_us=5207220 end_us=5215933 dur_us=8712
UKL-MQTT-BENCH: BUFFULL run_id=try2-c4-recover start_us=5218685 end_us=5225865 dur_us=7179
UKL-MQTT-BENCH: BUFFULL run_id=try2-c4-recover start_us=5228039 end_us=5242976 dur_us=14936
UKL-MQTT-BENCH: BUFFULL run_id=try2-c4-recover start_us=5246901 end_us=5255902 dur_us=9000
UKL-MQTT-BENCH: BUFFULL run_id=try2-c4-recover start_us=5258667 end_us=5270952 dur_us=12284
UKL-MQTT-BENCH: BUFFULL run_id=try2-c4-recover start_us=5274257 end_us=5281869 dur_us=7612
UKL-MQTT-BENCH: BUFFULL run_id=try2-c4-recover start_us=5284042 end_us=5290981 dur_us=6938
UKL-MQTT-BENCH: BUFFULL run_id=try2-c4-recover start_us=5293144 end_us=5301876 dur_us=8731
UKL-MQTT-BENCH: BUFFULL run_id=try2-c4-recover start_us=5304046 end_us=5312910 dur_us=8864
UKL-MQTT-BENCH: BUFFULL run_id=try2-c4-recover start_us=5315671 end_us=5323885 dur_us=8214
UKL-MQTT-BENCH: BUFFULL run_id=try2-c4-recover start_us=5326059 end_us=5339005 dur_us=12945
UKL-MQTT-BENCH: BUFFULL run_id=try2-c4-recover start_us=5342310 end_us=5351890 dur_us=9580
UKL-MQTT-BENCH: BUFFULL run_id=try2-c4-recover start_us=5354678 end_us=5364892 dur_us=10213
UKL-MQTT-BENCH: BUFFULL run_id=try2-c4-recover start_us=5367658 end_us=5380001 dur_us=12342
UKL-MQTT-BENCH: BUFFULL run_id=try2-c4-recover start_us=5383357 end_us=5392930 dur_us=9573
UKL-MQTT-BENCH: BUFFULL run_id=try2-c4-recover start_us=5395681 end_us=5407948 dur_us=12266
UKL-MQTT-BENCH: BUFFULL run_id=try2-c4-recover start_us=5411254 end_us=5421950 dur_us=10695
UKL-MQTT-BENCH: BUFFULL run_id=try2-c4-recover start_us=5424708 end_us=5435066 dur_us=10357
UKL-MQTT-BENCH: BUFFULL run_id=try2-c4-recover start_us=5438383 end_us=5446954 dur_us=8570
UKL-MQTT-BENCH: BUFFULL run_id=try2-c4-recover start_us=5449705 end_us=5453836 dur_us=4130
UKL-MQTT-BENCH: BUFFULL run_id=try2-c4-recover start_us=5455449 end_us=5467950 dur_us=12501
UKL-MQTT-BENCH: BUFFULL run_id=try2-c4-recover start_us=5471238 end_us=5480906 dur_us=9668
UKL-MQTT-BENCH: BUFFULL run_id=try2-c4-recover start_us=5483683 end_us=5495928 dur_us=12245
UKL-MQTT-BENCH: BUFFULL run_id=try2-c4-recover start_us=5499235 end_us=5508918 dur_us=9682
UKL-MQTT-BENCH: BUFFULL run_id=try2-c4-recover start_us=5511716 end_us=5518897 dur_us=7181
UKL-MQTT-BENCH: BUFFULL run_id=try2-c4-recover start_us=5521058 end_us=5527864 dur_us=6805
UKL-MQTT-BENCH: BUFFULL run_id=try2-c4-recover start_us=5530036 end_us=5539963 dur_us=9926
UKL-MQTT-BENCH: BUFFULL run_id=try2-c4-recover start_us=5542716 end_us=5549064 dur_us=6348
UKL-MQTT-BENCH: BUFFULL run_id=try2-c4-recover start_us=5551231 end_us=5563933 dur_us=12702
UKL-MQTT-BENCH: BUFFULL run_id=try2-c4-recover start_us=5567251 end_us=5576910 dur_us=9658
UKL-MQTT-BENCH: BUFFULL run_id=try2-c4-recover start_us=5579663 end_us=5580799 dur_us=1136
UKL-MQTT-BENCH: BUFFULL run_id=try2-c4-recover start_us=5581819 end_us=5594917 dur_us=13098
UKL-MQTT-BENCH: BUFFULL run_id=try2-c4-recover start_us=5597696 end_us=5608008 dur_us=10312
UKL-MQTT-BENCH: BUFFULL run_id=try2-c4-recover start_us=5610784 end_us=5620990 dur_us=10206
UKL-MQTT-BENCH: BUFFULL run_id=try2-c4-recover start_us=5624302 end_us=5630919 dur_us=6616
UKL-MQTT-BENCH: BUFFULL run_id=try2-c4-recover start_us=5632536 end_us=5638835 dur_us=6299
UKL-MQTT-BENCH: BUFFULL run_id=try2-c4-recover start_us=5641003 end_us=5649906 dur_us=8903
UKL-MQTT-BENCH: BUFFULL run_id=try2-c4-recover start_us=5652072 end_us=5658852 dur_us=6779
UKL-MQTT-BENCH: BUFFULL run_id=try2-c4-recover start_us=5661025 end_us=5665857 dur_us=4832
UKL-MQTT-BENCH: BUFFULL run_id=try2-c4-recover start_us=5667474 end_us=5678898 dur_us=11423
UKL-MQTT-BENCH: BUFFULL run_id=try2-c4-recover start_us=5681667 end_us=5688857 dur_us=7189
UKL-MQTT-BENCH: BUFFULL run_id=try2-c4-recover start_us=5691020 end_us=5698905 dur_us=7884
UKL-MQTT-BENCH: BUFFULL run_id=try2-c4-recover start_us=5701062 end_us=5710896 dur_us=9833
UKL-MQTT-BENCH: BUFFULL run_id=try2-c4-recover start_us=5713643 end_us=5725915 dur_us=12271
UKL-MQTT-BENCH: BUFFULL run_id=try2-c4-recover start_us=5729226 end_us=5738906 dur_us=9679
UKL-MQTT-BENCH: BUFFULL run_id=try2-c4-recover start_us=5741661 end_us=5753944 dur_us=12282
UKL-MQTT-BENCH: BUFFULL run_id=try2-c4-recover start_us=5757256 end_us=5766913 dur_us=9657
UKL-MQTT-BENCH: BUFFULL run_id=try2-c4-recover start_us=5769705 end_us=5778895 dur_us=9190
UKL-MQTT-BENCH: BUFFULL run_id=try2-c4-recover start_us=5781650 end_us=5788880 dur_us=7230
UKL-MQTT-BENCH: BUFFULL run_id=try2-c4-recover start_us=5791054 end_us=5798877 dur_us=7822
UKL-MQTT-BENCH: BUFFULL run_id=try2-c4-recover start_us=5801039 end_us=5809924 dur_us=8884
UKL-MQTT-BENCH: BUFFULL run_id=try2-c4-recover start_us=5812694 end_us=5820857 dur_us=8163
UKL-MQTT-BENCH: BUFFULL run_id=try2-c4-recover start_us=5823087 end_us=5832928 dur_us=9841
UKL-MQTT-BENCH: BUFFULL run_id=try2-c4-recover start_us=5835690 end_us=5844982 dur_us=9291
UKL-MQTT-BENCH: BUFFULL run_id=try2-c4-recover start_us=5847766 end_us=5857896 dur_us=10129
UKL-MQTT-BENCH: BUFFULL run_id=try2-c4-recover start_us=5860659 end_us=5869897 dur_us=9238
UKL-MQTT-BENCH: BUFFULL run_id=try2-c4-recover start_us=5872655 end_us=5884903 dur_us=12248
UKL-MQTT-BENCH: BUFFULL run_id=try2-c4-recover start_us=5888235 end_us=5898064 dur_us=9828
UKL-MQTT-BENCH: BUFFULL run_id=try2-c4-recover start_us=5900836 end_us=5912932 dur_us=12095
UKL-MQTT-BENCH: BUFFULL run_id=try2-c4-recover start_us=5916238 end_us=5924907 dur_us=8668
UKL-MQTT-BENCH: BUFFULL run_id=try2-c4-recover start_us=5927666 end_us=5931910 dur_us=4244
UKL-MQTT-BENCH: BUFFULL run_id=try2-c4-recover start_us=5933531 end_us=5943911 dur_us=10380
UKL-MQTT-BENCH: BUFFULL run_id=try2-c4-recover start_us=5946657 end_us=5955884 dur_us=9226
UKL-MQTT-BENCH: BUFFULL run_id=try2-c4-recover start_us=5958655 end_us=5971839 dur_us=13184
UKL-MQTT-BENCH: BUFFULL run_id=try2-c4-recover start_us=5975183 end_us=5984042 dur_us=8858
UKL-MQTT-BENCH: BUFFULL run_id=try2-c4-recover start_us=5986814 end_us=5996938 dur_us=10123
UKL-MQTT-BENCH: BUFFULL run_id=try2-c4-recover start_us=5999691 end_us=6011941 dur_us=12249
UKL-MQTT-BENCH: BUFFULL run_id=try2-c4-recover start_us=6015240 end_us=6025965 dur_us=10724
UKL-MQTT-BENCH: BUFFULL run_id=try2-c4-recover start_us=6028714 end_us=6038921 dur_us=10206
UKL-MQTT-BENCH: BUFFULL run_id=try2-c4-recover start_us=6042223 end_us=6050929 dur_us=8706
UKL-MQTT-BENCH: BUFFULL run_id=try2-c4-recover start_us=6053686 end_us=6060871 dur_us=7184
UKL-MQTT-BENCH: BUFFULL run_id=try2-c4-recover start_us=6063071 end_us=6069887 dur_us=6816
UKL-MQTT-BENCH: BUFFULL run_id=try2-c4-recover start_us=6072048 end_us=6081910 dur_us=9861
UKL-MQTT-BENCH: BUFFULL run_id=try2-c4-recover start_us=6084681 end_us=6093902 dur_us=9220
UKL-MQTT-BENCH: BUFFULL run_id=try2-c4-recover start_us=6096666 end_us=6103880 dur_us=7213
UKL-MQTT-BENCH: BUFFULL run_id=try2-c4-recover start_us=6106054 end_us=6113922 dur_us=7867
UKL-MQTT-BENCH: BUFFULL run_id=try2-c4-recover start_us=6116081 end_us=6125913 dur_us=9831
UKL-MQTT-BENCH: BUFFULL run_id=try2-c4-recover start_us=6128675 end_us=6140928 dur_us=12252
UKL-MQTT-BENCH: BUFFULL run_id=try2-c4-recover start_us=6144234 end_us=6153897 dur_us=9662
UKL-MQTT-BENCH: BUFFULL run_id=try2-c4-recover start_us=6156669 end_us=6162888 dur_us=6218
UKL-MQTT-BENCH: BUFFULL run_id=try2-c4-recover start_us=6165055 end_us=6177917 dur_us=12862
UKL-MQTT-BENCH: BUFFULL run_id=try2-c4-recover start_us=6181248 end_us=6187858 dur_us=6610
UKL-MQTT-BENCH: BUFFULL run_id=try2-c4-recover start_us=6190036 end_us=6199899 dur_us=9863
UKL-MQTT-BENCH: BUFFULL run_id=try2-c4-recover start_us=6202658 end_us=6211913 dur_us=9255
UKL-MQTT-BENCH: BUFFULL run_id=try2-c4-recover start_us=6214680 end_us=6223923 dur_us=9242
UKL-MQTT-BENCH: BUFFULL run_id=try2-c4-recover start_us=6226684 end_us=6236009 dur_us=9324
UKL-MQTT-BENCH: BUFFULL run_id=try2-c4-recover start_us=6238808 end_us=6245904 dur_us=7095
UKL-MQTT-BENCH: BUFFULL run_id=try2-c4-recover start_us=6248076 end_us=6257895 dur_us=9819
UKL-MQTT-BENCH: BUFFULL run_id=try2-c4-recover start_us=6260661 end_us=6269897 dur_us=9236
UKL-MQTT-BENCH: BUFFULL run_id=try2-c4-recover start_us=6272666 end_us=6284921 dur_us=12255
UKL-MQTT-BENCH: BUFFULL run_id=try2-c4-recover start_us=6288248 end_us=6299933 dur_us=11685
UKL-MQTT-BENCH: BUFFULL run_id=try2-c4-recover start_us=6303299 end_us=6311744 dur_us=8445
UKL-MQTT-BENCH: BUFFULL run_id=try2-c4-recover start_us=6314502 end_us=6326024 dur_us=11521
UKL-MQTT-BENCH: BUFFULL run_id=try2-c4-recover start_us=6329324 end_us=6339912 dur_us=10587
UKL-MQTT-BENCH: BUFFULL run_id=try2-c4-recover start_us=6342676 end_us=6350877 dur_us=8200
UKL-MQTT-BENCH: BUFFULL run_id=try2-c4-recover start_us=6353644 end_us=6362901 dur_us=9256
UKL-MQTT-BENCH: BUFFULL run_id=try2-c4-recover start_us=6365682 end_us=6372892 dur_us=7210
UKL-MQTT-BENCH: BUFFULL run_id=try2-c4-recover start_us=6375045 end_us=6384898 dur_us=9853
UKL-MQTT-BENCH: BUFFULL run_id=try2-c4-recover start_us=6387664 end_us=6396892 dur_us=9228
UKL-MQTT-BENCH: BUFFULL run_id=try2-c4-recover start_us=6399642 end_us=6405973 dur_us=6331
UKL-MQTT-BENCH: BUFFULL run_id=try2-c4-recover start_us=6408142 end_us=6420927 dur_us=12785
UKL-MQTT-BENCH: BUFFULL run_id=try2-c4-recover start_us=6424225 end_us=6432891 dur_us=8665
UKL-MQTT-BENCH: BUFFULL run_id=try2-c4-recover start_us=6435644 end_us=6444904 dur_us=9260
UKL-MQTT-BENCH: BUFFULL run_id=try2-c4-recover start_us=6447683 end_us=6456917 dur_us=9234
UKL-MQTT-BENCH: BUFFULL run_id=try2-c4-recover start_us=6459674 end_us=6471891 dur_us=12216
UKL-MQTT-BENCH: BUFFULL run_id=try2-c4-recover start_us=6475200 end_us=6484897 dur_us=9697
UKL-MQTT-BENCH: BUFFULL run_id=try2-c4-recover start_us=6487657 end_us=6494909 dur_us=7252
UKL-MQTT-BENCH: BUFFULL run_id=try2-c4-recover start_us=6497062 end_us=6511956 dur_us=14893
UKL-MQTT-BENCH: BUFFULL run_id=try2-c4-recover start_us=6515838 end_us=6521881 dur_us=6043
UKL-MQTT-BENCH: BUFFULL run_id=try2-c4-recover start_us=6524043 end_us=6531849 dur_us=7806
UKL-MQTT-BENCH: BUFFULL run_id=try2-c4-recover start_us=6534007 end_us=6543019 dur_us=9011
UKL-MQTT-BENCH: BUFFULL run_id=try2-c4-recover start_us=6545783 end_us=6555937 dur_us=10153
UKL-MQTT-BENCH: BUFFULL run_id=try2-c4-recover start_us=6558689 end_us=6570939 dur_us=12249
UKL-MQTT-BENCH: BUFFULL run_id=try2-c4-recover start_us=6575858 end_us=6585912 dur_us=10054
UKL-MQTT-BENCH: BUFFULL run_id=try2-c4-recover start_us=6588679 end_us=6600922 dur_us=12242
UKL-MQTT-BENCH: BUFFULL run_id=try2-c4-recover start_us=6604228 end_us=6609887 dur_us=5659
UKL-MQTT-BENCH: BUFFULL run_id=try2-c4-recover start_us=6612063 end_us=6624922 dur_us=12859
UKL-MQTT-BENCH: BUFFULL run_id=try2-c4-recover start_us=6628225 end_us=6636901 dur_us=8675
UKL-MQTT-BENCH: BUFFULL run_id=try2-c4-recover start_us=6639673 end_us=6648888 dur_us=9215
UKL-MQTT-BENCH: BUFFULL run_id=try2-c4-recover start_us=6651675 end_us=6660891 dur_us=9215
UKL-MQTT-BENCH: BUFFULL run_id=try2-c4-recover start_us=6663682 end_us=6674908 dur_us=11226
UKL-MQTT-BENCH: BUFFULL run_id=try2-c4-recover start_us=6678277 end_us=6687009 dur_us=8731
UKL-MQTT-BENCH: BUFFULL run_id=try2-c4-recover start_us=6689769 end_us=6698997 dur_us=9228
UKL-MQTT-BENCH: BUFFULL run_id=try2-c4-recover start_us=6701785 end_us=6710921 dur_us=9135
UKL-MQTT-BENCH: BUFFULL run_id=try2-c4-recover start_us=6713676 end_us=6720899 dur_us=7222
UKL-MQTT-BENCH: BUFFULL run_id=try2-c4-recover start_us=6723070 end_us=6732935 dur_us=9864
UKL-MQTT-BENCH: BUFFULL run_id=try2-c4-recover start_us=6735730 end_us=6744912 dur_us=9182
UKL-MQTT-BENCH: BUFFULL run_id=try2-c4-recover start_us=6747687 end_us=6756908 dur_us=9220
UKL-MQTT-BENCH: BUFFULL run_id=try2-c4-recover start_us=6759706 end_us=6766398 dur_us=6691
UKL-MQTT-BENCH: BUFFULL run_id=try2-c4-recover start_us=6768564 end_us=6776945 dur_us=8381
UKL-MQTT-BENCH: BUFFULL run_id=try2-c4-recover start_us=6779123 end_us=6788920 dur_us=9797
UKL-MQTT-BENCH: BUFFULL run_id=try2-c4-recover start_us=6791706 end_us=6800927 dur_us=9221
UKL-MQTT-BENCH: BUFFULL run_id=try2-c4-recover start_us=6803677 end_us=6812914 dur_us=9237
UKL-MQTT-BENCH: BUFFULL run_id=try2-c4-recover start_us=6815715 end_us=6821892 dur_us=6177
UKL-MQTT-BENCH: BUFFULL run_id=try2-c4-recover start_us=6824088 end_us=6831906 dur_us=7818
UKL-MQTT-BENCH: BUFFULL run_id=try2-c4-recover start_us=6834095 end_us=6843927 dur_us=9832
UKL-MQTT-BENCH: BUFFULL run_id=try2-c4-recover start_us=6846725 end_us=6858941 dur_us=12215
UKL-MQTT-BENCH: BUFFULL run_id=try2-c4-recover start_us=6862273 end_us=6870551 dur_us=8277
UKL-MQTT-BENCH: BUFFULL run_id=try2-c4-recover start_us=6873328 end_us=6880887 dur_us=7559
UKL-MQTT-BENCH: BUFFULL run_id=try2-c4-recover start_us=6883058 end_us=6895901 dur_us=12842
UKL-MQTT-BENCH: BUFFULL run_id=try2-c4-recover start_us=6899229 end_us=6907905 dur_us=8676
UKL-MQTT-BENCH: BUFFULL run_id=try2-c4-recover start_us=6910724 end_us=6920928 dur_us=10203
UKL-MQTT-BENCH: BUFFULL run_id=try2-c4-recover start_us=6923672 end_us=6937963 dur_us=14291
UKL-MQTT-BENCH: BUFFULL run_id=try2-c4-recover start_us=6941871 end_us=6949924 dur_us=8053
UKL-MQTT-BENCH: BUFFULL run_id=try2-c4-recover start_us=6952705 end_us=6961912 dur_us=9206
UKL-MQTT-BENCH: BUFFULL run_id=try2-c4-recover start_us=6964678 end_us=6974739 dur_us=10061
UKL-MQTT-BENCH: BUFFULL run_id=try2-c4-recover start_us=6977483 end_us=6983866 dur_us=6382
UKL-MQTT-BENCH: BUFFULL run_id=try2-c4-recover start_us=6986063 end_us=6993889 dur_us=7825
UKL-MQTT-BENCH: BUFFULL run_id=try2-c4-recover start_us=6996075 end_us=7005898 dur_us=9823
UKL-MQTT-BENCH: BUFFULL run_id=try2-c4-recover start_us=7008682 end_us=7019918 dur_us=11235
UKL-MQTT-BENCH: BUFFULL run_id=try2-c4-recover start_us=7023262 end_us=7032915 dur_us=9653
UKL-MQTT-BENCH: BUFFULL run_id=try2-c4-recover start_us=7035682 end_us=7041882 dur_us=6199
UKL-MQTT-BENCH: BUFFULL run_id=try2-c4-recover start_us=7044068 end_us=7056919 dur_us=12851
UKL-MQTT-BENCH: BUFFULL run_id=try2-c4-recover start_us=7060262 end_us=7066862 dur_us=6599
UKL-MQTT-BENCH: BUFFULL run_id=try2-c4-recover start_us=7069044 end_us=7078878 dur_us=9833
UKL-MQTT-BENCH: BUFFULL run_id=try2-c4-recover start_us=7081651 end_us=7091364 dur_us=9713
UKL-MQTT-BENCH: BUFFULL run_id=try2-c4-recover start_us=7094160 end_us=7103903 dur_us=9742
UKL-MQTT-BENCH: BUFFULL run_id=try2-c4-recover start_us=7106656 end_us=7116904 dur_us=10247
UKL-MQTT-BENCH: BUFFULL run_id=try2-c4-recover start_us=7119685 end_us=7126867 dur_us=7181
UKL-MQTT-BENCH: BUFFULL run_id=try2-c4-recover start_us=7129050 end_us=7138894 dur_us=9843
UKL-MQTT-BENCH: BUFFULL run_id=try2-c4-recover start_us=7141648 end_us=7150888 dur_us=9239
UKL-MQTT-BENCH: BUFFULL run_id=try2-c4-recover start_us=7153640 end_us=7165946 dur_us=12306
UKL-MQTT-BENCH: BUFFULL run_id=try2-c4-recover start_us=7169257 end_us=7180969 dur_us=11712
UKL-MQTT-BENCH: BUFFULL run_id=try2-c4-recover start_us=7184334 end_us=7192929 dur_us=8595
UKL-MQTT-BENCH: BUFFULL run_id=try2-c4-recover start_us=7195678 end_us=7207947 dur_us=12268
UKL-MQTT-BENCH: BUFFULL run_id=try2-c4-recover start_us=7211251 end_us=7220922 dur_us=9671
UKL-MQTT-BENCH: BUFFULL run_id=try2-c4-recover start_us=7223710 end_us=7231896 dur_us=8186
UKL-MQTT-BENCH: BUFFULL run_id=try2-c4-recover start_us=7234647 end_us=7243887 dur_us=9239
UKL-MQTT-BENCH: BUFFULL run_id=try2-c4-recover start_us=7246700 end_us=7253883 dur_us=7183
UKL-MQTT-BENCH: BUFFULL run_id=try2-c4-recover start_us=7256094 end_us=7265908 dur_us=9813
UKL-MQTT-BENCH: BUFFULL run_id=try2-c4-recover start_us=7268691 end_us=7277926 dur_us=9235
UKL-MQTT-BENCH: BUFFULL run_id=try2-c4-recover start_us=7280714 end_us=7289899 dur_us=9184
UKL-MQTT-BENCH: BUFFULL run_id=try2-c4-recover start_us=7292674 end_us=7299868 dur_us=7193
UKL-MQTT-BENCH: BUFFULL run_id=try2-c4-recover start_us=7302102 end_us=7308975 dur_us=6873
UKL-MQTT-BENCH: BUFFULL run_id=try2-c4-recover start_us=7311171 end_us=7320918 dur_us=9747
UKL-MQTT-BENCH: BUFFULL run_id=try2-c4-recover start_us=7323692 end_us=7330960 dur_us=7267
UKL-MQTT-BENCH: BUFFULL run_id=try2-c4-recover start_us=7333123 end_us=7345922 dur_us=12799
UKL-MQTT-BENCH: BUFFULL run_id=try2-c4-recover start_us=7349230 end_us=7357892 dur_us=8661
UKL-MQTT-BENCH: BUFFULL run_id=try2-c4-recover start_us=7360725 end_us=7370534 dur_us=9809
UKL-MQTT-BENCH: BUFFULL run_id=try2-c4-recover start_us=7373326 end_us=7382916 dur_us=9589
UKL-MQTT-BENCH: BUFFULL run_id=try2-c4-recover start_us=7385677 end_us=7395000 dur_us=9322
UKL-MQTT-BENCH: BUFFULL run_id=try2-c4-recover start_us=7397753 end_us=7407896 dur_us=10142
UKL-MQTT-BENCH: BUFFULL run_id=try2-c4-recover start_us=7410653 end_us=7419907 dur_us=9254
UKL-MQTT-BENCH: BUFFULL run_id=try2-c4-recover start_us=7422702 end_us=7431907 dur_us=9204
UKL-MQTT-BENCH: BUFFULL run_id=try2-c4-recover start_us=7434682 end_us=7446932 dur_us=12249
UKL-MQTT-BENCH: BUFFULL run_id=try2-c4-recover start_us=7450274 end_us=7456862 dur_us=6588
UKL-MQTT-BENCH: BUFFULL run_id=try2-c4-recover start_us=7459063 end_us=7465914 dur_us=6851
UKL-MQTT-BENCH: BUFFULL run_id=try2-c4-recover start_us=7468090 end_us=7477910 dur_us=9820
UKL-MQTT-BENCH: BUFFULL run_id=try2-c4-recover start_us=7480692 end_us=7489906 dur_us=9213
UKL-MQTT-BENCH: BUFFULL run_id=try2-c4-recover start_us=7492665 end_us=7504913 dur_us=12248
UKL-MQTT-BENCH: BUFFULL run_id=try2-c4-recover start_us=7508254 end_us=7516913 dur_us=8659
UKL-MQTT-BENCH: BUFFULL run_id=try2-c4-recover start_us=7519704 end_us=7526881 dur_us=7176
UKL-MQTT-BENCH: BUFFULL run_id=try2-c4-recover start_us=7529060 end_us=7541937 dur_us=12876
UKL-MQTT-BENCH: BUFFULL run_id=try2-c4-recover start_us=7545287 end_us=7550976 dur_us=5688
UKL-MQTT-BENCH: BUFFULL run_id=try2-c4-recover start_us=7553144 end_us=7563963 dur_us=10818
UKL-MQTT-BENCH: BUFFULL run_id=try2-c4-recover start_us=7566752 end_us=7575926 dur_us=9174
UKL-MQTT-BENCH: BUFFULL run_id=try2-c4-recover start_us=7578696 end_us=7587901 dur_us=9205
UKL-MQTT-BENCH: BUFFULL run_id=try2-c4-recover start_us=7590649 end_us=7600002 dur_us=9353
UKL-MQTT-BENCH: BUFFULL run_id=try2-c4-recover start_us=7602757 end_us=7609857 dur_us=7099
UKL-MQTT-BENCH: BUFFULL run_id=try2-c4-recover start_us=7612035 end_us=7622879 dur_us=10843
UKL-MQTT-BENCH: BUFFULL run_id=try2-c4-recover start_us=7625643 end_us=7634902 dur_us=9259
UKL-MQTT-BENCH: BUFFULL run_id=try2-c4-recover start_us=7637662 end_us=7650989 dur_us=13327
UKL-MQTT-BENCH: BUFFULL run_id=try2-c4-recover start_us=7654304 end_us=7664904 dur_us=10600
UKL-MQTT-BENCH: BUFFULL run_id=try2-c4-recover start_us=7668215 end_us=7679920 dur_us=11704
UKL-MQTT-BENCH: BUFFULL run_id=try2-c4-recover start_us=7683243 end_us=7689858 dur_us=6614
UKL-MQTT-BENCH: BUFFULL run_id=try2-c4-recover start_us=7692022 end_us=7701923 dur_us=9900
UKL-MQTT-BENCH: BUFFULL run_id=try2-c4-recover start_us=7704696 end_us=7713869 dur_us=9173
UKL-MQTT-BENCH: BUFFULL run_id=try2-c4-recover start_us=7716667 end_us=7728908 dur_us=12240
UKL-MQTT-BENCH: BUFFULL run_id=try2-c4-recover start_us=7732205 end_us=7738853 dur_us=6647
UKL-MQTT-BENCH: BUFFULL run_id=try2-c4-recover start_us=7741033 end_us=7750889 dur_us=9856
UKL-MQTT-BENCH: BUFFULL run_id=try2-c4-recover start_us=7753646 end_us=7764894 dur_us=11247
UKL-MQTT-BENCH: BUFFULL run_id=try2-c4-recover start_us=7768207 end_us=7777058 dur_us=8850
UKL-MQTT-BENCH: BUFFULL run_id=try2-c4-recover start_us=7779897 end_us=7791951 dur_us=12053
UKL-MQTT-BENCH: BUFFULL run_id=try2-c4-recover start_us=7795290 end_us=7804892 dur_us=9601
UKL-MQTT-BENCH: BUFFULL run_id=try2-c4-recover start_us=7807639 end_us=7817892 dur_us=10253
UKL-MQTT-BENCH: BUFFULL run_id=try2-c4-recover start_us=7820649 end_us=7826973 dur_us=6324
UKL-MQTT-BENCH: BUFFULL run_id=try2-c4-recover start_us=7829163 end_us=7842010 dur_us=12847
UKL-MQTT-BENCH: BUFFULL run_id=try2-c4-recover start_us=7845317 end_us=7856980 dur_us=11662
UKL-MQTT-BENCH: BUFFULL run_id=try2-c4-recover start_us=7860292 end_us=7869904 dur_us=9612
UKL-MQTT-BENCH: BUFFULL run_id=try2-c4-recover start_us=7872655 end_us=7881876 dur_us=9221
UKL-MQTT-BENCH: BUFFULL run_id=try2-c4-recover start_us=7884670 end_us=7891525 dur_us=6855
UKL-MQTT-BENCH: BUFFULL run_id=try2-c4-recover start_us=7893707 end_us=7903900 dur_us=10193
UKL-MQTT-BENCH: BUFFULL run_id=try2-c4-recover start_us=7906665 end_us=7915892 dur_us=9226
UKL-MQTT-BENCH: BUFFULL run_id=try2-c4-recover start_us=7918651 end_us=7928910 dur_us=10258
UKL-MQTT-BENCH: BUFFULL run_id=try2-c4-recover start_us=7931659 end_us=7940883 dur_us=9224
UKL-MQTT-BENCH: BUFFULL run_id=try2-c4-recover start_us=7943626 end_us=7953890 dur_us=10263
UKL-MQTT-BENCH: BUFFULL run_id=try2-c4-recover start_us=7956631 end_us=7965900 dur_us=9269
UKL-MQTT-BENCH: BUFFULL run_id=try2-c4-recover start_us=7968645 end_us=7981977 dur_us=13331
UKL-MQTT-BENCH: BUFFULL run_id=try2-c4-recover start_us=7985274 end_us=7995904 dur_us=10629
UKL-MQTT-BENCH: BUFFULL run_id=try2-c4-recover start_us=7999208 end_us=8010942 dur_us=11734
UKL-MQTT-BENCH: BUFFULL run_id=try2-c4-recover start_us=8014243 end_us=8020866 dur_us=6623
UKL-MQTT-BENCH: BUFFULL run_id=try2-c4-recover start_us=8023030 end_us=8032891 dur_us=9861
UKL-MQTT-BENCH: BUFFULL run_id=try2-c4-recover start_us=8035656 end_us=8044892 dur_us=9235
UKL-MQTT-BENCH: BUFFULL run_id=try2-c4-recover start_us=8047663 end_us=8059909 dur_us=12245
UKL-MQTT-BENCH: BUFFULL run_id=try2-c4-recover start_us=8063207 end_us=8069851 dur_us=6644
UKL-MQTT-BENCH: BUFFULL run_id=try2-c4-recover start_us=8072054 end_us=8081996 dur_us=9941
UKL-MQTT-BENCH: BUFFULL run_id=try2-c4-recover start_us=8084761 end_us=8091869 dur_us=7108
UKL-MQTT-BENCH: BUFFULL run_id=try2-c4-recover start_us=8094042 end_us=8106897 dur_us=12854
UKL-MQTT-BENCH: BUFFULL run_id=try2-c4-recover start_us=8110222 end_us=8118989 dur_us=8766
UKL-MQTT-BENCH: BUFFULL run_id=try2-c4-recover start_us=8121750 end_us=8133898 dur_us=12148
UKL-MQTT-BENCH: BUFFULL run_id=try2-c4-recover start_us=8137236 end_us=8146863 dur_us=9626
UKL-MQTT-BENCH: BUFFULL run_id=try2-c4-recover start_us=8149659 end_us=8159901 dur_us=10241
UKL-MQTT-BENCH: BUFFULL run_id=try2-c4-recover start_us=8162658 end_us=8171891 dur_us=9233
UKL-MQTT-BENCH: BUFFULL run_id=try2-c4-recover start_us=8174645 end_us=8183886 dur_us=9240
UKL-MQTT-BENCH: BUFFULL run_id=try2-c4-recover start_us=8186644 end_us=8196887 dur_us=10242
UKL-MQTT-BENCH: BUFFULL run_id=try2-c4-recover start_us=8199689 end_us=8209009 dur_us=9320
UKL-MQTT-BENCH: BUFFULL run_id=try2-c4-recover start_us=8211766 end_us=8223899 dur_us=12132
UKL-MQTT-BENCH: BUFFULL run_id=try2-c4-recover start_us=8227237 end_us=8234866 dur_us=7628
UKL-MQTT-BENCH: BUFFULL run_id=try2-c4-recover start_us=8237027 end_us=8244865 dur_us=7838
UKL-MQTT-BENCH: BUFFULL run_id=try2-c4-recover start_us=8247027 end_us=8256888 dur_us=9860
UKL-MQTT-BENCH: BUFFULL run_id=try2-c4-recover start_us=8259662 end_us=8268894 dur_us=9231
UKL-MQTT-BENCH: BUFFULL run_id=try2-c4-recover start_us=8271648 end_us=8283902 dur_us=12254
UKL-MQTT-BENCH: BUFFULL run_id=try2-c4-recover start_us=8287242 end_us=8295901 dur_us=8659
UKL-MQTT-BENCH: BUFFULL run_id=try2-c4-recover start_us=8298660 end_us=8305877 dur_us=7216
UKL-MQTT-BENCH: BUFFULL run_id=try2-c4-recover start_us=8308042 end_us=8320910 dur_us=12867
UKL-MQTT-BENCH: BUFFULL run_id=try2-c4-recover start_us=8324246 end_us=8329857 dur_us=5611
UKL-MQTT-BENCH: BUFFULL run_id=try2-c4-recover start_us=8332030 end_us=8341985 dur_us=9955
UKL-MQTT-BENCH: BUFFULL run_id=try2-c4-recover start_us=8344759 end_us=8354871 dur_us=10112
UKL-MQTT-BENCH: BUFFULL run_id=try2-c4-recover start_us=8357655 end_us=8366893 dur_us=9237
UKL-MQTT-BENCH: BUFFULL run_id=try2-c4-recover start_us=8369646 end_us=8378768 dur_us=9121
UKL-MQTT-BENCH: BUFFULL run_id=try2-c4-recover start_us=8381517 end_us=8391003 dur_us=9485
UKL-MQTT-BENCH: BUFFULL run_id=try2-c4-recover start_us=8393769 end_us=8406981 dur_us=13212
UKL-MQTT-BENCH: BUFFULL run_id=try2-c4-recover start_us=8410278 end_us=8420899 dur_us=10620
UKL-MQTT-BENCH: BUFFULL run_id=try2-c4-recover start_us=8424187 end_us=8435922 dur_us=11734
UKL-MQTT-BENCH: BUFFULL run_id=try2-c4-recover start_us=8439223 end_us=8445853 dur_us=6630
UKL-MQTT-BENCH: BUFFULL run_id=try2-c4-recover start_us=8448013 end_us=8457883 dur_us=9870
UKL-MQTT-BENCH: BUFFULL run_id=try2-c4-recover start_us=8460659 end_us=8469903 dur_us=9243
UKL-MQTT-BENCH: BUFFULL run_id=try2-c4-recover start_us=8472647 end_us=8484905 dur_us=12257
UKL-MQTT-BENCH: BUFFULL run_id=try2-c4-recover start_us=8488200 end_us=8494850 dur_us=6649
UKL-MQTT-BENCH: BUFFULL run_id=try2-c4-recover start_us=8497012 end_us=8506893 dur_us=9881
UKL-MQTT-BENCH: BUFFULL run_id=try2-c4-recover start_us=8509649 end_us=8520910 dur_us=11261
UKL-MQTT-BENCH: BUFFULL run_id=try2-c4-recover start_us=8524222 end_us=8532882 dur_us=8659
UKL-MQTT-BENCH: BUFFULL run_id=try2-c4-recover start_us=8535652 end_us=8545883 dur_us=10230
UKL-MQTT-BENCH: BUFFULL run_id=try2-c4-recover start_us=8548642 end_us=8557909 dur_us=9267
UKL-MQTT-BENCH: BUFFULL run_id=try2-c4-recover start_us=8560658 end_us=8569899 dur_us=9240
UKL-MQTT-BENCH: BUFFULL run_id=try2-c4-recover start_us=8572669 end_us=8585979 dur_us=13309
UKL-MQTT-BENCH: BUFFULL run_id=try2-c4-recover start_us=8589291 end_us=8596863 dur_us=7571
UKL-MQTT-BENCH: BUFFULL run_id=try2-c4-recover start_us=8599621 end_us=8606856 dur_us=7234
UKL-MQTT-BENCH: BUFFULL run_id=try2-c4-recover start_us=8609032 end_us=8615869 dur_us=6837
UKL-MQTT-BENCH: BUFFULL run_id=try2-c4-recover start_us=8618032 end_us=8627900 dur_us=9867
UKL-MQTT-BENCH: BUFFULL run_id=try2-c4-recover start_us=8630658 end_us=8639876 dur_us=9217
UKL-MQTT-BENCH: BUFFULL run_id=try2-c4-recover start_us=8642637 end_us=8652868 dur_us=10231
UKL-MQTT-BENCH: BUFFULL run_id=try2-c4-recover start_us=8655624 end_us=8661985 dur_us=6360
UKL-MQTT-BENCH: BUFFULL run_id=try2-c4-recover start_us=8664145 end_us=8676905 dur_us=12759
UKL-MQTT-BENCH: BUFFULL run_id=try2-c4-recover start_us=8680200 end_us=8691917 dur_us=11716
UKL-MQTT-BENCH: BUFFULL run_id=try2-c4-recover start_us=8695232 end_us=8704397 dur_us=9164
UKL-MQTT-BENCH: BUFFULL run_id=try2-c4-recover start_us=8707181 end_us=8716887 dur_us=9706
UKL-MQTT-BENCH: BUFFULL run_id=try2-c4-recover start_us=8719641 end_us=8726861 dur_us=7219
UKL-MQTT-BENCH: BUFFULL run_id=try2-c4-recover start_us=8729028 end_us=8740892 dur_us=11864
UKL-MQTT-BENCH: BUFFULL run_id=try2-c4-recover start_us=8744185 end_us=8750846 dur_us=6660
UKL-MQTT-BENCH: BUFFULL run_id=try2-c4-recover start_us=8753007 end_us=8763013 dur_us=10005
UKL-MQTT-BENCH: BUFFULL run_id=try2-c4-recover start_us=8765772 end_us=8777926 dur_us=12154
UKL-MQTT-BENCH: BUFFULL run_id=try2-c4-recover start_us=8781227 end_us=8789895 dur_us=8667
UKL-MQTT-BENCH: BUFFULL run_id=try2-c4-recover start_us=8792658 end_us=8802884 dur_us=10226
UKL-MQTT-BENCH: BUFFULL run_id=try2-c4-recover start_us=8805640 end_us=8814879 dur_us=9238
UKL-MQTT-BENCH: BUFFULL run_id=try2-c4-recover start_us=8817625 end_us=8824862 dur_us=7237
UKL-MQTT-BENCH: BUFFULL run_id=try2-c4-recover start_us=8827038 end_us=8836896 dur_us=9858
UKL-MQTT-BENCH: BUFFULL run_id=try2-c4-recover start_us=8839643 end_us=8851887 dur_us=12243
UKL-MQTT-BENCH: BUFFULL run_id=try2-c4-recover start_us=8855208 end_us=8863872 dur_us=8663
UKL-MQTT-BENCH: BUFFULL run_id=try2-c4-recover start_us=8866634 end_us=8876870 dur_us=10235
UKL-MQTT-BENCH: BUFFULL run_id=try2-c4-recover start_us=8879658 end_us=8888904 dur_us=9245
UKL-MQTT-BENCH: BUFFULL run_id=try2-c4-recover start_us=8891670 end_us=8903887 dur_us=12217
UKL-MQTT-BENCH: BUFFULL run_id=try2-c4-recover start_us=8907180 end_us=8916909 dur_us=9729
UKL-MQTT-BENCH: BUFFULL run_id=try2-c4-recover start_us=8919677 end_us=8928876 dur_us=9199
UKL-MQTT-BENCH: BUFFULL run_id=try2-c4-recover start_us=8931635 end_us=8944967 dur_us=13332
UKL-MQTT-BENCH: BUFFULL run_id=try2-c4-recover start_us=8948862 end_us=8952816 dur_us=3953
UKL-MQTT-BENCH: BUFFULL run_id=try2-c4-recover start_us=8954426 end_us=8964864 dur_us=10437
UKL-MQTT-BENCH: BUFFULL run_id=try2-c4-recover start_us=8967650 end_us=8975874 dur_us=8223
UKL-MQTT-BENCH: BUFFULL run_id=try2-c4-recover start_us=8978043 end_us=8989906 dur_us=11862
UKL-MQTT-BENCH: BUFFULL run_id=try2-c4-recover start_us=8993210 end_us=9001908 dur_us=8698
UKL-MQTT-BENCH: BUFFULL run_id=try2-c4-recover start_us=9004670 end_us=9014002 dur_us=9331
UKL-MQTT-BENCH: BUFFULL run_id=try2-c4-recover start_us=9016768 end_us=9028915 dur_us=12146
UKL-MQTT-BENCH: BUFFULL run_id=try2-c4-recover start_us=9032219 end_us=9041869 dur_us=9650
UKL-MQTT-BENCH: BUFFULL run_id=try2-c4-recover start_us=9044651 end_us=9053979 dur_us=9327
UKL-MQTT-BENCH: BUFFULL run_id=try2-c4-recover start_us=9056755 end_us=9066887 dur_us=10132
UKL-MQTT-BENCH: BUFFULL run_id=try2-c4-recover start_us=9069637 end_us=9078877 dur_us=9240
UKL-MQTT-BENCH: BUFFULL run_id=try2-c4-recover start_us=9081637 end_us=9090889 dur_us=9252
UKL-MQTT-BENCH: BUFFULL run_id=try2-c4-recover start_us=9093649 end_us=9103910 dur_us=10260
UKL-MQTT-BENCH: BUFFULL run_id=try2-c4-recover start_us=9106666 end_us=9118901 dur_us=12235
UKL-MQTT-BENCH: BUFFULL run_id=try2-c4-recover start_us=9122201 end_us=9127848 dur_us=5646
UKL-MQTT-BENCH: BUFFULL run_id=try2-c4-recover start_us=9130052 end_us=9137845 dur_us=7793
UKL-MQTT-BENCH: BUFFULL run_id=try2-c4-recover start_us=9140011 end_us=9149870 dur_us=9858
UKL-MQTT-BENCH: BUFFULL run_id=try2-c4-recover start_us=9152616 end_us=9161891 dur_us=9274
UKL-MQTT-BENCH: BUFFULL run_id=try2-c4-recover start_us=9164647 end_us=9174890 dur_us=10243
UKL-MQTT-BENCH: BUFFULL run_id=try2-c4-recover start_us=9177651 end_us=9186889 dur_us=9238
UKL-MQTT-BENCH: BUFFULL run_id=try2-c4-recover start_us=9189657 end_us=9196859 dur_us=7201
UKL-MQTT-BENCH: BUFFULL run_id=try2-c4-recover start_us=9199072 end_us=9206874 dur_us=7802
UKL-MQTT-BENCH: BUFFULL run_id=try2-c4-recover start_us=9209028 end_us=9218890 dur_us=9862
UKL-MQTT-BENCH: BUFFULL run_id=try2-c4-recover start_us=9221655 end_us=9233901 dur_us=12246
UKL-MQTT-BENCH: BUFFULL run_id=try2-c4-recover start_us=9237205 end_us=9245886 dur_us=8681
UKL-MQTT-BENCH: BUFFULL run_id=try2-c4-recover start_us=9248635 end_us=9255943 dur_us=7307
UKL-MQTT-BENCH: BUFFULL run_id=try2-c4-recover start_us=9258129 end_us=9270894 dur_us=12765
UKL-MQTT-BENCH: BUFFULL run_id=try2-c4-recover start_us=9274193 end_us=9280854 dur_us=6660
UKL-MQTT-BENCH: BUFFULL run_id=try2-c4-recover start_us=9283029 end_us=9292883 dur_us=9854
UKL-MQTT-BENCH: BUFFULL run_id=try2-c4-recover start_us=9295642 end_us=9304887 dur_us=9245
UKL-MQTT-BENCH: BUFFULL run_id=try2-c4-recover start_us=9307654 end_us=9316906 dur_us=9251
UKL-MQTT-BENCH: BUFFULL run_id=try2-c4-recover start_us=9319678 end_us=9328865 dur_us=9187
UKL-MQTT-BENCH: BUFFULL run_id=try2-c4-recover start_us=9331651 end_us=9338893 dur_us=7241
UKL-MQTT-BENCH: BUFFULL run_id=try2-c4-recover start_us=9341060 end_us=9350884 dur_us=9824
UKL-MQTT-BENCH: BUFFULL run_id=try2-c4-recover start_us=9353649 end_us=9362985 dur_us=9335
UKL-MQTT-BENCH: BUFFULL run_id=try2-c4-recover start_us=9365752 end_us=9372885 dur_us=7132
UKL-MQTT-BENCH: BUFFULL run_id=try2-c4-recover start_us=9375048 end_us=9382874 dur_us=7825
UKL-MQTT-BENCH: BUFFULL run_id=try2-c4-recover start_us=9385032 end_us=9394078 dur_us=9045
UKL-MQTT-BENCH: BUFFULL run_id=try2-c4-recover start_us=9396247 end_us=9403905 dur_us=7658
UKL-MQTT-BENCH: BUFFULL run_id=try2-c4-recover start_us=9406078 end_us=9414939 dur_us=8861
UKL-MQTT-BENCH: BUFFULL run_id=try2-c4-recover start_us=9417698 end_us=9424837 dur_us=7139
UKL-MQTT-BENCH: BUFFULL run_id=try2-c4-recover start_us=9427005 end_us=9433912 dur_us=6907
UKL-MQTT-BENCH: BUFFULL run_id=try2-c4-recover start_us=9436115 end_us=9443837 dur_us=7721
UKL-MQTT-BENCH: BUFFULL run_id=try2-c4-recover start_us=9446015 end_us=9453910 dur_us=7895
UKL-MQTT-BENCH: BUFFULL run_id=try2-c4-recover start_us=9456079 end_us=9465897 dur_us=9818
UKL-MQTT-BENCH: BUFFULL run_id=try2-c4-recover start_us=9468057 end_us=9475595 dur_us=7538
UKL-MQTT-BENCH: BUFFULL run_id=try2-c4-recover start_us=9478368 end_us=9484835 dur_us=6467
UKL-MQTT-BENCH: BUFFULL run_id=try2-c4-recover start_us=9486466 end_us=9495865 dur_us=9398
UKL-MQTT-BENCH: BUFFULL run_id=try2-c4-recover start_us=9498670 end_us=9506986 dur_us=8316
UKL-MQTT-BENCH: BUFFULL run_id=try2-c4-recover start_us=9509745 end_us=9521890 dur_us=12144
UKL-MQTT-BENCH: BUFFULL run_id=try2-c4-recover start_us=9525222 end_us=9531849 dur_us=6626
UKL-MQTT-BENCH: BUFFULL run_id=try2-c4-recover start_us=9534025 end_us=9546899 dur_us=12874
UKL-MQTT-BENCH: BUFFULL run_id=try2-c4-recover start_us=9550210 end_us=9558885 dur_us=8674
UKL-MQTT-BENCH: BUFFULL run_id=try2-c4-recover start_us=9561642 end_us=9571882 dur_us=10239
UKL-MQTT-BENCH: BUFFULL run_id=try2-c4-recover start_us=9574649 end_us=9583895 dur_us=9246
UKL-MQTT-BENCH: BUFFULL run_id=try2-c4-recover start_us=9586668 end_us=9593871 dur_us=7203
UKL-MQTT-BENCH: BUFFULL run_id=try2-c4-recover start_us=9596031 end_us=9605898 dur_us=9867
UKL-MQTT-BENCH: BUFFULL run_id=try2-c4-recover start_us=9608662 end_us=9617899 dur_us=9237
UKL-MQTT-BENCH: BUFFULL run_id=try2-c4-recover start_us=9620653 end_us=9629994 dur_us=9341
UKL-MQTT-BENCH: BUFFULL run_id=try2-c4-recover start_us=9632773 end_us=9639851 dur_us=7078
UKL-MQTT-BENCH: BUFFULL run_id=try2-c4-recover start_us=9642029 end_us=9649878 dur_us=7849
UKL-MQTT-BENCH: BUFFULL run_id=try2-c4-recover start_us=9652057 end_us=9661879 dur_us=9821
UKL-MQTT-BENCH: BUFFULL run_id=try2-c4-recover start_us=9664648 end_us=9673870 dur_us=9222
UKL-MQTT-BENCH: BUFFULL run_id=try2-c4-recover start_us=9676636 end_us=9683905 dur_us=7269
UKL-MQTT-BENCH: BUFFULL run_id=try2-c4-recover start_us=9686077 end_us=9693880 dur_us=7802
UKL-MQTT-BENCH: BUFFULL run_id=try2-c4-recover start_us=9696063 end_us=9705881 dur_us=9818
UKL-MQTT-BENCH: BUFFULL run_id=try2-c4-recover start_us=9708648 end_us=9715878 dur_us=7230
UKL-MQTT-BENCH: BUFFULL run_id=try2-c4-recover start_us=9718073 end_us=9721854 dur_us=3781
UKL-MQTT-BENCH: BUFFULL run_id=try2-c4-recover start_us=9723486 end_us=9733908 dur_us=10422
UKL-MQTT-BENCH: BUFFULL run_id=try2-c4-recover start_us=9736107 end_us=9744881 dur_us=8773
UKL-MQTT-BENCH: BUFFULL run_id=try2-c4-recover start_us=9747642 end_us=9753831 dur_us=6189
UKL-MQTT-BENCH: BUFFULL run_id=try2-c4-recover start_us=9755450 end_us=9763977 dur_us=8527
UKL-MQTT-BENCH: BUFFULL run_id=try2-c4-recover start_us=9766734 end_us=9775882 dur_us=9148
UKL-MQTT-BENCH: BUFFULL run_id=try2-c4-recover start_us=9778638 end_us=9789872 dur_us=11234
UKL-MQTT-BENCH: BUFFULL run_id=try2-c4-recover start_us=9792648 end_us=9798867 dur_us=6218
UKL-MQTT-BENCH: BUFFULL run_id=try2-c4-recover start_us=9801029 end_us=9813906 dur_us=12877
UKL-MQTT-BENCH: BUFFULL run_id=try2-c4-recover start_us=9817215 end_us=9827914 dur_us=10699
UKL-MQTT-BENCH: BUFFULL run_id=try2-c4-recover start_us=9831231 end_us=9843892 dur_us=12661
UKL-MQTT-BENCH: BUFFULL run_id=try2-c4-recover start_us=9847193 end_us=9855900 dur_us=8706
UKL-MQTT-BENCH: BUFFULL run_id=try2-c4-recover start_us=9858666 end_us=9867875 dur_us=9209
UKL-MQTT-BENCH: BUFFULL run_id=try2-c4-recover start_us=9870641 end_us=9879853 dur_us=9212
UKL-MQTT-BENCH: BUFFULL run_id=try2-c4-recover start_us=9882619 end_us=9888866 dur_us=6246
UKL-MQTT-BENCH: BUFFULL run_id=try2-c4-recover start_us=9891038 end_us=9898907 dur_us=7868
UKL-MQTT-BENCH: BUFFULL run_id=try2-c4-recover start_us=9901090 end_us=9913002 dur_us=11911
UKL-MQTT-BENCH: BUFFULL run_id=try2-c4-recover start_us=9916306 end_us=9922860 dur_us=6554
UKL-MQTT-BENCH: BUFFULL run_id=try2-c4-recover start_us=9925022 end_us=9932872 dur_us=7849
UKL-MQTT-BENCH: BUFFULL run_id=try2-c4-recover start_us=9935036 end_us=9944861 dur_us=9825
UKL-MQTT-BENCH: BUFFULL run_id=try2-c4-recover start_us=9947629 end_us=9956885 dur_us=9255
UKL-MQTT-BENCH: BUFFULL run_id=try2-c4-recover start_us=9959648 end_us=9968994 dur_us=9345
UKL-MQTT-BENCH: BUFFULL run_id=try2-c4-recover start_us=9971751 end_us=9984946 dur_us=13194
UKL-MQTT-BENCH: BUFFULL run_id=try2-c4-recover start_us=9988256 end_us=9995855 dur_us=7599
UKL-MQTT-BENCH: BUFFULL run_id=try2-c4-recover start_us=9998620 end_us=10005898 dur_us=7278
UKL-MQTT-BENCH: BUFFULL run_id=try2-c4-recover start_us=10008077 end_us=10015881 dur_us=7803
UKL-MQTT-BENCH: BUFFULL run_id=try2-c4-recover start_us=10018053 end_us=10027875 dur_us=9822
UKL-MQTT-BENCH: BUFFULL run_id=try2-c4-recover start_us=10030677 end_us=10033904 dur_us=3227
UKL-MQTT-BENCH: BUFFULL run_id=try2-c4-recover start_us=10035521 end_us=10043959 dur_us=8438
UKL-MQTT-BENCH: BUFFULL run_id=try2-c4-recover start_us=10046133 end_us=10055839 dur_us=9706
UKL-MQTT-BENCH: BUFFULL run_id=try2-c4-recover start_us=10058013 end_us=10065894 dur_us=7880
UKL-MQTT-BENCH: BUFFULL run_id=try2-c4-recover start_us=10068060 end_us=10076841 dur_us=8780
UKL-MQTT-BENCH: BUFFULL run_id=try2-c4-recover start_us=10079609 end_us=10088859 dur_us=9249
UKL-MQTT-BENCH: BUFFULL run_id=try2-c4-recover start_us=10091645 end_us=10096863 dur_us=5217
UKL-MQTT-BENCH: BUFFULL run_id=try2-c4-recover start_us=10098482 end_us=10110904 dur_us=12421
UKL-MQTT-BENCH: BUFFULL run_id=try2-c4-recover start_us=10114211 end_us=10122865 dur_us=8653
UKL-MQTT-BENCH: BUFFULL run_id=try2-c4-recover start_us=10125639 end_us=10135888 dur_us=10249
UKL-MQTT-BENCH: BUFFULL run_id=try2-c4-recover start_us=10138646 end_us=10150900 dur_us=12254
UKL-MQTT-BENCH: BUFFULL run_id=try2-c4-recover start_us=10154212 end_us=10164891 dur_us=10679
UKL-MQTT-BENCH: BUFFULL run_id=try2-c4-recover start_us=10168193 end_us=10177871 dur_us=9677
UKL-MQTT-BENCH: BUFFULL run_id=try2-c4-recover start_us=10180622 end_us=10189882 dur_us=9260
UKL-MQTT-BENCH: BUFFULL run_id=try2-c4-recover start_us=10192641 end_us=10202895 dur_us=10253
UKL-MQTT-BENCH: BUFFULL run_id=try2-c4-recover start_us=10205667 end_us=10212689 dur_us=7022
UKL-MQTT-BENCH: BUFFULL run_id=try2-c4-recover start_us=10214850 end_us=10227904 dur_us=13054
UKL-MQTT-BENCH: BUFFULL run_id=try2-c4-recover start_us=10231214 end_us=10239999 dur_us=8784
UKL-MQTT-BENCH: BUFFULL run_id=try2-c4-recover start_us=10242760 end_us=10252874 dur_us=10114
UKL-MQTT-BENCH: BUFFULL run_id=try2-c4-recover start_us=10255643 end_us=10265882 dur_us=10238
UKL-MQTT-BENCH: BUFFULL run_id=try2-c4-recover start_us=10268648 end_us=10275836 dur_us=7187
UKL-MQTT-BENCH: BUFFULL run_id=try2-c4-recover start_us=10278026 end_us=10284975 dur_us=6948
UKL-MQTT-BENCH: BUFFULL run_id=try2-c4-recover start_us=10287148 end_us=10296882 dur_us=9734
UKL-MQTT-BENCH: BUFFULL run_id=try2-c4-recover start_us=10299667 end_us=10307850 dur_us=8182
UKL-MQTT-BENCH: BUFFULL run_id=try2-c4-recover start_us=10310026 end_us=10316987 dur_us=6961
UKL-MQTT-BENCH: BUFFULL run_id=try2-c4-recover start_us=10319164 end_us=10329890 dur_us=10726
UKL-MQTT-BENCH: BUFFULL run_id=try2-c4-recover start_us=10332637 end_us=10344002 dur_us=11364
UKL-MQTT-BENCH: BUFFULL run_id=try2-c4-recover start_us=10347323 end_us=10356881 dur_us=9558
UKL-MQTT-BENCH: BUFFULL run_id=try2-c4-recover start_us=10359655 end_us=10368869 dur_us=9213
UKL-MQTT-BENCH: BUFFULL run_id=try2-c4-recover start_us=10371669 end_us=10383890 dur_us=12221
UKL-MQTT-BENCH: BUFFULL run_id=try2-c4-recover start_us=10387198 end_us=10396874 dur_us=9675
UKL-MQTT-BENCH: BUFFULL run_id=try2-c4-recover start_us=10399643 end_us=10408872 dur_us=9229
UKL-MQTT-BENCH: BUFFULL run_id=try2-c4-recover start_us=10411665 end_us=10421880 dur_us=10214
UKL-MQTT-BENCH: BUFFULL run_id=try2-c4-recover start_us=10424630 end_us=10431847 dur_us=7217
UKL-MQTT-BENCH: BUFFULL run_id=try2-c4-recover start_us=10434028 end_us=10442909 dur_us=8881
UKL-MQTT-BENCH: BUFFULL run_id=try2-c4-recover start_us=10445670 end_us=10454988 dur_us=9317
UKL-MQTT-BENCH: BUFFULL run_id=try2-c4-recover start_us=10457762 end_us=10467875 dur_us=10112
UKL-MQTT-BENCH: BUFFULL run_id=try2-c4-recover start_us=10470635 end_us=10477850 dur_us=7214
UKL-MQTT-BENCH: BUFFULL run_id=try2-c4-recover start_us=10480024 end_us=10490908 dur_us=10883
UKL-MQTT-BENCH: BUFFULL run_id=try2-c4-recover start_us=10493660 end_us=10502880 dur_us=9219
UKL-MQTT-BENCH: BUFFULL run_id=try2-c4-recover start_us=10505655 end_us=10517851 dur_us=12195
UKL-MQTT-BENCH: BUFFULL run_id=try2-c4-recover start_us=10521205 end_us=10529894 dur_us=8688
UKL-MQTT-BENCH: BUFFULL run_id=try2-c4-recover start_us=10532642 end_us=10539952 dur_us=7310
UKL-MQTT-BENCH: BUFFULL run_id=try2-c4-recover start_us=10542124 end_us=10557955 dur_us=15830
UKL-MQTT-BENCH: BUFFULL run_id=try2-c4-recover start_us=10561869 end_us=10569878 dur_us=8009
UKL-MQTT-BENCH: BUFFULL run_id=try2-c4-recover start_us=10572632 end_us=10584909 dur_us=12276
UKL-MQTT-BENCH: BUFFULL run_id=try2-c4-recover start_us=10588213 end_us=10595839 dur_us=7625
UKL-MQTT-BENCH: BUFFULL run_id=try2-c4-recover start_us=10597993 end_us=10605845 dur_us=7851
UKL-MQTT-BENCH: BUFFULL run_id=try2-c4-recover start_us=10608002 end_us=10615825 dur_us=7822
UKL-MQTT-BENCH: BUFFULL run_id=try2-c4-recover start_us=10618025 end_us=10626910 dur_us=8885
UKL-MQTT-BENCH: BUFFULL run_id=try2-c4-recover start_us=10629663 end_us=10636843 dur_us=7180
UKL-MQTT-BENCH: BUFFULL run_id=try2-c4-recover start_us=10639040 end_us=10651902 dur_us=12861
UKL-MQTT-BENCH: BUFFULL run_id=try2-c4-recover start_us=10655207 end_us=10664871 dur_us=9663
UKL-MQTT-BENCH: BUFFULL run_id=try2-c4-recover start_us=10667624 end_us=10676864 dur_us=9239
UKL-MQTT-BENCH: BUFFULL run_id=try2-c4-recover start_us=10679649 end_us=10691883 dur_us=12233
UKL-MQTT-BENCH: BUFFULL run_id=try2-c4-recover start_us=10695197 end_us=10701869 dur_us=6671
UKL-MQTT-BENCH: BUFFULL run_id=try2-c4-recover start_us=10704031 end_us=10714002 dur_us=9970
UKL-MQTT-BENCH: BUFFULL run_id=try2-c4-recover start_us=10716780 end_us=10726889 dur_us=10109
UKL-MQTT-BENCH: BUFFULL run_id=try2-c4-recover start_us=10729641 end_us=10738876 dur_us=9235
UKL-MQTT-BENCH: BUFFULL run_id=try2-c4-recover start_us=10741646 end_us=10748846 dur_us=7199
UKL-MQTT-BENCH: BUFFULL run_id=try2-c4-recover start_us=10751017 end_us=10758870 dur_us=7853
UKL-MQTT-BENCH: BUFFULL run_id=try2-c4-recover start_us=10761031 end_us=10770874 dur_us=9843
UKL-MQTT-BENCH: BUFFULL run_id=try2-c4-recover start_us=10773621 end_us=10785909 dur_us=12287
UKL-MQTT-BENCH: BUFFULL run_id=try2-c4-recover start_us=10789216 end_us=10797880 dur_us=8663
UKL-MQTT-BENCH: BUFFULL run_id=try2-c4-recover start_us=10800632 end_us=10807846 dur_us=7214
UKL-MQTT-BENCH: BUFFULL run_id=try2-c4-recover start_us=10810012 end_us=10822913 dur_us=12900
UKL-MQTT-BENCH: BUFFULL run_id=try2-c4-recover start_us=10826218 end_us=10831840 dur_us=5621
UKL-MQTT-BENCH: BUFFULL run_id=try2-c4-recover start_us=10834816 end_us=10845968 dur_us=11152
UKL-MQTT-BENCH: BUFFULL run_id=try2-c4-recover start_us=10848740 end_us=10857891 dur_us=9150
UKL-MQTT-BENCH: BUFFULL run_id=try2-c4-recover start_us=10860656 end_us=10870003 dur_us=9346
UKL-MQTT-BENCH: BUFFULL run_id=try2-c4-recover start_us=10872764 end_us=10885935 dur_us=13170
UKL-MQTT-BENCH: BUFFULL run_id=try2-c4-recover start_us=10889254 end_us=10896963 dur_us=7709
UKL-MQTT-BENCH: BUFFULL run_id=try2-c4-recover start_us=10899735 end_us=10907839 dur_us=8104
UKL-MQTT-BENCH: BUFFULL run_id=try2-c4-recover start_us=10910040 end_us=10916984 dur_us=6944
UKL-MQTT-BENCH: BUFFULL run_id=try2-c4-recover start_us=10919154 end_us=10931894 dur_us=12739
UKL-MQTT-BENCH: BUFFULL run_id=try2-c4-recover start_us=10935237 end_us=10943881 dur_us=8643
UKL-MQTT-BENCH: BUFFULL run_id=try2-c4-recover start_us=10946645 end_us=10958844 dur_us=12198
UKL-MQTT-BENCH: BUFFULL run_id=try2-c4-recover start_us=10962199 end_us=10971010 dur_us=8811
UKL-MQTT-BENCH: BUFFULL run_id=try2-c4-recover start_us=10973788 end_us=10980957 dur_us=7169
UKL-MQTT-BENCH: BUFFULL run_id=try2-c4-recover start_us=10983136 end_us=10997957 dur_us=14821
UKL-MQTT-BENCH: BUFFULL run_id=try2-c4-recover start_us=11001865 end_us=11009900 dur_us=8035
UKL-MQTT-BENCH: BUFFULL run_id=try2-c4-recover start_us=11012656 end_us=11024924 dur_us=12268
UKL-MQTT-BENCH: BUFFULL run_id=try2-c4-recover start_us=11028236 end_us=11035845 dur_us=7609
UKL-MQTT-BENCH: BUFFULL run_id=try2-c4-recover start_us=11038032 end_us=11044858 dur_us=6825
UKL-MQTT-BENCH: BUFFULL run_id=try2-c4-recover start_us=11047076 end_us=11056024 dur_us=8947
UKL-MQTT-BENCH: BUFFULL run_id=try2-c4-recover start_us=11058530 end_us=11066092 dur_us=7562
UKL-MQTT-BENCH: BUFFULL run_id=try2-c4-recover start_us=11068897 end_us=11075935 dur_us=7038
UKL-MQTT-BENCH: BUFFULL run_id=try2-c4-recover start_us=11078116 end_us=11099961 dur_us=21845
UKL-MQTT-BENCH: BUFFULL run_id=try2-c4-recover start_us=11103286 end_us=11114966 dur_us=11680
UKL-MQTT-BENCH: BUFFULL run_id=try2-c4-recover start_us=11117761 end_us=11126902 dur_us=9141
UKL-MQTT-BENCH: BUFFULL run_id=try2-c4-recover start_us=11129702 end_us=11138944 dur_us=9242
UKL-MQTT-BENCH: BUFFULL run_id=try2-c4-recover start_us=11141734 end_us=11152946 dur_us=11212
UKL-MQTT-BENCH: BUFFULL run_id=try2-c4-recover start_us=11156279 end_us=11164897 dur_us=8618
UKL-MQTT-BENCH: BUFFULL run_id=try2-c4-recover start_us=11167657 end_us=11177922 dur_us=10264
UKL-MQTT-BENCH: BUFFULL run_id=try2-c4-recover start_us=11180713 end_us=11192912 dur_us=12198
UKL-MQTT-BENCH: BUFFULL run_id=try2-c4-recover start_us=11196237 end_us=11205882 dur_us=9644
UKL-MQTT-BENCH: BUFFULL run_id=try2-c4-recover start_us=11208667 end_us=11217895 dur_us=9227
UKL-MQTT-BENCH: BUFFULL run_id=try2-c4-recover start_us=11220681 end_us=11230933 dur_us=10251
UKL-MQTT-BENCH: BUFFULL run_id=try2-c4-recover start_us=11233724 end_us=11242887 dur_us=9162
UKL-MQTT-BENCH: BUFFULL run_id=try2-c4-recover start_us=11245667 end_us=11254888 dur_us=9221
UKL-MQTT-BENCH: BUFFULL run_id=try2-c4-recover start_us=11257656 end_us=11266919 dur_us=9263
UKL-MQTT-BENCH: BUFFULL run_id=try2-c4-recover start_us=11269676 end_us=11282988 dur_us=13312
UKL-MQTT-BENCH: BUFFULL run_id=try2-c4-recover start_us=11286303 end_us=11296962 dur_us=10658
UKL-MQTT-BENCH: BUFFULL run_id=try2-c4-recover start_us=11300341 end_us=11311980 dur_us=11638
UKL-MQTT-BENCH: BUFFULL run_id=try2-c4-recover start_us=11315326 end_us=11320866 dur_us=5539
UKL-MQTT-BENCH: BUFFULL run_id=try2-c4-recover start_us=11323064 end_us=11333912 dur_us=10848
UKL-MQTT-BENCH: BUFFULL run_id=try2-c4-recover start_us=11336694 end_us=11345920 dur_us=9225
UKL-MQTT-BENCH: BUFFULL run_id=try2-c4-recover start_us=11348683 end_us=11360899 dur_us=12216
UKL-MQTT-BENCH: BUFFULL run_id=try2-c4-recover start_us=11364220 end_us=11370843 dur_us=6623
UKL-MQTT-BENCH: BUFFULL run_id=try2-c4-recover start_us=11373032 end_us=11383938 dur_us=10906
UKL-MQTT-BENCH: BUFFULL run_id=try2-c4-recover start_us=11386728 end_us=11398937 dur_us=12208
UKL-MQTT-BENCH: BUFFULL run_id=try2-c4-recover start_us=11402244 end_us=11410993 dur_us=8748
UKL-MQTT-BENCH: BUFFULL run_id=try2-c4-recover start_us=11413785 end_us=11423876 dur_us=10090
UKL-MQTT-BENCH: BUFFULL run_id=try2-c4-recover start_us=11426663 end_us=11436885 dur_us=10222
UKL-MQTT-BENCH: BUFFULL run_id=try2-c4-recover start_us=11439671 end_us=11451892 dur_us=12220
UKL-MQTT-BENCH: BUFFULL run_id=try2-c4-recover start_us=11455213 end_us=11464896 dur_us=9682
UKL-MQTT-BENCH: BUFFULL run_id=try2-c4-recover start_us=11468088 end_us=11476987 dur_us=8898
UKL-MQTT-BENCH: BUFFULL run_id=try2-c4-recover start_us=11479748 end_us=11491920 dur_us=12171
UKL-MQTT-BENCH: BUFFULL run_id=try2-c4-recover start_us=11495236 end_us=11504884 dur_us=9647
UKL-MQTT-BENCH: BUFFULL run_id=try2-c4-recover start_us=11507660 end_us=11517887 dur_us=10226
UKL-MQTT-BENCH: BUFFULL run_id=try2-c4-recover start_us=11520645 end_us=11530886 dur_us=10241
UKL-MQTT-BENCH: BUFFULL run_id=try2-c4-recover start_us=11533685 end_us=11542875 dur_us=9190
UKL-MQTT-BENCH: BUFFULL run_id=try2-c4-recover start_us=11545716 end_us=11555873 dur_us=10156
UKL-MQTT-BENCH: BUFFULL run_id=try2-c4-recover start_us=11558664 end_us=11565859 dur_us=7194
UKL-MQTT-BENCH: BUFFULL run_id=try2-c4-recover start_us=11568040 end_us=11575859 dur_us=7819
UKL-MQTT-BENCH: BUFFULL run_id=try2-c4-recover start_us=11578023 end_us=11588916 dur_us=10892
UKL-MQTT-BENCH: BUFFULL run_id=try2-c4-recover start_us=11591763 end_us=11600906 dur_us=9143
UKL-MQTT-BENCH: BUFFULL run_id=try2-c4-recover start_us=11603670 end_us=11612883 dur_us=9213
UKL-MQTT-BENCH: BUFFULL run_id=try2-c4-recover start_us=11615639 end_us=11622979 dur_us=7340
UKL-MQTT-BENCH: BUFFULL run_id=try2-c4-recover start_us=11625154 end_us=11632870 dur_us=7716
UKL-MQTT-BENCH: BUFFULL run_id=try2-c4-recover start_us=11635047 end_us=11644909 dur_us=9862
UKL-MQTT-BENCH: BUFFULL run_id=try2-c4-recover start_us=11647669 end_us=11655849 dur_us=8180
UKL-MQTT-BENCH: BUFFULL run_id=try2-c4-recover start_us=11658014 end_us=11671008 dur_us=12994
UKL-MQTT-BENCH: BUFFULL run_id=try2-c4-recover start_us=11674311 end_us=11683886 dur_us=9574
UKL-MQTT-BENCH: BUFFULL run_id=try2-c4-recover start_us=11686660 end_us=11696665 dur_us=10004
UKL-MQTT-BENCH: BUFFULL run_id=try2-c4-recover start_us=11699432 end_us=11709001 dur_us=9569
UKL-MQTT-BENCH: BUFFULL run_id=try2-c4-recover start_us=11711780 end_us=11721877 dur_us=10096
UKL-MQTT-BENCH: BUFFULL run_id=try2-c4-recover start_us=11724637 end_us=11734883 dur_us=10245
UKL-MQTT-BENCH: BUFFULL run_id=try2-c4-recover start_us=11737653 end_us=11746887 dur_us=9233
UKL-MQTT-BENCH: BUFFULL run_id=try2-c4-recover start_us=11749647 end_us=11759885 dur_us=10237
UKL-MQTT-BENCH: BUFFULL run_id=try2-c4-recover start_us=11762647 end_us=11774882 dur_us=12234
UKL-MQTT-BENCH: BUFFULL run_id=try2-c4-recover start_us=11778212 end_us=11784835 dur_us=6623
UKL-MQTT-BENCH: BUFFULL run_id=try2-c4-recover start_us=11787042 end_us=11794963 dur_us=7920
UKL-MQTT-BENCH: BUFFULL run_id=try2-c4-recover start_us=11797140 end_us=11807886 dur_us=10745
UKL-MQTT-BENCH: BUFFULL run_id=try2-c4-recover start_us=11810642 end_us=11819871 dur_us=9229
UKL-MQTT-BENCH: BUFFULL run_id=try2-c4-recover start_us=11822644 end_us=11835993 dur_us=13349
UKL-MQTT-BENCH: BUFFULL run_id=try2-c4-recover start_us=11839295 end_us=11847976 dur_us=8681
UKL-MQTT-BENCH: BUFFULL run_id=try2-c4-recover start_us=11850745 end_us=11857872 dur_us=7127
UKL-MQTT-BENCH: BUFFULL run_id=try2-c4-recover start_us=11860074 end_us=11868870 dur_us=8796
UKL-MQTT-BENCH: BUFFULL run_id=try2-c4-recover start_us=11871079 end_us=11879889 dur_us=8809
UKL-MQTT-BENCH: BUFFULL run_id=try2-c4-recover start_us=11882656 end_us=11888838 dur_us=6181
UKL-MQTT-BENCH: BUFFULL run_id=try2-c4-recover start_us=11890473 end_us=11898864 dur_us=8390
UKL-MQTT-BENCH: BUFFULL run_id=try2-c4-recover start_us=11901062 end_us=11911888 dur_us=10826
UKL-MQTT-BENCH: BUFFULL run_id=try2-c4-recover start_us=11914646 end_us=11919869 dur_us=5222
UKL-MQTT-BENCH: BUFFULL run_id=try2-c4-recover start_us=11921490 end_us=11930889 dur_us=9399
UKL-MQTT-BENCH: BUFFULL run_id=try2-c4-recover start_us=11933083 end_us=11942904 dur_us=9821
UKL-MQTT-BENCH: BUFFULL run_id=try2-c4-recover start_us=11945673 end_us=11950830 dur_us=5157
UKL-MQTT-BENCH: BUFFULL run_id=try2-c4-recover start_us=11952455 end_us=11960821 dur_us=8365
UKL-MQTT-BENCH: BUFFULL run_id=try2-c4-recover start_us=11962999 end_us=11971691 dur_us=8692
UKL-MQTT-BENCH: BUFFULL run_id=try2-c4-recover start_us=11973901 end_us=11981836 dur_us=7935
UKL-MQTT-BENCH: BUFFULL run_id=try2-c4-recover start_us=11984541 end_us=11993903 dur_us=9362
UKL-MQTT-BENCH: BUFFULL run_id=try2-c4-recover start_us=11996679 end_us=12004814 dur_us=8135
UKL-MQTT-BENCH: BUFFULL run_id=try2-c4-recover start_us=12006445 end_us=12017874 dur_us=11428
UKL-MQTT-BENCH: BUFFULL run_id=try2-c4-recover start_us=12021213 end_us=12027878 dur_us=6664
UKL-MQTT-BENCH: BUFFULL run_id=try2-c4-recover start_us=12030051 end_us=12042898 dur_us=12847
UKL-MQTT-BENCH: BUFFULL run_id=try2-c4-recover start_us=12046214 end_us=12055889 dur_us=9674
UKL-MQTT-BENCH: BUFFULL run_id=try2-c4-recover start_us=12058647 end_us=12068013 dur_us=9365
UKL-MQTT-BENCH: BUFFULL run_id=try2-c4-recover start_us=12070770 end_us=12080883 dur_us=10113
UKL-MQTT-BENCH: BUFFULL run_id=try2-c4-recover start_us=12083653 end_us=12090854 dur_us=7200
UKL-MQTT-BENCH: BUFFULL run_id=try2-c4-recover start_us=12093033 end_us=12103890 dur_us=10856
UKL-MQTT-BENCH: BUFFULL run_id=try2-c4-recover start_us=12106662 end_us=12116873 dur_us=10211
UKL-MQTT-BENCH: BUFFULL run_id=try2-c4-recover start_us=12119628 end_us=12129865 dur_us=10236
UKL-MQTT-BENCH: BUFFULL run_id=try2-c4-recover start_us=12132628 end_us=12139846 dur_us=7218
UKL-MQTT-BENCH: BUFFULL run_id=try2-c4-recover start_us=12142036 end_us=12149888 dur_us=7852
UKL-MQTT-BENCH: BUFFULL run_id=try2-c4-recover start_us=12152049 end_us=12161875 dur_us=9825
UKL-MQTT-BENCH: BUFFULL run_id=try2-c4-recover start_us=12164647 end_us=12174862 dur_us=10214
UKL-MQTT-BENCH: BUFFULL run_id=try2-c4-recover start_us=12177626 end_us=12185866 dur_us=8239
UKL-MQTT-BENCH: BUFFULL run_id=try2-c4-recover start_us=12188056 end_us=12195866 dur_us=7809
UKL-MQTT-BENCH: BUFFULL run_id=try2-c4-recover start_us=12198060 end_us=12208009 dur_us=9949
UKL-MQTT-BENCH: BUFFULL run_id=try2-c4-recover start_us=12210772 end_us=12217864 dur_us=7092
UKL-MQTT-BENCH: BUFFULL run_id=try2-c4-recover start_us=12220021 end_us=12227828 dur_us=7807
UKL-MQTT-BENCH: BUFFULL run_id=try2-c4-recover start_us=12229994 end_us=12239873 dur_us=9879
UKL-MQTT-BENCH: BUFFULL run_id=try2-c4-recover start_us=12242630 end_us=12250864 dur_us=8234
UKL-MQTT-BENCH: BUFFULL run_id=try2-c4-recover start_us=12253043 end_us=12265917 dur_us=12874
UKL-MQTT-BENCH: BUFFULL run_id=try2-c4-recover start_us=12269264 end_us=12277903 dur_us=8639
UKL-MQTT-BENCH: BUFFULL run_id=try2-c4-recover start_us=12280667 end_us=12291004 dur_us=10336
UKL-MQTT-BENCH: BUFFULL run_id=try2-c4-recover start_us=12293835 end_us=12303921 dur_us=10085
UKL-MQTT-BENCH: BUFFULL run_id=try2-c4-recover start_us=12306732 end_us=12315918 dur_us=9185
UKL-MQTT-BENCH: BUFFULL run_id=try2-c4-recover start_us=12318668 end_us=12328910 dur_us=10242
UKL-MQTT-BENCH: BUFFULL run_id=try2-c4-recover start_us=12331660 end_us=12338841 dur_us=7180
UKL-MQTT-BENCH: BUFFULL run_id=try2-c4-recover start_us=12341037 end_us=12348865 dur_us=7827
UKL-MQTT-BENCH: BUFFULL run_id=try2-c4-recover start_us=12351034 end_us=12360897 dur_us=9863
UKL-MQTT-BENCH: BUFFULL run_id=try2-c4-recover start_us=12363699 end_us=12373868 dur_us=10169
UKL-MQTT-BENCH: BUFFULL run_id=try2-c4-recover start_us=12376621 end_us=12385903 dur_us=9281
UKL-MQTT-BENCH: BUFFULL run_id=try2-c4-recover start_us=12388670 end_us=12398877 dur_us=10206
UKL-MQTT-BENCH: BUFFULL run_id=try2-c4-recover start_us=12401633 end_us=12412919 dur_us=11286
UKL-MQTT-BENCH: BUFFULL run_id=try2-c4-recover start_us=12416229 end_us=12423870 dur_us=7640
UKL-MQTT-BENCH: BUFFULL run_id=try2-c4-recover start_us=12426630 end_us=12437926 dur_us=11295
UKL-MQTT-BENCH: BUFFULL run_id=try2-c4-recover start_us=12441228 end_us=12449066 dur_us=7837
UKL-MQTT-BENCH: BUFFULL run_id=try2-c4-recover start_us=12451821 end_us=12461882 dur_us=10061
UKL-MQTT-BENCH: BUFFULL run_id=try2-c4-recover start_us=12465177 end_us=12472901 dur_us=7723
UKL-MQTT-BENCH: BUFFULL run_id=try2-c4-recover start_us=12475650 end_us=12479787 dur_us=4136
UKL-MQTT-BENCH: BUFFULL run_id=try2-c4-recover start_us=12481401 end_us=12492923 dur_us=11521
UKL-MQTT-BENCH: BUFFULL run_id=try2-c4-recover start_us=12496232 end_us=12503866 dur_us=7634
UKL-MQTT-BENCH: BUFFULL run_id=try2-c4-recover start_us=12506645 end_us=12517883 dur_us=11237
UKL-MQTT-BENCH: BUFFULL run_id=try2-c4-recover start_us=12521180 end_us=12528879 dur_us=7699
UKL-MQTT-BENCH: BUFFULL run_id=try2-c4-recover start_us=12531630 end_us=12537841 dur_us=6211
UKL-MQTT-BENCH: BUFFULL run_id=try2-c4-recover start_us=12540009 end_us=12545967 dur_us=5958
UKL-MQTT-BENCH: BUFFULL run_id=try2-c4-recover start_us=12548127 end_us=12556909 dur_us=8781
UKL-MQTT-BENCH: BUFFULL run_id=try2-c4-recover start_us=12559674 end_us=12566902 dur_us=7228
UKL-MQTT-BENCH: BUFFULL run_id=try2-c4-recover start_us=12569077 end_us=12580901 dur_us=11824
UKL-MQTT-BENCH: BUFFULL run_id=try2-c4-recover start_us=12584239 end_us=12593912 dur_us=9672
UKL-MQTT-BENCH: BUFFULL run_id=try2-c4-recover start_us=12596696 end_us=12606946 dur_us=10249
UKL-MQTT-BENCH: BUFFULL run_id=try2-c4-recover start_us=12609711 end_us=12621970 dur_us=12259
UKL-MQTT-BENCH: BUFFULL run_id=try2-c4-recover start_us=12625367 end_us=12631860 dur_us=6492
UKL-MQTT-BENCH: BUFFULL run_id=try2-c4-recover start_us=12634028 end_us=12644003 dur_us=9975
UKL-MQTT-BENCH: BUFFULL run_id=try2-c4-recover start_us=12646811 end_us=12661059 dur_us=14247
UKL-MQTT-BENCH: BUFFULL run_id=try2-c4-recover start_us=12665006 end_us=12675932 dur_us=10925
UKL-MQTT-BENCH: BUFFULL run_id=try2-c4-recover start_us=12678718 end_us=12689178 dur_us=10460
UKL-MQTT-BENCH: BUFFULL run_id=try2-c4-recover start_us=12691954 end_us=12703891 dur_us=11937
UKL-MQTT-BENCH: BUFFULL run_id=try2-c4-recover start_us=12707210 end_us=12710921 dur_us=3711
UKL-MQTT-BENCH: BUFFULL run_id=try2-c4-recover start_us=12712564 end_us=12721009 dur_us=8444
UKL-MQTT-BENCH: BUFFULL run_id=try2-c4-recover start_us=12723187 end_us=12734919 dur_us=11731
UKL-MQTT-BENCH: BUFFULL run_id=try2-c4-recover start_us=12737690 end_us=12748983 dur_us=11292
UKL-MQTT-BENCH: BUFFULL run_id=try2-c4-recover start_us=12752326 end_us=12759903 dur_us=7577
UKL-MQTT-BENCH: BUFFULL run_id=try2-c4-recover start_us=12762076 end_us=12766795 dur_us=4719
UKL-MQTT-BENCH: BUFFULL run_id=try2-c4-recover start_us=12768414 end_us=12779883 dur_us=11468
UKL-MQTT-BENCH: BUFFULL run_id=try2-c4-recover start_us=12782646 end_us=12787807 dur_us=5161
UKL-MQTT-BENCH: BUFFULL run_id=try2-c4-recover start_us=12789426 end_us=12794788 dur_us=5362
UKL-MQTT-BENCH: BUFFULL run_id=try2-c4-recover start_us=12796414 end_us=12807871 dur_us=11456
UKL-MQTT-BENCH: BUFFULL run_id=try2-c4-recover start_us=12810637 end_us=12815811 dur_us=5174
UKL-MQTT-BENCH: BUFFULL run_id=try2-c4-recover start_us=12817429 end_us=12825811 dur_us=8381
UKL-MQTT-BENCH: BUFFULL run_id=try2-c4-recover start_us=12828011 end_us=12840032 dur_us=12020
UKL-MQTT-BENCH: BUFFULL run_id=try2-c4-recover start_us=12842793 end_us=12851936 dur_us=9143
UKL-MQTT-BENCH: BUFFULL run_id=try2-c4-recover start_us=12854713 end_us=12864097 dur_us=9383
UKL-MQTT-BENCH: BUFFULL run_id=try2-c4-recover start_us=12866860 end_us=12871787 dur_us=4926
UKL-MQTT-BENCH: BUFFULL run_id=try2-c4-recover start_us=12873408 end_us=12883872 dur_us=10464
UKL-MQTT-BENCH: BUFFULL run_id=try2-c4-recover start_us=12886037 end_us=12892833 dur_us=6795
UKL-MQTT-BENCH: BUFFULL run_id=try2-c4-recover start_us=12894998 end_us=12896883 dur_us=1884
UKL-MQTT-BENCH: BUFFULL run_id=try2-c4-recover start_us=12898149 end_us=12909920 dur_us=11770
UKL-MQTT-BENCH: BUFFULL run_id=try2-c4-recover start_us=12912699 end_us=12919835 dur_us=7135
UKL-MQTT-BENCH: BUFFULL run_id=try2-c4-recover start_us=12921996 end_us=12927816 dur_us=5819
UKL-MQTT-BENCH: BUFFULL run_id=try2-c4-recover start_us=12929431 end_us=12940904 dur_us=11472
UKL-MQTT-BENCH: BUFFULL run_id=try2-c4-recover start_us=12943664 end_us=12951960 dur_us=8295
UKL-MQTT-BENCH: BUFFULL run_id=try2-c4-recover start_us=12954713 end_us=12964879 dur_us=10165
UKL-MQTT-BENCH: BUFFULL run_id=try2-c4-recover start_us=12967625 end_us=12971939 dur_us=4314
UKL-MQTT-BENCH: BUFFULL run_id=try2-c4-recover start_us=12973563 end_us=12984854 dur_us=11290
UKL-MQTT-BENCH: BUFFULL run_id=try2-c4-recover start_us=12987625 end_us=12996870 dur_us=9244
UKL-MQTT-BENCH: BUFFULL run_id=try2-c4-recover start_us=12999642 end_us=13009867 dur_us=10224
UKL-MQTT-BENCH: BUFFULL run_id=try2-c4-recover start_us=13012621 end_us=13020828 dur_us=8207
UKL-MQTT-BENCH: BUFFULL run_id=try2-c4-recover start_us=13022990 end_us=13030872 dur_us=7881
UKL-MQTT-BENCH: BUFFULL run_id=try2-c4-recover start_us=13033043 end_us=13042850 dur_us=9807
UKL-MQTT-BENCH: BUFFULL run_id=try2-c4-recover start_us=13045615 end_us=13057865 dur_us=12249
UKL-MQTT-BENCH: BUFFULL run_id=try2-c4-recover start_us=13061186 end_us=13070908 dur_us=9722
UKL-MQTT-BENCH: BUFFULL run_id=try2-c4-recover start_us=13073704 end_us=13083874 dur_us=10170
UKL-MQTT-BENCH: BUFFULL run_id=try2-c4-recover start_us=13086635 end_us=13100947 dur_us=14311
UKL-MQTT-BENCH: BUFFULL run_id=try2-c4-recover start_us=13104255 end_us=13112825 dur_us=8569
UKL-MQTT-BENCH: BUFFULL run_id=try2-c4-recover start_us=13115611 end_us=13122834 dur_us=7223
UKL-MQTT-BENCH: BUFFULL run_id=try2-c4-recover start_us=13125029 end_us=13133854 dur_us=8825
UKL-MQTT-BENCH: BUFFULL run_id=try2-c4-recover start_us=13136013 end_us=13144933 dur_us=8919
UKL-MQTT-BENCH: BUFFULL run_id=try2-c4-recover start_us=13147104 end_us=13154822 dur_us=7717
UKL-MQTT-BENCH: BUFFULL run_id=try2-c4-recover start_us=13156976 end_us=13165615 dur_us=8638
UKL-MQTT-BENCH: BUFFULL run_id=try2-c4-recover start_us=13168407 end_us=13175991 dur_us=7583
UKL-MQTT-BENCH: BUFFULL run_id=try2-c4-recover start_us=13178158 end_us=13185847 dur_us=7689
UKL-MQTT-BENCH: BUFFULL run_id=try2-c4-recover start_us=13188025 end_us=13197912 dur_us=9887
UKL-MQTT-BENCH: BUFFULL run_id=try2-c4-recover start_us=13200669 end_us=13208842 dur_us=8173
UKL-MQTT-BENCH: BUFFULL run_id=try2-c4-recover start_us=13211012 end_us=13217530 dur_us=6518
UKL-MQTT-BENCH: BUFFULL run_id=try2-c4-recover start_us=13219709 end_us=13230855 dur_us=11146
UKL-MQTT-BENCH: BUFFULL run_id=try2-c4-recover start_us=13233659 end_us=13243861 dur_us=10202
UKL-MQTT-BENCH: BUFFULL run_id=try2-c4-recover start_us=13246623 end_us=13258892 dur_us=12268
UKL-MQTT-BENCH: BUFFULL run_id=try2-c4-recover start_us=13262202 end_us=13271939 dur_us=9737
UKL-MQTT-BENCH: BUFFULL run_id=try2-c4-recover start_us=13274706 end_us=13281853 dur_us=7146
UKL-MQTT-BENCH: BUFFULL run_id=try2-c4-recover start_us=13284027 end_us=13294870 dur_us=10842
UKL-MQTT-BENCH: BUFFULL run_id=try2-c4-recover start_us=13297621 end_us=13304852 dur_us=7230
UKL-MQTT-BENCH: BUFFULL run_id=try2-c4-recover start_us=13307033 end_us=13317844 dur_us=10810
UKL-MQTT-BENCH: BUFFULL run_id=try2-c4-recover start_us=13320652 end_us=13327842 dur_us=7189
UKL-MQTT-BENCH: BUFFULL run_id=try2-c4-recover start_us=13330009 end_us=13340006 dur_us=9997
UKL-MQTT-BENCH: BUFFULL run_id=try2-c4-recover start_us=13342771 end_us=13352859 dur_us=10088
UKL-MQTT-BENCH: BUFFULL run_id=try2-c4-recover start_us=13355620 end_us=13365871 dur_us=10251
UKL-MQTT-BENCH: BUFFULL run_id=try2-c4-recover start_us=13368623 end_us=13377853 dur_us=9230
UKL-MQTT-BENCH: BUFFULL run_id=try2-c4-recover start_us=13380641 end_us=13387845 dur_us=7204
UKL-MQTT-BENCH: BUFFULL run_id=try2-c4-recover start_us=13390008 end_us=13400842 dur_us=10833
UKL-MQTT-BENCH: BUFFULL run_id=try2-c4-recover start_us=13403613 end_us=13413857 dur_us=10243
UKL-MQTT-BENCH: BUFFULL run_id=try2-c4-recover start_us=13416627 end_us=13428879 dur_us=12252
UKL-MQTT-BENCH: BUFFULL run_id=try2-c4-recover start_us=13432192 end_us=13443869 dur_us=11677
UKL-MQTT-BENCH: BUFFULL run_id=try2-c4-recover start_us=13447198 end_us=13457891 dur_us=10693
UKL-MQTT-BENCH: BUFFULL run_id=try2-c4-recover start_us=13460650 end_us=13472918 dur_us=12268
UKL-MQTT-BENCH: BUFFULL run_id=try2-c4-recover start_us=13476219 end_us=13487034 dur_us=10814
UKL-MQTT-BENCH: BUFFULL run_id=try2-c4-recover start_us=13490914 end_us=13495625 dur_us=4710
UKL-MQTT-BENCH: BUFFULL run_id=try2-c4-recover start_us=13497248 end_us=13510896 dur_us=13647
UKL-MQTT-BENCH: BUFFULL run_id=try2-c4-recover start_us=13514216 end_us=13519807 dur_us=5591
UKL-MQTT-BENCH: BUFFULL run_id=try2-c4-recover start_us=13521426 end_us=13536874 dur_us=15447
UKL-MQTT-BENCH: BUFFULL run_id=try2-c4-recover start_us=13540782 end_us=13550927 dur_us=10144
UKL-MQTT-BENCH: BUFFULL run_id=try2-c4-recover start_us=13553687 end_us=13564874 dur_us=11186
UKL-MQTT-BENCH: BUFFULL run_id=try2-c4-recover start_us=13568184 end_us=13579883 dur_us=11698
UKL-MQTT-BENCH: BUFFULL run_id=try2-c4-recover start_us=13583193 end_us=13590900 dur_us=7706
UKL-MQTT-BENCH: BUFFULL run_id=try2-c4-recover start_us=13593069 end_us=13606871 dur_us=13801
UKL-MQTT-BENCH: BUFFULL run_id=try2-c4-recover start_us=13610204 end_us=13619848 dur_us=9643
UKL-MQTT-BENCH: BUFFULL run_id=try2-c4-recover start_us=13622686 end_us=13634857 dur_us=12171
UKL-MQTT-BENCH: BUFFULL run_id=try2-c4-recover start_us=13638181 end_us=13646878 dur_us=8697
UKL-MQTT-BENCH: BUFFULL run_id=try2-c4-recover start_us=13649647 end_us=13657880 dur_us=8233
UKL-MQTT-BENCH: BUFFULL run_id=try2-c4-recover start_us=13660044 end_us=13672887 dur_us=12843
UKL-MQTT-BENCH: BUFFULL run_id=try2-c4-recover start_us=13676196 end_us=13682960 dur_us=6764
UKL-MQTT-BENCH: BUFFULL run_id=try2-c4-recover start_us=13685126 end_us=13690780 dur_us=5653
UKL-MQTT-BENCH: BUFFULL run_id=try2-c4-recover start_us=13692395 end_us=13705891 dur_us=13496
UKL-MQTT-BENCH: BUFFULL run_id=try2-c4-recover start_us=13709217 end_us=13718866 dur_us=9649
UKL-MQTT-BENCH: BUFFULL run_id=try2-c4-recover start_us=13721672 end_us=13736922 dur_us=15250
UKL-MQTT-BENCH: BUFFULL run_id=try2-c4-recover start_us=13740830 end_us=13747983 dur_us=7153
UKL-MQTT-BENCH: BUFFULL run_id=try2-c4-recover start_us=13750166 end_us=13762633 dur_us=12467
UKL-MQTT-BENCH: BUFFULL run_id=try2-c4-recover start_us=13765939 end_us=13775876 dur_us=9937
UKL-MQTT-BENCH: BUFFULL run_id=try2-c4-recover start_us=13778641 end_us=13787996 dur_us=9354
UKL-MQTT-BENCH: BUFFULL run_id=try2-c4-recover start_us=13790770 end_us=13801003 dur_us=10232
UKL-MQTT-BENCH: BUFFULL run_id=try2-c4-recover start_us=13803765 end_us=13813995 dur_us=10230
UKL-MQTT-BENCH: BUFFULL run_id=try2-c4-recover start_us=13816773 end_us=13829887 dur_us=13113
UKL-MQTT-BENCH: BUFFULL run_id=try2-c4-recover start_us=13833202 end_us=13839833 dur_us=6631
UKL-MQTT-BENCH: BUFFULL run_id=try2-c4-recover start_us=13841996 end_us=13849974 dur_us=7977
UKL-MQTT-BENCH: BUFFULL run_id=try2-c4-recover start_us=13852145 end_us=13863873 dur_us=11728
UKL-MQTT-BENCH: BUFFULL run_id=try2-c4-recover start_us=13866633 end_us=13875856 dur_us=9223
UKL-MQTT-BENCH: BUFFULL run_id=try2-c4-recover start_us=13878605 end_us=13888868 dur_us=10263
UKL-MQTT-BENCH: BUFFULL run_id=try2-c4-recover start_us=13891639 end_us=13901856 dur_us=10216
UKL-MQTT-BENCH: BUFFULL run_id=try2-c4-recover start_us=13904612 end_us=13914865 dur_us=10252
UKL-MQTT-BENCH: BUFFULL run_id=try2-c4-recover start_us=13917622 end_us=13927899 dur_us=10277
UKL-MQTT-BENCH: BUFFULL run_id=try2-c4-recover start_us=13930689 end_us=13942879 dur_us=12190
UKL-MQTT-BENCH: BUFFULL run_id=try2-c4-recover start_us=13946220 end_us=13953840 dur_us=7619
UKL-MQTT-BENCH: BUFFULL run_id=try2-c4-recover start_us=13956012 end_us=13963847 dur_us=7835
UKL-MQTT-BENCH: BUFFULL run_id=try2-c4-recover start_us=13966039 end_us=13975981 dur_us=9941
UKL-MQTT-BENCH: BUFFULL run_id=try2-c4-recover start_us=13978744 end_us=13988868 dur_us=10123
UKL-MQTT-BENCH: BUFFULL run_id=try2-c4-recover start_us=13991626 end_us=14001863 dur_us=10237
UKL-MQTT-BENCH: BUFFULL run_id=try2-c4-recover start_us=14004631 end_us=14017871 dur_us=13240
UKL-MQTT-BENCH: BUFFULL run_id=try2-c4-recover start_us=14021212 end_us=14027825 dur_us=6612
UKL-MQTT-BENCH: BUFFULL run_id=try2-c4-recover start_us=14029987 end_us=14037967 dur_us=7979
UKL-MQTT-BENCH: BUFFULL run_id=try2-c4-recover start_us=14040130 end_us=14050854 dur_us=10723
UKL-MQTT-BENCH: BUFFULL run_id=try2-c4-recover start_us=14053607 end_us=14063845 dur_us=10237
UKL-MQTT-BENCH: BUFFULL run_id=try2-c4-recover start_us=14066629 end_us=14076844 dur_us=10214
UKL-MQTT-BENCH: BUFFULL run_id=try2-c4-recover start_us=14079603 end_us=14089874 dur_us=10270
UKL-MQTT-BENCH: BUFFULL run_id=try2-c4-recover start_us=14092655 end_us=14102849 dur_us=10194
UKL-MQTT-BENCH: BUFFULL run_id=try2-c4-recover start_us=14105620 end_us=14118871 dur_us=13251
UKL-MQTT-BENCH: BUFFULL run_id=try2-c4-recover start_us=14122202 end_us=14131845 dur_us=9643
UKL-MQTT-BENCH: BUFFULL run_id=try2-c4-recover start_us=14134603 end_us=14147877 dur_us=13274
UKL-MQTT-BENCH: BUFFULL run_id=try2-c4-recover start_us=14151221 end_us=14161896 dur_us=10674
UKL-MQTT-BENCH: BUFFULL run_id=try2-c4-recover start_us=14164650 end_us=14175998 dur_us=11348
UKL-MQTT-BENCH: BUFFULL run_id=try2-c4-recover start_us=14179292 end_us=14188001 dur_us=8708
UKL-MQTT-BENCH: BUFFULL run_id=try2-c4-recover start_us=14190769 end_us=14195784 dur_us=5014
UKL-MQTT-BENCH: BUFFULL run_id=try2-c4-recover start_us=14197392 end_us=14211901 dur_us=14508
UKL-MQTT-BENCH: BUFFULL run_id=try2-c4-recover start_us=14215217 end_us=14226896 dur_us=11678
UKL-MQTT-BENCH: BUFFULL run_id=try2-c4-recover start_us=14230202 end_us=14239332 dur_us=9130
UKL-MQTT-BENCH: BUFFULL run_id=try2-c4-recover start_us=14242085 end_us=14251864 dur_us=9779
UKL-MQTT-BENCH: BUFFULL run_id=try2-c4-recover start_us=14254634 end_us=14264864 dur_us=10229
UKL-MQTT-BENCH: BUFFULL run_id=try2-c4-recover start_us=14267630 end_us=14273982 dur_us=6352
UKL-MQTT-BENCH: BUFFULL run_id=try2-c4-recover start_us=14276144 end_us=14283829 dur_us=7684
UKL-MQTT-BENCH: BUFFULL run_id=try2-c4-recover start_us=14286005 end_us=14296863 dur_us=10857
UKL-MQTT-BENCH: BUFFULL run_id=try2-c4-recover start_us=14299634 end_us=14308866 dur_us=9232
UKL-MQTT-BENCH: BUFFULL run_id=try2-c4-recover start_us=14311638 end_us=14323700 dur_us=12062
UKL-MQTT-BENCH: BUFFULL run_id=try2-c4-recover start_us=14327017 end_us=14336036 dur_us=9018
UKL-MQTT-BENCH: BUFFULL run_id=try2-c4-recover start_us=14338796 end_us=14345964 dur_us=7168
UKL-MQTT-BENCH: BUFFULL run_id=try2-c4-recover start_us=14348139 end_us=14363954 dur_us=15815
UKL-MQTT-BENCH: BUFFULL run_id=try2-c4-recover start_us=14367874 end_us=14375864 dur_us=7990
UKL-MQTT-BENCH: BUFFULL run_id=try2-c4-recover start_us=14378625 end_us=14390909 dur_us=12284
UKL-MQTT-BENCH: BUFFULL run_id=try2-c4-recover start_us=14394228 end_us=14401838 dur_us=7609
UKL-MQTT-BENCH: BUFFULL run_id=try2-c4-recover start_us=14404001 end_us=14411839 dur_us=7837
UKL-MQTT-BENCH: BUFFULL run_id=try2-c4-recover start_us=14413994 end_us=14421817 dur_us=7822
UKL-MQTT-BENCH: BUFFULL run_id=try2-c4-recover start_us=14424014 end_us=14432872 dur_us=8857
UKL-MQTT-BENCH: BUFFULL run_id=try2-c4-recover start_us=14435623 end_us=14443823 dur_us=8200
UKL-MQTT-BENCH: BUFFULL run_id=try2-c4-recover start_us=14445999 end_us=14459867 dur_us=13867
UKL-MQTT-BENCH: BUFFULL run_id=try2-c4-recover start_us=14463164 end_us=14472860 dur_us=9695
UKL-MQTT-BENCH: BUFFULL run_id=try2-c4-recover start_us=14475662 end_us=14484847 dur_us=9185
UKL-MQTT-BENCH: BUFFULL run_id=try2-c4-recover start_us=14487624 end_us=14500892 dur_us=13267
UKL-MQTT-BENCH: BUFFULL run_id=try2-c4-recover start_us=14504201 end_us=14513838 dur_us=9636
UKL-MQTT-BENCH: BUFFULL run_id=try2-c4-recover start_us=14516595 end_us=14529901 dur_us=13306
UKL-MQTT-BENCH: BUFFULL run_id=try2-c4-recover start_us=14533223 end_us=14543907 dur_us=10684
UKL-MQTT-BENCH: BUFFULL run_id=try2-c4-recover start_us=14546666 end_us=14557866 dur_us=11200
UKL-MQTT-BENCH: BUFFULL run_id=try2-c4-recover start_us=14561204 end_us=14570849 dur_us=9644
UKL-MQTT-BENCH: BUFFULL run_id=try2-c4-recover start_us=14573615 end_us=14578805 dur_us=5189
UKL-MQTT-BENCH: BUFFULL run_id=try2-c4-recover start_us=14580422 end_us=14593875 dur_us=13452
UKL-MQTT-BENCH: BUFFULL run_id=try2-c4-recover start_us=14597177 end_us=14606864 dur_us=9686
UKL-MQTT-BENCH: BUFFULL run_id=try2-c4-recover start_us=14609629 end_us=14621897 dur_us=12268
UKL-MQTT-BENCH: BUFFULL run_id=try2-c4-recover start_us=14625210 end_us=14634848 dur_us=9638
UKL-MQTT-BENCH: BUFFULL run_id=try2-c4-recover start_us=14637674 end_us=14647855 dur_us=10181
UKL-MQTT-BENCH: BUFFULL run_id=try2-c4-recover start_us=14650616 end_us=14662882 dur_us=12265
UKL-MQTT-BENCH: BUFFULL run_id=try2-c4-recover start_us=14666224 end_us=14675569 dur_us=9344
UKL-MQTT-BENCH: BUFFULL run_id=try2-c4-recover start_us=14678353 end_us=14686902 dur_us=8548
UKL-MQTT-BENCH: BUFFULL run_id=try2-c4-recover start_us=14689784 end_us=14698566 dur_us=8782
UKL-MQTT-BENCH: BUFFULL run_id=try2-c4-recover start_us=14701327 end_us=14712869 dur_us=11541
UKL-MQTT-BENCH: BUFFULL run_id=try2-c4-recover start_us=14716160 end_us=14724894 dur_us=8734
UKL-MQTT-BENCH: BUFFULL run_id=try2-c4-recover start_us=14727660 end_us=14734846 dur_us=7186
UKL-MQTT-BENCH: BUFFULL run_id=try2-c4-recover start_us=14737585 end_us=14749956 dur_us=12370
UKL-MQTT-BENCH: BUFFULL run_id=try2-c4-recover start_us=14753858 end_us=14757780 dur_us=3921
UKL-MQTT-BENCH: BUFFULL run_id=try2-c4-recover start_us=14759401 end_us=14768862 dur_us=9460
UKL-MQTT-BENCH: BUFFULL run_id=try2-c4-recover start_us=14771614 end_us=14778863 dur_us=7248
UKL-MQTT-BENCH: BUFFULL run_id=try2-c4-recover start_us=14781021 end_us=14791845 dur_us=10824
UKL-MQTT-BENCH: BUFFULL run_id=try2-c4-recover start_us=14795153 end_us=14802871 dur_us=7718
UKL-MQTT-BENCH: BUFFULL run_id=try2-c4-recover start_us=14805626 end_us=14813857 dur_us=8230
UKL-MQTT-BENCH: BUFFULL run_id=try2-c4-recover start_us=14816629 end_us=14827891 dur_us=11261
UKL-MQTT-BENCH: BUFFULL run_id=try2-c4-recover start_us=14831193 end_us=14838875 dur_us=7682
UKL-MQTT-BENCH: BUFFULL run_id=try2-c4-recover start_us=14841628 end_us=14847838 dur_us=6209
UKL-MQTT-BENCH: BUFFULL run_id=try2-c4-recover start_us=14849997 end_us=14861865 dur_us=11868
UKL-MQTT-BENCH: BUFFULL run_id=try2-c4-recover start_us=14865182 end_us=14872851 dur_us=7669
UKL-MQTT-BENCH: BUFFULL run_id=try2-c4-recover start_us=14875615 end_us=14885851 dur_us=10235
UKL-MQTT-BENCH: BUFFULL run_id=try2-c4-recover start_us=14888618 end_us=14899847 dur_us=11229
UKL-MQTT-BENCH: BUFFULL run_id=try2-c4-recover start_us=14902607 end_us=14908848 dur_us=6241
UKL-MQTT-BENCH: BUFFULL run_id=try2-c4-recover start_us=14911036 end_us=14918630 dur_us=7594
UKL-MQTT-BENCH: BUFFULL run_id=try2-c4-recover start_us=14920792 end_us=14929935 dur_us=9143
UKL-MQTT-BENCH: BUFFULL run_id=try2-c4-recover start_us=14932093 end_us=14939909 dur_us=7815
UKL-MQTT-BENCH: BUFFULL run_id=try2-c4-recover start_us=14942066 end_us=14946955 dur_us=4888
UKL-MQTT-BENCH: BUFFULL run_id=try2-c4-recover start_us=14948591 end_us=14959910 dur_us=11318
UKL-MQTT-BENCH: BUFFULL run_id=try2-c4-recover start_us=14962697 end_us=14966832 dur_us=4134
UKL-MQTT-BENCH: BUFFULL run_id=try2-c4-recover start_us=14968459 end_us=14973957 dur_us=5497
UKL-MQTT-BENCH: BUFFULL run_id=try2-c4-recover start_us=14975588 end_us=14984826 dur_us=9238
UKL-MQTT-BENCH: BUFFULL run_id=try2-c4-recover start_us=14987022 end_us=14991840 dur_us=4817
UKL-MQTT-BENCH: BUFFULL run_id=try2-c4-recover start_us=14992857 end_us=14998768 dur_us=5910
UKL-MQTT-BENCH: BUFFULL run_id=try2-c4-recover start_us=15000383 end_us=15009881 dur_us=9497
UKL-MQTT-BENCH: BUFFULL run_id=try2-c4-recover start_us=15012633 end_us=15017799 dur_us=5165
UKL-MQTT-BENCH: BUFFULL run_id=try2-c4-recover start_us=15019414 end_us=15027822 dur_us=8407
UKL-MQTT-BENCH: BUFFULL run_id=try2-c4-recover start_us=15029995 end_us=15040833 dur_us=10838
UKL-MQTT-BENCH: BUFFULL run_id=try2-c4-recover start_us=15043598 end_us=15049815 dur_us=6216
UKL-MQTT-BENCH: BUFFULL run_id=try2-c4-recover start_us=15051457 end_us=15060846 dur_us=9389
UKL-MQTT-BENCH: BUFFULL run_id=try2-c4-recover start_us=15063043 end_us=15072843 dur_us=9799
UKL-MQTT-BENCH: BUFFULL run_id=try2-c4-recover start_us=15076154 end_us=15084086 dur_us=7931
UKL-MQTT-BENCH: BUFFULL run_id=try2-c4-recover start_us=15086241 end_us=15092785 dur_us=6543
UKL-MQTT-BENCH: BUFFULL run_id=try2-c4-recover start_us=15094403 end_us=15107010 dur_us=12607
UKL-MQTT-BENCH: BUFFULL run_id=try2-c4-recover start_us=15110296 end_us=15116962 dur_us=6666
UKL-MQTT-BENCH: BUFFULL run_id=try2-c4-recover start_us=15119134 end_us=15132877 dur_us=13742
UKL-MQTT-BENCH: BUFFULL run_id=try2-c4-recover start_us=15136178 end_us=15142937 dur_us=6758
UKL-MQTT-BENCH: BUFFULL run_id=try2-c4-recover start_us=15145092 end_us=15158868 dur_us=13776
UKL-MQTT-BENCH: BUFFULL run_id=try2-c4-recover start_us=15162161 end_us=15172827 dur_us=10666
UKL-MQTT-BENCH: BUFFULL run_id=try2-c4-recover start_us=15175587 end_us=15187946 dur_us=12358
UKL-MQTT-BENCH: BUFFULL run_id=try2-c4-recover start_us=15191247 end_us=15200920 dur_us=9672
UKL-MQTT-BENCH: BUFFULL run_id=try2-c4-recover start_us=15203677 end_us=15213019 dur_us=9342
UKL-MQTT-BENCH: BUFFULL run_id=try2-c4-recover start_us=15216364 end_us=15225014 dur_us=8650
UKL-MQTT-BENCH: BUFFULL run_id=try2-c4-recover start_us=15227852 end_us=15231832 dur_us=3979
UKL-MQTT-BENCH: BUFFULL run_id=try2-c4-recover start_us=15233447 end_us=15246915 dur_us=13468
UKL-MQTT-BENCH: BUFFULL run_id=try2-c4-recover start_us=15250213 end_us=15259868 dur_us=9654
UKL-MQTT-BENCH: BUFFULL run_id=try2-c4-recover start_us=15262637 end_us=15274861 dur_us=12224
UKL-MQTT-BENCH: BUFFULL run_id=try2-c4-recover start_us=15278163 end_us=15287860 dur_us=9697
UKL-MQTT-BENCH: BUFFULL run_id=try2-c4-recover start_us=15290606 end_us=15297831 dur_us=7224
UKL-MQTT-BENCH: BUFFULL run_id=try2-c4-recover start_us=15299995 end_us=15307838 dur_us=7843
UKL-MQTT-BENCH: BUFFULL run_id=try2-c4-recover start_us=15309999 end_us=15320862 dur_us=10862
UKL-MQTT-BENCH: BUFFULL run_id=try2-c4-recover start_us=15323631 end_us=15333856 dur_us=10225
UKL-MQTT-BENCH: BUFFULL run_id=try2-c4-recover start_us=15336622 end_us=15346983 dur_us=10361
UKL-MQTT-BENCH: BUFFULL run_id=try2-c4-recover start_us=15349756 end_us=15360851 dur_us=11095
UKL-MQTT-BENCH: BUFFULL run_id=try2-c4-recover start_us=15363617 end_us=15373855 dur_us=10238
UKL-MQTT-BENCH: BUFFULL run_id=try2-c4-recover start_us=15376624 end_us=15389867 dur_us=13243
UKL-MQTT-BENCH: BUFFULL run_id=try2-c4-recover start_us=15393181 end_us=15400848 dur_us=7667
UKL-MQTT-BENCH: BUFFULL run_id=try2-c4-recover start_us=15403022 end_us=15409899 dur_us=6877
UKL-MQTT-BENCH: BUFFULL run_id=try2-c4-recover start_us=15412076 end_us=15421953 dur_us=9877
UKL-MQTT-BENCH: BUFFULL run_id=try2-c4-recover start_us=15424702 end_us=15431861 dur_us=7159
UKL-MQTT-BENCH: BUFFULL run_id=try2-c4-recover start_us=15434039 end_us=15444900 dur_us=10860
UKL-MQTT-BENCH: BUFFULL run_id=try2-c4-recover start_us=15447722 end_us=15456868 dur_us=9146
UKL-MQTT-BENCH: BUFFULL run_id=try2-c4-recover start_us=15459635 end_us=15469859 dur_us=10223
UKL-MQTT-BENCH: BUFFULL run_id=try2-c4-recover start_us=15472646 end_us=15482014 dur_us=9367
UKL-MQTT-BENCH: BUFFULL run_id=try2-c4-recover start_us=15484771 end_us=15494903 dur_us=10131
UKL-MQTT-BENCH: BUFFULL run_id=try2-c4-recover start_us=15497854 end_us=15507941 dur_us=10086
UKL-MQTT-BENCH: BUFFULL run_id=try2-c4-recover start_us=15510753 end_us=15519758 dur_us=9004
UKL-MQTT-BENCH: BUFFULL run_id=try2-c4-recover start_us=15523048 end_us=15532968 dur_us=9919
UKL-MQTT-BENCH: BUFFULL run_id=try2-c4-recover start_us=15536545 end_us=15542874 dur_us=6328
UKL-MQTT-BENCH: BUFFULL run_id=try2-c4-recover start_us=15545059 end_us=15555060 dur_us=10001
UKL-MQTT-BENCH: BUFFULL run_id=try2-c4-recover start_us=15558121 end_us=15567122 dur_us=9000
UKL-MQTT-BENCH: BUFFULL run_id=try2-c4-recover start_us=15570894 end_us=15579940 dur_us=9046
UKL-MQTT-BENCH: BUFFULL run_id=try2-c4-recover start_us=15583746 end_us=15594933 dur_us=11187
UKL-MQTT-BENCH: BUFFULL run_id=try2-c4-recover start_us=15598290 end_us=15607951 dur_us=9661
UKL-MQTT-BENCH: BUFFULL run_id=try2-c4-recover start_us=15610724 end_us=15622068 dur_us=11343
UKL-MQTT-BENCH: BUFFULL run_id=try2-c4-recover start_us=15625376 end_us=15634861 dur_us=9485
UKL-MQTT-BENCH: BUFFULL run_id=try2-c4-recover start_us=15637629 end_us=15642292 dur_us=4662
UKL-MQTT-BENCH: BUFFULL run_id=try2-c4-recover start_us=15643917 end_us=15654910 dur_us=10993
UKL-MQTT-BENCH: BUFFULL run_id=try2-c4-recover start_us=15657666 end_us=15666837 dur_us=9170
UKL-MQTT-BENCH: BUFFULL run_id=try2-c4-recover start_us=15669588 end_us=15683874 dur_us=14285
UKL-MQTT-BENCH: BUFFULL run_id=try2-c4-recover start_us=15687200 end_us=15696859 dur_us=9659
UKL-MQTT-BENCH: BUFFULL run_id=try2-c4-recover start_us=15699608 end_us=15708868 dur_us=9259
UKL-MQTT-BENCH: BUFFULL run_id=try2-c4-recover start_us=15711634 end_us=15724882 dur_us=13247
UKL-MQTT-BENCH: BUFFULL run_id=try2-c4-recover start_us=15728203 end_us=15736836 dur_us=8632
UKL-MQTT-BENCH: BUFFULL run_id=try2-c4-recover start_us=15739638 end_us=15749856 dur_us=10218
UKL-MQTT-BENCH: BUFFULL run_id=try2-c4-recover start_us=15752612 end_us=15762850 dur_us=10237
UKL-MQTT-BENCH: BUFFULL run_id=try2-c4-recover start_us=15765600 end_us=15775834 dur_us=10234
UKL-MQTT-BENCH: BUFFULL run_id=try2-c4-recover start_us=15778608 end_us=15787846 dur_us=9238
UKL-MQTT-BENCH: BUFFULL run_id=try2-c4-recover start_us=15790609 end_us=15800839 dur_us=10230
UKL-MQTT-BENCH: BUFFULL run_id=try2-c4-recover start_us=15803593 end_us=15815871 dur_us=12278
UKL-MQTT-BENCH: BUFFULL run_id=try2-c4-recover start_us=15819182 end_us=15825845 dur_us=6663
UKL-MQTT-BENCH: BUFFULL run_id=try2-c4-recover start_us=15828050 end_us=15835813 dur_us=7763
UKL-MQTT-BENCH: BUFFULL run_id=try2-c4-recover start_us=15838015 end_us=15848858 dur_us=10842
UKL-MQTT-BENCH: BUFFULL run_id=try2-c4-recover start_us=15851623 end_us=15860986 dur_us=9363
UKL-MQTT-BENCH: BUFFULL run_id=try2-c4-recover start_us=15863754 end_us=15876871 dur_us=13117
UKL-MQTT-BENCH: BUFFULL run_id=try2-c4-recover start_us=15880190 end_us=15889002 dur_us=8812
UKL-MQTT-BENCH: BUFFULL run_id=try2-c4-recover start_us=15891753 end_us=15899507 dur_us=7753
UKL-MQTT-BENCH: BUFFULL run_id=try2-c4-recover start_us=15901681 end_us=15914882 dur_us=13201
UKL-MQTT-BENCH: BUFFULL run_id=try2-c4-recover start_us=15918216 end_us=15924840 dur_us=6623
UKL-MQTT-BENCH: BUFFULL run_id=try2-c4-recover start_us=15927012 end_us=15937867 dur_us=10854
UKL-MQTT-BENCH: BUFFULL run_id=try2-c4-recover start_us=15940615 end_us=15949875 dur_us=9259
UKL-MQTT-BENCH: BUFFULL run_id=try2-c4-recover start_us=15952671 end_us=15961910 dur_us=9239
UKL-MQTT-BENCH: BUFFULL run_id=try2-c4-recover start_us=15964727 end_us=15978974 dur_us=14247
UKL-MQTT-BENCH: BUFFULL run_id=try2-c4-recover start_us=15982284 end_us=15989986 dur_us=7701
UKL-MQTT-BENCH: BUFFULL run_id=try2-c4-recover start_us=15992760 end_us=15999835 dur_us=7074
UKL-MQTT-BENCH: BUFFULL run_id=try2-c4-recover start_us=16001997 end_us=16009823 dur_us=7826
UKL-MQTT-BENCH: BUFFULL run_id=try2-c4-recover start_us=16011997 end_us=16022003 dur_us=10006
UKL-MQTT-BENCH: BUFFULL run_id=try2-c4-recover start_us=16024769 end_us=16034841 dur_us=10071
UKL-MQTT-BENCH: BUFFULL run_id=try2-c4-recover start_us=16037597 end_us=16046979 dur_us=9381
UKL-MQTT-BENCH: BUFFULL run_id=try2-c4-recover start_us=16049762 end_us=16056975 dur_us=7212
UKL-MQTT-BENCH: BUFFULL run_id=try2-c4-recover start_us=16059185 end_us=16072866 dur_us=13681
UKL-MQTT-BENCH: BUFFULL run_id=try2-c4-recover start_us=16076181 end_us=16087060 dur_us=10878
UKL-MQTT-BENCH: BUFFULL run_id=try2-c4-recover start_us=16090371 end_us=16100691 dur_us=10320
UKL-MQTT-BENCH: BUFFULL run_id=try2-c4-recover start_us=16103461 end_us=16112835 dur_us=9374
UKL-MQTT-BENCH: BUFFULL run_id=try2-c4-recover start_us=16115615 end_us=16122843 dur_us=7227
UKL-MQTT-BENCH: BUFFULL run_id=try2-c4-recover start_us=16125008 end_us=16135000 dur_us=9992
UKL-MQTT-BENCH: BUFFULL run_id=try2-c4-recover start_us=16137759 end_us=16149870 dur_us=12110
UKL-MQTT-BENCH: BUFFULL run_id=try2-c4-recover start_us=16153206 end_us=16162843 dur_us=9636
UKL-MQTT-BENCH: BUFFULL run_id=try2-c4-recover start_us=16165603 end_us=16175856 dur_us=10252
UKL-MQTT-BENCH: BUFFULL run_id=try2-c4-recover start_us=16178618 end_us=16187846 dur_us=9227
UKL-MQTT-BENCH: BUFFULL run_id=try2-c4-recover start_us=16190598 end_us=16200842 dur_us=10243
UKL-MQTT-BENCH: BUFFULL run_id=try2-c4-recover start_us=16203617 end_us=16209958 dur_us=6341
UKL-MQTT-BENCH: BUFFULL run_id=try2-c4-recover start_us=16212141 end_us=16222846 dur_us=10705
UKL-MQTT-BENCH: BUFFULL run_id=try2-c4-recover start_us=16225603 end_us=16232590 dur_us=6986
UKL-MQTT-BENCH: BUFFULL run_id=try2-c4-recover start_us=16234758 end_us=16247032 dur_us=12274
UKL-MQTT-BENCH: BUFFULL run_id=try2-c4-recover start_us=16250349 end_us=16259827 dur_us=9478
UKL-MQTT-BENCH: BUFFULL run_id=try2-c4-recover start_us=16262609 end_us=16274860 dur_us=12250
UKL-MQTT-BENCH: BUFFULL run_id=try2-c4-recover start_us=16278177 end_us=16288004 dur_us=9827
UKL-MQTT-BENCH: BUFFULL run_id=try2-c4-recover start_us=16290763 end_us=16302859 dur_us=12096
UKL-MQTT-BENCH: BUFFULL run_id=try2-c4-recover start_us=16306174 end_us=16316937 dur_us=10762
UKL-MQTT-BENCH: BUFFULL run_id=try2-c4-recover start_us=16320256 end_us=16327815 dur_us=7558
UKL-MQTT-BENCH: BUFFULL run_id=try2-c4-recover start_us=16329979 end_us=16342847 dur_us=12867
UKL-MQTT-BENCH: BUFFULL run_id=try2-c4-recover start_us=16346150 end_us=16348775 dur_us=2624
UKL-MQTT-BENCH: BUFFULL run_id=try2-c4-recover start_us=16350398 end_us=16364868 dur_us=14469
UKL-MQTT-BENCH: BUFFULL run_id=try2-c4-recover start_us=16368605 end_us=16379984 dur_us=11378
UKL-MQTT-BENCH: BUFFULL run_id=try2-c4-recover start_us=16383295 end_us=16394867 dur_us=11572
UKL-MQTT-BENCH: BUFFULL run_id=try2-c4-recover start_us=16398159 end_us=16406881 dur_us=8721
UKL-MQTT-BENCH: BUFFULL run_id=try2-c4-recover start_us=16409640 end_us=16421860 dur_us=12219
UKL-MQTT-BENCH: BUFFULL run_id=try2-c4-recover start_us=16425185 end_us=16435872 dur_us=10686
UKL-MQTT-BENCH: BUFFULL run_id=try2-c4-recover start_us=16438622 end_us=16446916 dur_us=8293
UKL-MQTT-BENCH: BUFFULL run_id=try2-c4-recover start_us=16449710 end_us=16458923 dur_us=9212
UKL-MQTT-BENCH: BUFFULL run_id=try2-c4-recover start_us=16461667 end_us=16471839 dur_us=10172
UKL-MQTT-BENCH: BUFFULL run_id=try2-c4-recover start_us=16474604 end_us=16477796 dur_us=3192
UKL-MQTT-BENCH: BUFFULL run_id=try2-c4-recover start_us=16479406 end_us=16487960 dur_us=8553
UKL-MQTT-BENCH: BUFFULL run_id=try2-c4-recover start_us=16490133 end_us=16498817 dur_us=8683
UKL-MQTT-BENCH: BUFFULL run_id=try2-c4-recover start_us=16500983 end_us=16508838 dur_us=7855
UKL-MQTT-BENCH: BUFFULL run_id=try2-c4-recover start_us=16511001 end_us=16520828 dur_us=9826
UKL-MQTT-BENCH: BUFFULL run_id=try2-c4-recover start_us=16523597 end_us=16532841 dur_us=9243
UKL-MQTT-BENCH: BUFFULL run_id=try2-c4-recover start_us=16535592 end_us=16541969 dur_us=6376
UKL-MQTT-BENCH: BUFFULL run_id=try2-c4-recover start_us=16544139 end_us=16554857 dur_us=10717
UKL-MQTT-BENCH: BUFFULL run_id=try2-c4-recover start_us=16557607 end_us=16566861 dur_us=9253
UKL-MQTT-BENCH: BUFFULL run_id=try2-c4-recover start_us=16569619 end_us=16581850 dur_us=12231
UKL-MQTT-BENCH: BUFFULL run_id=try2-c4-recover start_us=16585196 end_us=16593843 dur_us=8646
UKL-MQTT-BENCH: BUFFULL run_id=try2-c4-recover start_us=16596603 end_us=16603812 dur_us=7209
UKL-MQTT-BENCH: BUFFULL run_id=try2-c4-recover start_us=16605986 end_us=16616016 dur_us=10030
UKL-MQTT-BENCH: BUFFULL run_id=try2-c4-recover start_us=16618804 end_us=16628842 dur_us=10037
UKL-MQTT-BENCH: BUFFULL run_id=try2-c4-recover start_us=16631608 end_us=16642984 dur_us=11376
UKL-MQTT-BENCH: BUFFULL run_id=try2-c4-recover start_us=16646290 end_us=16655867 dur_us=9576
UKL-MQTT-BENCH: BUFFULL run_id=try2-c4-recover start_us=16658621 end_us=16665809 dur_us=7187
UKL-MQTT-BENCH: BUFFULL run_id=try2-c4-recover start_us=16667975 end_us=16683926 dur_us=15951
UKL-MQTT-BENCH: BUFFULL run_id=try2-c4-recover start_us=16687845 end_us=16695836 dur_us=7991
UKL-MQTT-BENCH: BUFFULL run_id=try2-c4-recover start_us=16698601 end_us=16709801 dur_us=11199
UKL-MQTT-BENCH: BUFFULL run_id=try2-c4-recover start_us=16713133 end_us=16719955 dur_us=6822
UKL-MQTT-BENCH: BUFFULL run_id=try2-c4-recover start_us=16722123 end_us=16729820 dur_us=7697
UKL-MQTT-BENCH: BUFFULL run_id=try2-c4-recover start_us=16731984 end_us=16739789 dur_us=7804
UKL-MQTT-BENCH: BUFFULL run_id=try2-c4-recover start_us=16741996 end_us=16750864 dur_us=8867
UKL-MQTT-BENCH: BUFFULL run_id=try2-c4-recover start_us=16753638 end_us=16761839 dur_us=8201
UKL-MQTT-BENCH: BUFFULL run_id=try2-c4-recover start_us=16764023 end_us=16776481 dur_us=12458
UKL-MQTT-BENCH: BUFFULL run_id=try2-c4-recover start_us=16779787 end_us=16788634 dur_us=8846
UKL-MQTT-BENCH: BUFFULL run_id=try2-c4-recover start_us=16791405 end_us=16795934 dur_us=4529
UKL-MQTT-BENCH: BUFFULL run_id=try2-c4-recover start_us=16797571 end_us=16811030 dur_us=13459
UKL-MQTT-BENCH: BUFFULL run_id=try2-c4-recover start_us=16814344 end_us=16826878 dur_us=12534
UKL-MQTT-BENCH: BUFFULL run_id=try2-c4-recover start_us=16830194 end_us=16838899 dur_us=8704
UKL-MQTT-BENCH: BUFFULL run_id=try2-c4-recover start_us=16841665 end_us=16853885 dur_us=12219
UKL-MQTT-BENCH: BUFFULL run_id=try2-c4-recover start_us=16857181 end_us=16863977 dur_us=6795
UKL-MQTT-BENCH: BUFFULL run_id=try2-c4-recover start_us=16866154 end_us=16873963 dur_us=7809
UKL-MQTT-BENCH: BUFFULL run_id=try2-c4-recover start_us=16876130 end_us=16886835 dur_us=10705
UKL-MQTT-BENCH: BUFFULL run_id=try2-c4-recover start_us=16889613 end_us=16898837 dur_us=9224
UKL-MQTT-BENCH: BUFFULL run_id=try2-c4-recover start_us=16901586 end_us=16913842 dur_us=12255
UKL-MQTT-BENCH: BUFFULL run_id=try2-c4-recover start_us=16917152 end_us=16925972 dur_us=8820
UKL-MQTT-BENCH: BUFFULL run_id=try2-c4-recover start_us=16928762 end_us=16935973 dur_us=7210
UKL-MQTT-BENCH: BUFFULL run_id=try2-c4-recover start_us=16938140 end_us=16948840 dur_us=10700
UKL-MQTT-BENCH: BUFFULL run_id=try2-c4-recover start_us=16951603 end_us=16960848 dur_us=9245
UKL-MQTT-BENCH: BUFFULL run_id=try2-c4-recover start_us=16963619 end_us=16973848 dur_us=10228
UKL-MQTT-BENCH: BUFFULL run_id=try2-c4-recover start_us=16976614 end_us=16985846 dur_us=9231
UKL-MQTT-BENCH: BUFFULL run_id=try2-c4-recover start_us=16988600 end_us=16998678 dur_us=10077
UKL-MQTT-BENCH: BUFFULL run_id=try2-c4-recover start_us=17001428 end_us=17013860 dur_us=12431
UKL-MQTT-BENCH: BUFFULL run_id=try2-c4-recover start_us=17017167 end_us=17026452 dur_us=9285
UKL-MQTT-BENCH: BUFFULL run_id=try2-c4-recover start_us=17029202 end_us=17041855 dur_us=12652
UKL-MQTT-BENCH: BUFFULL run_id=try2-c4-recover start_us=17045180 end_us=17055905 dur_us=10725
UKL-MQTT-BENCH: BUFFULL run_id=try2-c4-recover start_us=17058704 end_us=17069852 dur_us=11148
UKL-MQTT-BENCH: BUFFULL run_id=try2-c4-recover start_us=17073209 end_us=17082695 dur_us=9485
UKL-MQTT-BENCH: BUFFULL run_id=try2-c4-recover start_us=17085465 end_us=17089930 dur_us=4464
UKL-MQTT-BENCH: BUFFULL run_id=try2-c4-recover start_us=17091548 end_us=17105893 dur_us=14344
UKL-MQTT-BENCH: BUFFULL run_id=try2-c4-recover start_us=17109203 end_us=17118030 dur_us=8827
UKL-MQTT-BENCH: BUFFULL run_id=try2-c4-recover start_us=17120805 end_us=17133853 dur_us=13047
UKL-MQTT-BENCH: BUFFULL run_id=try2-c4-recover start_us=17137159 end_us=17145968 dur_us=8808
UKL-MQTT-BENCH: BUFFULL run_id=try2-c4-recover start_us=17148725 end_us=17155988 dur_us=7263
UKL-MQTT-BENCH: BUFFULL run_id=try2-c4-recover start_us=17158160 end_us=17166796 dur_us=8636
UKL-MQTT-BENCH: BUFFULL run_id=try2-c4-recover start_us=17168974 end_us=17177886 dur_us=8911
UKL-MQTT-BENCH: BUFFULL run_id=try2-c4-recover start_us=17180646 end_us=17188812 dur_us=8165
UKL-MQTT-BENCH: BUFFULL run_id=try2-c4-recover start_us=17191006 end_us=17203863 dur_us=12856
UKL-MQTT-BENCH: BUFFULL run_id=try2-c4-recover start_us=17207178 end_us=17216862 dur_us=9684
UKL-MQTT-BENCH: BUFFULL run_id=try2-c4-recover start_us=17219624 end_us=17229885 dur_us=10261
UKL-MQTT-BENCH: BUFFULL run_id=try2-c4-recover start_us=17232650 end_us=17242796 dur_us=10146
UKL-MQTT-BENCH: BUFFULL run_id=try2-c4-recover start_us=17245557 end_us=17254851 dur_us=9294
UKL-MQTT-BENCH: BUFFULL run_id=try2-c4-recover start_us=17257611 end_us=17267838 dur_us=10226
UKL-MQTT-BENCH: BUFFULL run_id=try2-c4-recover start_us=17270626 end_us=17279843 dur_us=9216
UKL-MQTT-BENCH: BUFFULL run_id=try2-c4-recover start_us=17282606 end_us=17296945 dur_us=14339
UKL-MQTT-BENCH: BUFFULL run_id=try2-c4-recover start_us=17300280 end_us=17310867 dur_us=10587
UKL-MQTT-BENCH: BUFFULL run_id=try2-c4-recover start_us=17314187 end_us=17326879 dur_us=12692
UKL-MQTT-BENCH: BUFFULL run_id=try2-c4-recover start_us=17330201 end_us=17336804 dur_us=6603
UKL-MQTT-BENCH: BUFFULL run_id=try2-c4-recover start_us=17338972 end_us=17348998 dur_us=10025
UKL-MQTT-BENCH: BUFFULL run_id=try2-c4-recover start_us=17351780 end_us=17361857 dur_us=10077
UKL-MQTT-BENCH: BUFFULL run_id=try2-c4-recover start_us=17364614 end_us=17376857 dur_us=12242
UKL-MQTT-BENCH: BUFFULL run_id=try2-c4-recover start_us=17380163 end_us=17386798 dur_us=6634
UKL-MQTT-BENCH: BUFFULL run_id=try2-c4-recover start_us=17388957 end_us=17399836 dur_us=10879
UKL-MQTT-BENCH: BUFFULL run_id=try2-c4-recover start_us=17402608 end_us=17414867 dur_us=12259
UKL-MQTT-BENCH: BUFFULL run_id=try2-c4-recover start_us=17418182 end_us=17426843 dur_us=8661
UKL-MQTT-BENCH: BUFFULL run_id=try2-c4-recover start_us=17429592 end_us=17439826 dur_us=10234
UKL-MQTT-BENCH: BUFFULL run_id=try2-c4-recover start_us=17442589 end_us=17452855 dur_us=10265
UKL-MQTT-BENCH: BUFFULL run_id=try2-c4-recover start_us=17455616 end_us=17464851 dur_us=9234
UKL-MQTT-BENCH: BUFFULL run_id=try2-c4-recover start_us=17467602 end_us=17480930 dur_us=13328
UKL-MQTT-BENCH: BUFFULL run_id=try2-c4-recover start_us=17484217 end_us=17492837 dur_us=8619
UKL-MQTT-BENCH: BUFFULL run_id=try2-c4-recover start_us=17495611 end_us=17502817 dur_us=7206
UKL-MQTT-BENCH: BUFFULL run_id=try2-c4-recover start_us=17504975 end_us=17512811 dur_us=7836
UKL-MQTT-BENCH: BUFFULL run_id=try2-c4-recover start_us=17515010 end_us=17525653 dur_us=10643
UKL-MQTT-BENCH: BUFFULL run_id=try2-c4-recover start_us=17528434 end_us=17538831 dur_us=10396
UKL-MQTT-BENCH: BUFFULL run_id=try2-c4-recover start_us=17541600 end_us=17550836 dur_us=9235
UKL-MQTT-BENCH: BUFFULL run_id=try2-c4-recover start_us=17553578 end_us=17561008 dur_us=7429
UKL-MQTT-BENCH: BUFFULL run_id=try2-c4-recover start_us=17563167 end_us=17576871 dur_us=13703
UKL-MQTT-BENCH: BUFFULL run_id=try2-c4-recover start_us=17580172 end_us=17591875 dur_us=11703
UKL-MQTT-BENCH: BUFFULL run_id=try2-c4-recover start_us=17595206 end_us=17605852 dur_us=10646
UKL-MQTT-BENCH: BUFFULL run_id=try2-c4-recover start_us=17608608 end_us=17618009 dur_us=9401
UKL-MQTT-BENCH: BUFFULL run_id=try2-c4-recover start_us=17620777 end_us=17628828 dur_us=8051
UKL-MQTT-BENCH: BUFFULL run_id=try2-c4-recover start_us=17631001 end_us=17641004 dur_us=10003
UKL-MQTT-BENCH: BUFFULL run_id=try2-c4-recover start_us=17643766 end_us=17653850 dur_us=10084
UKL-MQTT-BENCH: BUFFULL run_id=try2-c4-recover start_us=17656629 end_us=17666866 dur_us=10236
UKL-MQTT-BENCH: BUFFULL run_id=try2-c4-recover start_us=17669615 end_us=17679834 dur_us=10219
UKL-MQTT-BENCH: BUFFULL run_id=try2-c4-recover start_us=17682606 end_us=17692842 dur_us=10235
UKL-MQTT-BENCH: BUFFULL run_id=try2-c4-recover start_us=17695604 end_us=17704838 dur_us=9233
UKL-MQTT-BENCH: BUFFULL run_id=try2-c4-recover start_us=17707611 end_us=17721901 dur_us=14289
UKL-MQTT-BENCH: BUFFULL run_id=try2-c4-recover start_us=17725216 end_us=17735862 dur_us=10645
UKL-MQTT-BENCH: BUFFULL run_id=try2-c4-recover start_us=17739163 end_us=17750867 dur_us=11704
UKL-MQTT-BENCH: BUFFULL run_id=try2-c4-recover start_us=17754206 end_us=17760851 dur_us=6645
UKL-MQTT-BENCH: BUFFULL run_id=try2-c4-recover start_us=17763031 end_us=17773851 dur_us=10819
UKL-MQTT-BENCH: BUFFULL run_id=try2-c4-recover start_us=17776657 end_us=17786842 dur_us=10185
UKL-MQTT-BENCH: BUFFULL run_id=try2-c4-recover start_us=17789611 end_us=17802928 dur_us=13316
UKL-MQTT-BENCH: BUFFULL run_id=try2-c4-recover start_us=17806231 end_us=17813794 dur_us=7562
UKL-MQTT-BENCH: BUFFULL run_id=try2-c4-recover start_us=17816552 end_us=17826853 dur_us=10301
UKL-MQTT-BENCH: BUFFULL run_id=try2-c4-recover start_us=17829614 end_us=17834759 dur_us=5144
UKL-MQTT-BENCH: BUFFULL run_id=try2-c4-recover start_us=17836372 end_us=17847840 dur_us=11468
UKL-MQTT-BENCH: BUFFULL run_id=try2-c4-recover start_us=17850647 end_us=17859810 dur_us=9162
UKL-MQTT-BENCH: BUFFULL run_id=try2-c4-recover start_us=17862584 end_us=17875984 dur_us=13399
UKL-MQTT-BENCH: BUFFULL run_id=try2-c4-recover start_us=17879295 end_us=17887640 dur_us=8344
UKL-MQTT-BENCH: BUFFULL run_id=try2-c4-recover start_us=17890404 end_us=17900895 dur_us=10490
UKL-MQTT-BENCH: BUFFULL run_id=try2-c4-recover start_us=17903691 end_us=17908335 dur_us=4644
UKL-MQTT-BENCH: BUFFULL run_id=try2-c4-recover start_us=17909970 end_us=17917808 dur_us=7838
UKL-MQTT-BENCH: BUFFULL run_id=try2-c4-recover start_us=17919967 end_us=17928812 dur_us=8845
UKL-MQTT-BENCH: BUFFULL run_id=try2-c4-recover start_us=17930985 end_us=17935711 dur_us=4725
UKL-MQTT-BENCH: BUFFULL run_id=try2-c4-recover start_us=17937376 end_us=17946952 dur_us=9576
UKL-MQTT-BENCH: BUFFULL run_id=try2-c4-recover start_us=17949132 end_us=17958618 dur_us=9486
UKL-MQTT-BENCH: BUFFULL run_id=try2-c4-recover start_us=17961378 end_us=17969801 dur_us=8422
UKL-MQTT-BENCH: BUFFULL run_id=try2-c4-recover start_us=17971971 end_us=17984812 dur_us=12840
UKL-MQTT-BENCH: BUFFULL run_id=try2-c4-recover start_us=17988139 end_us=17994823 dur_us=6684
UKL-MQTT-BENCH: BUFFULL run_id=try2-c4-recover start_us=17997003 end_us=18009846 dur_us=12843
UKL-MQTT-BENCH: BUFFULL run_id=try2-c4-recover start_us=18013173 end_us=18022837 dur_us=9663
UKL-MQTT-BENCH: BUFFULL run_id=try2-c4-recover start_us=18025616 end_us=18038848 dur_us=13232
UKL-MQTT-BENCH: BUFFULL run_id=try2-c4-recover start_us=18042196 end_us=18051833 dur_us=9637
UKL-MQTT-BENCH: BUFFULL run_id=try2-c4-recover start_us=18054588 end_us=18061807 dur_us=7218
UKL-MQTT-BENCH: BUFFULL run_id=try2-c4-recover start_us=18063975 end_us=18077026 dur_us=13051
UKL-MQTT-BENCH: BUFFULL run_id=try2-c4-recover start_us=18080343 end_us=18087755 dur_us=7412
UKL-MQTT-BENCH: BUFFULL run_id=try2-c4-recover start_us=18090246 end_us=18100870 dur_us=10624
UKL-MQTT-BENCH: BUFFULL run_id=try2-c4-recover start_us=18103638 end_us=18114000 dur_us=10361
UKL-MQTT-BENCH: BUFFULL run_id=try2-c4-recover start_us=18116785 end_us=18127004 dur_us=10218
UKL-MQTT-BENCH: BUFFULL run_id=try2-c4-recover start_us=18129764 end_us=18139820 dur_us=10055
UKL-MQTT-BENCH: BUFFULL run_id=try2-c4-recover start_us=18142618 end_us=18149971 dur_us=7352
UKL-MQTT-BENCH: BUFFULL run_id=try2-c4-recover start_us=18152156 end_us=18162813 dur_us=10656
UKL-MQTT-BENCH: BUFFULL run_id=try2-c4-recover start_us=18165561 end_us=18175836 dur_us=10275
UKL-MQTT-BENCH: BUFFULL run_id=try2-c4-recover start_us=18178608 end_us=18191856 dur_us=13248
UKL-MQTT-BENCH: BUFFULL run_id=try2-c4-recover start_us=18195172 end_us=18208136 dur_us=12964
UKL-MQTT-BENCH: BUFFULL run_id=try2-c4-recover start_us=18211784 end_us=18221064 dur_us=9279
UKL-MQTT-BENCH: BUFFULL run_id=try2-c4-recover start_us=18223932 end_us=18235127 dur_us=11194
UKL-MQTT-BENCH: BUFFULL run_id=try2-c4-recover start_us=18238485 end_us=18249237 dur_us=10751
UKL-MQTT-BENCH: BUFFULL run_id=try2-c4-recover start_us=18252144 end_us=18261355 dur_us=9210
UKL-MQTT-BENCH: BUFFULL run_id=try2-c4-recover start_us=18264138 end_us=18274931 dur_us=10792
UKL-MQTT-BENCH: BUFFULL run_id=try2-c4-recover start_us=18277794 end_us=18283824 dur_us=6030
UKL-MQTT-BENCH: BUFFULL run_id=try2-c4-recover start_us=18285996 end_us=18297331 dur_us=11334
UKL-MQTT-BENCH: BUFFULL run_id=try2-c4-recover start_us=18300524 end_us=18310055 dur_us=9530
UKL-MQTT-BENCH: BUFFULL run_id=try2-c4-recover start_us=18313048 end_us=18326218 dur_us=13170
UKL-MQTT-BENCH: BUFFULL run_id=try2-c4-recover start_us=18332051 end_us=18344299 dur_us=12247
UKL-MQTT-BENCH: BUFFULL run_id=try2-c4-recover start_us=18347747 end_us=18357889 dur_us=10142
UKL-MQTT-BENCH: BUFFULL run_id=try2-c4-recover start_us=18360879 end_us=18370053 dur_us=9174
UKL-MQTT-BENCH: BUFFULL run_id=try2-c4-recover start_us=18372922 end_us=18385208 dur_us=12286
UKL-MQTT-BENCH: BUFFULL run_id=try2-c4-recover start_us=18389127 end_us=18395108 dur_us=5980
UKL-MQTT-BENCH: BUFFULL run_id=try2-c4-recover start_us=18397380 end_us=18411125 dur_us=13745
UKL-MQTT-BENCH: BUFFULL run_id=try2-c4-recover start_us=18414013 end_us=18428025 dur_us=14011
UKL-MQTT-BENCH: BUFFULL run_id=try2-c4-recover start_us=18431462 end_us=18439933 dur_us=8471
UKL-MQTT-BENCH: BUFFULL run_id=try2-c4-recover start_us=18442723 end_us=18450902 dur_us=8178
UKL-MQTT-BENCH: BUFFULL run_id=try2-c4-recover start_us=18453679 end_us=18462925 dur_us=9245
UKL-MQTT-BENCH: BUFFULL run_id=try2-c4-recover start_us=18465749 end_us=18471933 dur_us=6184
UKL-MQTT-BENCH: BUFFULL run_id=try2-c4-recover start_us=18474114 end_us=18483915 dur_us=9801
UKL-MQTT-BENCH: BUFFULL run_id=try2-c4-recover start_us=18486712 end_us=18496896 dur_us=10184
UKL-MQTT-BENCH: BUFFULL run_id=try2-c4-recover start_us=18500185 end_us=18506864 dur_us=6678
UKL-MQTT-BENCH: BUFFULL run_id=try2-c4-recover start_us=18509149 end_us=18519870 dur_us=10721
UKL-MQTT-BENCH: BUFFULL run_id=try2-c4-recover start_us=18522678 end_us=18534884 dur_us=12206
UKL-MQTT-BENCH: BUFFULL run_id=try2-c4-recover start_us=18538220 end_us=18549995 dur_us=11775
UKL-MQTT-BENCH: BUFFULL run_id=try2-c4-recover start_us=18552806 end_us=18563864 dur_us=11057
UKL-MQTT-BENCH: BUFFULL run_id=try2-c4-recover start_us=18567663 end_us=18578959 dur_us=11296
UKL-MQTT-BENCH: BUFFULL run_id=try2-c4-recover start_us=18582345 end_us=18587818 dur_us=5472
UKL-MQTT-BENCH: BUFFULL run_id=try2-c4-recover start_us=18589433 end_us=18602940 dur_us=13507
UKL-MQTT-BENCH: BUFFULL run_id=try2-c4-recover start_us=18606280 end_us=18615901 dur_us=9621
UKL-MQTT-BENCH: BUFFULL run_id=try2-c4-recover start_us=18618758 end_us=18631889 dur_us=13131
UKL-MQTT-BENCH: BUFFULL run_id=try2-c4-recover start_us=18635195 end_us=18642835 dur_us=7640
UKL-MQTT-BENCH: BUFFULL run_id=try2-c4-recover start_us=18644995 end_us=18652843 dur_us=7847
UKL-MQTT-BENCH: BUFFULL run_id=try2-c4-recover start_us=18655077 end_us=18665902 dur_us=10824
UKL-MQTT-BENCH: BUFFULL run_id=try2-c4-recover start_us=18668694 end_us=18676843 dur_us=8149
UKL-MQTT-BENCH: BUFFULL run_id=try2-c4-recover start_us=18679027 end_us=18689892 dur_us=10864
UKL-MQTT-BENCH: BUFFULL run_id=try2-c4-recover start_us=18692662 end_us=18699819 dur_us=7156
UKL-MQTT-BENCH: BUFFULL run_id=try2-c4-recover start_us=18702077 end_us=18712868 dur_us=10790
UKL-MQTT-BENCH: BUFFULL run_id=try2-c4-recover start_us=18715635 end_us=18722840 dur_us=7204
UKL-MQTT-BENCH: BUFFULL run_id=try2-c4-recover start_us=18725024 end_us=18738847 dur_us=13823
UKL-MQTT-BENCH: BUFFULL run_id=try2-c4-recover start_us=18742141 end_us=18751844 dur_us=9703
UKL-MQTT-BENCH: BUFFULL run_id=try2-c4-recover start_us=18755252 end_us=18767814 dur_us=12561
UKL-MQTT-BENCH: BUFFULL run_id=try2-c4-recover start_us=18770578 end_us=18784025 dur_us=13446
UKL-MQTT-BENCH: BUFFULL run_id=try2-c4-recover start_us=18787331 end_us=18794836 dur_us=7505
UKL-MQTT-BENCH: BUFFULL run_id=try2-c4-recover start_us=18797007 end_us=18810848 dur_us=13840
UKL-MQTT-BENCH: BUFFULL run_id=try2-c4-recover start_us=18814149 end_us=18823835 dur_us=9686
UKL-MQTT-BENCH: BUFFULL run_id=try2-c4-recover start_us=18826595 end_us=18836832 dur_us=10236
UKL-MQTT-BENCH: BUFFULL run_id=try2-c4-recover start_us=18839612 end_us=18847792 dur_us=8180
UKL-MQTT-BENCH: BUFFULL run_id=try2-c4-recover start_us=18849958 end_us=18860855 dur_us=10897
UKL-MQTT-BENCH: BUFFULL run_id=try2-c4-recover start_us=18863659 end_us=18873866 dur_us=10207
UKL-MQTT-BENCH: BUFFULL run_id=try2-c4-recover start_us=18876641 end_us=18886040 dur_us=9398
UKL-MQTT-BENCH: BUFFULL run_id=try2-c4-recover start_us=18888848 end_us=18895988 dur_us=7139
UKL-MQTT-BENCH: BUFFULL run_id=try2-c4-recover start_us=18898191 end_us=18906015 dur_us=7824
UKL-MQTT-BENCH: BUFFULL run_id=try2-c4-recover start_us=18908192 end_us=18919038 dur_us=10846
UKL-MQTT-BENCH: BUFFULL run_id=try2-c4-recover start_us=18921800 end_us=18932984 dur_us=11184
UKL-MQTT-BENCH: BUFFULL run_id=try2-c4-recover start_us=18936433 end_us=18946131 dur_us=9697
UKL-MQTT-BENCH: BUFFULL run_id=try2-c4-recover start_us=18948919 end_us=18955973 dur_us=7054
UKL-MQTT-BENCH: BUFFULL run_id=try2-c4-recover start_us=18958296 end_us=18970982 dur_us=12685
UKL-MQTT-BENCH: BUFFULL run_id=try2-c4-recover start_us=18974322 end_us=18980829 dur_us=6506
UKL-MQTT-BENCH: BUFFULL run_id=try2-c4-recover start_us=18983087 end_us=18993779 dur_us=10692
UKL-MQTT-BENCH: BUFFULL run_id=try2-c4-recover start_us=18997015 end_us=19007144 dur_us=10129
UKL-MQTT-BENCH: BUFFULL run_id=try2-c4-recover start_us=19011125 end_us=19020137 dur_us=9011
UKL-MQTT-BENCH: BUFFULL run_id=try2-c4-recover start_us=19025416 end_us=19033964 dur_us=8548
UKL-MQTT-BENCH: BUFFULL run_id=try2-c4-recover start_us=19039227 end_us=19045045 dur_us=5818
UKL-MQTT-BENCH: BUFFULL run_id=try2-c4-recover start_us=19047599 end_us=19058289 dur_us=10690
UKL-MQTT-BENCH: BUFFULL run_id=try2-c4-recover start_us=19063115 end_us=19072037 dur_us=8922
UKL-MQTT-BENCH: BUFFULL run_id=try2-c4-recover start_us=19075233 end_us=19088014 dur_us=12780
UKL-MQTT-BENCH: BUFFULL run_id=try2-c4-recover start_us=19091941 end_us=19102984 dur_us=11042
UKL-MQTT-BENCH: BUFFULL run_id=try2-c4-recover start_us=19108388 end_us=19115022 dur_us=6634
UKL-MQTT-BENCH: BUFFULL run_id=try2-c4-recover start_us=19117824 end_us=19129037 dur_us=11212
UKL-MQTT-BENCH: BUFFULL run_id=try2-c4-recover start_us=19132938 end_us=19143035 dur_us=10097
UKL-MQTT-BENCH: BUFFULL run_id=try2-c4-recover start_us=19145830 end_us=19154377 dur_us=8547
UKL-MQTT-BENCH: BUFFULL run_id=try2-c4-recover start_us=19157303 end_us=19167603 dur_us=10300
UKL-MQTT-BENCH: BUFFULL run_id=try2-c4-recover start_us=19170766 end_us=19176972 dur_us=6206
UKL-MQTT-BENCH: BUFFULL run_id=try2-c4-recover start_us=19179145 end_us=19189336 dur_us=10191
UKL-MQTT-BENCH: BUFFULL run_id=try2-c4-recover start_us=19192616 end_us=19201063 dur_us=8446
UKL-MQTT-BENCH: BUFFULL run_id=try2-c4-recover start_us=19205127 end_us=19212993 dur_us=7866
UKL-MQTT-BENCH: BUFFULL run_id=try2-c4-recover start_us=19216466 end_us=19224227 dur_us=7761
UKL-MQTT-BENCH: BUFFULL run_id=try2-c4-recover start_us=19226453 end_us=19232964 dur_us=6511
UKL-MQTT-BENCH: BUFFULL run_id=try2-c4-recover start_us=19235176 end_us=19244218 dur_us=9041
UKL-MQTT-BENCH: BUFFULL run_id=try2-c4-recover start_us=19247581 end_us=19254924 dur_us=7343
UKL-MQTT-BENCH: BUFFULL run_id=try2-c4-recover start_us=19257152 end_us=19270197 dur_us=13044
UKL-MQTT-BENCH: BUFFULL run_id=try2-c4-recover start_us=19274870 end_us=19279795 dur_us=4925
UKL-MQTT-BENCH: BUFFULL run_id=try2-c4-recover start_us=19282014 end_us=19291827 dur_us=9813
UKL-MQTT-BENCH: BUFFULL run_id=try2-c4-recover start_us=19295682 end_us=19304117 dur_us=8434
UKL-MQTT-BENCH: BUFFULL run_id=try2-c4-recover start_us=19307804 end_us=19317113 dur_us=9309
UKL-MQTT-BENCH: BUFFULL run_id=try2-c4-recover start_us=19320116 end_us=19329981 dur_us=9864
UKL-MQTT-BENCH: BUFFULL run_id=try2-c4-recover start_us=19332809 end_us=19343200 dur_us=10390
UKL-MQTT-BENCH: BUFFULL run_id=try2-c4-recover start_us=19346034 end_us=19354800 dur_us=8765
UKL-MQTT-BENCH: BUFFULL run_id=try2-c4-recover start_us=19359360 end_us=19369350 dur_us=9990
UKL-MQTT-BENCH: BUFFULL run_id=try2-c4-recover start_us=19372718 end_us=19379873 dur_us=7154
UKL-MQTT-BENCH: BUFFULL run_id=try2-c4-recover start_us=19382041 end_us=19389838 dur_us=7797
UKL-MQTT-BENCH: BUFFULL run_id=try2-c4-recover start_us=19392328 end_us=19403055 dur_us=10726
UKL-MQTT-BENCH: BUFFULL run_id=try2-c4-recover start_us=19407701 end_us=19414940 dur_us=7238
UKL-MQTT-BENCH: BUFFULL run_id=try2-c4-recover start_us=19418354 end_us=19429678 dur_us=11323
UKL-MQTT-BENCH: BUFFULL run_id=try2-c4-recover start_us=19434019 end_us=19442157 dur_us=8138
UKL-MQTT-BENCH: BUFFULL run_id=try2-c4-recover start_us=19445457 end_us=19454400 dur_us=8943
UKL-MQTT-BENCH: BUFFULL run_id=try2-c4-recover start_us=19457480 end_us=19466040 dur_us=8560
UKL-MQTT-BENCH: BUFFULL run_id=try2-c4-recover start_us=19469677 end_us=19479207 dur_us=9529
UKL-MQTT-BENCH: BUFFULL run_id=try2-c4-recover start_us=19483244 end_us=19491960 dur_us=8716
UKL-MQTT-BENCH: BUFFULL run_id=try2-c4-recover start_us=19495890 end_us=19508977 dur_us=13086
UKL-MQTT-BENCH: BUFFULL run_id=try2-c4-recover start_us=19512974 end_us=19521393 dur_us=8419
UKL-MQTT-BENCH: BUFFULL run_id=try2-c4-recover start_us=19525355 end_us=19537096 dur_us=11741
UKL-MQTT-BENCH: BUFFULL run_id=try2-c4-recover start_us=19540768 end_us=19542048 dur_us=1280
UKL-MQTT-BENCH: BUFFULL run_id=try2-c4-recover start_us=19543800 end_us=19554655 dur_us=10854
UKL-MQTT-BENCH: BUFFULL run_id=try2-c4-recover start_us=19558563 end_us=19571332 dur_us=12768
UKL-MQTT-BENCH: BUFFULL run_id=try2-c4-recover start_us=19575277 end_us=19584114 dur_us=8836
UKL-MQTT-BENCH: BUFFULL run_id=try2-c4-recover start_us=19587767 end_us=19599190 dur_us=11422
UKL-MQTT-BENCH: BUFFULL run_id=try2-c4-recover start_us=19603061 end_us=19611380 dur_us=8318
UKL-MQTT-BENCH: BUFFULL run_id=try2-c4-recover start_us=19614579 end_us=19625090 dur_us=10511
UKL-MQTT-BENCH: BUFFULL run_id=try2-c4-recover start_us=19627914 end_us=19639933 dur_us=12018
UKL-MQTT-BENCH: BUFFULL run_id=try2-c4-recover start_us=19643255 end_us=19653978 dur_us=10723
UKL-MQTT-BENCH: BUFFULL run_id=try2-c4-recover start_us=19657036 end_us=19668142 dur_us=11106
UKL-MQTT-BENCH: BUFFULL run_id=try2-c4-recover start_us=19672047 end_us=19680903 dur_us=8856
UKL-MQTT-BENCH: BUFFULL run_id=try2-c4-recover start_us=19683668 end_us=19687747 dur_us=4078
UKL-MQTT-BENCH: BUFFULL run_id=try2-c4-recover start_us=19689358 end_us=19699992 dur_us=10633
UKL-MQTT-BENCH: BUFFULL run_id=try2-c4-recover start_us=19703078 end_us=19712870 dur_us=9791
UKL-MQTT-BENCH: BUFFULL run_id=try2-c4-recover start_us=19715635 end_us=19728849 dur_us=13214
UKL-MQTT-BENCH: BUFFULL run_id=try2-c4-recover start_us=19732161 end_us=19741837 dur_us=9676
UKL-MQTT-BENCH: BUFFULL run_id=try2-c4-recover start_us=19744584 end_us=19754816 dur_us=10232
UKL-MQTT-BENCH: BUFFULL run_id=try2-c4-recover start_us=19757603 end_us=19770825 dur_us=13222
UKL-MQTT-BENCH: BUFFULL run_id=try2-c4-recover start_us=19774134 end_us=19783822 dur_us=9687
UKL-MQTT-BENCH: BUFFULL run_id=try2-c4-recover start_us=19786575 end_us=19796820 dur_us=10245
UKL-MQTT-BENCH: BUFFULL run_id=try2-c4-recover start_us=19799574 end_us=19809824 dur_us=10250
UKL-MQTT-BENCH: BUFFULL run_id=try2-c4-recover start_us=19812599 end_us=19819806 dur_us=7206
UKL-MQTT-BENCH: BUFFULL run_id=try2-c4-recover start_us=19821971 end_us=19831848 dur_us=9877
UKL-MQTT-BENCH: BUFFULL run_id=try2-c4-recover start_us=19834603 end_us=19844817 dur_us=10213
UKL-MQTT-BENCH: BUFFULL run_id=try2-c4-recover start_us=19847617 end_us=19856834 dur_us=9217
UKL-MQTT-BENCH: BUFFULL run_id=try2-c4-recover start_us=19859587 end_us=19866870 dur_us=7283
UKL-MQTT-BENCH: BUFFULL run_id=try2-c4-recover start_us=19869373 end_us=19876856 dur_us=7483
UKL-MQTT-BENCH: BUFFULL run_id=try2-c4-recover start_us=19879020 end_us=19888937 dur_us=9916
UKL-MQTT-BENCH: BUFFULL run_id=try2-c4-recover start_us=19891689 end_us=19900857 dur_us=9168
UKL-MQTT-BENCH: BUFFULL run_id=try2-c4-recover start_us=19903885 end_us=19913053 dur_us=9168
UKL-MQTT-BENCH: BUFFULL run_id=try2-c4-recover start_us=19915817 end_us=19922885 dur_us=7067
UKL-MQTT-BENCH: BUFFULL run_id=try2-c4-recover start_us=19925057 end_us=19932867 dur_us=7809
UKL-MQTT-BENCH: BUFFULL run_id=try2-c4-recover start_us=19935321 end_us=19945909 dur_us=10587
UKL-MQTT-BENCH: BUFFULL run_id=try2-c4-recover start_us=19948665 end_us=19960916 dur_us=12250
UKL-MQTT-BENCH: BUFFULL run_id=try2-c4-recover start_us=19964243 end_us=19972982 dur_us=8739
UKL-MQTT-BENCH: BUFFULL run_id=try2-c4-recover start_us=19976048 end_us=19982916 dur_us=6867
UKL-MQTT-BENCH: BUFFULL run_id=try2-c4-recover start_us=19985092 end_us=19997894 dur_us=12802
UKL-MQTT-BENCH: BUFFULL run_id=try2-c4-recover start_us=20001507 end_us=20007847 dur_us=6340
UKL-MQTT-BENCH: BUFFULL run_id=try2-c4-recover start_us=20010023 end_us=20020845 dur_us=10822
UKL-MQTT-BENCH: BUFFULL run_id=try2-c4-recover start_us=20023605 end_us=20032838 dur_us=9232
UKL-MQTT-BENCH: BUFFULL run_id=try2-c4-recover start_us=20035603 end_us=20045896 dur_us=10292
UKL-MQTT-BENCH: BUFFULL run_id=try2-c4-recover start_us=20048650 end_us=20057987 dur_us=9336
UKL-MQTT-BENCH: BUFFULL run_id=try2-c4-recover start_us=20060754 end_us=20070863 dur_us=10108
UKL-MQTT-BENCH: BUFFULL run_id=try2-c4-recover start_us=20073680 end_us=20082997 dur_us=9317
UKL-MQTT-BENCH: BUFFULL run_id=try2-c4-recover start_us=20086194 end_us=20100202 dur_us=14008
UKL-MQTT-BENCH: BUFFULL run_id=try2-c4-recover start_us=20103604 end_us=20114113 dur_us=10508
UKL-MQTT-BENCH: BUFFULL run_id=try2-c4-recover start_us=20117513 end_us=20129135 dur_us=11622
UKL-MQTT-BENCH: BUFFULL run_id=try2-c4-recover start_us=20132788 end_us=20138936 dur_us=6147
UKL-MQTT-BENCH: BUFFULL run_id=try2-c4-recover start_us=20141489 end_us=20151923 dur_us=10433
UKL-MQTT-BENCH: BUFFULL run_id=try2-c4-recover start_us=20155261 end_us=20164110 dur_us=8848
UKL-MQTT-BENCH: BUFFULL run_id=try2-c4-recover start_us=20167367 end_us=20179736 dur_us=12368
UKL-MQTT-BENCH: BUFFULL run_id=try2-c4-recover start_us=20183200 end_us=20189674 dur_us=6473
UKL-MQTT-BENCH: BUFFULL run_id=try2-c4-recover start_us=20193100 end_us=20202312 dur_us=9212
UKL-MQTT-BENCH: BUFFULL run_id=try2-c4-recover start_us=20205425 end_us=20218104 dur_us=12678
UKL-MQTT-BENCH: BUFFULL run_id=try2-c4-recover start_us=20221434 end_us=20230209 dur_us=8775
UKL-MQTT-BENCH: BUFFULL run_id=try2-c4-recover start_us=20234737 end_us=20242939 dur_us=8202
UKL-MQTT-BENCH: BUFFULL run_id=try2-c4-recover start_us=20246106 end_us=20254958 dur_us=8852
UKL-MQTT-BENCH: BUFFULL run_id=try2-c4-recover start_us=20257793 end_us=20267104 dur_us=9310
UKL-MQTT-BENCH: BUFFULL run_id=try2-c4-recover start_us=20269888 end_us=20279918 dur_us=10029
UKL-MQTT-BENCH: BUFFULL run_id=try2-c4-recover start_us=20282669 end_us=20294912 dur_us=12242
UKL-MQTT-BENCH: BUFFULL run_id=try2-c4-recover start_us=20298335 end_us=20305063 dur_us=6728
UKL-MQTT-BENCH: BUFFULL run_id=try2-c4-recover start_us=20307495 end_us=20315829 dur_us=8333
UKL-MQTT-BENCH: BUFFULL run_id=try2-c4-recover start_us=20318006 end_us=20327864 dur_us=9858
UKL-MQTT-BENCH: BUFFULL run_id=try2-c4-recover start_us=20330634 end_us=20340905 dur_us=10271
UKL-MQTT-BENCH: BUFFULL run_id=try2-c4-recover start_us=20343679 end_us=20354909 dur_us=11230
UKL-MQTT-BENCH: BUFFULL run_id=try2-c4-recover start_us=20358241 end_us=20367955 dur_us=9713
UKL-MQTT-BENCH: BUFFULL run_id=try2-c4-recover start_us=20370724 end_us=20377832 dur_us=7108
UKL-MQTT-BENCH: BUFFULL run_id=try2-c4-recover start_us=20380055 end_us=20392922 dur_us=12867
UKL-MQTT-BENCH: BUFFULL run_id=try2-c4-recover start_us=20396563 end_us=20404015 dur_us=7451
UKL-MQTT-BENCH: BUFFULL run_id=try2-c4-recover start_us=20406230 end_us=20415932 dur_us=9701
UKL-MQTT-BENCH: BUFFULL run_id=try2-c4-recover start_us=20419018 end_us=20428905 dur_us=9887
UKL-MQTT-BENCH: BUFFULL run_id=try2-c4-recover start_us=20431675 end_us=20440836 dur_us=9160
UKL-MQTT-BENCH: BUFFULL run_id=try2-c4-recover start_us=20443613 end_us=20453082 dur_us=9469
UKL-MQTT-BENCH: BUFFULL run_id=try2-c4-recover start_us=20455859 end_us=20462858 dur_us=6999
UKL-MQTT-BENCH: BUFFULL run_id=try2-c4-recover start_us=20465028 end_us=20474817 dur_us=9788
UKL-MQTT-BENCH: BUFFULL run_id=try2-c4-recover start_us=20477569 end_us=20487827 dur_us=10258
UKL-MQTT-BENCH: BUFFULL run_id=try2-c4-recover start_us=20490599 end_us=20502855 dur_us=12255
UKL-MQTT-BENCH: BUFFULL run_id=try2-c4-recover start_us=20506157 end_us=20517834 dur_us=11676
UKL-MQTT-BENCH: BUFFULL run_id=try2-c4-recover start_us=20521244 end_us=20531161 dur_us=9917
UKL-MQTT-BENCH: BUFFULL run_id=try2-c4-recover start_us=20533942 end_us=20546169 dur_us=12227
UKL-MQTT-BENCH: BUFFULL run_id=try2-c4-recover start_us=20550157 end_us=20559343 dur_us=9185
UKL-MQTT-BENCH: BUFFULL run_id=try2-c4-recover start_us=20562174 end_us=20570073 dur_us=7899
UKL-MQTT-BENCH: BUFFULL run_id=try2-c4-recover start_us=20572943 end_us=20582972 dur_us=10028
UKL-MQTT-BENCH: BUFFULL run_id=try2-c4-recover start_us=20585842 end_us=20592917 dur_us=7074
UKL-MQTT-BENCH: BUFFULL run_id=try2-c4-recover start_us=20595141 end_us=20605977 dur_us=10835
UKL-MQTT-BENCH: BUFFULL run_id=try2-c4-recover start_us=20608814 end_us=20617955 dur_us=9140
UKL-MQTT-BENCH: BUFFULL run_id=try2-c4-recover start_us=20620764 end_us=20633032 dur_us=12268
UKL-MQTT-BENCH: BUFFULL run_id=try2-c4-recover start_us=20636609 end_us=20637808 dur_us=1199
UKL-MQTT-BENCH: BUFFULL run_id=try2-c4-recover start_us=20638833 end_us=20649891 dur_us=11058
UKL-MQTT-BENCH: BUFFULL run_id=try2-c4-recover start_us=20652838 end_us=20663556 dur_us=10717
UKL-MQTT-BENCH: BUFFULL run_id=try2-c4-recover start_us=20666386 end_us=20673908 dur_us=7522
UKL-MQTT-BENCH: BUFFULL run_id=try2-c4-recover start_us=20676146 end_us=20683916 dur_us=7769
UKL-MQTT-BENCH: BUFFULL run_id=try2-c4-recover start_us=20686147 end_us=20695966 dur_us=9819
UKL-MQTT-BENCH: BUFFULL run_id=try2-c4-recover start_us=20698777 end_us=20708883 dur_us=10105
UKL-MQTT-BENCH: BUFFULL run_id=try2-c4-recover start_us=20711742 end_us=20721877 dur_us=10135
UKL-MQTT-BENCH: BUFFULL run_id=try2-c4-recover start_us=20724692 end_us=20731815 dur_us=7122
UKL-MQTT-BENCH: BUFFULL run_id=try2-c4-recover start_us=20733998 end_us=20743838 dur_us=9840
UKL-MQTT-BENCH: BUFFULL run_id=try2-c4-recover start_us=20746599 end_us=20753804 dur_us=7205
UKL-MQTT-BENCH: BUFFULL run_id=try2-c4-recover start_us=20755979 end_us=20766829 dur_us=10850
UKL-MQTT-BENCH: BUFFULL run_id=try2-c4-recover start_us=20769587 end_us=20775483 dur_us=5895
UKL-MQTT-BENCH: BUFFULL run_id=try2-c4-recover start_us=20777656 end_us=20787834 dur_us=10178
UKL-MQTT-BENCH: BUFFULL run_id=try2-c4-recover start_us=20790584 end_us=20797792 dur_us=7207
UKL-MQTT-BENCH: BUFFULL run_id=try2-c4-recover start_us=20799967 end_us=20810836 dur_us=10869
UKL-MQTT-BENCH: BUFFULL run_id=try2-c4-recover start_us=20813605 end_us=20819976 dur_us=6370
UKL-MQTT-BENCH: BUFFULL run_id=try2-c4-recover start_us=20822212 end_us=20835042 dur_us=12829
UKL-MQTT-BENCH: BUFFULL run_id=try2-c4-recover start_us=20839150 end_us=20848954 dur_us=9804
UKL-MQTT-BENCH: BUFFULL run_id=try2-c4-recover start_us=20851712 end_us=20860841 dur_us=9129
UKL-MQTT-BENCH: BUFFULL run_id=try2-c4-recover start_us=20863600 end_us=20873832 dur_us=10231
UKL-MQTT-BENCH: BUFFULL run_id=try2-c4-recover start_us=20876640 end_us=20883815 dur_us=7174
UKL-MQTT-BENCH: BUFFULL run_id=try2-c4-recover start_us=20885979 end_us=20896004 dur_us=10024
UKL-MQTT-BENCH: BUFFULL run_id=try2-c4-recover start_us=20898759 end_us=20910876 dur_us=12116
UKL-MQTT-BENCH: BUFFULL run_id=try2-c4-recover start_us=20914170 end_us=20923835 dur_us=9665
UKL-MQTT-BENCH: BUFFULL run_id=try2-c4-recover start_us=20926595 end_us=20933802 dur_us=7207
UKL-MQTT-BENCH: BUFFULL run_id=try2-c4-recover start_us=20935977 end_us=20948038 dur_us=12060
UKL-MQTT-BENCH: BUFFULL run_id=try2-c4-recover start_us=20951353 end_us=20957966 dur_us=6613
UKL-MQTT-BENCH: BUFFULL run_id=try2-c4-recover start_us=20960154 end_us=20970815 dur_us=10661
UKL-MQTT-BENCH: BUFFULL run_id=try2-c4-recover start_us=20973581 end_us=20982806 dur_us=9224
UKL-MQTT-BENCH: BUFFULL run_id=try2-c4-recover start_us=20985549 end_us=20995826 dur_us=10276
UKL-MQTT-BENCH: BUFFULL run_id=try2-c4-recover start_us=20998612 end_us=21007833 dur_us=9220
UKL-MQTT-BENCH: BUFFULL run_id=try2-c4-recover start_us=21010592 end_us=21023888 dur_us=13296
UKL-MQTT-BENCH: BUFFULL run_id=try2-c4-recover start_us=21027191 end_us=21035832 dur_us=8640
UKL-MQTT-BENCH: BUFFULL run_id=try2-c4-recover start_us=21038598 end_us=21045824 dur_us=7225
UKL-MQTT-BENCH: BUFFULL run_id=try2-c4-recover start_us=21048020 end_us=21055840 dur_us=7819
UKL-MQTT-BENCH: BUFFULL run_id=try2-c4-recover start_us=21058023 end_us=21066866 dur_us=8843
UKL-MQTT-BENCH: BUFFULL run_id=try2-c4-recover start_us=21069631 end_us=21074947 dur_us=5316
UKL-MQTT-BENCH: BUFFULL run_id=try2-c4-recover start_us=21076593 end_us=21084808 dur_us=8215
UKL-MQTT-BENCH: BUFFULL run_id=try2-c4-recover start_us=21086989 end_us=21097858 dur_us=10869
UKL-MQTT-BENCH: BUFFULL run_id=try2-c4-recover start_us=21100619 end_us=21104928 dur_us=4309
UKL-MQTT-BENCH: BUFFULL run_id=try2-c4-recover start_us=21106567 end_us=21114961 dur_us=8394
UKL-MQTT-BENCH: BUFFULL run_id=try2-c4-recover start_us=21117126 end_us=21127836 dur_us=10710
UKL-MQTT-BENCH: BUFFULL run_id=try2-c4-recover start_us=21130597 end_us=21136762 dur_us=6164
UKL-MQTT-BENCH: BUFFULL run_id=try2-c4-recover start_us=21138383 end_us=21147785 dur_us=9401
UKL-MQTT-BENCH: BUFFULL run_id=try2-c4-recover start_us=21150545 end_us=21158817 dur_us=8271
UKL-MQTT-BENCH: BUFFULL run_id=try2-c4-recover start_us=21161575 end_us=21171831 dur_us=10256
UKL-MQTT-BENCH: BUFFULL run_id=try2-c4-recover start_us=21174591 end_us=21184010 dur_us=9419
UKL-MQTT-BENCH: BUFFULL run_id=try2-c4-recover start_us=21186786 end_us=21196814 dur_us=10028
UKL-MQTT-BENCH: BUFFULL run_id=try2-c4-recover start_us=21199615 end_us=21208808 dur_us=9192
UKL-MQTT-BENCH: BUFFULL run_id=try2-c4-recover start_us=21211566 end_us=21221832 dur_us=10266
UKL-MQTT-BENCH: BUFFULL run_id=try2-c4-recover start_us=21224583 end_us=21237902 dur_us=13319
UKL-MQTT-BENCH: BUFFULL run_id=try2-c4-recover start_us=21241221 end_us=21251848 dur_us=10627
UKL-MQTT-BENCH: BUFFULL run_id=try2-c4-recover start_us=21255176 end_us=21266853 dur_us=11677
UKL-MQTT-BENCH: BUFFULL run_id=try2-c4-recover start_us=21270158 end_us=21276791 dur_us=6633
UKL-MQTT-BENCH: BUFFULL run_id=try2-c4-recover start_us=21278954 end_us=21289018 dur_us=10063
UKL-MQTT-BENCH: BUFFULL run_id=try2-c4-recover start_us=21291786 end_us=21301819 dur_us=10033
UKL-MQTT-BENCH: BUFFULL run_id=try2-c4-recover start_us=21304602 end_us=21316043 dur_us=11440
UKL-MQTT-BENCH: BUFFULL run_id=try2-c4-recover start_us=21319386 end_us=21325967 dur_us=6581
UKL-MQTT-BENCH: BUFFULL run_id=try2-c4-recover start_us=21328138 end_us=21338777 dur_us=10638
UKL-MQTT-BENCH: BUFFULL run_id=try2-c4-recover start_us=21341542 end_us=21353871 dur_us=12328
UKL-MQTT-BENCH: BUFFULL run_id=try2-c4-recover start_us=21357179 end_us=21366009 dur_us=8829
UKL-MQTT-BENCH: BUFFULL run_id=try2-c4-recover start_us=21368787 end_us=21378811 dur_us=10024
UKL-MQTT-BENCH: BUFFULL run_id=try2-c4-recover start_us=21381572 end_us=21391846 dur_us=10273
UKL-MQTT-BENCH: BUFFULL run_id=try2-c4-recover start_us=21394627 end_us=21403998 dur_us=9370
UKL-MQTT-BENCH: BUFFULL run_id=try2-c4-recover start_us=21406777 end_us=21420907 dur_us=14130
UKL-MQTT-BENCH: BUFFULL run_id=try2-c4-recover start_us=21424225 end_us=21431820 dur_us=7594
UKL-MQTT-BENCH: BUFFULL run_id=try2-c4-recover start_us=21434588 end_us=21441796 dur_us=7208
UKL-MQTT-BENCH: BUFFULL run_id=try2-c4-recover start_us=21443970 end_us=21451968 dur_us=7998
UKL-MQTT-BENCH: BUFFULL run_id=try2-c4-recover start_us=21454147 end_us=21463797 dur_us=9650
UKL-MQTT-BENCH: BUFFULL run_id=try2-c4-recover start_us=21466549 end_us=21474804 dur_us=8254
UKL-MQTT-BENCH: BUFFULL run_id=try2-c4-recover start_us=21476969 end_us=21489834 dur_us=12864
UKL-MQTT-BENCH: BUFFULL run_id=try2-c4-recover start_us=21493164 end_us=21499793 dur_us=6628
UKL-MQTT-BENCH: BUFFULL run_id=try2-c4-recover start_us=21501953 end_us=21511823 dur_us=9869
UKL-MQTT-BENCH: BUFFULL run_id=try2-c4-recover start_us=21514609 end_us=21524822 dur_us=10213
UKL-MQTT-BENCH: BUFFULL run_id=try2-c4-recover start_us=21527598 end_us=21536815 dur_us=9216
UKL-MQTT-BENCH: BUFFULL run_id=try2-c4-recover start_us=21539584 end_us=21547801 dur_us=8216
UKL-MQTT-BENCH: BUFFULL run_id=try2-c4-recover start_us=21549999 end_us=21557587 dur_us=7588
UKL-MQTT-BENCH: BUFFULL run_id=try2-c4-recover start_us=21559759 end_us=21569811 dur_us=10052
UKL-MQTT-BENCH: BUFFULL run_id=try2-c4-recover start_us=21572572 end_us=21582841 dur_us=10269
UKL-MQTT-BENCH: BUFFULL run_id=try2-c4-recover start_us=21585621 end_us=21597661 dur_us=12040
UKL-MQTT-BENCH: BUFFULL run_id=try2-c4-recover start_us=21600969 end_us=21612980 dur_us=12010
UKL-MQTT-BENCH: BUFFULL run_id=try2-c4-recover start_us=21616567 end_us=21626167 dur_us=9599
UKL-MQTT-BENCH: BUFFULL run_id=try2-c4-recover start_us=21628978 end_us=21641159 dur_us=12181
UKL-MQTT-BENCH: BUFFULL run_id=try2-c4-recover start_us=21644618 end_us=21655904 dur_us=11286
UKL-MQTT-BENCH: BUFFULL run_id=try2-c4-recover start_us=21659047 end_us=21668918 dur_us=9870
UKL-MQTT-BENCH: BUFFULL run_id=try2-c4-recover start_us=21671894 end_us=21681896 dur_us=10002
UKL-MQTT-BENCH: BUFFULL run_id=try2-c4-recover start_us=21684730 end_us=21691833 dur_us=7103
UKL-MQTT-BENCH: BUFFULL run_id=try2-c4-recover start_us=21693994 end_us=21704851 dur_us=10856
UKL-MQTT-BENCH: BUFFULL run_id=try2-c4-recover start_us=21707629 end_us=21716816 dur_us=9186
UKL-MQTT-BENCH: BUFFULL run_id=try2-c4-recover start_us=21719578 end_us=21726812 dur_us=7234
UKL-MQTT-BENCH: BUFFULL run_id=try2-c4-recover start_us=21728975 end_us=21741838 dur_us=12862
UKL-MQTT-BENCH: BUFFULL run_id=try2-c4-recover start_us=21745162 end_us=21754811 dur_us=9648
UKL-MQTT-BENCH: BUFFULL run_id=try2-c4-recover start_us=21757568 end_us=21766847 dur_us=9278
UKL-MQTT-BENCH: BUFFULL run_id=try2-c4-recover start_us=21769619 end_us=21779840 dur_us=10221
UKL-MQTT-BENCH: BUFFULL run_id=try2-c4-recover start_us=21782607 end_us=21794806 dur_us=12198
UKL-MQTT-BENCH: BUFFULL run_id=try2-c4-recover start_us=21798118 end_us=21804809 dur_us=6690
UKL-MQTT-BENCH: BUFFULL run_id=try2-c4-recover start_us=21806972 end_us=21814789 dur_us=7816
UKL-MQTT-BENCH: BUFFULL run_id=try2-c4-recover start_us=21816955 end_us=21831868 dur_us=14912
UKL-MQTT-BENCH: BUFFULL run_id=try2-c4-recover start_us=21835784 end_us=21844838 dur_us=9054
UKL-MQTT-BENCH: BUFFULL run_id=try2-c4-recover start_us=21847604 end_us=21859848 dur_us=12244
UKL-MQTT-BENCH: BUFFULL run_id=try2-c4-recover start_us=21863146 end_us=21871838 dur_us=8691
UKL-MQTT-BENCH: BUFFULL run_id=try2-c4-recover start_us=21874600 end_us=21884826 dur_us=10225
UKL-MQTT-BENCH: BUFFULL run_id=try2-c4-recover start_us=21887599 end_us=21897825 dur_us=10226
UKL-MQTT-BENCH: BUFFULL run_id=try2-c4-recover start_us=21900576 end_us=21907795 dur_us=7218
UKL-MQTT-BENCH: BUFFULL run_id=try2-c4-recover start_us=21909962 end_us=21919986 dur_us=10024
UKL-MQTT-BENCH: BUFFULL run_id=try2-c4-recover start_us=21922748 end_us=21932806 dur_us=10058
UKL-MQTT-BENCH: BUFFULL run_id=try2-c4-recover start_us=21935603 end_us=21945809 dur_us=10206
UKL-MQTT-BENCH: BUFFULL run_id=try2-c4-recover start_us=21948582 end_us=21957809 dur_us=9226
UKL-MQTT-BENCH: BUFFULL run_id=try2-c4-recover start_us=21960574 end_us=21967777 dur_us=7203
UKL-MQTT-BENCH: BUFFULL run_id=try2-c4-recover start_us=21969940 end_us=21977786 dur_us=7845
UKL-MQTT-BENCH: BUFFULL run_id=try2-c4-recover start_us=21979945 end_us=21989827 dur_us=9882
UKL-MQTT-BENCH: BUFFULL run_id=try2-c4-recover start_us=21992583 end_us=21999783 dur_us=7200
UKL-MQTT-BENCH: BUFFULL run_id=try2-c4-recover start_us=22001942 end_us=22012798 dur_us=10855
UKL-MQTT-BENCH: BUFFULL run_id=try2-c4-recover start_us=22015558 end_us=22022788 dur_us=7230
UKL-MQTT-BENCH: BUFFULL run_id=try2-c4-recover start_us=22024949 end_us=22037808 dur_us=12858
UKL-MQTT-BENCH: BUFFULL run_id=try2-c4-recover start_us=22041143 end_us=22050806 dur_us=9662
UKL-MQTT-BENCH: BUFFULL run_id=try2-c4-recover start_us=22053558 end_us=22065793 dur_us=12235
UKL-MQTT-BENCH: BUFFULL run_id=try2-c4-recover start_us=22069107 end_us=22078837 dur_us=9730
UKL-MQTT-BENCH: BUFFULL run_id=try2-c4-recover start_us=22081595 end_us=22088953 dur_us=7357
UKL-MQTT-BENCH: BUFFULL run_id=try2-c4-recover start_us=22091121 end_us=22106889 dur_us=15768
UKL-MQTT-BENCH: BUFFULL run_id=try2-c4-recover start_us=22110786 end_us=22118986 dur_us=8199
UKL-MQTT-BENCH: BUFFULL run_id=try2-c4-recover start_us=22121756 end_us=22134843 dur_us=13087
UKL-MQTT-BENCH: BUFFULL run_id=try2-c4-recover start_us=22138139 end_us=22145766 dur_us=7626
UKL-MQTT-BENCH: BUFFULL run_id=try2-c4-recover start_us=22147928 end_us=22155786 dur_us=7858
UKL-MQTT-BENCH: BUFFULL run_id=try2-c4-recover start_us=22157950 end_us=22165781 dur_us=7831
UKL-MQTT-BENCH: BUFFULL run_id=try2-c4-recover start_us=22167936 end_us=22176800 dur_us=8863
UKL-MQTT-BENCH: BUFFULL run_id=try2-c4-recover start_us=22179556 end_us=22187790 dur_us=8234
UKL-MQTT-BENCH: BUFFULL run_id=try2-c4-recover start_us=22189956 end_us=22202859 dur_us=12902
UKL-MQTT-BENCH: BUFFULL run_id=try2-c4-recover start_us=22206187 end_us=22214825 dur_us=8637
UKL-MQTT-BENCH: BUFFULL run_id=try2-c4-recover start_us=22217579 end_us=22227790 dur_us=10210
UKL-MQTT-BENCH: BUFFULL run_id=try2-c4-recover start_us=22230550 end_us=22242823 dur_us=12273
UKL-MQTT-BENCH: BUFFULL run_id=try2-c4-recover start_us=22246163 end_us=22255977 dur_us=9813
UKL-MQTT-BENCH: BUFFULL run_id=try2-c4-recover start_us=22258737 end_us=22271853 dur_us=13115
UKL-MQTT-BENCH: BUFFULL run_id=try2-c4-recover start_us=22275175 end_us=22285853 dur_us=10677
UKL-MQTT-BENCH: BUFFULL run_id=try2-c4-recover start_us=22288624 end_us=22300807 dur_us=12182
UKL-MQTT-BENCH: BUFFULL run_id=try2-c4-recover start_us=22304125 end_us=22312809 dur_us=8683
UKL-MQTT-BENCH: BUFFULL run_id=try2-c4-recover start_us=22315581 end_us=22320738 dur_us=5156
UKL-MQTT-BENCH: BUFFULL run_id=try2-c4-recover start_us=22322349 end_us=22335849 dur_us=13499
UKL-MQTT-BENCH: BUFFULL run_id=try2-c4-recover start_us=22339154 end_us=22348819 dur_us=9664
UKL-MQTT-BENCH: BUFFULL run_id=try2-c4-recover start_us=22351593 end_us=22364811 dur_us=13218
UKL-MQTT-BENCH: BUFFULL run_id=try2-c4-recover start_us=22368114 end_us=22377816 dur_us=9702
UKL-MQTT-BENCH: BUFFULL run_id=try2-c4-recover start_us=22380565 end_us=22387788 dur_us=7223
UKL-MQTT-BENCH: BUFFULL run_id=try2-c4-recover start_us=22389961 end_us=22397787 dur_us=7825
UKL-MQTT-BENCH: BUFFULL run_id=try2-c4-recover start_us=22399952 end_us=22409804 dur_us=9851
UKL-MQTT-BENCH: BUFFULL run_id=try2-c4-recover start_us=22412563 end_us=22419981 dur_us=7418
UKL-MQTT-BENCH: BUFFULL run_id=try2-c4-recover start_us=22422137 end_us=22435827 dur_us=13689
UKL-MQTT-BENCH: BUFFULL run_id=try2-c4-recover start_us=22439172 end_us=22447848 dur_us=8675
UKL-MQTT-BENCH: BUFFULL run_id=try2-c4-recover start_us=22450603 end_us=22460970 dur_us=10367
UKL-MQTT-BENCH: BUFFULL run_id=try2-c4-recover start_us=22463774 end_us=22473830 dur_us=10056
UKL-MQTT-BENCH: BUFFULL run_id=try2-c4-recover start_us=22476590 end_us=22485997 dur_us=9406
UKL-MQTT-BENCH: BUFFULL run_id=try2-c4-recover start_us=22488769 end_us=22502009 dur_us=13240
UKL-MQTT-BENCH: BUFFULL run_id=try2-c4-recover start_us=22505320 end_us=22514817 dur_us=9497
UKL-MQTT-BENCH: BUFFULL run_id=try2-c4-recover start_us=22517577 end_us=22527806 dur_us=10228
UKL-MQTT-BENCH: BUFFULL run_id=try2-c4-recover start_us=22530563 end_us=22542843 dur_us=12279
UKL-MQTT-BENCH: BUFFULL run_id=try2-c4-recover start_us=22546158 end_us=22555841 dur_us=9682
UKL-MQTT-BENCH: BUFFULL run_id=try2-c4-recover start_us=22558605 end_us=22567865 dur_us=9259
UKL-MQTT-BENCH: BUFFULL run_id=try2-c4-recover start_us=22570639 end_us=22582844 dur_us=12205
UKL-MQTT-BENCH: BUFFULL run_id=try2-c4-recover start_us=22586163 end_us=22595812 dur_us=9649
UKL-MQTT-BENCH: BUFFULL run_id=try2-c4-recover start_us=22598637 end_us=22608119 dur_us=9481
UKL-MQTT-BENCH: BUFFULL run_id=try2-c4-recover start_us=22610900 end_us=22620901 dur_us=10000
UKL-MQTT-BENCH: BUFFULL run_id=try2-c4-recover start_us=22623675 end_us=22633827 dur_us=10151
UKL-MQTT-BENCH: BUFFULL run_id=try2-c4-recover start_us=22636633 end_us=22643799 dur_us=7166
UKL-MQTT-BENCH: BUFFULL run_id=try2-c4-recover start_us=22645969 end_us=22656844 dur_us=10875
UKL-MQTT-BENCH: BUFFULL run_id=try2-c4-recover start_us=22659612 end_us=22668842 dur_us=9230
UKL-MQTT-BENCH: BUFFULL run_id=try2-c4-recover start_us=22671621 end_us=22683834 dur_us=12213
UKL-MQTT-BENCH: BUFFULL run_id=try2-c4-recover start_us=22687190 end_us=22698865 dur_us=11674
UKL-MQTT-BENCH: BUFFULL run_id=try2-c4-recover start_us=22702208 end_us=22711839 dur_us=9631
UKL-MQTT-BENCH: BUFFULL run_id=try2-c4-recover start_us=22714601 end_us=22726846 dur_us=12244
UKL-MQTT-BENCH: BUFFULL run_id=try2-c4-recover start_us=22730165 end_us=22740828 dur_us=10663
UKL-MQTT-BENCH: BUFFULL run_id=try2-c4-recover start_us=22743585 end_us=22752817 dur_us=9231
UKL-MQTT-BENCH: BUFFULL run_id=try2-c4-recover start_us=22755587 end_us=22764826 dur_us=9239
UKL-MQTT-BENCH: BUFFULL run_id=try2-c4-recover start_us=22767622 end_us=22774841 dur_us=7219
UKL-MQTT-BENCH: BUFFULL run_id=try2-c4-recover start_us=22777027 end_us=22786845 dur_us=9817
UKL-MQTT-BENCH: BUFFULL run_id=try2-c4-recover start_us=22789595 end_us=22799819 dur_us=10224
UKL-MQTT-BENCH: BUFFULL run_id=try2-c4-recover start_us=22802575 end_us=22812820 dur_us=10245
UKL-MQTT-BENCH: BUFFULL run_id=try2-c4-recover start_us=22815589 end_us=22822787 dur_us=7197
UKL-MQTT-BENCH: BUFFULL run_id=try2-c4-recover start_us=22824951 end_us=22832795 dur_us=7843
UKL-MQTT-BENCH: BUFFULL run_id=try2-c4-recover start_us=22834958 end_us=22844796 dur_us=9838
UKL-MQTT-BENCH: BUFFULL run_id=try2-c4-recover start_us=22847562 end_us=22855794 dur_us=8231
UKL-MQTT-BENCH: BUFFULL run_id=try2-c4-recover start_us=22857970 end_us=22870010 dur_us=12039
UKL-MQTT-BENCH: BUFFULL run_id=try2-c4-recover start_us=22873310 end_us=22883851 dur_us=10540
UKL-MQTT-BENCH: BUFFULL run_id=try2-c4-recover start_us=22887174 end_us=22897814 dur_us=10639
UKL-MQTT-BENCH: BUFFULL run_id=try2-c4-recover start_us=22900606 end_us=22910809 dur_us=10203
UKL-MQTT-BENCH: BUFFULL run_id=try2-c4-recover start_us=22913581 end_us=22918755 dur_us=5173
UKL-MQTT-BENCH: BUFFULL run_id=try2-c4-recover start_us=22920379 end_us=22930821 dur_us=10441
UKL-MQTT-BENCH: BUFFULL run_id=try2-c4-recover start_us=22933585 end_us=22942823 dur_us=9238
UKL-MQTT-BENCH: BUFFULL run_id=try2-c4-recover start_us=22945586 end_us=22958110 dur_us=12524
UKL-MQTT-BENCH: BUFFULL run_id=try2-c4-recover start_us=22961472 end_us=22971014 dur_us=9541
UKL-MQTT-BENCH: BUFFULL run_id=try2-c4-recover start_us=22973815 end_us=22984795 dur_us=10979
UKL-MQTT-BENCH: BUFFULL run_id=try2-c4-recover start_us=22987550 end_us=22999812 dur_us=12262
UKL-MQTT-BENCH: BUFFULL run_id=try2-c4-recover start_us=23003132 end_us=23009819 dur_us=6686
UKL-MQTT-BENCH: BUFFULL run_id=try2-c4-recover start_us=23011999 end_us=23023855 dur_us=11855
UKL-MQTT-BENCH: BUFFULL run_id=try2-c4-recover start_us=23027203 end_us=23038878 dur_us=11675
UKL-MQTT-BENCH: BUFFULL run_id=try2-c4-recover start_us=23042193 end_us=23049761 dur_us=7568
UKL-MQTT-BENCH: BUFFULL run_id=try2-c4-recover start_us=23051930 end_us=23059801 dur_us=7870
UKL-MQTT-BENCH: BUFFULL run_id=try2-c4-recover start_us=23061971 end_us=23070823 dur_us=8851
UKL-MQTT-BENCH: BUFFULL run_id=try2-c4-recover start_us=23073581 end_us=23081967 dur_us=8385
UKL-MQTT-BENCH: BUFFULL run_id=try2-c4-recover start_us=23084143 end_us=23091792 dur_us=7649
UKL-MQTT-BENCH: BUFFULL run_id=try2-c4-recover start_us=23093960 end_us=23103016 dur_us=9055
UKL-MQTT-BENCH: BUFFULL run_id=try2-c4-recover start_us=23105808 end_us=23113777 dur_us=7968
UKL-MQTT-BENCH: BUFFULL run_id=try2-c4-recover start_us=23115944 end_us=23126825 dur_us=10880
UKL-MQTT-BENCH: BUFFULL run_id=try2-c4-recover start_us=23129600 end_us=23136784 dur_us=7184
UKL-MQTT-BENCH: BUFFULL run_id=try2-c4-recover start_us=23138959 end_us=23148810 dur_us=9850
UKL-MQTT-BENCH: BUFFULL run_id=try2-c4-recover start_us=23151640 end_us=23160841 dur_us=9201
UKL-MQTT-BENCH: BUFFULL run_id=try2-c4-recover start_us=23163611 end_us=23173804 dur_us=10192
UKL-MQTT-BENCH: BUFFULL run_id=try2-c4-recover start_us=23176581 end_us=23186808 dur_us=10227
UKL-MQTT-BENCH: BUFFULL run_id=try2-c4-recover start_us=23189573 end_us=23198491 dur_us=8918
UKL-MQTT-BENCH: BUFFULL run_id=try2-c4-recover start_us=23201247 end_us=23213813 dur_us=12565
UKL-MQTT-BENCH: BUFFULL run_id=try2-c4-recover start_us=23217128 end_us=23223991 dur_us=6863
UKL-MQTT-BENCH: BUFFULL run_id=try2-c4-recover start_us=23226164 end_us=23233765 dur_us=7600
UKL-MQTT-BENCH: BUFFULL run_id=try2-c4-recover start_us=23235925 end_us=23251866 dur_us=15940
UKL-MQTT-BENCH: BUFFULL run_id=try2-c4-recover start_us=23255762 end_us=23263825 dur_us=8062
UKL-MQTT-BENCH: BUFFULL run_id=try2-c4-recover start_us=23266580 end_us=23276994 dur_us=10413
UKL-MQTT-BENCH: BUFFULL run_id=try2-c4-recover start_us=23279762 end_us=23287774 dur_us=8011
UKL-MQTT-BENCH: BUFFULL run_id=try2-c4-recover start_us=23289938 end_us=23296971 dur_us=7032
UKL-MQTT-BENCH: BUFFULL run_id=try2-c4-recover start_us=23299146 end_us=23309798 dur_us=10652
UKL-MQTT-BENCH: BUFFULL run_id=try2-c4-recover start_us=23312557 end_us=23321793 dur_us=9236
UKL-MQTT-BENCH: BUFFULL run_id=try2-c4-recover start_us=23324554 end_us=23334804 dur_us=10250
UKL-MQTT-BENCH: BUFFULL run_id=try2-c4-recover start_us=23337568 end_us=23350842 dur_us=13274
UKL-MQTT-BENCH: BUFFULL run_id=try2-c4-recover start_us=23354156 end_us=23363945 dur_us=9788
UKL-MQTT-BENCH: BUFFULL run_id=try2-c4-recover start_us=23366735 end_us=23377825 dur_us=11090
UKL-MQTT-BENCH: BUFFULL run_id=try2-c4-recover start_us=23381169 end_us=23390819 dur_us=9649
UKL-MQTT-BENCH: BUFFULL run_id=try2-c4-recover start_us=23393574 end_us=23395956 dur_us=2382
UKL-MQTT-BENCH: BUFFULL run_id=try2-c4-recover start_us=23396975 end_us=23409826 dur_us=12851
UKL-MQTT-BENCH: BUFFULL run_id=try2-c4-recover start_us=23413133 end_us=23422024 dur_us=8891
UKL-MQTT-BENCH: BUFFULL run_id=try2-c4-recover start_us=23424792 end_us=23432978 dur_us=8186
UKL-MQTT-BENCH: BUFFULL run_id=try2-c4-recover start_us=23435155 end_us=23445801 dur_us=10645
UKL-MQTT-BENCH: BUFFULL run_id=try2-c4-recover start_us=23448566 end_us=23461813 dur_us=13246
UKL-MQTT-BENCH: BUFFULL run_id=try2-c4-recover start_us=23465164 end_us=23473826 dur_us=8662
UKL-MQTT-BENCH: BUFFULL run_id=try2-c4-recover start_us=23476582 end_us=23483790 dur_us=7207
UKL-MQTT-BENCH: BUFFULL run_id=try2-c4-recover start_us=23485949 end_us=23496799 dur_us=10850
UKL-MQTT-BENCH: BUFFULL run_id=try2-c4-recover start_us=23499564 end_us=23508825 dur_us=9260
UKL-MQTT-BENCH: BUFFULL run_id=try2-c4-recover start_us=23511586 end_us=23523837 dur_us=12250
UKL-MQTT-BENCH: BUFFULL run_id=try2-c4-recover start_us=23527142 end_us=23533967 dur_us=6825
UKL-MQTT-BENCH: BUFFULL run_id=try2-c4-recover start_us=23536136 end_us=23546836 dur_us=10699
UKL-MQTT-BENCH: BUFFULL run_id=try2-c4-recover start_us=23549638 end_us=23559011 dur_us=9372
UKL-MQTT-BENCH: BUFFULL run_id=try2-c4-recover start_us=23561831 end_us=23571808 dur_us=9976
UKL-MQTT-BENCH: BUFFULL run_id=try2-c4-recover start_us=23574573 end_us=23584805 dur_us=10231
UKL-MQTT-BENCH: BUFFULL run_id=try2-c4-recover start_us=23587562 end_us=23600902 dur_us=13340
UKL-MQTT-BENCH: BUFFULL run_id=try2-c4-recover start_us=23604206 end_us=23614825 dur_us=10618
UKL-MQTT-BENCH: BUFFULL run_id=try2-c4-recover start_us=23618133 end_us=23629872 dur_us=11739
UKL-MQTT-BENCH: BUFFULL run_id=try2-c4-recover start_us=23633176 end_us=23639964 dur_us=6788
UKL-MQTT-BENCH: BUFFULL run_id=try2-c4-recover start_us=23642144 end_us=23652810 dur_us=10666
UKL-MQTT-BENCH: BUFFULL run_id=try2-c4-recover start_us=23655574 end_us=23665816 dur_us=10242
UKL-MQTT-BENCH: BUFFULL run_id=try2-c4-recover start_us=23668572 end_us=23680038 dur_us=11466
UKL-MQTT-BENCH: BUFFULL run_id=try2-c4-recover start_us=23683343 end_us=23689964 dur_us=6621
UKL-MQTT-BENCH: BUFFULL run_id=try2-c4-recover start_us=23692151 end_us=23702812 dur_us=10660
UKL-MQTT-BENCH: BUFFULL run_id=try2-c4-recover start_us=23705566 end_us=23717844 dur_us=12278
UKL-MQTT-BENCH: BUFFULL run_id=try2-c4-recover start_us=23721143 end_us=23729818 dur_us=8675
UKL-MQTT-BENCH: BUFFULL run_id=try2-c4-recover start_us=23732587 end_us=23742783 dur_us=10195
UKL-MQTT-BENCH: BUFFULL run_id=try2-c4-recover start_us=23745537 end_us=23755009 dur_us=9471
UKL-MQTT-BENCH: BUFFULL run_id=try2-c4-recover start_us=23757781 end_us=23767799 dur_us=10018
UKL-MQTT-BENCH: BUFFULL run_id=try2-c4-recover start_us=23770548 end_us=23784887 dur_us=14338
UKL-MQTT-BENCH: BUFFULL run_id=try2-c4-recover start_us=23788216 end_us=23795793 dur_us=7576
UKL-MQTT-BENCH: BUFFULL run_id=try2-c4-recover start_us=23798540 end_us=23805778 dur_us=7238
UKL-MQTT-BENCH: BUFFULL run_id=try2-c4-recover start_us=23807946 end_us=23815795 dur_us=7848
UKL-MQTT-BENCH: BUFFULL run_id=try2-c4-recover start_us=23817962 end_us=23827995 dur_us=10033
UKL-MQTT-BENCH: BUFFULL run_id=try2-c4-recover start_us=23830766 end_us=23840783 dur_us=10016
UKL-MQTT-BENCH: BUFFULL run_id=try2-c4-recover start_us=23843536 end_us=23852782 dur_us=9246
UKL-MQTT-BENCH: BUFFULL run_id=try2-c4-recover start_us=23855537 end_us=23862790 dur_us=7253
UKL-MQTT-BENCH: BUFFULL run_id=try2-c4-recover start_us=23864952 end_us=23877801 dur_us=12848
UKL-MQTT-BENCH: BUFFULL run_id=try2-c4-recover start_us=23881138 end_us=23892054 dur_us=10916
UKL-MQTT-BENCH: BUFFULL run_id=try2-c4-recover start_us=23895360 end_us=23904971 dur_us=9611
UKL-MQTT-BENCH: BUFFULL run_id=try2-c4-recover start_us=23907773 end_us=23917804 dur_us=10031
UKL-MQTT-BENCH: BUFFULL run_id=try2-c4-recover start_us=23920566 end_us=23926800 dur_us=6234
UKL-MQTT-BENCH: BUFFULL run_id=try2-c4-recover start_us=23928958 end_us=23939802 dur_us=10844
UKL-MQTT-BENCH: BUFFULL run_id=try2-c4-recover start_us=23942557 end_us=23953825 dur_us=11268
UKL-MQTT-BENCH: BUFFULL run_id=try2-c4-recover start_us=23957134 end_us=23966985 dur_us=9850
UKL-MQTT-BENCH: BUFFULL run_id=try2-c4-recover start_us=23969760 end_us=23979773 dur_us=10013
UKL-MQTT-BENCH: BUFFULL run_id=try2-c4-recover start_us=23982526 end_us=23992077 dur_us=9551
UKL-MQTT-BENCH: BUFFULL run_id=try2-c4-recover start_us=23994833 end_us=24004781 dur_us=9948
UKL-MQTT-BENCH: BUFFULL run_id=try2-c4-recover start_us=24007537 end_us=24019586 dur_us=12049
UKL-MQTT-BENCH: BUFFULL run_id=try2-c4-recover start_us=24022885 end_us=24032804 dur_us=9918
UKL-MQTT-BENCH: BUFFULL run_id=try2-c4-recover start_us=24035556 end_us=24048834 dur_us=13278
UKL-MQTT-BENCH: BUFFULL run_id=try2-c4-recover start_us=24052144 end_us=24061005 dur_us=8860
UKL-MQTT-BENCH: BUFFULL run_id=try2-c4-recover start_us=24063780 end_us=24073792 dur_us=10012
UKL-MQTT-BENCH: BUFFULL run_id=try2-c4-recover start_us=24076538 end_us=24083776 dur_us=7238
UKL-MQTT-BENCH: BUFFULL run_id=try2-c4-recover start_us=24085954 end_us=24093785 dur_us=7830
UKL-MQTT-BENCH: BUFFULL run_id=try2-c4-recover start_us=24095943 end_us=24105001 dur_us=9057
UKL-MQTT-BENCH: BUFFULL run_id=try2-c4-recover start_us=24107768 end_us=24115787 dur_us=8019
UKL-MQTT-BENCH: BUFFULL run_id=try2-c4-recover start_us=24117939 end_us=24127982 dur_us=10042
UKL-MQTT-BENCH: BUFFULL run_id=try2-c4-recover start_us=24130763 end_us=24140806 dur_us=10043
UKL-MQTT-BENCH: BUFFULL run_id=try2-c4-recover start_us=24143560 end_us=24153015 dur_us=9454
UKL-MQTT-BENCH: BUFFULL run_id=try2-c4-recover start_us=24155827 end_us=24167961 dur_us=12133
UKL-MQTT-BENCH: BUFFULL run_id=try2-c4-recover start_us=24171295 end_us=24180846 dur_us=9551
UKL-MQTT-BENCH: BUFFULL run_id=try2-c4-recover start_us=24183601 end_us=24194009 dur_us=10408
UKL-MQTT-BENCH: BUFFULL run_id=try2-c4-recover start_us=24196788 end_us=24207096 dur_us=10307
UKL-MQTT-BENCH: BUFFULL run_id=try2-c4-recover start_us=24209857 end_us=24217762 dur_us=7904
UKL-MQTT-BENCH: BUFFULL run_id=try2-c4-recover start_us=24219928 end_us=24230825 dur_us=10896
UKL-MQTT-BENCH: BUFFULL run_id=try2-c4-recover start_us=24233592 end_us=24242989 dur_us=9397
UKL-MQTT-BENCH: BUFFULL run_id=try2-c4-recover start_us=24245745 end_us=24258796 dur_us=13051
UKL-MQTT-BENCH: BUFFULL run_id=try2-c4-recover start_us=24262114 end_us=24271831 dur_us=9717
UKL-MQTT-BENCH: BUFFULL run_id=try2-c4-recover start_us=24274636 end_us=24286859 dur_us=12222
UKL-MQTT-BENCH: BUFFULL run_id=try2-c4-recover start_us=24290175 end_us=24302878 dur_us=12703
UKL-MQTT-BENCH: BUFFULL run_id=try2-c4-recover start_us=24306182 end_us=24315092 dur_us=8910
UKL-MQTT-BENCH: BUFFULL run_id=try2-c4-recover start_us=24317850 end_us=24330824 dur_us=12973
UKL-MQTT-BENCH: BUFFULL run_id=try2-c4-recover start_us=24334134 end_us=24340826 dur_us=6692
UKL-MQTT-BENCH: BUFFULL run_id=try2-c4-recover start_us=24342988 end_us=24347804 dur_us=4816
UKL-MQTT-BENCH: BUFFULL run_id=try2-c4-recover start_us=24349423 end_us=24362802 dur_us=13378
UKL-MQTT-BENCH: BUFFULL run_id=try2-c4-recover start_us=24365597 end_us=24372817 dur_us=7220
UKL-MQTT-BENCH: BUFFULL run_id=try2-c4-recover start_us=24375572 end_us=24380713 dur_us=5141
UKL-MQTT-BENCH: BUFFULL run_id=try2-c4-recover start_us=24382332 end_us=24393827 dur_us=11495
UKL-MQTT-BENCH: BUFFULL run_id=try2-c4-recover start_us=24396584 end_us=24402940 dur_us=6355
UKL-MQTT-BENCH: BUFFULL run_id=try2-c4-recover start_us=24404555 end_us=24411951 dur_us=7396
UKL-MQTT-BENCH: BUFFULL run_id=try2-c4-recover start_us=24414129 end_us=24424009 dur_us=9879
UKL-MQTT-BENCH: BUFFULL run_id=try2-c4-recover start_us=24426790 end_us=24434791 dur_us=8000
UKL-MQTT-BENCH: BUFFULL run_id=try2-c4-recover start_us=24436955 end_us=24446874 dur_us=9918
UKL-MQTT-BENCH: BUFFULL run_id=try2-c4-recover start_us=24449628 end_us=24459916 dur_us=10287
UKL-MQTT-BENCH: BUFFULL run_id=try2-c4-recover start_us=24462676 end_us=24471882 dur_us=9206
UKL-MQTT-BENCH: BUFFULL run_id=try2-c4-recover start_us=24474633 end_us=24478794 dur_us=4160
UKL-MQTT-BENCH: BUFFULL run_id=try2-c4-recover start_us=24479813 end_us=24489836 dur_us=10022
UKL-MQTT-BENCH: BUFFULL run_id=try2-c4-recover start_us=24492588 end_us=24500049 dur_us=7461
UKL-MQTT-BENCH: BUFFULL run_id=try2-c4-recover start_us=24502235 end_us=24507790 dur_us=5554
UKL-MQTT-BENCH: BUFFULL run_id=try2-c4-recover start_us=24509409 end_us=24517730 dur_us=8320
UKL-MQTT-BENCH: BUFFULL run_id=try2-c4-recover start_us=24519364 end_us=24524756 dur_us=5392
UKL-MQTT-BENCH: BUFFULL run_id=try2-c4-recover start_us=24526922 end_us=24530908 dur_us=3985
UKL-MQTT-BENCH: BUFFULL run_id=try2-c4-recover start_us=24531930 end_us=24539723 dur_us=7792
UKL-MQTT-BENCH: BUFFULL run_id=try2-c4-recover start_us=24541894 end_us=24553826 dur_us=11932
UKL-MQTT-BENCH: BUFFULL run_id=try2-c4-recover start_us=24557167 end_us=24562828 dur_us=5660
UKL-MQTT-BENCH: BUFFULL run_id=try2-c4-recover start_us=24564444 end_us=24574844 dur_us=10399
UKL-MQTT-BENCH: BUFFULL run_id=try2-c4-recover start_us=24577626 end_us=24584802 dur_us=7176
UKL-MQTT-BENCH: BUFFULL run_id=try2-c4-recover start_us=24586966 end_us=24596799 dur_us=9832
UKL-MQTT-BENCH: BUFFULL run_id=try2-c4-recover start_us=24599571 end_us=24605965 dur_us=6394
UKL-MQTT-BENCH: BUFFULL run_id=try2-c4-recover start_us=24608131 end_us=24616783 dur_us=8652
UKL-MQTT-BENCH: BUFFULL run_id=try2-c4-recover start_us=24618954 end_us=24628833 dur_us=9879
UKL-MQTT-BENCH: BUFFULL run_id=try2-c4-recover start_us=24631592 end_us=24640806 dur_us=9213
UKL-MQTT-BENCH: BUFFULL run_id=try2-c4-recover start_us=24643564 end_us=24655969 dur_us=12404
UKL-MQTT-BENCH: BUFFULL run_id=try2-c4-recover start_us=24659334 end_us=24668801 dur_us=9466
UKL-MQTT-BENCH: BUFFULL run_id=try2-c4-recover start_us=24671557 end_us=24677772 dur_us=6215
UKL-MQTT-BENCH: BUFFULL run_id=try2-c4-recover start_us=24679947 end_us=24695939 dur_us=15992
UKL-MQTT-BENCH: BUFFULL run_id=try2-c4-recover start_us=24699851 end_us=24707839 dur_us=7987
UKL-MQTT-BENCH: BUFFULL run_id=try2-c4-recover start_us=24710623 end_us=24722860 dur_us=12237
UKL-MQTT-BENCH: BUFFULL run_id=try2-c4-recover start_us=24726156 end_us=24732782 dur_us=6625
UKL-MQTT-BENCH: BUFFULL run_id=try2-c4-recover start_us=24734937 end_us=24742769 dur_us=7832
UKL-MQTT-BENCH: BUFFULL run_id=try2-c4-recover start_us=24744935 end_us=24752757 dur_us=7822
UKL-MQTT-BENCH: BUFFULL run_id=try2-c4-recover start_us=24754919 end_us=24763988 dur_us=9069
UKL-MQTT-BENCH: BUFFULL run_id=try2-c4-recover start_us=24766747 end_us=24774616 dur_us=7868
UKL-MQTT-BENCH: BUFFULL run_id=try2-c4-recover start_us=24776821 end_us=24789819 dur_us=12997
UKL-MQTT-BENCH: BUFFULL run_id=try2-c4-recover start_us=24793124 end_us=24803843 dur_us=10718
UKL-MQTT-BENCH: BUFFULL run_id=try2-c4-recover start_us=24807150 end_us=24816968 dur_us=9818
UKL-MQTT-BENCH: BUFFULL run_id=try2-c4-recover start_us=24819751 end_us=24831829 dur_us=12078
UKL-MQTT-BENCH: BUFFULL run_id=try2-c4-recover start_us=24835115 end_us=24839750 dur_us=4634
UKL-MQTT-BENCH: BUFFULL run_id=try2-c4-recover start_us=24841366 end_us=24851807 dur_us=10440
UKL-MQTT-BENCH: BUFFULL run_id=try2-c4-recover start_us=24854559 end_us=24864005 dur_us=9446
UKL-MQTT-BENCH: BUFFULL run_id=try2-c4-recover start_us=24866772 end_us=24879798 dur_us=13025
UKL-MQTT-BENCH: BUFFULL run_id=try2-c4-recover start_us=24883090 end_us=24893850 dur_us=10760
UKL-MQTT-BENCH: BUFFULL run_id=try2-c4-recover start_us=24896596 end_us=24904767 dur_us=8170
UKL-MQTT-BENCH: BUFFULL run_id=try2-c4-recover start_us=24907513 end_us=24919818 dur_us=12304
UKL-MQTT-BENCH: BUFFULL run_id=try2-c4-recover start_us=24923119 end_us=24924686 dur_us=1567
UKL-MQTT-BENCH: BUFFULL run_id=try2-c4-recover start_us=24925712 end_us=24936797 dur_us=11084
UKL-MQTT-BENCH: BUFFULL run_id=try2-c4-recover start_us=24939562 end_us=24951818 dur_us=12255
UKL-MQTT-BENCH: BUFFULL run_id=try2-c4-recover start_us=24955126 end_us=24963993 dur_us=8867
UKL-MQTT-BENCH: BUFFULL run_id=try2-c4-recover start_us=24966770 end_us=24976809 dur_us=10038
UKL-MQTT-BENCH: BUFFULL run_id=try2-c4-recover start_us=24979580 end_us=24990891 dur_us=11311
UKL-MQTT-BENCH: BUFFULL run_id=try2-c4-recover start_us=24994219 end_us=25002824 dur_us=8604
UKL-MQTT-BENCH: BUFFULL run_id=try2-c4-recover start_us=25005621 end_us=25014802 dur_us=9180
UKL-MQTT-BENCH: BUFFULL run_id=try2-c4-recover start_us=25017554 end_us=25026795 dur_us=9240
UKL-MQTT-BENCH: BUFFULL run_id=try2-c4-recover start_us=25029563 end_us=25039000 dur_us=9436
UKL-MQTT-BENCH: BUFFULL run_id=try2-c4-recover start_us=25041759 end_us=25051782 dur_us=10023
UKL-MQTT-BENCH: BUFFULL run_id=try2-c4-recover start_us=25054542 end_us=25064797 dur_us=10254
UKL-MQTT-BENCH: BUFFULL run_id=try2-c4-recover start_us=25067547 end_us=25079012 dur_us=11464
UKL-MQTT-BENCH: BUFFULL run_id=try2-c4-recover start_us=25082361 end_us=25090986 dur_us=8625
UKL-MQTT-BENCH: BUFFULL run_id=try2-c4-recover start_us=25093745 end_us=25103786 dur_us=10040
UKL-MQTT-BENCH: BUFFULL run_id=try2-c4-recover start_us=25106541 end_us=25113790 dur_us=7249
UKL-MQTT-BENCH: BUFFULL run_id=try2-c4-recover start_us=25115958 end_us=25129801 dur_us=13843
UKL-MQTT-BENCH: BUFFULL run_id=try2-c4-recover start_us=25133114 end_us=25143841 dur_us=10726
UKL-MQTT-BENCH: BUFFULL run_id=try2-c4-recover start_us=25147185 end_us=25156801 dur_us=9615
UKL-MQTT-BENCH: BUFFULL run_id=try2-c4-recover start_us=25159564 end_us=25169000 dur_us=9435
UKL-MQTT-BENCH: BUFFULL run_id=try2-c4-recover start_us=25171760 end_us=25178761 dur_us=7000
UKL-MQTT-BENCH: BUFFULL run_id=try2-c4-recover start_us=25180930 end_us=25190989 dur_us=10058
UKL-MQTT-BENCH: BUFFULL run_id=try2-c4-recover start_us=25193757 end_us=25203795 dur_us=10037
UKL-MQTT-BENCH: BUFFULL run_id=try2-c4-recover start_us=25206547 end_us=25215984 dur_us=9436
UKL-MQTT-BENCH: BUFFULL run_id=try2-c4-recover start_us=25218750 end_us=25225950 dur_us=7200
UKL-MQTT-BENCH: BUFFULL run_id=try2-c4-recover start_us=25228151 end_us=25238818 dur_us=10667
UKL-MQTT-BENCH: BUFFULL run_id=try2-c4-recover start_us=25241583 end_us=25250805 dur_us=9222
UKL-MQTT-BENCH: BUFFULL run_id=try2-c4-recover start_us=25253565 end_us=25263791 dur_us=10225
UKL-MQTT-BENCH: BUFFULL run_id=try2-c4-recover start_us=25266549 end_us=25273768 dur_us=7218
UKL-MQTT-BENCH: BUFFULL run_id=try2-c4-recover start_us=25275941 end_us=25282795 dur_us=6853
UKL-MQTT-BENCH: BUFFULL run_id=try2-c4-recover start_us=25284964 end_us=25294808 dur_us=9844
UKL-MQTT-BENCH: BUFFULL run_id=try2-c4-recover start_us=25297567 end_us=25307796 dur_us=10228
UKL-MQTT-BENCH: BUFFULL run_id=try2-c4-recover start_us=25310549 end_us=25319994 dur_us=9444
UKL-MQTT-BENCH: BUFFULL run_id=try2-c4-recover start_us=25322757 end_us=25330763 dur_us=8005
UKL-MQTT-BENCH: BUFFULL run_id=try2-c4-recover start_us=25332942 end_us=25339984 dur_us=7042
UKL-MQTT-BENCH: BUFFULL run_id=try2-c4-recover start_us=25342149 end_us=25352805 dur_us=10655
UKL-MQTT-BENCH: BUFFULL run_id=try2-c4-recover start_us=25355576 end_us=25367025 dur_us=11448
UKL-MQTT-BENCH: BUFFULL run_id=try2-c4-recover start_us=25370332 end_us=25379770 dur_us=9437
UKL-MQTT-BENCH: BUFFULL run_id=try2-c4-recover start_us=25382531 end_us=25389962 dur_us=7431
UKL-MQTT-BENCH: BUFFULL run_id=try2-c4-recover start_us=25392166 end_us=25405002 dur_us=12835
UKL-MQTT-BENCH: BUFFULL run_id=try2-c4-recover start_us=25408308 end_us=25417779 dur_us=9471
UKL-MQTT-BENCH: BUFFULL run_id=try2-c4-recover start_us=25420535 end_us=25430785 dur_us=10249
UKL-MQTT-BENCH: BUFFULL run_id=try2-c4-recover start_us=25433551 end_us=25443789 dur_us=10238
UKL-MQTT-BENCH: BUFFULL run_id=try2-c4-recover start_us=25446549 end_us=25458826 dur_us=12277
UKL-MQTT-BENCH: BUFFULL run_id=try2-c4-recover start_us=25462172 end_us=25471788 dur_us=9615
UKL-MQTT-BENCH: BUFFULL run_id=try2-c4-recover start_us=25474543 end_us=25486015 dur_us=11471
UKL-MQTT-BENCH: BUFFULL run_id=try2-c4-recover start_us=25489325 end_us=25495865 dur_us=6540
UKL-MQTT-BENCH: BUFFULL run_id=try2-c4-recover start_us=25498043 end_us=25509859 dur_us=11815
UKL-MQTT-BENCH: BUFFULL run_id=try2-c4-recover start_us=25513170 end_us=25524813 dur_us=11642
UKL-MQTT-BENCH: BUFFULL run_id=try2-c4-recover start_us=25528145 end_us=25537797 dur_us=9652
UKL-MQTT-BENCH: BUFFULL run_id=try2-c4-recover start_us=25540555 end_us=25553827 dur_us=13272
UKL-MQTT-BENCH: BUFFULL run_id=try2-c4-recover start_us=25557153 end_us=25566956 dur_us=9802
UKL-MQTT-BENCH: BUFFULL run_id=try2-c4-recover start_us=25569712 end_us=25581906 dur_us=12194
UKL-MQTT-BENCH: BUFFULL run_id=try2-c4-recover start_us=25585269 end_us=25592981 dur_us=7711
UKL-MQTT-BENCH: BUFFULL run_id=try2-c4-recover start_us=25595777 end_us=25599772 dur_us=3994
UKL-MQTT-BENCH: BUFFULL run_id=try2-c4-recover start_us=25601387 end_us=25613055 dur_us=11668
UKL-MQTT-BENCH: BUFFULL run_id=try2-c4-recover start_us=25616375 end_us=25624055 dur_us=7680
UKL-MQTT-BENCH: BUFFULL run_id=try2-c4-recover start_us=25626824 end_us=25637890 dur_us=11065
UKL-MQTT-BENCH: BUFFULL run_id=try2-c4-recover start_us=25641242 end_us=25650994 dur_us=9752
UKL-MQTT-BENCH: BUFFULL run_id=try2-c4-recover start_us=25653842 end_us=25661907 dur_us=8064
UKL-MQTT-BENCH: BUFFULL run_id=try2-c4-recover start_us=25665245 end_us=25671896 dur_us=6651
UKL-MQTT-BENCH: BUFFULL run_id=try2-c4-recover start_us=25674186 end_us=25683119 dur_us=8933
UKL-MQTT-BENCH: BUFFULL run_id=try2-c4-recover start_us=25685886 end_us=25697047 dur_us=11161
UKL-MQTT-BENCH: BUFFULL run_id=try2-c4-recover start_us=25700377 end_us=25708835 dur_us=8457
UKL-MQTT-BENCH: BUFFULL run_id=try2-c4-recover start_us=25711601 end_us=25719834 dur_us=8232
UKL-MQTT-BENCH: BUFFULL run_id=try2-c4-recover start_us=25722590 end_us=25731053 dur_us=8463
UKL-MQTT-BENCH: BUFFULL run_id=try2-c4-recover start_us=25733955 end_us=25739838 dur_us=5882
UKL-MQTT-BENCH: BUFFULL run_id=try2-c4-recover start_us=25742017 end_us=25748804 dur_us=6786
UKL-MQTT-BENCH: BUFFULL run_id=try2-c4-recover start_us=25750964 end_us=25759825 dur_us=8860
UKL-MQTT-BENCH: BUFFULL run_id=try2-c4-recover start_us=25762573 end_us=25768791 dur_us=6217
UKL-MQTT-BENCH: BUFFULL run_id=try2-c4-recover start_us=25770953 end_us=25782837 dur_us=11884
UKL-MQTT-BENCH: BUFFULL run_id=try2-c4-recover start_us=25786133 end_us=25794856 dur_us=8723
UKL-MQTT-BENCH: BUFFULL run_id=try2-c4-recover start_us=25798195 end_us=25807038 dur_us=8842
UKL-MQTT-BENCH: BUFFULL run_id=try2-c4-recover start_us=25809857 end_us=25819861 dur_us=10003
UKL-MQTT-BENCH: BUFFULL run_id=try2-c4-recover start_us=25822640 end_us=25825967 dur_us=3326
UKL-MQTT-BENCH: BUFFULL run_id=try2-c4-recover start_us=25827730 end_us=25837959 dur_us=10228
UKL-MQTT-BENCH: BUFFULL run_id=try2-c4-recover start_us=25840779 end_us=25849820 dur_us=9041
UKL-MQTT-BENCH: BUFFULL run_id=try2-c4-recover start_us=25852582 end_us=25864818 dur_us=12235
UKL-MQTT-BENCH: BUFFULL run_id=try2-c4-recover start_us=25868121 end_us=25877822 dur_us=9700
UKL-MQTT-BENCH: BUFFULL run_id=try2-c4-recover start_us=25880583 end_us=25890789 dur_us=10205
UKL-MQTT-BENCH: BUFFULL run_id=try2-c4-recover start_us=25893551 end_us=25904811 dur_us=11260
UKL-MQTT-BENCH: BUFFULL run_id=try2-c4-recover start_us=25908120 end_us=25915790 dur_us=7670
UKL-MQTT-BENCH: BUFFULL run_id=try2-c4-recover start_us=25917950 end_us=25930810 dur_us=12859
UKL-MQTT-BENCH: BUFFULL run_id=try2-c4-recover start_us=25934116 end_us=25945798 dur_us=11681
UKL-MQTT-BENCH: BUFFULL run_id=try2-c4-recover start_us=25949095 end_us=25958829 dur_us=9733
UKL-MQTT-BENCH: BUFFULL run_id=try2-c4-recover start_us=25961590 end_us=25973813 dur_us=12223
UKL-MQTT-BENCH: BUFFULL run_id=try2-c4-recover start_us=25977113 end_us=25988847 dur_us=11733
UKL-MQTT-BENCH: BUFFULL run_id=try2-c4-recover start_us=25992185 end_us=25999911 dur_us=7726
UKL-MQTT-BENCH: BUFFULL run_id=try2-c4-recover start_us=26002908 end_us=26011993 dur_us=9084
UKL-MQTT-BENCH: BUFFULL run_id=try2-c4-recover start_us=26014770 end_us=26023999 dur_us=9229
UKL-MQTT-BENCH: BUFFULL run_id=try2-c4-recover start_us=26026754 end_us=26037031 dur_us=10277
UKL-MQTT-BENCH: BUFFULL run_id=try2-c4-recover start_us=26039794 end_us=26049042 dur_us=9248
UKL-MQTT-BENCH: BUFFULL run_id=try2-c4-recover start_us=26051828 end_us=26065139 dur_us=13311
UKL-MQTT-BENCH: BUFFULL run_id=try2-c4-recover start_us=26068454 end_us=26076833 dur_us=8379
UKL-MQTT-BENCH: BUFFULL run_id=try2-c4-recover start_us=26079608 end_us=26086013 dur_us=6404
UKL-MQTT-BENCH: BUFFULL run_id=try2-c4-recover start_us=26088172 end_us=26095822 dur_us=7649
UKL-MQTT-BENCH: BUFFULL run_id=try2-c4-recover start_us=26097987 end_us=26107798 dur_us=9811
UKL-MQTT-BENCH: BUFFULL run_id=try2-c4-recover start_us=26109971 end_us=26117980 dur_us=8009
UKL-MQTT-BENCH: BUFFULL run_id=try2-c4-recover start_us=26120748 end_us=26133015 dur_us=12267
UKL-MQTT-BENCH: BUFFULL run_id=try2-c4-recover start_us=26136338 end_us=26147910 dur_us=11572
UKL-MQTT-BENCH: BUFFULL run_id=try2-c4-recover start_us=26151372 end_us=26162924 dur_us=11552
UKL-MQTT-BENCH: BUFFULL run_id=try2-c4-recover start_us=26166243 end_us=26176048 dur_us=9804
UKL-MQTT-BENCH: BUFFULL run_id=try2-c4-recover start_us=26178806 end_us=26190851 dur_us=12045
UKL-MQTT-BENCH: BUFFULL run_id=try2-c4-recover start_us=26194182 end_us=26200798 dur_us=6615
UKL-MQTT-BENCH: BUFFULL run_id=try2-c4-recover start_us=26202958 end_us=26210821 dur_us=7863
UKL-MQTT-BENCH: BUFFULL run_id=try2-c4-recover start_us=26213298 end_us=26223881 dur_us=10583
UKL-MQTT-BENCH: BUFFULL run_id=try2-c4-recover start_us=26226645 end_us=26238062 dur_us=11416
UKL-MQTT-BENCH: BUFFULL run_id=try2-c4-recover start_us=26241381 end_us=26250803 dur_us=9422
UKL-MQTT-BENCH: BUFFULL run_id=try2-c4-recover start_us=26253562 end_us=26263794 dur_us=10232
UKL-MQTT-BENCH: BUFFULL run_id=try2-c4-recover start_us=26266550 end_us=26278797 dur_us=12247
UKL-MQTT-BENCH: BUFFULL run_id=try2-c4-recover start_us=26282101 end_us=26288794 dur_us=6692
UKL-MQTT-BENCH: BUFFULL run_id=try2-c4-recover start_us=26290954 end_us=26301793 dur_us=10839
UKL-MQTT-BENCH: BUFFULL run_id=try2-c4-recover start_us=26304553 end_us=26316778 dur_us=12225
UKL-MQTT-BENCH: BUFFULL run_id=try2-c4-recover start_us=26320095 end_us=26329772 dur_us=9677
UKL-MQTT-BENCH: BUFFULL run_id=try2-c4-recover start_us=26332522 end_us=26339772 dur_us=7249
UKL-MQTT-BENCH: BUFFULL run_id=try2-c4-recover start_us=26341928 end_us=26357817 dur_us=15889
UKL-MQTT-BENCH: BUFFULL run_id=try2-c4-recover start_us=26361740 end_us=26369976 dur_us=8235
UKL-MQTT-BENCH: BUFFULL run_id=try2-c4-recover start_us=26372747 end_us=26382782 dur_us=10034
UKL-MQTT-BENCH: BUFFULL run_id=try2-c4-recover start_us=26385529 end_us=26392750 dur_us=7221
UKL-MQTT-BENCH: BUFFULL run_id=try2-c4-recover start_us=26394904 end_us=26407971 dur_us=13067
UKL-MQTT-BENCH: BUFFULL run_id=try2-c4-recover start_us=26411611 end_us=26417800 dur_us=6189
UKL-MQTT-BENCH: BUFFULL run_id=try2-c4-recover start_us=26419960 end_us=26432912 dur_us=12952
UKL-MQTT-BENCH: BUFFULL run_id=try2-c4-recover start_us=26436223 end_us=26446847 dur_us=10623
UKL-MQTT-BENCH: BUFFULL run_id=try2-c4-recover start_us=26450175 end_us=26459808 dur_us=9633
UKL-MQTT-BENCH: BUFFULL run_id=try2-c4-recover start_us=26462558 end_us=26471802 dur_us=9243
UKL-MQTT-BENCH: BUFFULL run_id=try2-c4-recover start_us=26474543 end_us=26478906 dur_us=4363
UKL-MQTT-BENCH: BUFFULL run_id=try2-c4-recover start_us=26480542 end_us=26490797 dur_us=10254
UKL-MQTT-BENCH: BUFFULL run_id=try2-c4-recover start_us=26493554 end_us=26502794 dur_us=9239
UKL-MQTT-BENCH: BUFFULL run_id=try2-c4-recover start_us=26505566 end_us=26518812 dur_us=13246
UKL-MQTT-BENCH: BUFFULL run_id=try2-c4-recover start_us=26522128 end_us=26531804 dur_us=9675
UKL-MQTT-BENCH: BUFFULL run_id=try2-c4-recover start_us=26534562 end_us=26543643 dur_us=9080
UKL-MQTT-BENCH: BUFFULL run_id=try2-c4-recover start_us=26546398 end_us=26558806 dur_us=12407
UKL-MQTT-BENCH: BUFFULL run_id=try2-c4-recover start_us=26562114 end_us=26568779 dur_us=6664
UKL-MQTT-BENCH: BUFFULL run_id=try2-c4-recover start_us=26570947 end_us=26580844 dur_us=9896
UKL-MQTT-BENCH: BUFFULL run_id=try2-c4-recover start_us=26583635 end_us=26594907 dur_us=11272
UKL-MQTT-BENCH: BUFFULL run_id=try2-c4-recover start_us=26598241 end_us=26606845 dur_us=8603
UKL-MQTT-BENCH: BUFFULL run_id=try2-c4-recover start_us=26609626 end_us=26618797 dur_us=9171
UKL-MQTT-BENCH: BUFFULL run_id=try2-c4-recover start_us=26621544 end_us=26631802 dur_us=10258
UKL-MQTT-BENCH: BUFFULL run_id=try2-c4-recover start_us=26634563 end_us=26640799 dur_us=6236
UKL-MQTT-BENCH: BUFFULL run_id=try2-c4-recover start_us=26642960 end_us=26652809 dur_us=9848
UKL-MQTT-BENCH: BUFFULL run_id=try2-c4-recover start_us=26655573 end_us=26666824 dur_us=11250
UKL-MQTT-BENCH: BUFFULL run_id=try2-c4-recover start_us=26670129 end_us=26679789 dur_us=9659
UKL-MQTT-BENCH: BUFFULL run_id=try2-c4-recover start_us=26682550 end_us=26691800 dur_us=9250
UKL-MQTT-BENCH: BUFFULL run_id=try2-c4-recover start_us=26694574 end_us=26708821 dur_us=14247
UKL-MQTT-BENCH: BUFFULL run_id=try2-c4-recover start_us=26711592 end_us=26724797 dur_us=13204
UKL-MQTT-BENCH: BUFFULL run_id=try2-c4-recover start_us=26728109 end_us=26738799 dur_us=10690
UKL-MQTT-BENCH: BUFFULL run_id=try2-c4-recover start_us=26741570 end_us=26750020 dur_us=8450
UKL-MQTT-BENCH: BUFFULL run_id=try2-c4-recover start_us=26752794 end_us=26766856 dur_us=14062
UKL-MQTT-BENCH: BUFFULL run_id=try2-c4-recover start_us=26770150 end_us=26778798 dur_us=8648
UKL-MQTT-BENCH: BUFFULL run_id=try2-c4-recover start_us=26781549 end_us=26787786 dur_us=6237
UKL-MQTT-BENCH: BUFFULL run_id=try2-c4-recover start_us=26789954 end_us=26798013 dur_us=8058
UKL-MQTT-BENCH: BUFFULL run_id=try2-c4-recover start_us=26800179 end_us=26810773 dur_us=10594
UKL-MQTT-BENCH: BUFFULL run_id=try2-c4-recover start_us=26813533 end_us=26819746 dur_us=6212
UKL-MQTT-BENCH: BUFFULL run_id=try2-c4-recover start_us=26821356 end_us=26829745 dur_us=8389
UKL-MQTT-BENCH: BUFFULL run_id=try2-c4-recover start_us=26832499 end_us=26841782 dur_us=9283
UKL-MQTT-BENCH: BUFFULL run_id=try2-c4-recover start_us=26843945 end_us=26853987 dur_us=10041
UKL-MQTT-BENCH: BUFFULL run_id=try2-c4-recover start_us=26856743 end_us=26868790 dur_us=12047
UKL-MQTT-BENCH: BUFFULL run_id=try2-c4-recover start_us=26872082 end_us=26881803 dur_us=9720
UKL-MQTT-BENCH: BUFFULL run_id=try2-c4-recover start_us=26884566 end_us=26896816 dur_us=12249
UKL-MQTT-BENCH: BUFFULL run_id=try2-c4-recover start_us=26900116 end_us=26909776 dur_us=9659
UKL-MQTT-BENCH: BUFFULL run_id=try2-c4-recover start_us=26912518 end_us=26920755 dur_us=8237
UKL-MQTT-BENCH: BUFFULL run_id=try2-c4-recover start_us=26922921 end_us=26933009 dur_us=10087
UKL-MQTT-BENCH: BUFFULL run_id=try2-c4-recover start_us=26935772 end_us=26948776 dur_us=13003
UKL-MQTT-BENCH: BUFFULL run_id=try2-c4-recover start_us=26952099 end_us=26962809 dur_us=10710
UKL-MQTT-BENCH: BUFFULL run_id=try2-c4-recover start_us=26965572 end_us=26973983 dur_us=8410
UKL-MQTT-BENCH: BUFFULL run_id=try2-c4-recover start_us=26976731 end_us=26990851 dur_us=14119
UKL-MQTT-BENCH: BUFFULL run_id=try2-c4-recover start_us=26994761 end_us=26999736 dur_us=4974
UKL-MQTT-BENCH: BUFFULL run_id=try2-c4-recover start_us=27001350 end_us=27011765 dur_us=10414
UKL-MQTT-BENCH: BUFFULL run_id=try2-c4-recover start_us=27014533 end_us=27022080 dur_us=7546
UKL-MQTT-BENCH: BUFFULL run_id=try2-c4-recover start_us=27024851 end_us=27032996 dur_us=8144
UKL-MQTT-BENCH: BUFFULL run_id=try2-c4-recover start_us=27035221 end_us=27048809 dur_us=13587
UKL-MQTT-BENCH: BUFFULL run_id=try2-c4-recover start_us=27052105 end_us=27061801 dur_us=9696
UKL-MQTT-BENCH: BUFFULL run_id=try2-c4-recover start_us=27064564 end_us=27071760 dur_us=7196
UKL-MQTT-BENCH: BUFFULL run_id=try2-c4-recover start_us=27073921 end_us=27084788 dur_us=10866
UKL-MQTT-BENCH: BUFFULL run_id=try2-c4-recover start_us=27087548 end_us=27096808 dur_us=9259
UKL-MQTT-BENCH: BUFFULL run_id=try2-c4-recover start_us=27099568 end_us=27109778 dur_us=10210
UKL-MQTT-BENCH: BUFFULL run_id=try2-c4-recover start_us=27112539 end_us=27126072 dur_us=13532
UKL-MQTT-BENCH: BUFFULL run_id=try2-c4-recover start_us=27129392 end_us=27137742 dur_us=8350
UKL-MQTT-BENCH: BUFFULL run_id=try2-c4-recover start_us=27140487 end_us=27147769 dur_us=7282
UKL-MQTT-BENCH: BUFFULL run_id=try2-c4-recover start_us=27149937 end_us=27157971 dur_us=8034
UKL-MQTT-BENCH: BUFFULL run_id=try2-c4-recover start_us=27160150 end_us=27170772 dur_us=10621
UKL-MQTT-BENCH: BUFFULL run_id=try2-c4-recover start_us=27173529 end_us=27182806 dur_us=9276
UKL-MQTT-BENCH: BUFFULL run_id=try2-c4-recover start_us=27185559 end_us=27195820 dur_us=10261
UKL-MQTT-BENCH: BUFFULL run_id=try2-c4-recover start_us=27198633 end_us=27204801 dur_us=6168
UKL-MQTT-BENCH: BUFFULL run_id=try2-c4-recover start_us=27206960 end_us=27219796 dur_us=12836
UKL-MQTT-BENCH: BUFFULL run_id=try2-c4-recover start_us=27223091 end_us=27234836 dur_us=11744
UKL-MQTT-BENCH: BUFFULL run_id=try2-c4-recover start_us=27238192 end_us=27247789 dur_us=9597
UKL-MQTT-BENCH: BUFFULL run_id=try2-c4-recover start_us=27250539 end_us=27260786 dur_us=10247
UKL-MQTT-BENCH: BUFFULL run_id=try2-c4-recover start_us=27263541 end_us=27270763 dur_us=7221
UKL-MQTT-BENCH: BUFFULL run_id=try2-c4-recover start_us=27272927 end_us=27282779 dur_us=9852
UKL-MQTT-BENCH: BUFFULL run_id=try2-c4-recover start_us=27285543 end_us=27299783 dur_us=14240
UKL-MQTT-BENCH: BUFFULL run_id=try2-c4-recover start_us=27302542 end_us=27312791 dur_us=10248
UKL-MQTT-BENCH: BUFFULL run_id=try2-c4-recover start_us=27315545 end_us=27325761 dur_us=10215
UKL-MQTT-BENCH: BUFFULL run_id=try2-c4-recover start_us=27328520 end_us=27337777 dur_us=9256
UKL-MQTT-BENCH: BUFFULL run_id=try2-c4-recover start_us=27340528 end_us=27349987 dur_us=9458
UKL-MQTT-BENCH: BUFFULL run_id=try2-c4-recover start_us=27352750 end_us=27366380 dur_us=13629
UKL-MQTT-BENCH: BUFFULL run_id=try2-c4-recover start_us=27369687 end_us=27380792 dur_us=11104
UKL-MQTT-BENCH: BUFFULL run_id=try2-c4-recover start_us=27384098 end_us=27395808 dur_us=11709
UKL-MQTT-BENCH: BUFFULL run_id=try2-c4-recover start_us=27399138 end_us=27405739 dur_us=6600
UKL-MQTT-BENCH: BUFFULL run_id=try2-c4-recover start_us=27407901 end_us=27417776 dur_us=9874
UKL-MQTT-BENCH: BUFFULL run_id=try2-c4-recover start_us=27420525 end_us=27429814 dur_us=9289
UKL-MQTT-BENCH: BUFFULL run_id=try2-c4-recover start_us=27432595 end_us=27444819 dur_us=12223
UKL-MQTT-BENCH: BUFFULL run_id=try2-c4-recover start_us=27448127 end_us=27454759 dur_us=6631
UKL-MQTT-BENCH: BUFFULL run_id=try2-c4-recover start_us=27456927 end_us=27467010 dur_us=10082
UKL-MQTT-BENCH: BUFFULL run_id=try2-c4-recover start_us=27469783 end_us=27482018 dur_us=12234
UKL-MQTT-BENCH: BUFFULL run_id=try2-c4-recover start_us=27485324 end_us=27494793 dur_us=9468
UKL-MQTT-BENCH: BUFFULL run_id=try2-c4-recover start_us=27497554 end_us=27506973 dur_us=9419
UKL-MQTT-BENCH: BUFFULL run_id=try2-c4-recover start_us=27509740 end_us=27522001 dur_us=12261
UKL-MQTT-BENCH: BUFFULL run_id=try2-c4-recover start_us=27525325 end_us=27534783 dur_us=9458
UKL-MQTT-BENCH: BUFFULL run_id=try2-c4-recover start_us=27537531 end_us=27549797 dur_us=12266
UKL-MQTT-BENCH: BUFFULL run_id=try2-c4-recover start_us=27553109 end_us=27562810 dur_us=9700
UKL-MQTT-BENCH: BUFFULL run_id=try2-c4-recover start_us=27565563 end_us=27574788 dur_us=9224
UKL-MQTT-BENCH: BUFFULL run_id=try2-c4-recover start_us=27577541 end_us=27587780 dur_us=10238
UKL-MQTT-BENCH: BUFFULL run_id=try2-c4-recover start_us=27590535 end_us=27596962 dur_us=6427
UKL-MQTT-BENCH: BUFFULL run_id=try2-c4-recover start_us=27599137 end_us=27606778 dur_us=7640
UKL-MQTT-BENCH: BUFFULL run_id=try2-c4-recover start_us=27608936 end_us=27618802 dur_us=9866
UKL-MQTT-BENCH: BUFFULL run_id=try2-c4-recover start_us=27621549 end_us=27629761 dur_us=8211
UKL-MQTT-BENCH: BUFFULL run_id=try2-c4-recover start_us=27631931 end_us=27641787 dur_us=9855
UKL-MQTT-BENCH: BUFFULL run_id=try2-c4-recover start_us=27644537 end_us=27651737 dur_us=7200
UKL-MQTT-BENCH: BUFFULL run_id=try2-c4-recover start_us=27653904 end_us=27666809 dur_us=12904
UKL-MQTT-BENCH: BUFFULL run_id=try2-c4-recover start_us=27670106 end_us=27678996 dur_us=8889
UKL-MQTT-BENCH: BUFFULL run_id=try2-c4-recover start_us=27681755 end_us=27694780 dur_us=13025
UKL-MQTT-BENCH: BUFFULL run_id=try2-c4-recover start_us=27698083 end_us=27706815 dur_us=8731
UKL-MQTT-BENCH: BUFFULL run_id=try2-c4-recover start_us=27709578 end_us=27716715 dur_us=7136
UKL-MQTT-BENCH: BUFFULL run_id=try2-c4-recover start_us=27718901 end_us=27733854 dur_us=14952
UKL-MQTT-BENCH: BUFFULL run_id=try2-c4-recover start_us=27737779 end_us=27745777 dur_us=7997
UKL-MQTT-BENCH: BUFFULL run_id=try2-c4-recover start_us=27748518 end_us=27760793 dur_us=12275
UKL-MQTT-BENCH: BUFFULL run_id=try2-c4-recover start_us=27764082 end_us=27773780 dur_us=9698
UKL-MQTT-BENCH: BUFFULL run_id=try2-c4-recover start_us=27776532 end_us=27783779 dur_us=7246
UKL-MQTT-BENCH: BUFFULL run_id=try2-c4-recover start_us=27785938 end_us=27796787 dur_us=10848
UKL-MQTT-BENCH: BUFFULL run_id=try2-c4-recover start_us=27799543 end_us=27806737 dur_us=7194
UKL-MQTT-BENCH: BUFFULL run_id=try2-c4-recover start_us=27808908 end_us=27819785 dur_us=10877
UKL-MQTT-BENCH: BUFFULL run_id=try2-c4-recover start_us=27822536 end_us=27828752 dur_us=6215
UKL-MQTT-BENCH: BUFFULL run_id=try2-c4-recover start_us=27830916 end_us=27840997 dur_us=10081
UKL-MQTT-BENCH: BUFFULL run_id=try2-c4-recover start_us=27843759 end_us=27853787 dur_us=10027
UKL-MQTT-BENCH: BUFFULL run_id=try2-c4-recover start_us=27856558 end_us=27865782 dur_us=9223
UKL-MQTT-BENCH: BUFFULL run_id=try2-c4-recover start_us=27868526 end_us=27878788 dur_us=10261
UKL-MQTT-BENCH: BUFFULL run_id=try2-c4-recover start_us=27881544 end_us=27891778 dur_us=10233
UKL-MQTT-BENCH: BUFFULL run_id=try2-c4-recover start_us=27894520 end_us=27905994 dur_us=11474
UKL-MQTT-BENCH: BUFFULL run_id=try2-c4-recover start_us=27909291 end_us=27916779 dur_us=7487
UKL-MQTT-BENCH: BUFFULL run_id=try2-c4-recover start_us=27918946 end_us=27926733 dur_us=7787
UKL-MQTT-BENCH: BUFFULL run_id=try2-c4-recover start_us=27928890 end_us=27944843 dur_us=15953
UKL-MQTT-BENCH: BUFFULL run_id=try2-c4-recover start_us=27948752 end_us=27956814 dur_us=8061
UKL-MQTT-BENCH: BUFFULL run_id=try2-c4-recover start_us=27959566 end_us=27970775 dur_us=11209
UKL-MQTT-BENCH: BUFFULL run_id=try2-c4-recover start_us=27973528 end_us=27980754 dur_us=7226
UKL-MQTT-BENCH: BUFFULL run_id=try2-c4-recover start_us=27982916 end_us=27989962 dur_us=7046
UKL-MQTT-BENCH: BUFFULL run_id=try2-c4-recover start_us=27992123 end_us=28001994 dur_us=9871
UKL-MQTT-BENCH: BUFFULL run_id=try2-c4-recover start_us=28004756 end_us=28014772 dur_us=10015
UKL-MQTT-BENCH: BUFFULL run_id=try2-c4-recover start_us=28017531 end_us=28027149 dur_us=9618
UKL-MQTT-BENCH: BUFFULL run_id=try2-c4-recover start_us=28029953 end_us=28042074 dur_us=12120
UKL-MQTT-BENCH: BUFFULL run_id=try2-c4-recover start_us=28045386 end_us=28055857 dur_us=10471
UKL-MQTT-BENCH: BUFFULL run_id=try2-c4-recover start_us=28058608 end_us=28070810 dur_us=12201
UKL-MQTT-BENCH: BUFFULL run_id=try2-c4-recover start_us=28074107 end_us=28082781 dur_us=8674
UKL-MQTT-BENCH: BUFFULL run_id=try2-c4-recover start_us=28085535 end_us=28090691 dur_us=5156
UKL-MQTT-BENCH: BUFFULL run_id=try2-c4-recover start_us=28092314 end_us=28102784 dur_us=10469
UKL-MQTT-BENCH: BUFFULL run_id=try2-c4-recover start_us=28105541 end_us=28114786 dur_us=9244
UKL-MQTT-BENCH: BUFFULL run_id=try2-c4-recover start_us=28117542 end_us=28130789 dur_us=13247
UKL-MQTT-BENCH: BUFFULL run_id=try2-c4-recover start_us=28134095 end_us=28143772 dur_us=9677
UKL-MQTT-BENCH: BUFFULL run_id=try2-c4-recover start_us=28146532 end_us=28155792 dur_us=9259
UKL-MQTT-BENCH: BUFFULL run_id=try2-c4-recover start_us=28158549 end_us=28170802 dur_us=12252
UKL-MQTT-BENCH: BUFFULL run_id=try2-c4-recover start_us=28174106 end_us=28183353 dur_us=9247
UKL-MQTT-BENCH: BUFFULL run_id=try2-c4-recover start_us=28186114 end_us=28195769 dur_us=9655
UKL-MQTT-BENCH: BUFFULL run_id=try2-c4-recover start_us=28198581 end_us=28207800 dur_us=9219
UKL-MQTT-BENCH: BUFFULL run_id=try2-c4-recover start_us=28210560 end_us=28220767 dur_us=10206
UKL-MQTT-BENCH: BUFFULL run_id=try2-c4-recover start_us=28223521 end_us=28233009 dur_us=9487
UKL-MQTT-BENCH: BUFFULL run_id=try2-c4-recover start_us=28235767 end_us=28245783 dur_us=10016
UKL-MQTT-BENCH: BUFFULL run_id=try2-c4-recover start_us=28248532 end_us=28260804 dur_us=12271
UKL-MQTT-BENCH: BUFFULL run_id=try2-c4-recover start_us=28264112 end_us=28270757 dur_us=6645
UKL-MQTT-BENCH: BUFFULL run_id=try2-c4-recover start_us=28272916 end_us=28279949 dur_us=7032
UKL-MQTT-BENCH: BUFFULL run_id=try2-c4-recover start_us=28282151 end_us=28292769 dur_us=10617
UKL-MQTT-BENCH: BUFFULL run_id=try2-c4-recover start_us=28295528 end_us=28304773 dur_us=9244
UKL-MQTT-BENCH: BUFFULL run_id=try2-c4-recover start_us=28307531 end_us=28319808 dur_us=12277
UKL-MQTT-BENCH: BUFFULL run_id=try2-c4-recover start_us=28323123 end_us=28331768 dur_us=8645
UKL-MQTT-BENCH: BUFFULL run_id=try2-c4-recover start_us=28334522 end_us=28341751 dur_us=7228
UKL-MQTT-BENCH: BUFFULL run_id=try2-c4-recover start_us=28343911 end_us=28356807 dur_us=12896
UKL-MQTT-BENCH: BUFFULL run_id=try2-c4-recover start_us=28360112 end_us=28366743 dur_us=6631
UKL-MQTT-BENCH: BUFFULL run_id=try2-c4-recover start_us=28368900 end_us=28379780 dur_us=10880
UKL-MQTT-BENCH: BUFFULL run_id=try2-c4-recover start_us=28382527 end_us=28391770 dur_us=9242
UKL-MQTT-BENCH: BUFFULL run_id=try2-c4-recover start_us=28394522 end_us=28404772 dur_us=10249
UKL-MQTT-BENCH: BUFFULL run_id=try2-c4-recover start_us=28407531 end_us=28416784 dur_us=9253
UKL-MQTT-BENCH: BUFFULL run_id=try2-c4-recover start_us=28419535 end_us=28428986 dur_us=9451
UKL-MQTT-BENCH: BUFFULL run_id=try2-c4-recover start_us=28431854 end_us=28444786 dur_us=12931
UKL-MQTT-BENCH: BUFFULL run_id=try2-c4-recover start_us=28448077 end_us=28454771 dur_us=6694
UKL-MQTT-BENCH: BUFFULL run_id=try2-c4-recover start_us=28456934 end_us=28464735 dur_us=7800
UKL-MQTT-BENCH: BUFFULL run_id=try2-c4-recover start_us=28466898 end_us=28482843 dur_us=15944
UKL-MQTT-BENCH: BUFFULL run_id=try2-c4-recover start_us=28486735 end_us=28493994 dur_us=7259
UKL-MQTT-BENCH: BUFFULL run_id=try2-c4-recover start_us=28496750 end_us=28506986 dur_us=10236
UKL-MQTT-BENCH: BUFFULL run_id=try2-c4-recover start_us=28509762 end_us=28516972 dur_us=7209
UKL-MQTT-BENCH: BUFFULL run_id=try2-c4-recover start_us=28519145 end_us=28529762 dur_us=10617
UKL-MQTT-BENCH: BUFFULL run_id=try2-c4-recover start_us=28532510 end_us=28544771 dur_us=12260
UKL-MQTT-BENCH: BUFFULL run_id=try2-c4-recover start_us=28548071 end_us=28556744 dur_us=8672
UKL-MQTT-BENCH: BUFFULL run_id=try2-c4-recover start_us=28559502 end_us=28568978 dur_us=9475
UKL-MQTT-BENCH: BUFFULL run_id=try2-c4-recover start_us=28571755 end_us=28584851 dur_us=13096
UKL-MQTT-BENCH: BUFFULL run_id=try2-c4-recover start_us=28588171 end_us=28598770 dur_us=10599
UKL-MQTT-BENCH: BUFFULL run_id=try2-c4-recover start_us=28602077 end_us=28612050 dur_us=9972
UKL-MQTT-BENCH: BUFFULL run_id=try2-c4-recover start_us=28614839 end_us=28620700 dur_us=5860
UKL-MQTT-BENCH: BUFFULL run_id=try2-c4-recover start_us=28622870 end_us=28635063 dur_us=12192
UKL-MQTT-BENCH: BUFFULL run_id=try2-c4-recover start_us=28638394 end_us=28642952 dur_us=4558
UKL-MQTT-BENCH: BUFFULL run_id=try2-c4-recover start_us=28644571 end_us=28654759 dur_us=10188
UKL-MQTT-BENCH: BUFFULL run_id=try2-c4-recover start_us=28657524 end_us=28666793 dur_us=9269
UKL-MQTT-BENCH: BUFFULL run_id=try2-c4-recover start_us=28669568 end_us=28681803 dur_us=12235
UKL-MQTT-BENCH: BUFFULL run_id=try2-c4-recover start_us=28685104 end_us=28694802 dur_us=9697
UKL-MQTT-BENCH: BUFFULL run_id=try2-c4-recover start_us=28697553 end_us=28708032 dur_us=10478
UKL-MQTT-BENCH: BUFFULL run_id=try2-c4-recover start_us=28711356 end_us=28719790 dur_us=8433
UKL-MQTT-BENCH: BUFFULL run_id=try2-c4-recover start_us=28722541 end_us=28729760 dur_us=7218
UKL-MQTT-BENCH: BUFFULL run_id=try2-c4-recover start_us=28731918 end_us=28739717 dur_us=7798
UKL-MQTT-BENCH: BUFFULL run_id=try2-c4-recover start_us=28741896 end_us=28751781 dur_us=9884
UKL-MQTT-BENCH: BUFFULL run_id=try2-c4-recover start_us=28754539 end_us=28766782 dur_us=12243
UKL-MQTT-BENCH: BUFFULL run_id=try2-c4-recover start_us=28770089 end_us=28778981 dur_us=8892
UKL-MQTT-BENCH: BUFFULL run_id=try2-c4-recover start_us=28781777 end_us=28791777 dur_us=10000
UKL-MQTT-BENCH: BUFFULL run_id=try2-c4-recover start_us=28794534 end_us=28806787 dur_us=12252
UKL-MQTT-BENCH: BUFFULL run_id=try2-c4-recover start_us=28810089 end_us=28818777 dur_us=8688
UKL-MQTT-BENCH: BUFFULL run_id=try2-c4-recover start_us=28821538 end_us=28828960 dur_us=7422
UKL-MQTT-BENCH: BUFFULL run_id=try2-c4-recover start_us=28831121 end_us=28841779 dur_us=10658
UKL-MQTT-BENCH: BUFFULL run_id=try2-c4-recover start_us=28844539 end_us=28853767 dur_us=9227
UKL-MQTT-BENCH: BUFFULL run_id=try2-c4-recover start_us=28856541 end_us=28865999 dur_us=9457
UKL-MQTT-BENCH: BUFFULL run_id=try2-c4-recover start_us=28868755 end_us=28878767 dur_us=10012
UKL-MQTT-BENCH: BUFFULL run_id=try2-c4-recover start_us=28881524 end_us=28888713 dur_us=7188
UKL-MQTT-BENCH: BUFFULL run_id=try2-c4-recover start_us=28890883 end_us=28900867 dur_us=9984
UKL-MQTT-BENCH: BUFFULL run_id=try2-c4-recover start_us=28903652 end_us=28913830 dur_us=10177
UKL-MQTT-BENCH: BUFFULL run_id=try2-c4-recover start_us=28916599 end_us=28928806 dur_us=12207
UKL-MQTT-BENCH: BUFFULL run_id=try2-c4-recover start_us=28933736 end_us=28942937 dur_us=9201
UKL-MQTT-BENCH: BUFFULL run_id=try2-c4-recover start_us=28945095 end_us=28952733 dur_us=7637
UKL-MQTT-BENCH: BUFFULL run_id=try2-c4-recover start_us=28954894 end_us=28962717 dur_us=7823
UKL-MQTT-BENCH: BUFFULL run_id=try2-c4-recover start_us=28964914 end_us=28971827 dur_us=6912
UKL-MQTT-BENCH: BUFFULL run_id=try2-c4-recover start_us=28973438 end_us=28984797 dur_us=11358
UKL-MQTT-BENCH: BUFFULL run_id=try2-c4-recover start_us=28988099 end_us=28994698 dur_us=6598
UKL-MQTT-BENCH: BUFFULL run_id=try2-c4-recover start_us=28996332 end_us=29006992 dur_us=10660
UKL-MQTT-BENCH: BUFFULL run_id=try2-c4-recover start_us=29010314 end_us=29015699 dur_us=5384
UKL-MQTT-BENCH: BUFFULL run_id=try2-c4-recover start_us=29017315 end_us=29029813 dur_us=12498
UKL-MQTT-BENCH: BUFFULL run_id=try2-c4-recover start_us=29033106 end_us=29039748 dur_us=6641
UKL-MQTT-BENCH: BUFFULL run_id=try2-c4-recover start_us=29041904 end_us=29051773 dur_us=9868
UKL-MQTT-BENCH: BUFFULL run_id=try2-c4-recover start_us=29054533 end_us=29063992 dur_us=9458
UKL-MQTT-BENCH: BUFFULL run_id=try2-c4-recover start_us=29066744 end_us=29076763 dur_us=10018
UKL-MQTT-BENCH: BUFFULL run_id=try2-c4-recover start_us=29079521 end_us=29088750 dur_us=9229
UKL-MQTT-BENCH: BUFFULL run_id=try2-c4-recover start_us=29091503 end_us=29098760 dur_us=7257
UKL-MQTT-BENCH: BUFFULL run_id=try2-c4-recover start_us=29100918 end_us=29112995 dur_us=12076
UKL-MQTT-BENCH: BUFFULL run_id=try2-c4-recover start_us=29116315 end_us=29127060 dur_us=10744
UKL-MQTT-BENCH: BUFFULL run_id=try2-c4-recover start_us=29130368 end_us=29140780 dur_us=10411
UKL-MQTT-BENCH: BUFFULL run_id=try2-c4-recover start_us=29143534 end_us=29152750 dur_us=9215
UKL-MQTT-BENCH: BUFFULL run_id=try2-c4-recover start_us=29155505 end_us=29162769 dur_us=7264
UKL-MQTT-BENCH: BUFFULL run_id=try2-c4-recover start_us=29164934 end_us=29174979 dur_us=10044
UKL-MQTT-BENCH: BUFFULL run_id=try2-c4-recover start_us=29177767 end_us=29189796 dur_us=12028
UKL-MQTT-BENCH: BUFFULL run_id=try2-c4-recover start_us=29193104 end_us=29201991 dur_us=8887
UKL-MQTT-BENCH: BUFFULL run_id=try2-c4-recover start_us=29204760 end_us=29214768 dur_us=10008
UKL-MQTT-BENCH: BUFFULL run_id=try2-c4-recover start_us=29217526 end_us=29226814 dur_us=9287
UKL-MQTT-BENCH: BUFFULL run_id=try2-c4-recover start_us=29229591 end_us=29239014 dur_us=9423
UKL-MQTT-BENCH: BUFFULL run_id=try2-c4-recover start_us=29241787 end_us=29248762 dur_us=6975
UKL-MQTT-BENCH: BUFFULL run_id=try2-c4-recover start_us=29250930 end_us=29261006 dur_us=10076
UKL-MQTT-BENCH: BUFFULL run_id=try2-c4-recover start_us=29263762 end_us=29270734 dur_us=6972
UKL-MQTT-BENCH: BUFFULL run_id=try2-c4-recover start_us=29272893 end_us=29285801 dur_us=12907
UKL-MQTT-BENCH: BUFFULL run_id=try2-c4-recover start_us=29289106 end_us=29297753 dur_us=8646
UKL-MQTT-BENCH: BUFFULL run_id=try2-c4-recover start_us=29300510 end_us=29312802 dur_us=12291
UKL-MQTT-BENCH: BUFFULL run_id=try2-c4-recover start_us=29316097 end_us=29325799 dur_us=9702
UKL-MQTT-BENCH: BUFFULL run_id=try2-c4-recover start_us=29328579 end_us=29340833 dur_us=12253
UKL-MQTT-BENCH: BUFFULL run_id=try2-c4-recover start_us=29344139 end_us=29354836 dur_us=10697
UKL-MQTT-BENCH: BUFFULL run_id=try2-c4-recover start_us=29358153 end_us=29364964 dur_us=6810
UKL-MQTT-BENCH: BUFFULL run_id=try2-c4-recover start_us=29367145 end_us=29379760 dur_us=12614
UKL-MQTT-BENCH: BUFFULL run_id=try2-c4-recover start_us=29383068 end_us=29386929 dur_us=3860
UKL-MQTT-BENCH: BUFFULL run_id=try2-c4-recover start_us=29388554 end_us=29399791 dur_us=11236
UKL-MQTT-BENCH: BUFFULL run_id=try2-c4-recover start_us=29402561 end_us=29416834 dur_us=14272
UKL-MQTT-BENCH: BUFFULL run_id=try2-c4-recover start_us=29420737 end_us=29430039 dur_us=9302
UKL-MQTT-BENCH: BUFFULL run_id=try2-c4-recover start_us=29432832 end_us=29442806 dur_us=9973
UKL-MQTT-BENCH: BUFFULL run_id=try2-c4-recover start_us=29446111 end_us=29455758 dur_us=9646
UKL-MQTT-BENCH: BUFFULL run_id=try2-c4-recover start_us=29458465 end_us=29462909 dur_us=4444
UKL-MQTT-BENCH: BUFFULL run_id=try2-c4-recover start_us=29464503 end_us=29474991 dur_us=10488
UKL-MQTT-BENCH: BUFFULL run_id=try2-c4-recover start_us=29477719 end_us=29489813 dur_us=12094
UKL-MQTT-BENCH: BUFFULL run_id=try2-c4-recover start_us=29493074 end_us=29505851 dur_us=12776
UKL-MQTT-BENCH: BUFFULL run_id=try2-c4-recover start_us=29509693 end_us=29518791 dur_us=9098
UKL-MQTT-BENCH: BUFFULL run_id=try2-c4-recover start_us=29521502 end_us=29532609 dur_us=11106
UKL-MQTT-BENCH: BUFFULL run_id=try2-c4-recover start_us=29535860 end_us=29543753 dur_us=7892
UKL-MQTT-BENCH: BUFFULL run_id=try2-c4-recover start_us=29545870 end_us=29555770 dur_us=9899
UKL-MQTT-BENCH: BUFFULL run_id=try2-c4-recover start_us=29558475 end_us=29564703 dur_us=6227
UKL-MQTT-BENCH: BUFFULL run_id=try2-c4-recover start_us=29566298 end_us=29575748 dur_us=9450
UKL-MQTT-BENCH: BUFFULL run_id=try2-c4-recover start_us=29578454 end_us=29586803 dur_us=8349
UKL-MQTT-BENCH: BUFFULL run_id=try2-c4-recover start_us=29589511 end_us=29596758 dur_us=7247
UKL-MQTT-BENCH: BUFFULL run_id=try2-c4-recover start_us=29598875 end_us=29608795 dur_us=9920
UKL-MQTT-BENCH: BUFFULL run_id=try2-c4-recover start_us=29611507 end_us=29620773 dur_us=9265
UKL-MQTT-BENCH: BUFFULL run_id=try2-c4-recover start_us=29623477 end_us=29632823 dur_us=9346
UKL-MQTT-BENCH: BUFFULL run_id=try2-c4-recover start_us=29635575 end_us=29642821 dur_us=7246
UKL-MQTT-BENCH: BUFFULL run_id=try2-c4-recover start_us=29645039 end_us=29654860 dur_us=9821
UKL-MQTT-BENCH: BUFFULL run_id=try2-c4-recover start_us=29657619 end_us=29665749 dur_us=8130
UKL-MQTT-BENCH: BUFFULL run_id=try2-c4-recover start_us=29668491 end_us=29680964 dur_us=12473
UKL-MQTT-BENCH: BUFFULL run_id=try2-c4-recover start_us=29684231 end_us=29695105 dur_us=10873
UKL-MQTT-BENCH: BUFFULL run_id=try2-c4-recover start_us=29698405 end_us=29706210 dur_us=7804
UKL-MQTT-BENCH: BUFFULL run_id=try2-c4-recover start_us=29708969 end_us=29719966 dur_us=10996
UKL-MQTT-BENCH: BUFFULL run_id=try2-c4-recover start_us=29723275 end_us=29732861 dur_us=9586
UKL-MQTT-BENCH: BUFFULL run_id=try2-c4-recover start_us=29735629 end_us=29742848 dur_us=7218
UKL-MQTT-BENCH: BUFFULL run_id=try2-c4-recover start_us=29745598 end_us=29754887 dur_us=9288
UKL-MQTT-BENCH: BUFFULL run_id=try2-c4-recover start_us=29757663 end_us=29763685 dur_us=6021
UKL-MQTT-BENCH: BUFFULL run_id=try2-c4-recover start_us=29765831 end_us=29774822 dur_us=8990
UKL-MQTT-BENCH: BUFFULL run_id=try2-c4-recover start_us=29777590 end_us=29786828 dur_us=9238
UKL-MQTT-BENCH: BUFFULL run_id=try2-c4-recover start_us=29789545 end_us=29797664 dur_us=8118
UKL-MQTT-BENCH: BUFFULL run_id=try2-c4-recover start_us=29800405 end_us=29806782 dur_us=6376
UKL-MQTT-BENCH: BUFFULL run_id=try2-c4-recover start_us=29808880 end_us=29815793 dur_us=6913
UKL-MQTT-BENCH: BUFFULL run_id=try2-c4-recover start_us=29817925 end_us=29826231 dur_us=8306
UKL-MQTT-BENCH: BUFFULL run_id=try2-c4-recover start_us=29828376 end_us=29836833 dur_us=8456
UKL-MQTT-BENCH: BUFFULL run_id=try2-c4-recover start_us=29840305 end_us=29850897 dur_us=10591
UKL-MQTT-BENCH: BUFFULL run_id=try2-c4-recover start_us=29854153 end_us=29865018 dur_us=10864
UKL-MQTT-BENCH: BUFFULL run_id=try2-c4-recover start_us=29868296 end_us=29877790 dur_us=9493
UKL-MQTT-BENCH: BUFFULL run_id=try2-c4-recover start_us=29880495 end_us=29892005 dur_us=11510
UKL-MQTT-BENCH: BUFFULL run_id=try2-c4-recover start_us=29895267 end_us=29905034 dur_us=9767
UKL-MQTT-BENCH: BUFFULL run_id=try2-c4-recover start_us=29907785 end_us=29916748 dur_us=8963
UKL-MQTT-BENCH: BUFFULL run_id=try2-c4-recover start_us=29919454 end_us=29928360 dur_us=8906
UKL-MQTT-BENCH: BUFFULL run_id=try2-c4-recover start_us=29931074 end_us=29938007 dur_us=6932
UKL-MQTT-BENCH: BUFFULL run_id=try2-c4-recover start_us=29940135 end_us=29952802 dur_us=12666
UKL-MQTT-BENCH: BUFFULL run_id=try2-c4-recover start_us=29956043 end_us=29964790 dur_us=8747
UKL-MQTT-BENCH: BUFFULL run_id=try2-c4-recover start_us=29967510 end_us=29976977 dur_us=9466
UKL-MQTT-BENCH: BUFFULL run_id=try2-c4-recover start_us=29979686 end_us=29989787 dur_us=10101
UKL-MQTT-BENCH: BUFFULL run_id=try2-c4-recover start_us=29992511 end_us=30000000 dur_us=7489
UKL-MQTT-BENCH: DRAIN run_id=try2-c4-recover syncs=200 drain_us=34 errors=0 unsent_after_drain=555
UKL-MQTT-BENCH: RECORDS run_id=try2-c4-recover buffull_long_logged=2442 buffull_long_dropped=0 sync_errors=0 sync_errors_dropped=0
UKL-MQTT-BENCH: RESULT run_id=try2-c4-recover messages=10192597 elapsed_sec=30.000 throughput_msgs_per_sec=339753.2
UKL-MQTT-BENCH: CLIENT run_id=try2-c4-recover client_error_at_end=1 queue_len_at_end=555
UKL-MQTT-BENCH: done, idling
LAUNCHER_STATUS=done run_id=try2-c4-recover mode=ukl loop=recover
